tree
version=v4
num_class=1
num_tree_per_iteration=1
label_index=0
max_feature_idx=31
objective=binary sigmoid:1
feature_names=Column_0 Column_1 Column_2 Column_3 Column_4 Column_5 Column_6 Column_7 Column_8 Column_9 Column_10 Column_11 Column_12 Column_13 Column_14 Column_15 Column_16 Column_17 Column_18 Column_19 Column_20 Column_21 Column_22 Column_23 Column_24 Column_25 Column_26 Column_27 Column_28 Column_29 Column_30 Column_31
feature_infos=[-12.791666984558105:36.219444274902344] [-13.834524154663086:35.004165649414062] [-14.080745697021484:15.55561637878418] [0.90597224235534668:10.19041633605957] [1.0558333396911621:13.377083778381348] [0.0013458937173709273:0.99113506078720093] [0:10.295833587646484] [0:7.0250000953674316] [0:7] [15.527777671813965:384.38888549804688] [0:99.958335876464844] [-15.5:24.866666793823242] [-33.375:38.254165649414062] [0:175.02915954589844] [0:1] none none none none none none none none none none none none none none [26.389429092407227:48.973251342773438] [-124.17919921875:-67.698646545410156] none
tree_sizes=3355 3446 3438 3436 3451 3441 3443 3440 3448 3434 3444 3436 3453 3451 3426 3439 3425 3425 3432 3440 3441 3435 3428 3437 3442 3427 3419 3428 3427 3419 3419 3428 3430 3451 3434 3446 3434 3446 3431 3432 3445 3455 3450 3446 3454 3436 3440 3434 3450 3431 3435 3446 3443 3434 3450 3453 3430 3454 3456 3439 3457 3452 3429 3456 3436 3434 3442 3453 3440 3448 3451 3445 3439 3439 3425 3438 3457 3442 3442 3446 3439 3426 3440 3430 3443 3439 3414 3438 3427 3429 3459 3446 3438 2890 3429 3445 3449 3427 3440 3429 3431 3432 2355 3417 3440 3435 3437 3121 3444 3207 3426 3432 3445 3441 3442 3434 3444 3420 3436 3454 3444 3461 3430 3448 3433 3435 3422 3452 3428 3420 3443 3420 3427 3417 3434 3444 3437 3442 3425 3445 3436 3441 3421 3452 3431 3422 3418 3410 3438 3428 3428 3418 3421 3438 3423 3431 2907 2364 2719 2977 3220 3419 3418 3432 3238 3425 3450 3422 3401 3439 3426 3435 3414 3437 3434 3130 3431 3439 3447 2484 2988 3354 3434 3441 3396 3417 3438 3451 3432 3427 2799 3427 3151 3189 3427 3408 3443 3436 3463 3440

Tree=0
num_leaves=31
num_cat=0
split_feature=30 30 30 29 30 29 1 30 1 2 2 29 29 30 30 29 1 4 3 29 9 30 30 29 1 2 29 11 1 3
split_gain=9647.06 666.763 207.638 352.463 230.752 198.172 84.5706 75.3904 74.3131 57.0195 54.952 54.852 53.6841 53.0102 52.8413 33.6721 33.3706 29.9457 27.5228 27.256 25.493 19.5823 28.0083 24.0572 18.7858 19.9939 17.1539 15.7817 15.6676 14.5317
threshold=-94.668254852294908 -117.08349990844725 -84.907409667968736 41.693527221679695 -78.014999389648423 41.108394622802741 24.405357360839847 -75.70598983764647 18.231548309326175 4.321545124053956 -1.2314052581787107 41.947931289672859 35.435970306396491 -79.10402679443358 -79.306854248046861 35.725976943969734 17.474405288696293 3.9108333587646489 3.632222175598145 35.468124389648445 238.42360687255862 -96.901752471923814 -96.908473968505845 37.277601242065437 23.068452835083011 -1.4561723470687864 39.046882629394538 6.4937500953674325 17.766667366027836 3.3718750476837163
decision_type=2 2 2 2 2 2 2 2 2 2 2 2 2 2 2 2 2 2 2 2 2 2 2 2 2 2 2 2 2 2
left_child=1 5 3 9 6 -1 10 11 20 16 15 12 -6 14 -8 -4 -2 -5 -12 -15 27 22 23 -10 25 -9 -18 -3 -29 -26
right_child=2 8 4 17 7 -7 13 24 21 -11 18 -13 -14 19 -16 -17 26 -19 -20 -21 -22 -23 -24 -25 29 -27 -28 28 -30 -31
leaf_value=0.21773137469160256 0.076526305370805736 0.10607458596385566 0.049483608351293978 0.08417888436307247 0.040475606672719211 0.065433647637403197 0.11111749540864772 0.09228740209086661 0.1219611632396761 0.063120573660783719 0.048706229904334597 0.017784311243889156 0.13208759212734508 0.047644745446595388 0.05126678332872335 0.072433821384070063 0.14268703818537304 0.030062095212084722 0.026872530994503416 0.087536794478269009 0.067824217652690449 0.17753935407187094 0.1026331630431514 0.1643271261726767 0.082109076999652475 0.046910126319005221 0.17701459445714596 0.16956626876157074 0.07528321659852194 0.13876404194300834
leaf_weight=1799.9513752609491 11.40580992400646 39.47207173705101 263.25505536794662 34.566079080104828 17.407556816935539 21.616250962018967 41.46435321867466 36.508553341031075 38.924194484949112 16.984197229146957 850.20599636435509 12.72569592297077 196.53854461014271 47.889459028840065 333.45806406438351 406.77401535212994 55.883489400148392 98.144751250743866 173.85143555700779 404.35837709903717 24.380541041493416 123.72066782414913 24.455252096056938 240.81699815392494 41.663580894470215 72.444324463605881 104.34573246538639 26.024174049496654 5.3044486492872229 15.539793908596037
leaf_count=5625 54 171 1339 160 93 104 183 164 165 82 4324 71 822 243 1690 1956 224 541 949 1867 115 466 108 924 195 351 396 99 23 66
internal_value=0.124408 0.201636 0.0684424 0.106587 0.0642363 0.215924 0.0586826 0.0998813 0.15188 0.150512 0.0522837 0.118635 0.124634 0.0717877 0.0578859 0.0634167 0.15916 0.0441574 0.0449996 0.0833125 0.111921 0.160768 0.153946 0.158432 0.0742974 0.0621154 0.165042 0.127105 0.153603 0.0974999
internal_weight=5580.08 2344.67 3235.41 321.33 2914.08 1821.57 2521.26 392.828 523.098 188.619 1694.09 226.672 213.946 827.17 374.922 670.029 171.635 132.711 1024.06 452.248 95.1812 427.917 304.196 279.741 166.156 108.953 160.229 70.8007 31.3286 57.2034
internal_count=23570 7800 15770 1457 14313 5729 12551 1762 2071 756 8568 986 915 3983 1873 3295 674 701 5273 2110 408 1663 1197 1089 776 515 620 293 122 261
is_linear=0
shrinkage=1


Tree=1
num_leaves=31
num_cat=0
split_feature=30 30 13 30 30 13 13 30 30 2 30 3 2 13 2 30 30 9 30 30 30 7 2 0 11 0 3 9 10 30
split_gain=8732.04 612.427 189.454 305.383 184.393 72.9879 66.3907 65.9595 62.808 45.5846 44.4939 40.874 35.1073 33.9812 30.4729 29.7212 28.82 24.1026 22.3666 17.5955 25.4848 17.4343 17.2529 16.8294 16.3999 15.9465 14.7189 13.472 13.2918 12.8068
threshold=-94.668254852294908 -117.08349990844725 50.639583587646491 -84.907409667968736 -78.719924926757798 73.166667938232436 58.518749237060554 -122.51169967651366 -75.049243927001939 -0.64580744504928578 -79.114654541015611 2.2910416126251225 1.0916795730590823 105.3562469482422 -0.28487318754196161 -77.269069671630845 -76.660556793212876 238.42360687255862 -79.188957214355455 -96.901752471923814 -96.908473968505845 0.047916667535901077 0.76903465390205394 6.5298612117767343 6.4937500953674325 4.9256944656372079 2.0495139360427861 243.92361450195315 41.506944656372077 -109.12405014038085
decision_type=2 2 2 2 2 2 2 2 2 2 2 2 2 2 2 2 2 2 2 2 2 2 2 2 2 2 2 2 2 2
left_child=1 7 9 5 10 14 17 21 15 16 18 -12 -7 -14 28 -6 23 24 -5 20 27 22 -1 -2 29 -11 -27 -8 -4 -3
right_child=2 6 3 4 8 12 19 -9 -10 25 11 -13 13 -15 -16 -17 -18 -19 -20 -21 -22 -23 -24 -25 -26 26 -28 -29 -30 -31
leaf_value=-0.075453480772110004 -0.081284481143037976 0.040690070185305502 0.066303446538695382 -0.061162372373388653 -0.032596715054314267 0.041930627991275143 0.050208865558302923 0.088700621022547402 -0.060971278784231281 -0.10167591801965768 -0.038325042221202456 -0.060327677227825928 -0.02660277640133157 0.041257349589158082 -0.077955119440711207 -0.00043149258574738089 -0.0079098039313539852 -0.052931034059917975 -0.078491657045972218 0.050709263145512086 -0.020660081979299 0.075424313638640064 0.028025898313157573 -0.057702822772759524 0.029849445077908134 -0.036143264005695994 -0.080662327106010359 0.025671098730075705 -0.022985737489154293 -0.031652062744447935
leaf_weight=8.3062076717615181 101.06243307888508 7.5537316501140586 5.6497884690761593 553.30833745002747 108.18909902870655 105.45483690500259 77.753247231245041 1785.3671227544546 79.111077502369881 91.017923563718796 372.81489977240562 486.53558377921581 50.920515149831772 28.92850124835968 29.209870964288712 213.62888625264168 24.627592086791992 25.34285743534565 280.64151108264923 122.4574878513813 24.485463723540306 5.8606739640235892 7.8206134289503089 300.99206717312336 32.843947917222977 19.5313451141119 375.70025706291199 199.36249995231628 15.891438752412794 32.184178039431572
leaf_count=43 525 27 21 2751 504 409 292 5636 372 518 1728 2381 229 112 152 910 106 119 1451 463 108 19 31 1473 128 94 1964 789 70 145
internal_value=8.85495e-06 0.0738626 -0.0530343 -0.0454703 -0.0515472 0.00844269 0.0261564 0.0876406 -0.0210568 -0.0723415 -0.0587665 -0.0507822 0.0229929 -0.00201773 -0.0446835 -0.0112448 -0.0604143 -0.0109511 -0.066994 0.0347254 0.0282356 0.00156838 -0.0252717 -0.0636304 0.00370671 -0.0828075 -0.0784623 0.0325559 0.000432845 -0.0179006
internal_weight=5572.55 2329.34 3243.22 2330.28 2094.23 236.055 521.983 1807.35 400.929 912.932 1693.3 859.35 185.304 79.849 50.7511 321.818 426.682 97.9247 833.95 424.059 301.601 21.9875 16.1268 402.055 72.5819 486.25 395.232 277.116 21.5412 39.7379
internal_count=23570 7800 15770 11090 10097 993 2071 5729 1786 4680 8311 4109 750 341 243 1414 2104 419 4202 1652 1189 93 74 1998 300 2576 2058 1081 91 172
is_linear=0
shrinkage=0.05


Tree=2
num_leaves=31
num_cat=0
split_feature=30 30 29 1 30 30 29 1 30 30 2 2 30 29 1 30 9 1 29 30 30 29 29 0 29 30 30 29 9 4
split_gain=7924.9 567.375 174.961 171.062 274.941 166.097 129.821 61.1243 59.2759 48.282 45.454 41.3933 40.5915 47.9493 38.0107 25.9625 20.6665 18.0485 17.9242 32.2847 47.0767 17.6655 15.6855 15.175 18.904 14.8373 14.5024 18.2484 12.5296 13.2572
threshold=-94.668254852294908 -117.08349990844725 41.108394622802741 17.242261886596683 -84.907409667968736 -78.719924926757798 41.693527221679695 18.231548309326175 -75.70598983764647 -76.589794158935533 5.1153595447540292 -0.64580744504928578 -79.125286102294908 34.860479354858406 24.142559051513675 -76.660556793212876 238.42360687255862 23.068452835083011 37.277601242065437 -109.12405014038085 -101.70369720458983 41.806915283203132 39.046882629394538 6.5298612117767343 35.725976943969734 -112.49425125122069 -112.49425125122069 37.413198471069343 168.31944274902347 5.0835416316986093
decision_type=2 2 2 2 2 2 2 2 2 2 2 2 2 2 2 2 2 2 2 2 2 2 2 2 2 2 2 2 2 2
left_child=1 2 -1 11 6 12 10 16 9 -7 22 15 13 -6 -14 23 26 -10 19 -9 -21 -13 -5 -2 -25 -20 -3 -28 29 -17
right_child=3 7 -4 4 5 8 -8 18 17 -11 -12 21 14 -15 -16 28 -18 -19 25 20 -22 -23 -24 24 -26 -27 27 -29 -30 -31
leaf_value=0.085969766969560976 -0.077141631903595007 0.077975307524017365 -0.05710593758804805 0.015483369335164136 0.054441950498528506 -0.018089440217827119 -0.054873383466606342 0.085088643767588845 -0.060839887966283791 0.032045174276292845 -0.064425547659682628 -0.073020263805304866 -0.059725631651154493 -0.065342176976084271 -0.039154808227977289 0.052394387951024593 -0.050900687003916749 -0.02443947331005239 -0.034178978190636727 -0.080712304589801553 0.028249087103699624 -0.094744601602138268 0.048100805123905577 -0.071464753774999362 -0.045370232915287148 0.038253762749265688 -0.080876609064439692 0.004812605201446378 -0.05522516868166804 -0.043899338547742528
leaf_weight=1765.2245482951403 101.16136775910854 5.8258856683969489 21.629056423902512 56.347158640623093 8.4448914527893049 196.30922946333885 60.834107369184494 10.238795846700667 83.915725290775299 63.575600445270538 11.895152807235716 360.01738861203194 413.2659973949194 781.03117841482162 491.81170397996902 10.34855690598488 24.473642572760582 57.311895668506622 7.2092843055725089 16.187138184905049 25.574676543474201 126.44379280507565 106.56866161525249 108.41930927336216 192.87901592254639 366.1590583473444 6.9595614373683921 57.931867524981499 8.8285856842994672 5.4603011906146994
leaf_count=5625 525 19 104 227 32 883 300 34 394 248 58 1862 2024 3953 2301 39 115 261 31 81 101 715 408 553 920 1416 37 237 42 25
internal_value=1.74304e-05 0.0708555 0.0842379 -0.0503553 -0.0431688 -0.0489266 0.00803733 0.0249197 -0.0199942 -0.00582501 0.0299302 -0.0686944 -0.0557751 -0.0640609 -0.0485476 -0.0573358 -0.0112985 -0.0460682 0.0330248 0.00552234 -0.013985 -0.078667 0.0368195 -0.0603859 -0.0547601 0.0368552 0.00240695 -0.0043775 -0.00751123 0.019135
internal_weight=5552.28 2307.41 1786.85 3244.87 2331.31 2095.67 235.645 520.56 401.112 259.885 174.811 913.558 1694.55 789.476 905.078 427.097 95.191 141.228 425.369 52.0006 41.7618 486.461 162.916 402.46 301.298 373.368 70.7173 64.8914 24.6374 15.8089
internal_count=23570 7800 5729 15770 11089 10096 993 2071 1786 1131 693 4681 8310 3985 4325 2104 408 655 1663 216 182 2577 635 1998 1473 1447 293 274 106 64
is_linear=0
shrinkage=0.05


Tree=3
num_leaves=31
num_cat=0
split_feature=29 29 29 11 13 29 6 29 4 29 29 29 29 13 29 1 6 2 0 29 2 1 11 29 1 29 29 3 5 6
split_gain=2326.8 2306.59 1030.91 638.327 199.986 154.971 143.674 118.676 105.498 59.2775 58.9425 55.3826 102.676 78.2103 46.8274 45.4446 43.3102 36.4944 33.8024 36.2515 31.8031 39.6765 38.9326 28.6261 26.714 26.0223 24.8565 19.7902 19.273 18.2448
threshold=36.314949035644538 40.443843841552741 35.038000106811531 14.700000286102297 82.308334350585952 38.308649063110359 0.006250000325962902 36.579669952392585 4.8570833206176767 35.607975006103523 34.162609100341804 35.633329391479499 35.725976943969734 82.772914886474624 35.981050491333015 22.837797164916996 0.010416666977107527 -1.1715061664581297 16.728471755981449 35.468124389648445 -0.8136516511440276 20.631547927856449 9.7215280532836932 35.468124389648445 22.662797927856449 35.699068069458015 36.419198989868171 3.5572916269302373 0.3047557026147843 0.006250000325962902
decision_type=2 2 2 2 2 2 2 2 2 2 2 2 2 2 2 2 2 2 2 2 2 2 2 2 2 2 2 2 2 2
left_child=2 3 4 5 -1 -2 9 26 20 -4 -6 18 25 -14 -11 17 -7 -9 19 -8 28 -22 -23 -20 -10 -13 -5 -18 -3 -12
right_child=1 8 6 7 10 16 11 15 24 14 29 12 13 -15 -16 -17 27 -19 23 -21 21 22 -24 -25 -26 -27 -28 -29 -30 -31
leaf_value=0.067588285405883269 0.079953637618756637 -0.038644407584487873 0.063754937260469852 -0.019383512965158792 0.029325838845117198 0.070967411696487917 0.04816512416728326 0.024061226746019973 -0.076148403521011113 -0.051295722034979112 0.044335152680217538 -0.063118371738883627 -0.058748909288819477 -0.030912176671148844 0.06363970968585525 0.027225180060092332 0.038389099936406428 -0.033114786140529651 -0.066732853436386505 -0.027630855836282504 -0.060151423987225755 0.036252860331410411 -0.033602715746827341 -0.028767741244003272 -0.010675527984062176 -0.084407082169109332 -0.081561158641301867 0.0054946483916298401 -0.0061847119545743812 -0.048015706704585381
leaf_weight=247.19645875692368 1314.7301473021507 65.201896712183952 36.387390464544296 29.843157753348351 53.387508422136307 83.823944345116615 24.51408477127552 48.747853204607964 208.41297574341297 34.258876964449883 5.8316999077796927 563.23977872729301 482.28300030529499 529.2110897898674 11.95431476831436 388.61460967361927 156.04922042787075 65.285026893019676 71.907874375581741 44.25166729092598 146.54152341187 22.158780485391617 199.71837417781353 160.4183354973793 16.838335707783699 192.63961333036423 34.836369395256042 64.674144700169563 153.12662939727306 64.486926659941673
leaf_count=851 4303 306 125 137 210 281 91 199 1124 168 22 2851 2392 2442 44 1559 593 303 366 205 730 82 921 730 76 1036 182 269 661 311
internal_value=2.60712e-05 0.0297953 -0.0353693 0.0565185 0.0416157 0.072509 -0.0486437 0.010878 -0.0421666 0.0160206 -0.0102841 -0.0512259 -0.0546028 -0.0441848 -0.0215645 0.0190812 0.0403705 -0.00867264 -0.031404 -0.000610587 -0.031 -0.0399612 -0.0266263 -0.0405184 -0.0712541 -0.0685439 -0.0528724 0.0287507 -0.0158785 -0.0403568
internal_weight=5520.57 2998.6 2521.97 2186.6 370.903 1619.28 2151.07 567.327 811.999 82.6006 123.706 2068.47 1767.37 1011.49 46.2132 502.647 304.547 114.033 301.092 68.7658 586.747 368.419 221.877 232.326 225.251 755.879 64.6795 220.723 218.329 70.3186
internal_count=23570 11726 11844 7826 1394 5446 10450 2380 3900 337 543 10113 8721 4834 212 2061 1143 502 1392 296 2700 1733 1003 1096 1200 3887 319 862 967 333
is_linear=0
shrinkage=0.05


Tree=4
num_leaves=31
num_cat=0
split_feature=30 30 29 13 30 30 2 1 30 30 30 30 29 29 29 29 29 29 1 9 2 29 30 30 29 4 29 30 30 29
split_gain=6646.38 501.923 151.871 148.357 227.788 104.724 81.9938 54.8053 54.0809 54.0669 41.3181 41.034 37.5329 36.1083 33.0423 29.6815 29.6147 26.2095 24.8765 18.0236 16.8373 16.5404 28.4962 42.2762 16.4844 15.5025 13.8236 13.5271 13.4966 15.8429
threshold=-94.668254852294908 -117.08349990844725 41.108394622802741 82.772914886474624 -84.907409667968736 -78.68517684936522 -0.56354814767837513 18.231548309326175 -82.924999237060533 -77.440124511718736 -75.70598983764647 -79.114654541015611 41.556880950927741 35.435970306396491 39.79341125488282 41.60673904418946 35.468124389648445 33.547899246215827 10.339583396911623 238.42360687255862 3.3642209768295293 37.277601242065437 -109.12405014038085 -101.70369720458983 38.768741607666023 2.5468750000000004 35.725976943969734 -112.49425125122069 -109.12405014038085 37.413198471069343
decision_type=2 2 2 2 2 2 2 2 2 2 2 2 2 2 2 2 2 2 2 2 2 2 2 2 2 2 2 2 2 2
left_child=1 2 -1 6 12 11 8 19 15 26 13 17 20 -7 -11 -2 -13 -6 -8 28 -5 22 -9 -24 -12 -20 -10 -23 -3 -30
right_child=3 7 -4 4 5 10 18 21 9 14 24 16 -14 -15 -16 -17 -18 -19 25 -21 -22 27 23 -25 -26 -27 -28 -29 29 -31
leaf_value=0.080547038423982198 0.037378489117175201 0.050767445087906274 -0.052710417366274021 0.039424440920291515 0.045887133912178815 -0.077649623153505209 -0.082067231975537613 0.079439676506409138 -0.064855136016857676 -0.066247638011825954 -0.004784562583030897 -0.068125121793659107 -0.046192257994006856 0.014584041271172188 0.0012640159394982616 -0.034724132383145492 -0.035213236141807179 -0.057910968746068971 -0.037256238534127108 -0.048539985638475766 -0.016591133780126752 -0.033610652823523317 -0.077274295731258713 0.025999347329940053 -0.05262835330173507 -0.064912107999213084 -0.048778046057217195 0.035529968876135354 -0.079218178014595728 0.0010897645950278282
leaf_weight=1712.5408201515675 29.098697617650032 11.52590788900852 21.651558011770248 115.57610699534416 6.1483535319566718 11.567176967859266 217.95971737802029 10.081635385751722 206.09824274480343 23.740871891379356 26.319241479039192 76.588370561599731 16.932527810335159 128.4079467356205 76.603847712278366 28.014932528138161 635.45950916409492 560.43589264154434 55.651973634958267 24.447097539901733 15.176738321781157 7.2145889550447455 16.235902264714237 25.432177305221561 56.982962101697922 566.25955855846405 380.6466047167778 363.63326691091061 6.9629658609628668 52.038808435201645
leaf_count=5625 115 40 104 449 23 61 1208 34 1060 121 114 393 80 528 323 131 2976 2831 266 115 66 31 81 101 273 2897 1855 1416 37 216
internal_value=3.27183e-05 0.065987 0.0788833 -0.0458946 -0.0353997 -0.041226 -0.0568235 0.0227765 -0.0447389 -0.0486249 -0.00963074 -0.0467433 0.0238519 0.00696209 -0.0147088 0.00201127 -0.0387533 -0.0567846 -0.0675316 -0.0115442 0.0329226 0.0304897 0.00400937 -0.0142411 -0.0375122 -0.0624373 -0.0544252 0.0341849 0.00127975 -0.0083876
internal_weight=5485.43 2251.76 1734.19 3233.67 1649.59 1501.91 1584.07 517.572 744.203 687.09 223.277 1278.63 147.685 139.975 100.345 57.1136 712.048 566.584 839.871 94.9748 130.753 422.598 51.7497 41.6681 83.3022 621.912 586.745 370.848 70.5277 59.0018
internal_count=23570 7800 5729 15770 7794 7199 7976 2071 3605 3359 976 6223 595 589 444 246 3369 2854 4371 408 515 1663 216 182 387 3163 2915 1447 293 253
is_linear=0
shrinkage=0.05


Tree=5
num_leaves=31
num_cat=0
split_feature=30 30 29 1 30 30 29 30 1 30 2 2 1 30 2 30 9 30 30 29 29 29 9 0 29 3 30 29 30 1
split_gain=6068.83 474.159 140.451 136.861 213.96 128.628 100.261 51.7132 49.7449 40.053 37.026 33.9953 32.9058 31.5905 31.4139 22.3969 16.2923 15.7463 24.2229 18.5054 15.5769 15.1305 14.6637 14.5443 18.1323 13.0848 12.2509 14.2879 10.8968 10.3872
threshold=-94.668254852294908 -117.08349990844725 41.108394622802741 17.242261886596683 -84.907409667968736 -78.719924926757798 41.693527221679695 -75.70598983764647 18.231548309326175 -77.269069671630845 5.1153595447540292 -0.64580744504928578 24.405357360839847 -79.10402679443358 -1.2314052581787107 -73.27999114990233 238.42360687255862 -96.901752471923814 -96.908473968505845 37.277601242065437 39.046882629394538 41.806915283203132 216.90277862548831 6.5298612117767343 35.725976943969734 2.0495139360427861 -109.12405014038085 37.413198471069343 -76.040576934814439 22.947320938110355
decision_type=2 2 2 2 2 2 2 2 2 2 2 2 2 2 2 2 2 2 2 2 2 2 2 2 2 2 2 2 2 2
left_child=1 2 -1 11 6 12 10 9 16 -7 20 15 14 -14 -6 23 26 18 19 -10 -5 25 -9 -2 -25 -13 -3 -28 -27 -19
right_child=3 8 -4 4 5 7 -8 22 17 -11 -12 21 13 -15 -16 -17 -18 29 -20 -21 -22 -23 -24 24 -26 28 27 -29 -30 -31
leaf_value=0.078098666302898911 -0.06761886524260928 0.048538407504769537 -0.05010846169492314 0.012279849338170079 -0.042011121192475687 -0.026968794117163953 -0.047389732974806607 -0.021022446256697941 -0.004948004236677306 0.012859098843987272 -0.057946222711863095 -0.023248442782469177 -0.05152747004644901 -0.031426920872084513 -0.061720697112564053 0.050621636796520313 -0.04617885363366786 0.019647227126629863 -0.024852153948625739 0.03241260729233808 0.044916098354941876 -0.084470698812814562 -0.054149136471848713 -0.062662919404352702 -0.037375219529431902 -0.068136514862771475 -0.075209762668765334 0.0010353631569334136 -0.019504247271124878 0.053019294816024368
leaf_weight=1678.768579646945 102.79098749160767 11.454266190528868 21.637299239635468 55.928986608982086 306.6512401252985 108.18559120595455 60.530889257788658 54.440336987376213 38.539666265249252 151.55562347173691 11.851764321327208 18.522165939211845 372.92302075028419 410.78800410032272 593.32656860351562 5.4623845666646949 24.412998452782631 31.53290319442749 24.343397706747055 236.75640852749348 105.57893353700638 123.63397780060768 86.461263120174408 107.36813278496265 208.63799987733364 325.02412809431553 6.9671579152345648 52.034547701478004 11.941520154476164 89.492167443037033
leaf_count=5625 537 40 104 227 1491 504 300 245 165 627 58 89 1873 1914 3032 21 115 127 108 924 408 715 410 553 993 1717 37 216 56 339
internal_value=4.10521e-05 0.0637321 0.0764673 -0.043768 -0.0373347 -0.0424231 0.00801095 -0.0169603 0.0217271 -0.00372974 0.0273549 -0.0602768 -0.0484822 -0.0409916 -0.055005 -0.0499694 -0.0109785 0.0291029 0.022955 0.0271824 0.0336144 -0.069404 -0.0413499 -0.0512814 -0.0459671 -0.064164 0.00121847 -0.00796797 -0.0664131 0.0443243
internal_weight=5437.54 2215.94 1700.41 3221.6 2318.22 2084.33 233.891 400.643 515.534 259.741 173.36 903.381 1683.69 783.711 899.978 424.26 94.869 420.665 299.639 275.296 161.508 479.122 140.902 418.797 316.006 355.488 70.456 59.0017 336.966 121.025
internal_count=23570 7800 5729 15770 11089 10096 993 1786 2071 1131 693 4681 8310 3787 4523 2104 408 1663 1197 1089 635 2577 655 2083 1546 1862 293 253 1773 466
is_linear=0
shrinkage=0.05


Tree=6
num_leaves=31
num_cat=0
split_feature=30 30 29 13 30 30 2 29 0 30 30 29 29 30 29 1 29 29 30 30 30 2 4 9 12 29 11 29 29 12
split_gain=5550.59 450.246 130.251 127.054 186.95 90.7646 71.2231 48.0791 46.5628 45.6554 46.0296 30.8262 29.4039 28.373 24.2888 22.2111 22.0737 17.1301 37.3464 41.3807 19.4039 14.614 13.7061 13.5344 12.9548 12.8043 12.6206 12.139 11.2738 10.1133
threshold=-94.668254852294908 -117.08349990844725 41.108394622802741 82.772914886474624 -84.907409667968736 -79.035778045654283 -0.56354814767837513 35.468124389648445 14.588194370269777 -82.924999237060533 -77.440124511718736 41.556880950927741 39.79341125488282 -78.675731658935533 41.60673904418946 10.339583396911623 33.547899246215827 37.277601242065437 -109.12405014038085 -101.70369720458983 -112.49425125122069 3.3642209768295293 2.5468750000000004 239.97222137451175 -4.6687498092651358 43.598333358764656 3.4576388597488408 38.714012145996101 39.09523010253907 -4.785416603088378
decision_type=2 2 2 2 2 2 2 2 2 2 2 2 2 2 2 2 2 2 2 2 2 2 2 2 2 2 2 2 2 2
left_child=1 2 -1 6 11 16 9 -7 25 14 23 21 -12 -9 29 -8 -6 18 -10 -20 -19 27 -17 -11 -18 26 -3 -5 -23 -2
right_child=3 8 -4 4 5 7 15 13 17 10 12 -13 -14 -15 -16 22 24 20 19 -21 -22 28 -24 -25 -26 -27 -28 -29 -30 -31
leaf_value=0.075901508333746481 -0.020735242690629818 -0.05489831702942688 -0.047695924350840808 0.0076616124125006837 0.046174676832582216 -0.072054611669300411 -0.075940392914517499 -0.027140992754052101 0.078769985914957097 -0.046552052975059849 -0.061639031205793032 -0.041704109202543554 0.0020919491753219081 -0.0040915887246040054 -0.030849844189687989 -0.033472496858733769 -0.063339444044856266 -0.039727731305548519 -0.070822229378129653 0.023712678025816072 0.031381460649957393 -0.074531915045110794 -0.059564028373165018 -0.068362412470842099 -0.046209465663852117 0.055541081194375674 -0.0045857485052332612 0.045515857760851382 0.015783892468174975 0.050433746936992263
leaf_weight=1641.927695825696 6.4216206073761013 25.56594605743885 21.596125587821007 28.05712565779686 6.1506570875644675 46.997171804308891 213.35741238296032 405.59938536584377 12.158421814441679 498.6981406211853 23.703466221690178 16.881734892725945 76.539339795708656 199.03001661598682 27.900285974144936 55.310357809066772 130.88901183009148 9.8353652209043485 21.374710947275158 25.251070588827137 390.11398658156395 5.3345444351434699 559.33214311301708 82.963496163487434 704.11746852099895 4.7501427829265586 24.322123691439629 86.382547646760941 9.8081871867179853 22.417592316865921
leaf_count=5625 27 123 104 114 23 250 1208 1886 41 2483 121 80 323 861 131 266 680 43 108 101 1536 25 2897 432 3499 17 102 335 41 88
internal_value=4.90818e-05 0.0616648 0.0742969 -0.0417898 -0.0320589 -0.0373479 -0.0519717 -0.0233402 0.0207317 -0.0406843 -0.0442701 0.0218478 -0.0129779 -0.0195537 0.00240978 -0.0620409 -0.0481995 0.0259285 0.000726123 -0.0196251 0.0296328 0.0301272 -0.0572161 -0.0496629 -0.0488946 -0.0229004 -0.0303692 0.0362351 -0.0160329 0.0345866
internal_weight=5382.79 2176.9 1663.52 3205.89 1639.25 1492.78 1566.64 651.627 513.372 738.644 681.904 146.464 100.243 604.629 56.7395 828 841.157 458.734 58.7842 46.6258 399.949 129.582 614.643 581.662 835.006 54.6382 49.8881 114.44 15.1427 28.8392
internal_count=23570 7800 5729 15770 7794 7199 7976 2997 2071 3605 3359 595 444 2747 246 4371 4202 1829 250 209 1579 515 3163 2915 4179 242 225 449 66 115
is_linear=0
shrinkage=0.05


Tree=7
num_leaves=31
num_cat=0
split_feature=30 30 29 1 30 30 29 30 0 30 2 2 1 2 30 30 29 30 30 30 29 1 0 29 29 9 29 11 4 9
split_gain=5083.49 429.48 121.098 117.912 177.424 108.755 82.7122 47.9223 42.2276 36.5008 31.2539 29.952 29.4006 28.5375 28.2282 19.432 15.525 34.1621 37.4255 17.5838 14.5458 14.3063 13.7097 16.4944 13.6157 12.1649 12.4596 10.0408 9.80991 9.58719
threshold=-94.668254852294908 -117.08349990844725 41.108394622802741 17.242261886596683 -84.907409667968736 -78.719924926757798 41.693527221679695 -75.70598983764647 14.588194370269777 -76.269851684570298 5.1153595447540292 -0.64580744504928578 24.405357360839847 -1.2314052581787107 -79.10402679443358 -73.27999114990233 37.277601242065437 -109.12405014038085 -101.70369720458983 -112.49425125122069 41.806915283203132 23.068452835083011 6.5298612117767343 35.725976943969734 39.046882629394538 251.3263854980469 41.947931289672859 6.4937500953674325 3.6093750000000004 218.74305725097659
decision_type=2 2 2 2 2 2 2 2 2 2 2 2 2 2 2 2 2 2 2 2 2 2 2 2 2 2 2 2 2 2
left_child=1 2 -1 11 6 12 10 9 25 -7 24 15 13 -6 -14 22 17 -10 -19 -18 -13 -9 -2 -24 -5 26 27 -3 29 -8
right_child=3 8 -4 4 5 7 28 21 16 -11 -12 20 14 -15 -16 -17 19 18 -20 -21 -22 -23 23 -25 -26 -27 -28 -29 -30 -31
leaf_value=0.073920077149847552 -0.062914490257375347 -0.037554880021151565 -0.045449155925944118 0.011022473275031705 -0.038002098366625624 -0.011363588745567432 -0.072898959631521015 -0.051948123859866059 0.076008000027266709 0.037009741275713735 -0.053502849173874927 -0.058918880252248319 -0.047155280800262961 -0.056883395568996908 -0.028077458439368021 0.04811939762066824 -0.037666228836548896 -0.067415002508288607 0.022609473714790509 0.029966028923946467 -0.07909741145713331 -0.019480171200086615 -0.057818522865317072 -0.03355917354639637 0.041644171149724782 -0.074911300676416312 0.051002679598834061 0.019984686444541731 -0.057199136138618135 0.0063915857655308956
leaf_weight=1602.6374039798975 101.37060898542404 28.485701635479927 21.532113298773766 55.698075234889984 304.04419749975204 211.56043456494808 5.1508991122245815 83.186881259083748 11.974837794899939 47.809743732213974 11.751617848873137 348.93815085291862 368.61509923636913 585.48526577651501 409.06755942106247 5.4476071745157233 9.8544422686099988 21.333120495080944 25.161334484815601 388.16407196223736 120.03087230026722 57.296217024326324 105.84264680743217 207.30129846930504 104.23898847401142 8.9919113814830762 6.8278667330741873 10.331784650683401 40.17861770093441 14.669841423630713
leaf_count=5625 537 130 104 227 1491 948 25 394 41 183 58 1862 1873 3032 1914 21 43 108 101 1536 715 261 553 993 408 46 25 41 212 63
internal_value=5.70349e-05 0.0597582 0.0723376 -0.0399342 -0.0339542 -0.0386048 0.00753694 -0.0151861 0.0197854 -0.00244693 0.0251975 -0.0553983 -0.0442214 -0.0504297 -0.0371202 -0.0456995 0.0247574 0.000699438 -0.0186966 0.0282915 -0.0640835 -0.038706 -0.0469325 -0.0417588 0.0309802 -0.0217554 -0.011284 -0.02224 -0.042999 -0.014214
internal_weight=5322.98 2135.29 1624.17 3187.68 2298.75 2067.07 231.688 399.853 511.125 259.37 171.689 888.931 1667.21 889.529 777.683 419.962 456.488 58.4693 46.4945 398.019 468.969 140.483 414.515 313.144 159.937 54.6373 45.6454 38.8175 59.9994 19.8207
internal_count=23570 7800 5729 15770 11089 10096 993 1786 2071 1131 693 4681 8310 4523 3787 2104 1829 250 209 1579 2577 655 2083 1546 635 242 196 171 300 88
is_linear=0
shrinkage=0.05


Tree=8
num_leaves=31
num_cat=0
split_feature=30 30 13 30 30 2 30 1 30 30 30 30 4 7 1 1 2 1 11 4 30 1 30 30 30 4 9 11 10 9
split_gain=4662.06 411.061 109.42 154.121 77.9901 62.9487 42.8765 38.5067 38.3289 45.6969 26.2997 39.7931 24.8588 21.3283 21.2955 17.1106 15.4149 21.2444 14.2428 14.2176 14.0697 34.5728 19.7215 13.9477 22.7694 13.0716 11.9962 11.7856 11.6171 11.1319
threshold=-94.668254852294908 -117.08349990844725 82.772914886474624 -84.907409667968736 -79.035778045654283 -0.66942286491394032 -122.51169967651366 18.231548309326175 -82.924999237060533 -77.440124511718736 -78.014999389648423 -75.70598983764647 5.1229166984558114 0.45625001192092901 10.339583396911623 20.525297164916996 1.198356628417969 25.052679061889652 -2.2937500476837154 2.5997916460037236 -79.302604675292955 25.942857742309574 -79.125286102294908 -96.901752471923814 -96.908473968505845 2.308333277702332 239.97222137451175 12.535416603088381 39.756944656372077 243.92361450195315
decision_type=2 2 2 2 2 2 2 2 2 2 2 2 2 2 2 2 2 2 2 2 2 2 2 2 2 2 2 2 2 2
left_child=1 6 5 16 20 8 28 18 15 26 13 -12 -11 -6 -7 -2 -4 -18 -3 -16 21 -5 -22 24 29 -20 -10 -25 -1 -9
right_child=2 7 3 4 10 14 -8 23 9 12 11 -13 -14 -15 19 -17 17 -19 25 -21 22 -23 -24 27 -26 -27 -28 -29 -30 -31
leaf_value=-0.046258274647478656 -0.016851572526082919 -0.061916585177566576 0.033805289300237421 -0.039778621822720572 -0.020758703439219858 -0.07103749789737894 0.071507290183097719 0.040001338042915537 -0.04268059575725907 0.0018673596024974691 0.013739164362611614 -0.031906957033251603 -0.071952291328030257 -0.044813082878872521 -0.030589555021450845 0.042151573441442491 -0.026006095512433075 0.033717118712926146 -0.062405653420028843 -0.055163524246673326 -0.054265342212016822 0.033699074742283203 -0.037456858923892347 -0.020338984900525586 -0.026771860011554949 0.0039327297374358262 -0.063456471240500453 0.044051829233531931 0.030042386780612391 0.017464104311260158
leaf_weight=8.4034896939992922 35.979642316699028 11.562409639358519 84.728712067008018 104.68077212572098 324.8067232966423 207.90361131727695 1562.206752538681 76.183919385075569 489.56449897587299 82.634729534387589 112.45221796631813 82.978337064385414 13.230426862835882 128.65344458818436 65.95848785340786 18.659603163599968 33.275585502386093 26.949415549635887 8.2472171038389188 546.86075106263161 394.33827255666256 18.899270579218864 313.0486064106226 7.5918345004320136 24.254118502140045 74.55212214589119 80.972547188401222 111.11901518702507 12.276353567838667 195.12016104161739
leaf_count=42 164 58 337 526 1515 1213 5636 296 2467 352 465 387 70 630 318 74 151 107 40 2890 2077 79 1520 33 108 310 428 433 51 793
internal_value=6.45524e-05 0.0579953 -0.0381986 -0.0291448 -0.0339643 -0.0477401 0.0705605 0.0188918 -0.0369612 -0.0402622 -0.020975 -0.00564183 -0.00832055 -0.0275833 -0.0572098 0.00329833 0.0200586 0.000718781 -0.00993395 -0.0525186 -0.0441075 -0.0285416 -0.0468269 0.0254576 0.0196433 -0.0026749 -0.0456292 0.0399339 -0.000963255 0.0237927
internal_weight=5258.09 2091.52 3166.58 1624.81 1479.86 1541.76 1582.89 508.631 721.041 666.402 648.891 195.431 95.8652 453.46 820.723 54.6392 144.954 60.225 94.3617 612.819 830.967 123.58 707.387 414.269 295.558 82.7993 570.537 118.711 20.6798 271.304
internal_count=23570 7800 15770 7794 7199 7976 5729 2071 3555 3317 2997 852 422 2145 4421 238 595 258 408 3208 4202 605 3597 1663 1197 350 2895 466 93 1089
is_linear=0
shrinkage=0.05


Tree=9
num_leaves=31
num_cat=0
split_feature=30 30 13 30 30 30 30 13 0 30 0 2 3 2 2 13 30 30 30 9 4 0 0 9 13 2 10 3 12 9
split_gain=4278.68 394.671 102.76 148.014 92.779 41.1422 40.7544 37.6775 35.5497 32.2824 26.9135 26.8017 23.1389 21.3626 19.2673 17.8457 16.9413 13.8043 20.7383 13.7077 13.493 12.951 12.2856 11.4182 11.4061 26.5859 11.3013 10.9534 10.8785 10.6489
threshold=-94.668254852294908 -117.08349990844725 50.639583587646491 -84.907409667968736 -78.719924926757798 -75.70598983764647 -122.51169967651366 73.166667938232436 14.588194370269777 -76.589794158935533 28.268054962158207 -0.64580744504928578 2.1845139265060429 0.58901396393775951 -0.28487318754196161 105.00208282470705 -73.27999114990233 -96.901752471923814 -96.908473968505845 216.90277862548831 3.4881249666213994 6.5298612117767343 4.9256944656372079 243.92361450195315 90.614585876464858 1.198356628417969 41.506944656372077 2.0495139360427861 2.7645833492279057 251.3263854980469
decision_type=2 2 2 2 2 2 2 2 2 2 2 2 2 2 2 2 2 2 2 2 2 2 2 2 2 2 2 2 2 2
left_child=1 6 11 7 10 9 -1 14 29 -6 12 16 -5 -9 26 -15 21 18 23 -7 -12 -2 -13 -10 25 -19 -4 -24 -26 -3
right_child=2 8 3 4 5 19 -8 13 17 -11 20 22 -14 15 -16 -17 -18 24 -20 -21 -22 -23 27 -25 28 -27 -28 -29 -30 -31
leaf_value=-0.00091627387105256027 -0.058817315616822685 -0.010357684136300062 0.066055111746222681 -0.034020308661508333 -0.011818230096038319 -0.015740343586475542 0.069857712618131437 0.036821775467091603 0.035401352426058151 0.029301058746146903 -0.0063809482692187003 -0.076953821575162076 -0.046609025080326459 -0.012914379501375884 -0.058770722388590574 0.031943278561324694 0.045800296410883422 0.030593138751736207 -0.025916534191481006 -0.047906774736074978 -0.08028771181090219 -0.038081227899052966 -0.018767502559814658 0.014336208356218683 0.056834330459707129 -0.089765021687968696 -0.017232751313751751 -0.057653748987263914 0.015572634405815647 -0.070153430703863678
leaf_weight=20.616626560688019 99.517842069268227 45.576268807053566 5.4994730949401882 580.29487764835358 195.70553661882877 54.015529945492744 1520.2063235342503 80.773972794413567 93.360025063157082 63.129824250936508 74.840248450636864 82.807603418827057 983.96464137732983 65.836245641112328 28.086435422301292 33.430003881454468 5.4267091304063788 33.899079278111458 25.693682760000229 85.620493873953819 6.731026202440261 309.41397178173065 19.085068956017494 206.87655751407146 65.671538010239601 5.3063855022191992 15.701455965638159 354.13793078064919 21.108427181839943 8.8995487689971906
leaf_count=93 537 196 21 2869 883 245 5636 322 367 248 348 518 5059 294 152 134 21 136 114 410 35 1546 94 848 253 25 70 1964 86 46
internal_value=7.1552e-05 0.0563252 -0.0365578 -0.0309649 -0.0352377 -0.0135898 0.0689107 0.00712474 0.0180305 -0.00178925 -0.0404789 -0.0511675 -0.041939 0.0177287 -0.0316099 0.00219238 -0.0419629 0.02263 0.0171969 -0.0354638 -0.0124795 -0.0431276 -0.0595309 0.0208865 0.0366857 0.0143029 0.00437193 -0.0556653 0.0467978 -0.0201263
internal_weight=5191.23 2047.21 3144.02 2273.63 2044.3 398.471 1540.82 229.328 506.392 258.835 1645.83 870.389 1564.26 180.04 49.2874 99.2662 414.359 451.916 325.93 139.636 81.5713 408.932 456.031 300.237 125.985 39.2055 21.2009 373.223 86.78 54.4758
internal_count=23570 7800 15770 11090 10097 1786 5729 993 2071 1131 8311 4680 7928 750 243 428 2104 1829 1329 655 383 2083 2576 1215 500 161 91 2058 339 242
is_linear=0
shrinkage=0.05


Tree=10
num_leaves=31
num_cat=0
split_feature=29 29 29 11 1 29 6 4 29 29 29 1 29 1 6 29 29 0 29 29 29 0 11 0 29 29 1 10 10 11
split_gain=1215.09 1270.72 536.26 413.79 116.564 108.437 77.758 74.751 65.7584 38.4051 82.4314 56.1851 32.3256 27.9255 27.6135 25.9284 23.7538 23.3389 25.3642 22.3129 20.5439 17.2758 17.7617 16.9947 17.5124 16.9372 16.2232 14.8146 14.2883 14.252
threshold=36.314949035644538 40.443843841552741 35.038000106811531 14.700000286102297 22.280357360839847 38.308649063110359 1.0000000180025095e-35 4.8570833206176767 36.579669952392585 35.633329391479499 35.725976943969734 24.376487731933597 34.162609100341804 22.837797164916996 0.010416666977107527 35.699068069458015 35.468124389648445 16.728471755981449 35.468124389648445 36.419198989868171 35.981050491333015 23.620138168334964 11.78958320617676 22.457638740539554 41.806915283203132 35.468124389648445 22.702976226806644 73.034721374511733 37.625000000000007 -3.3381944894790645
decision_type=2 2 2 2 2 2 2 2 2 2 2 2 2 2 2 2 2 2 2 2 2 2 2 2 2 2 2 2 2 2
left_child=2 3 4 5 -1 29 16 21 19 17 15 -12 -6 -10 -7 -11 -4 25 -19 -5 -18 23 -23 24 -3 -8 -9 -15 -14 -2
right_child=1 7 6 8 12 14 9 26 13 10 11 -13 28 27 -16 -17 20 18 -20 -21 -22 22 -24 -25 -26 -27 -28 -29 -30 -31
leaf_value=0.054070327538090227 0.010932504987323684 -0.012082038975814719 0.062399535525766728 -0.0082669969108289717 0.022350280330707441 0.057510789749865933 0.039833173902930924 -0.06052558786001494 -0.0080339371129385228 -0.047346414728257812 -0.039240347448071013 -0.014021773065586255 0.011528697198725233 0.024346420477145268 0.021765991400696027 -0.06911992149477085 -0.021979881273387777 -0.053047144432878085 -0.016909957297660781 -0.067892196610379332 0.059078031767775097 0.048463633175017951 -0.011428115268503458 -0.047569464665067646 -0.032929754616899017 -0.013135438773611169 -0.0075244943127114137 -0.0050087822393446585 -0.044530404298712023 0.066499019051817904
leaf_weight=220.4960161447525 11.661224439740179 224.75962661206722 21.032380104064941 29.253435969352722 48.66500560939312 73.160193249583244 23.473078340291977 194.06791587173939 111.09006716310978 538.8747725635767 645.65297138690948 335.69373884797096 14.751691475510595 327.32354475557804 206.63029158115387 183.21595096588135 32.512615785002708 70.170364752411842 157.64748118817806 33.84211203455925 10.291076138615606 14.851581320166586 74.360848858952522 73.355128884315491 182.54414604604244 42.267674431204796 15.598490491509436 49.475707396864891 49.53204919397831 1105.8645325303078
leaf_count=876 52 1050 81 137 201 281 98 1128 502 2867 3303 1547 66 1342 862 1042 159 371 733 182 42 54 336 364 896 207 72 217 251 4251
internal_value=7.86017e-05 0.022894 -0.0259154 0.0444802 0.0329121 0.0589497 -0.0354337 -0.0310564 0.00778497 -0.0371702 -0.0400486 -0.0306137 -0.00839264 0.0139967 0.0311126 -0.052871 0.0188884 -0.0204673 -0.0280406 -0.0402477 -0.00249154 -0.0216649 -0.00145768 -0.0254154 -0.0214255 0.00577728 -0.0565825 0.0204919 -0.0316661 0.0659192
internal_weight=5122.12 2727.84 2394.28 1948.3 333.445 1397.32 2060.83 779.538 550.985 1997 1703.44 981.347 112.949 487.889 279.79 722.091 63.8361 293.559 227.818 63.0955 42.8037 569.871 89.2124 480.659 407.304 65.7408 209.666 376.799 64.2837 1117.53
internal_count=23570 11726 11844 7826 1394 5446 10450 3900 2380 10168 8759 4850 518 2061 1143 3909 282 1409 1104 319 201 2700 390 2310 1946 305 1200 1559 317 4303
is_linear=0
shrinkage=0.05


Tree=11
num_leaves=31
num_cat=0
split_feature=29 29 29 11 1 29 6 4 29 29 29 1 29 6 1 2 29 2 13 29 0 29 29 1 29 0 11 2 5 11
split_gain=1110.66 1167.79 488.577 391.664 107.964 106.177 70.7321 69.769 59.6939 35.3937 77.0601 51.7017 29.3202 26.1809 25.3258 24.9807 24.5735 22.2462 24.17 22.095 21.1555 23.3207 20.5863 19.8513 15.4544 14.9106 21.3884 14.3927 14.1355 14.294
threshold=36.314949035644538 40.443843841552741 35.038000106811531 14.700000286102297 22.280357360839847 38.308649063110359 1.0000000180025095e-35 4.9904165267944345 36.579669952392585 35.633329391479499 35.725976943969734 24.376487731933597 34.162609100341804 0.010416666977107527 22.837797164916996 -0.42406831681728357 35.699068069458015 -0.8136516511440276 92.095832824707045 35.468124389648445 16.728471755981449 35.468124389648445 36.419198989868171 21.289285659790043 35.468124389648445 21.727083206176761 15.24722194671631 -0.92782089114189137 0.3047557026147843 17.670833587646488
decision_type=2 2 2 2 2 2 2 2 2 2 2 2 2 2 2 2 2 2 2 2 2 2 2 2 2 2 2 2 2 2
left_child=2 3 4 5 -1 -2 19 17 22 20 16 -12 -6 -7 15 -10 -11 28 -19 -4 24 -22 -5 -21 -8 27 -27 -9 -3 -30
right_child=1 7 6 8 12 13 9 25 14 10 11 -13 -14 -15 -16 -17 -18 18 -20 23 21 -23 -24 -25 -26 26 -28 -29 29 -31
leaf_value=0.052386685061152176 0.06448353939790194 -0.027714251707854222 0.060775358856163121 -0.007861621196186273 0.021296325643208915 0.055868316713966373 0.038303630309886753 -0.02962686802479866 0.015075126894280458 -0.045483064124031615 -0.037578462498402382 -0.013342096343215856 -0.030249706771738834 0.020763354748163321 0.019544029206092252 -0.032379150400420768 -0.06684776034915868 -0.035681724208139469 -0.0051547917052381272 -0.023947459571022955 -0.050874830265012022 -0.016101008165118506 -0.065311772998042431 0.051647670502295753 -0.012505294915530872 0.070735749549924232 -0.043104204674888777 -0.066958748154151093 0.0046580105436237621 -0.052840684748543067
leaf_weight=216.3106524348259 1086.0912608355284 64.758089169859886 20.52760711312294 29.224516347050667 48.523431792855263 71.58573080599308 23.197019770741463 31.470202475786209 57.965047210454941 533.0531617552042 640.62563826143742 335.16866502165794 63.941392451524734 205.79942215979099 375.36591593921185 53.172699585556984 180.0515865534544 274.50516673922539 84.893788680434227 30.432718053460121 69.524717956781387 157.29868705570698 33.430624127388 12.152260109782217 42.179964482784271 5.2635952234268215 19.090923070907593 143.74905441701412 139.51053106784821 11.716567620635031
leaf_count=876 4303 311 81 137 201 281 98 154 249 2867 3303 1547 317 862 1559 253 1042 1383 377 151 371 733 182 50 207 19 98 891 611 56
internal_value=8.30328e-05 0.0220934 -0.0248454 0.0430728 0.0317267 0.0574322 -0.033944 -0.029685 0.0074207 -0.0356041 -0.0383839 -0.0292537 -0.00800995 0.029823 0.0133366 -0.00762888 -0.0508774 -0.0208494 -0.0284709 0.0181647 -0.0195368 -0.0267597 -0.038515 -0.00237526 0.0055227 -0.0551585 -0.0185007 -0.0602538 -0.00816719 0.000203205
internal_weight=5060.58 2687.59 2372.99 1912.64 328.775 1363.48 2044.21 774.958 549.159 1981.1 1688.9 975.794 112.465 277.385 486.504 111.138 713.105 575.384 359.399 63.1126 292.2 226.823 62.6551 42.585 65.377 199.574 24.3545 175.219 215.985 151.227
internal_count=23570 11726 11844 7826 1394 5446 10450 3900 2380 10168 8759 4850 518 1143 2061 502 3909 2738 1760 282 1409 1104 319 201 305 1162 117 1045 978 667
is_linear=0
shrinkage=0.05


Tree=12
num_leaves=31
num_cat=0
split_feature=30 30 29 13 30 30 2 29 29 0 29 30 30 29 3 29 29 29 30 11 30 3 29 2 29 5 30 5 12 30
split_gain=3402.22 360.552 104.259 92.5869 112.414 60.9375 54.68 40.8664 34.0826 33.2817 25.2025 23.2971 27.7962 22.1743 21.4818 20.4406 17.3536 15.3452 30.5946 32.5017 14.7288 14.7255 13.0193 12.9775 12.4825 12.3554 12.1279 15.2101 12.0323 11.7008
threshold=-94.668254852294908 -117.08349990844725 41.108394622802741 82.772914886474624 -84.907409667968736 -79.035778045654283 -0.56354814767837513 35.468124389648445 35.725976943969734 14.588194370269777 41.408981323242195 -82.924999237060533 -80.495098114013658 41.556880950927741 3.7865277528762822 41.556880950927741 33.547899246215827 37.277601242065437 -109.12405014038085 19.343750000000004 -112.49425125122069 1.9793750047683718 39.046882629394538 2.6290760040283208 43.598333358764656 0.40456041693687445 -76.589794158935533 0.49936333298683172 -0.53124999999999989 -79.281692504882798
decision_type=2 2 2 2 2 2 2 2 2 2 2 2 2 2 2 2 2 2 2 2 2 2 2 2 2 2 2 2 2 2
left_child=1 2 -1 6 13 16 8 -7 29 24 -9 15 -13 22 21 -10 -6 18 -11 -20 -19 25 23 -5 -3 -8 -16 -28 -18 -2
right_child=3 9 -4 4 5 7 14 10 11 17 -12 12 -14 -15 26 -17 28 20 19 -21 -22 -23 -24 -25 -26 -27 27 -29 -30 -31
leaf_value=0.066808062770150348 -0.024677145217459884 -0.028584140419709456 -0.044520271910647419 0.017261477847282779 0.046203995891871269 -0.062687209373036318 -0.069027780052575205 -0.010175437727382481 0.038437143874343604 0.069630743795615208 -0.046691958242746148 -0.072638446073588506 -0.024843772008784213 -0.03610565397364101 -0.067318276099568003 -0.023244338806254438 -0.044973439898357614 -0.036612298594153277 -0.048206675703193147 0.0459335361428449 0.025403710540343644 -0.047590181773483786 0.03815730908569296 -0.049333636456939965 0.056417128016852294 0.0062371531664872637 0.050987979842522485 -0.072894250836287394 -0.032624882875958119 -0.054875122489166817
leaf_weight=1399.6874993890524 40.014615580439568 49.551976144313812 21.350924342870712 40.800419107079506 6.1479364931583396 45.140468373894691 7.1528302729129818 544.39749400317669 25.952202066779137 11.334142446517943 51.741196185350418 32.774196296930313 423.59332711994648 16.658924117684364 194.85392068326473 27.839988768100739 355.58247923851013 9.8219957947731 33.093722328543663 12.681895181536673 379.42679055035114 539.83856923878193 76.852443933486938 8.9137824624776822 4.7314707189798346 22.940409928560257 4.9823003709316236 4.9289188235998154 443.07465600967407 161.71844878792763
leaf_count=5625 206 225 104 166 23 250 38 2493 104 41 254 179 2084 80 1219 133 1897 43 159 50 1536 2962 308 41 17 106 20 26 2282 899
internal_value=8.67696e-05 0.0522803 0.0651354 -0.0325213 -0.0241316 -0.0283165 -0.0414908 -0.0168181 -0.0314874 0.0157921 -0.0133448 -0.0246078 -0.0282762 0.018122 -0.0506833 0.00651408 -0.0374786 0.0202878 -0.00391543 -0.0221256 0.0238388 -0.0456926 0.0252595 0.00532094 -0.0211752 -0.0116525 -0.0645739 -0.0106195 -0.0381228 -0.0488852
internal_weight=4997.58 1921.68 1421.04 3075.9 1589.31 1446.08 1486.59 641.279 711.893 500.642 596.139 510.16 456.368 143.226 774.697 53.7922 804.805 446.359 57.1098 45.7756 389.249 569.932 126.567 49.7142 54.2834 30.0932 204.765 9.91122 798.657 201.733
internal_count=23570 7800 5729 15770 7794 7199 7976 2997 3605 2071 2747 2500 2263 595 4371 237 4202 1829 250 209 1579 3106 515 207 242 144 1265 46 4179 1105
is_linear=0
shrinkage=0.05


Tree=13
num_leaves=31
num_cat=0
split_feature=30 30 29 1 30 30 29 29 1 29 2 2 29 29 30 29 29 9 2 12 30 29 29 2 30 29 30 7 30 30
split_gain=3132.32 349.427 97.8371 87.5995 112.21 74.1898 54.1905 32.8252 30.682 29.5936 23.9874 23.9526 19.2476 31.7375 15.0215 13.308 12.3333 11.7724 11.6651 11.8349 10.6465 11.983 10.4934 15.0146 13.4362 9.77411 17.3409 8.88312 7.81728 8.19865
threshold=-94.668254852294908 -117.08349990844725 41.108394622802741 17.242261886596683 -84.907409667968736 -79.035778045654283 41.693527221679695 35.468124389648445 18.231548309326175 41.947931289672859 3.3642209768295293 -0.64580744504928578 41.89190864562989 41.191854476928718 -73.27999114990233 41.806915283203132 38.592149734497077 238.42360687255862 5.1153595447540292 5.9437499046325692 -109.12405014038085 42.743841171264656 35.725976943969734 -7.1034290790557852 -79.26528167724608 37.277601242065437 -109.12405014038085 2.1937500238418584 -76.269851684570298 -75.317043304443345
decision_type=2 2 2 2 2 2 2 2 2 2 2 2 2 2 2 2 2 2 2 2 2 2 2 2 2 2 2 2 2 2
left_child=1 2 -1 11 6 12 10 -7 17 -9 16 14 13 -6 22 28 -5 20 25 -20 -3 -22 24 -24 -2 26 -10 -27 -13 -30
right_child=3 8 -4 4 5 7 -8 9 18 -11 -12 15 -14 -15 -16 -17 -18 -19 19 -21 21 -23 23 -25 -26 27 -28 -29 29 -31
leaf_value=0.065619426938565734 -0.022415031926383347 0.044542973036869292 -0.042481200659683666 0.0015659939777249309 -0.039366485546945218 -0.05717514616052996 -0.034360521259627096 -0.01418813733524216 0.065716843401858197 -0.053280843194746991 -0.025495269950538465 -0.049815718030253427 -0.071997021830851687 -0.0037192077012307163 0.046372619151063312 -0.068592051600738529 0.037059433164723564 -0.040858344097310192 0.0054752637943118023 -0.077156203058566464 -0.016486577153897744 0.058028316923381111 -0.0042335761904675187 -0.03680335809557421 -0.058643145313541249 0.027841313611715601 -0.013050620333637306 -0.023844291323744188 0.024580115690804819 -0.052525416904519395
leaf_weight=1354.9250592142344 34.928413987159729 11.126502141356466 21.259281516075134 31.212552815675735 994.68801242113113 53.003911569714546 57.629845052957535 784.75746510922909 8.6118025779724103 51.594083562493324 23.078039184212685 310.60371132194996 41.111439734697342 66.621704503893852 5.4298330694437018 105.87440463900566 113.38308435678482 24.061940804123878 25.465654954314235 5.2217844575643531 52.434836715459824 6.014208495616912 42.022531270980835 224.03925248980522 95.75806625187397 319.68303835391998 37.045371949672699 8.5351101160049421 7.3831500709056854 6.4675896465778333
leaf_count=5625 183 40 104 130 5300 294 300 3665 32 264 108 1792 246 327 21 715 455 115 106 25 231 22 199 1153 548 1296 166 38 34 36
internal_value=9.32809e-05 0.0509603 0.0639495 -0.0311714 -0.0259786 -0.0297618 0.00746646 -0.019018 0.0150801 -0.0165997 0.0218425 -0.0450006 -0.0384291 -0.0371288 -0.0362277 -0.0531996 0.0293978 -0.0107115 0.0210496 -0.00858533 -0.000285576 -0.00881925 -0.0373581 -0.0316592 -0.0489605 0.023482 0.00180641 0.0264973 -0.0481768 -0.0114242
internal_weight=4923.97 1874.38 1376.18 3049.59 2217.08 1991.78 225.304 889.355 498.2 836.352 167.674 832.507 1102.42 1061.31 402.178 430.329 144.596 93.6375 404.563 30.6874 69.5755 58.449 396.748 266.062 130.686 373.875 45.6572 328.218 324.454 13.8507
internal_count=23570 7800 5729 15770 11089 10096 993 4223 2071 3929 693 4681 5873 5627 2104 2577 585 408 1663 131 293 253 2083 1352 731 1532 198 1334 1862 70
is_linear=0
shrinkage=0.05


Tree=14
num_leaves=31
num_cat=0
split_feature=30 30 1 29 30 30 1 29 29 3 29 30 3 13 11 29 11 10 11 30 29 9 29 1 4 30 12 29 6 3
split_gain=2903.16 321.695 134.402 112.634 84.2637 45.0889 43.8805 33.4199 37.2691 24.8349 24.5676 58.9913 30.4119 24.1244 21.1292 33.3576 20.9947 20.6586 16.4309 13.5416 18.7231 12.6315 15.5981 10.9605 10.6831 8.30719 8.30319 8.898 6.57317 6.22949
threshold=-109.12405014038085 -84.907409667968736 18.392261505126957 40.443843841552741 -78.014999389648423 -75.70598983764647 24.405357360839847 41.947931289672859 34.967180252075202 3.632222175598145 35.725976943969734 -79.690834045410142 2.2910416126251225 3.1458333730697636 19.25625038146973 37.560050964355476 1.5944444537162783 2.423611164093018 9.8263888359069842 -89.672775268554673 37.413198471069343 214.04166412353518 38.768741607666023 22.075893402099613 4.196458339691163 -101.70369720458983 5.4895834922790536 41.317014694213874 0.16458333283662799 3.3210417032241826
decision_type=2 2 2 2 2 2 2 2 2 2 2 2 2 2 2 2 2 2 2 2 2 2 2 2 2 2 2 2 2 2
left_child=3 2 13 -1 6 7 9 8 -6 17 11 -8 -12 -2 15 25 28 -3 -17 20 -15 24 -23 -18 -7 -4 27 -16 -5 -21
right_child=1 4 14 16 5 21 10 -9 -10 -11 12 -13 -14 19 26 18 23 -19 -20 29 -22 22 -24 -25 -26 -27 -28 -29 -30 -31
leaf_value=0.064432041859424791 -0.069803465833972692 0.02254201343793974 -0.065162222835276715 0.060974573621609157 -0.066998732738660666 -0.0012547436436743213 0.056175231175160795 -0.079222565870770895 0.014410728966356784 -0.057401807020621733 -0.0039583842551469892 -0.03784823621053033 -0.033818437025485003 -0.068385681301900356 0.03543613359928989 0.051223158882463975 -0.04865607571439462 -0.038890634852981609 0.011063766029122948 -0.020353093443167658 -0.0030569103159412991 -0.0033847641754661296 -0.053695931849408275 0.0076110171713694406 -0.042974186666438992 -0.014644906940576592 -0.018042903426265224 -0.022386039183615494 -0.0097366915193912856 -0.062374745672207438
leaf_weight=1322.7858977764845 38.8150325268507 13.825343385338781 15.543038457632063 10.874531075358389 15.144124209880827 47.650096923112869 17.37555243074894 11.425013795495031 196.1114199757576 193.69393163919449 205.87573964893818 418.11489629745483 145.56064513325691 12.980498179793356 159.10394155979156 27.467889487743378 25.073263704776764 1347.4738416522741 350.15345069766045 13.137580737471579 70.723428457975388 19.621346011757851 71.706646025180817 13.217242598533629 22.633379310369492 17.0811887383461 8.3626723885536176 6.9437749981880179 4.7100034803152075 26.833418503403664
leaf_count=5672 266 65 78 39 84 215 71 71 831 1185 955 2239 718 70 643 103 121 7318 1507 65 309 85 362 54 114 73 38 33 21 165
internal_value=9.95562e-05 -0.0242546 0.00481207 0.0615458 -0.0322206 -0.0105203 -0.0357814 0.00407019 0.00857479 -0.0406502 -0.0261605 -0.0340968 -0.0163261 -0.035414 0.0159919 0.00979422 -0.00932083 -0.0382667 0.0139849 -0.0246209 -0.0131879 -0.0306241 -0.0428868 -0.0292336 -0.0146897 -0.0387127 0.0305698 0.0330181 0.039604 -0.0485632
internal_weight=4850.02 3473.36 747.146 1376.66 2726.21 384.292 2341.92 222.681 211.256 1554.99 786.927 435.49 351.436 162.49 584.656 410.246 53.875 1361.3 377.621 123.675 83.7039 161.611 91.328 38.2905 70.2835 32.6242 174.41 166.048 15.5845 39.971
internal_count=23570 17663 3350 5907 14313 1762 12551 986 915 8568 3983 2310 1673 875 2475 1761 235 7383 1610 609 379 776 447 175 329 151 714 676 60 230
is_linear=0
shrinkage=0.05


Tree=15
num_leaves=31
num_cat=0
split_feature=30 30 1 30 1 30 2 2 30 30 30 4 2 5 30 3 1 13 30 9 13 12 30 4 9 7 10 9 9 30
split_gain=2693.66 293.692 122.416 77.7308 41.0732 40.9512 35.5024 34.2243 30.5637 28.7267 27.892 31.3919 25.9677 22.4389 18.5879 17.2893 16.6273 13.6033 13.0706 11.6143 10.7781 11.2937 9.83747 9.72411 9.56567 13.0896 9.33507 8.92928 8.7925 8.75871
threshold=-109.12405014038085 -84.907409667968736 18.392261505126957 -78.014999389648423 24.405357360839847 -75.70598983764647 -1.2314052581787107 -1.08680123090744 -122.51169967651366 -117.08349990844725 -76.269851684570298 4.1527082920074472 5.1153595447540292 0.74855694174766552 -79.306854248046861 3.632222175598145 5.5369048118591317 5.1291666030883798 -75.886917114257798 214.04166412353518 72.291667938232436 -1.3062499761581419 -79.100517272949205 4.196458339691163 219.77082824707034 0.006250000325962902 39.756944656372077 281.25694274902349 330.88888549804693 -101.70369720458983
decision_type=2 2 2 2 2 2 2 2 2 2 2 2 2 2 2 2 2 2 2 2 2 2 2 2 2 2 2 2 2 2
left_child=8 2 7 4 6 10 16 17 26 -10 11 -5 20 14 -6 -8 -3 -2 -12 23 21 -4 -15 -7 -11 -26 -1 -14 -22 -19
right_child=1 3 12 5 13 19 15 -9 9 24 18 -13 27 22 -16 -17 -18 29 -20 -21 28 -23 -24 -25 25 -27 -28 -29 -30 -31
leaf_value=-0.043514850486419801 -0.085310299791882815 -0.053107689022298857 -0.025794160348851781 0.0058335351552394757 0.007361325224462003 -0.0011921846156923005 -0.042360133945979914 -0.054451555981801861 0.062799562883821436 0.067475124911291443 0.04879608171183597 -0.044881099283702472 -0.050987348731258278 -0.019931612482442882 -0.029840191602256722 -0.06110277942697924 -0.026995954286885056 -0.041771716215015936 -0.00090491286796981832 -0.041086979210376906 0.021369504295954675 0.020010787642490341 0.014583841220637642 -0.041076993960722681 0.033956998412127855 -0.028520995938426105 0.027146582537192578 -0.0038333353149422877 -0.03425886927953662 0.0066510534657855756
leaf_weight=7.9542015641927746 5.2596250474452964 68.521432504057884 27.081482127308846 120.80923703312874 35.369676157832146 47.64312681555748 768.46236729621887 90.143048018217087 1267.6690166667104 9.2289675772190076 41.097186729311943 40.824801877140999 16.732024312019348 36.811821341514587 662.66416710615158 146.49956940114498 552.9487269371748 11.291308283805845 19.507252797484398 90.58595022559166 479.35627347230911 26.748981863260269 47.004023477435112 22.498247161507607 22.20048263669014 13.469505771994589 11.334300607442854 25.100853502750397 7.2101382762193671 53.998563230037689
leaf_count=42 30 390 132 527 163 215 4324 562 5636 33 156 221 85 194 3416 949 2905 56 82 447 2001 117 210 114 85 60 51 107 33 227
internal_value=0.000105268 -0.0232452 0.00459582 -0.0309022 -0.0343496 -0.0100339 -0.0390971 -0.0340379 0.0604893 0.0614075 0.00387067 -0.00697574 0.0152585 -0.02502 -0.0279552 -0.0453611 -0.029875 -0.00795484 0.0327984 -0.0292599 0.0181965 -0.00303315 -0.000575306 -0.0139855 0.0221035 0.0103644 -0.00199281 -0.0226937 0.0205452 -0.00172324
internal_weight=4776.03 3444.17 742.922 2701.25 2318.28 382.966 1536.43 160.693 1331.86 1312.57 222.238 161.634 582.23 781.85 698.034 914.962 621.47 70.5495 60.6044 160.727 540.397 53.8305 83.8158 70.1414 44.899 35.67 19.2885 41.8329 486.566 65.2899
internal_count=23570 17663 3350 14313 12551 1762 8568 875 5907 5814 986 748 2475 3983 3579 5273 3295 313 238 776 2283 249 404 329 178 145 93 192 2034 283
is_linear=0
shrinkage=0.05


Tree=16
num_leaves=31
num_cat=0
split_feature=6 29 29 29 29 0 4 29 12 29 29 29 11 29 29 9 10 0 13 0 6 29 1 9 13 11 12 1 1 3
split_gain=733.67 465.769 590.01 184.737 178.824 62.9618 57.3427 51.5 41.7831 35.8256 35.2267 42.814 31.0253 25.2082 22.2174 18.8778 17.1617 15.1399 14.6663 14.6557 14.4481 13.6795 12.3682 12.015 11.8716 11.1199 11.3838 9.95376 9.03452 8.83424
threshold=0.006250000325962902 36.579669952392585 38.308649063110359 35.016698837280281 40.443843841552741 19.202083587646488 4.9904165267944345 40.443843841552741 -8.7208333015441877 36.020755767822273 35.633329391479499 35.725976943969734 14.509027481079103 36.028999328613288 34.162609100341804 90.347221374511733 36.194444656372077 15.060416698455812 12.675000190734865 10.042360782623293 1.7854166626930239 36.978399276733406 22.837797164916996 162.15972137451175 16.783333778381351 14.936110973358156 -3.2854166030883785 24.918452262878422 25.807142257690433 3.5918749570846562
decision_type=2 2 2 2 2 2 2 2 2 2 2 2 2 2 2 2 2 2 2 2 2 2 2 2 2 2 2 2 2 2
left_child=7 3 12 5 18 -2 27 8 23 10 17 -12 -3 -11 28 -15 -9 -5 29 21 -14 -10 -20 -1 -8 -21 -27 -6 -7 -4
right_child=1 2 4 9 6 14 24 16 19 13 11 -13 20 15 -16 -17 -18 -19 22 25 -22 -23 -24 -25 -26 26 -28 -29 -30 -31
leaf_value=0.06365042787085233 0.048830639096941089 0.058215274314933112 0.059228590895172344 0.0092989922982622455 -0.017672203913284151 0.046362194508034082 -0.06420083510916362 0.0086906426158623578 -0.034107926195314102 0.065076886862704617 -0.043428408164982918 -0.025792515898233753 0.029531384019303386 0.034047259145843223 -0.025634849192299969 -0.018343201719502069 -0.077006718391344736 -0.020489722844310606 0.0015386327016344045 0.058619380629879973 -0.042225834083024681 0.051802774928408971 0.016510125520989065 -0.033414207888433779 -0.038021147111754791 -0.027174951081152077 0.045966566695790884 0.020228017829601357 0.0018820009956558609 0.0088295527781146899
leaf_weight=3.9031965434551266 103.91071736812592 492.46055044978857 25.614482760429382 51.993949323892593 513.26263020932674 19.305362597107887 75.953341841697693 25.075371608138084 8.6304161846637744 10.090069532394407 666.79891596734524 711.17746643722057 48.432135358452797 18.278255477547646 60.889499962329865 289.96504816412926 7.6165760904550543 237.44893153011799 234.62645725905895 541.39344339817762 8.2030047327280027 10.005281150341032 334.78704403340816 17.403534233570099 100.73491947352886 7.4170281440019634 18.814753487706184 17.928966537117958 27.934727340936661 13.163167566061018
leaf_count=18 480 2291 110 263 2539 79 557 107 47 43 3887 3713 201 85 315 1463 49 1201 1063 2510 37 47 1425 89 572 37 81 76 124 61
internal_value=0.00011053 -0.00772881 0.0106479 -0.0233243 -0.00751663 0.0210373 -0.0246004 0.0498574 0.0531468 -0.0280613 -0.0309957 -0.0343265 0.0541848 -0.0126909 -0.00567172 -0.0152365 -0.0112751 -0.0151386 0.0123674 0.0556465 0.0191381 0.0120165 0.0103411 -0.0156329 -0.0492751 0.0570789 0.0252858 -0.016393 0.0200595 0.0421205
internal_weight=4703.22 4062.96 1865.17 2197.79 1316.07 212.04 707.88 640.26 607.568 1985.75 1667.42 1377.98 549.096 318.333 108.13 308.243 32.6919 289.443 608.191 586.261 56.6351 18.6357 569.414 21.3067 176.688 567.625 26.2318 531.192 47.2401 38.7777
internal_count=23570 20585 8932 11653 6403 998 3744 2985 2829 10655 9064 7600 2529 1591 518 1548 156 1464 2659 2722 238 94 2488 107 1129 2628 118 2615 203 171
is_linear=0
shrinkage=0.05


Tree=17
num_leaves=31
num_cat=0
split_feature=30 30 1 29 30 1 30 2 2 29 29 2 29 30 3 29 11 3 29 11 29 0 1 1 11 3 30 2 29 3
split_gain=2351.55 249.972 106.887 103.62 67.5305 39.7632 37.5426 34.1375 30.6444 29.7873 32.7667 23.1548 21.8694 50.9783 27.73 21.6511 18.7538 16.6578 13.3801 12.9985 28.9679 11.3556 9.31964 9.12894 11.2211 9.97236 7.62453 9.0707 6.82916 5.35548
threshold=-109.12405014038085 -84.907409667968736 18.392261505126957 40.443843841552741 -78.014999389648423 24.405357360839847 -75.70598983764647 -1.2314052581787107 -1.0473085045814512 34.967180252075202 41.947931289672859 5.1153595447540292 35.725976943969734 -79.690834045410142 2.2910416126251225 35.725976943969734 1.5944444537162783 3.632222175598145 37.413198471069343 19.25625038146973 37.560050964355476 15.394444465637209 22.075893402099613 23.068452835083011 16.605555534362797 3.3718750476837163 -86.478130340576158 6.2567675113677987 41.317014694213874 3.1413193941116337
decision_type=2 2 2 2 2 2 2 2 2 2 2 2 2 2 2 2 2 2 2 2 2 2 2 2 2 2 2 2 2 2
left_child=3 2 8 -1 5 7 9 15 18 -6 -11 19 13 -7 -14 -3 -5 -9 -2 20 -4 -20 -18 24 -8 -25 27 -13 -21 -10
right_child=1 4 11 16 6 12 23 17 29 10 -12 26 14 -15 -16 -17 22 -19 21 28 -22 -23 -24 25 -26 -27 -28 -29 -30 -31
leaf_value=0.061736789305477248 -0.067093562498992829 -0.039505222876842355 -0.035623532276401269 0.037196285587260208 -0.064065420050366848 0.053467696719856878 -0.02483659397245137 -0.039925899102422092 -0.027279995438797628 0.013785436613163249 -0.075479412011384917 -0.04684817894237054 -0.0015433681982624549 -0.033891508561720567 -0.030238377359256437 -0.020141038094034409 -0.046240099389507079 -0.058680590162019812 -0.017044770246262591 0.030719640437938678 0.015941548874915976 0.026518131697857286 0.0057607437167965505 -0.024461864118728027 -0.05983521405726891 0.022535040551641506 -0.062353542362754824 0.0086274697222570845 -0.020793386545856506 -0.058473186658540781
leaf_weight=1197.8030982092023 8.4321964830160123 233.65246745944023 29.605498924851418 15.368341565132139 14.91869308054447 17.415294304490089 68.657693222165108 751.6514945179224 17.182259604334831 195.60696385800838 10.850711598992346 11.220091640949247 204.11649677157402 406.41118532419205 143.30169209837914 377.69121505320072 24.894690915942192 140.5322732925415 38.269777774810791 159.63597232103348 340.3247148245573 24.559961229562759 13.176873177289961 40.944105833768845 34.364883318543434 15.583674177527426 9.0154344439506513 21.464803457260132 6.7040769904851905 69.08549839258194
leaf_count=5672 47 1339 138 60 84 71 338 4324 90 831 71 52 955 2239 718 1956 121 949 172 660 1453 99 54 195 177 66 49 91 32 467
internal_value=0.000113492 -0.0215021 0.00429295 0.0586976 -0.0286461 -0.0319089 -0.00916211 -0.0366435 -0.0322171 0.00416372 0.00909398 0.014244 -0.0226789 -0.0303019 -0.0133794 -0.0275419 -0.00942328 -0.04288 -0.00795321 0.0170347 0.0118148 -1.61593e-05 -0.0282422 -0.0276517 -0.036511 -0.0115057 -0.0216449 -0.0104162 0.0286435 -0.0522603
internal_weight=4642.44 3391.2 735.5 1251.24 2655.7 2274.77 380.927 1503.53 157.53 221.376 206.458 577.971 771.245 423.826 347.418 611.344 53.4399 892.184 71.2619 536.27 369.93 62.8297 38.0716 159.55 103.023 56.5278 41.7003 32.6849 166.34 86.2678
internal_count=23570 17663 3350 5907 14313 12551 1762 8568 875 986 902 2475 3983 2310 1673 3295 235 5273 318 2283 1591 271 175 776 515 261 192 143 692 557
is_linear=0
shrinkage=0.05


Tree=18
num_leaves=31
num_cat=0
split_feature=30 30 29 13 30 13 30 13 29 29 29 30 29 29 11 4 30 29 4 9 9 29 11 29 4 13 3 12 5 0
split_gain=2186.54 228.382 99.4033 97.3986 62.338 37.8401 34.1176 28.0289 27.219 30.2076 26.689 43.0666 35.8437 17.6901 16.9993 14.3058 12.8545 24.0533 13.6899 12.063 10.8602 13.4271 10.5477 17.9597 9.24711 8.64004 9.51319 7.34296 5.04357 4.73039
threshold=-109.12405014038085 -84.907409667968736 40.443843841552741 72.291667938232436 -78.014999389648423 82.772914886474624 -75.70598983764647 3.1458333730697636 34.967180252075202 41.947931289672859 35.725976943969734 -79.690834045410142 36.419198989868171 42.399999618530281 1.5944444537162783 1.697708308696747 -94.668254852294908 37.118564605712898 4.9052083492279062 343.63195800781256 214.04166412353518 38.768741607666023 19.25625038146973 37.560050964355476 4.2393751144409189 97.474998474121108 2.9809721708297734 5.4895834922790536 0.29190412163734442 16.474306106567386
decision_type=2 2 2 2 2 2 2 2 2 2 2 2 2 2 2 2 2 2 2 2 2 2 2 2 2 2 2 2 2 2
left_child=2 3 -1 7 5 13 8 -2 28 -10 11 -7 -12 15 29 -3 17 -9 -18 22 24 -22 23 -5 -8 26 -16 -24 -6 -4
right_child=1 4 14 19 6 10 20 16 9 -11 12 -13 -14 -15 25 -17 18 -19 -20 -21 21 -23 27 -25 -26 -27 -28 -29 -30 -31
leaf_value=0.060892193204842349 -0.065261031715310475 0.026789712999183587 0.01110524715769275 -0.030172940130150545 -0.017386887844038159 0.033865593472223149 0.00013906992213870613 -0.059750670048441035 0.013096780302907186 -0.073711464337522375 -0.01140798200764929 -0.034920705268163064 -0.042646093161004227 -0.06792089210202272 -0.05175847814433026 -0.036737473814005432 -0.014021862859683504 0.0071207309523356466 -0.055826259691601578 -0.065858346613658456 -0.0013929255194272713 -0.048291237244702488 0.029063143688415963 0.014616546298634032 -0.03990226717106677 0.024294074778686066 0.01752916299924568 -0.019128003298998386 -0.081073893648356557 0.067204071799044807
leaf_weight=1154.7870459780097 34.99474436044693 8.9412974417209607 8.6303102970123273 24.067405328154564 4.4625917226076117 23.710099190473557 49.081802666187286 16.134061053395271 195.59793297946453 10.562714949250219 494.49992527067661 564.89323036372662 112.77159956097603 45.876759231090546 25.00627309083939 999.78779472410679 48.26264700293541 80.750226154923439 32.956980541348457 4.4828339070081702 19.554785713553429 69.520236641168594 161.66352973878384 319.49147817492485 20.416572064161301 6.7672311812639228 6.1778850108385077 8.3109042644500715 10.246480345726011 6.6557930558919898
leaf_count=5672 266 42 36 111 24 104 224 87 831 71 2429 3183 631 341 124 5821 240 337 215 21 85 362 676 1359 105 27 24 38 60 24
internal_value=0.000118168 -0.0206184 0.0578126 0.00410129 -0.0274904 -0.0306513 -0.00874308 -0.0243522 0.00396069 0.00864913 -0.0245628 -0.0321499 -0.017209 -0.0375554 -0.00898712 -0.0361744 -0.0163142 -0.00401531 -0.0309851 0.0158063 -0.0264376 -0.0379956 0.0165192 0.0114789 -0.0116239 -0.0269184 -0.0380319 0.0267068 -0.0617519 0.0355315
internal_weight=4569.06 3361.04 1208.02 731.115 2629.92 2250.48 379.443 213.099 220.87 206.161 1195.87 588.603 607.272 1054.61 53.2375 1008.73 178.104 96.8843 81.2196 518.016 158.573 89.075 513.533 343.559 69.4984 37.9514 31.1842 169.974 14.7091 15.2861
internal_count=23570 17663 5907 3350 14313 12551 1762 1145 986 902 6347 3287 3060 6204 235 5863 879 424 455 2205 776 447 2184 1470 329 175 148 714 84 60
is_linear=0
shrinkage=0.05


Tree=19
num_leaves=31
num_cat=0
split_feature=30 30 13 29 30 13 2 30 2 29 29 29 29 29 2 30 11 29 30 5 4 9 29 29 4 9 30 9 7 29
split_gain=2034.79 230.627 78.7846 77.7628 57.4942 35.5974 34.1357 31.0129 26.9508 24.9096 27.8884 24.815 39.427 33.0998 21.5222 14.6413 14.2105 12.9953 16.0348 10.8274 10.5372 10.0113 12.4039 9.77511 8.42825 7.65193 7.13047 13.4486 7.11541 7.04553
threshold=-117.08349990844725 -84.907409667968736 58.518749237060554 41.108394622802741 -78.014999389648423 82.772914886474624 -1.1715061664581297 -75.70598983764647 1.6892727613449099 34.967180252075202 41.947931289672859 35.725976943969734 35.686880111694343 36.419198989868171 5.1153595447540292 -80.495098114013658 -2.6854166984558101 44.524425506591804 -94.668254852294908 0.79680475592613231 2.3210417032241826 214.04166412353518 38.768741607666023 39.185613632202156 4.2393751144409189 281.25694274902349 -96.908473968505845 208.88194274902347 0.2937499880790711 41.89190864562989
decision_type=2 2 2 2 2 2 2 2 2 2 2 2 2 2 2 2 2 2 2 2 2 2 2 2 2 2 2 2 2 2
left_child=3 2 6 -1 5 8 16 9 15 -6 -11 12 -7 -13 17 -3 -2 23 -19 -18 -10 24 -23 -4 -9 28 27 -8 -16 -5
right_child=1 4 14 29 7 11 26 21 20 10 -12 13 -14 -15 25 -17 19 18 -20 -21 -22 22 -24 -25 -26 -27 -28 -29 -30 -31
leaf_value=0.060257095312755971 -0.066856455265407344 -0.053846498270318427 0.012152078957649616 -0.078518337629132837 -0.059618521191707123 -0.022378919139229049 0.034909148416615847 0.00013211395832875251 0.037433814987976669 0.012443563697578212 -0.072101059624159386 -0.010866645746562513 -0.050784383962119699 -0.041049684225431378 -0.089584114946149027 -0.029249774098876236 0.010602070289080749 0.023211506677543514 -0.042218407468257106 -0.066033207417000819 -0.050749649823793166 -0.0013233917664460561 -0.046462432841571033 0.026065148886538398 -0.03819487096484709 -0.0040249456695206631 -0.053977041254657757 -0.04676275447821434 -0.021880864527295263 -0.016783966094628868
leaf_weight=1101.3567226231098 7.4873817116022101 66.228005945682526 292.87098264694214 6.9632532298564938 14.480757206678389 407.79304239153862 7.1958126276731518 49.08275243639946 3.4305113404989234 195.57301925122738 10.266223706305025 493.21111677587032 174.40612298250198 111.33635042607784 6.1547386199235943 699.69083347916603 68.554335847496986 17.275108769536018 20.446623176336288 4.941194772720336 270.67955384403467 19.553149729967117 68.665717720985413 221.89640870690346 20.266633227467537 27.745796889066696 68.188229814171791 16.828185975551605 10.50392624735832 13.743701443076132
leaf_count=5625 40 414 1263 43 84 2197 29 224 16 831 71 2429 1090 631 34 4018 290 69 114 24 1756 85 362 924 105 119 484 86 52 61
internal_value=0.000122593 -0.0192713 0.00476732 0.0584522 -0.0263785 -0.0294387 -0.024922 -0.00834572 -0.0361917 0.00376769 0.0082269 -0.0235206 -0.0308882 -0.0164253 0.013382 -0.0313766 -0.00123538 0.0160736 -0.012254 0.00544979 -0.049646 -0.0252833 -0.0364577 0.0181495 -0.0110685 -0.0201078 -0.0457242 -0.0222999 -0.0468946 -0.0375438
internal_weight=4496.82 3374.75 770.089 1122.06 2604.66 2226.78 173.195 377.888 1040.03 220.32 205.839 1186.75 582.199 604.547 596.894 765.919 80.9829 552.489 37.7217 73.4955 274.11 157.568 88.2189 514.767 69.3494 44.4045 92.2122 24.024 16.6587 20.707
internal_count=23570 17841 3528 5729 14313 12551 953 1762 6204 986 902 6347 3287 3060 2575 4432 354 2370 183 314 1772 776 447 2187 329 205 599 115 86 104
is_linear=0
shrinkage=0.05


Tree=20
num_leaves=31
num_cat=0
split_feature=30 30 29 13 30 13 2 30 2 29 30 29 29 29 2 0 11 29 30 4 9 29 29 10 4 3 30 9 29 11
split_gain=1896.65 210.641 73.4924 71.7331 53.0186 33.5027 31.7832 28.199 25.8324 23.0717 39.2902 30.5812 22.9939 31.5844 19.5138 16.2784 13.0722 11.7825 14.617 9.77058 9.23561 11.4698 8.93572 8.44153 7.70958 7.12235 6.84464 12.2331 6.63875 7.40286
threshold=-117.08349990844725 -84.907409667968736 41.108394622802741 58.518749237060554 -78.014999389648423 82.772914886474624 -1.1715061664581297 -75.70598983764647 1.6892727613449099 35.725976943969734 -79.690834045410142 36.419198989868171 41.947931289672859 40.376539230346687 5.1153595447540292 6.5298612117767343 -1.6576388478279112 44.524425506591804 -94.668254852294908 2.3210417032241826 214.04166412353518 38.768741607666023 39.185613632202156 78.986110687255874 4.196458339691163 4.8157639503479013 -96.908473968505845 208.88194274902347 41.89190864562989 6.7743055820465097
decision_type=2 2 2 2 2 2 2 2 2 2 2 2 2 2 2 2 2 2 2 2 2 2 2 2 2 2 2 2 2 2
left_child=2 3 -1 6 5 8 16 12 15 10 -7 -11 13 -6 17 -3 -2 22 -19 -10 24 -22 -5 -18 -9 -16 27 -8 -4 -30
right_child=1 4 28 14 7 9 26 20 19 11 -12 -13 -14 -15 25 -17 23 18 -20 -21 21 -23 -24 -25 -26 -27 -28 -29 29 -31
leaf_value=0.059526969838539973 -0.057274940810094668 -0.049342320157442852 -0.076381144156314029 0.011583081225640102 -0.0087661841146679884 0.033308279541129561 0.033333530001771229 0.00079916889247871783 0.03518178385432405 -0.010350281703793188 -0.032385119076802221 -0.039524596899235626 -0.070629550497582405 0.030818895817294661 -0.030163581742407821 -0.027358160279454577 0.010792974888988291 0.02213721276035592 -0.040551716563282575 -0.049307291297978159 -0.0012573278481457088 -0.044727195850275271 0.024917932623849108 -0.055775300358198977 -0.03510420784028731 0.017338669761095365 -0.052555286753005581 -0.044789416792263892 -0.063973758435142705 0.012130650749247875
leaf_weight=1060.1661729589105 9.2028852701187116 96.502876415848732 6.8042060434818294 291.91972479224205 125.64474293589592 23.739071801304817 7.1600697487592724 47.339321777224541 3.4666286110877982 491.95877769589424 552.12524831295013 109.8880619853735 9.9637774080038053 84.132639303803444 34.033524364233017 660.71097434312105 66.526069313287735 17.209480628371239 20.228260293602943 264.81790340691805 19.551578119397163 67.785803839564323 220.54201693832874 5.1296250224113455 21.854826107621193 10.27294811606407 66.572600521147251 16.694544121623039 5.0663311779499045 8.6526152342557889
leaf_count=5625 49 618 43 1263 576 104 29 215 16 2429 3183 631 71 339 162 3814 281 69 114 1756 85 362 924 24 114 43 484 86 24 37
internal_value=0.000126397 -0.0184785 0.0577128 0.00455395 -0.0253137 -0.0282761 -0.0239541 -0.0079679 -0.0348835 -0.0225226 -0.029677 -0.0156771 0.00358473 0.00710968 0.0127717 -0.0301599 -0.0011772 0.0153436 -0.0117347 -0.0482156 -0.0241856 -0.0349959 0.0173218 0.00602754 -0.0105408 -0.0191497 -0.0443208 -0.0213405 -0.0360015 -0.0159743
internal_weight=4425.66 3344.97 1080.69 765.492 2579.48 2203.21 171.286 376.273 1025.5 1177.71 575.864 601.847 219.741 209.777 594.206 757.214 80.8586 549.899 37.4377 268.285 156.532 87.3374 512.462 71.6557 69.1941 44.3065 90.4272 23.8546 20.5232 13.7189
internal_count=23570 17841 5729 3528 14313 12551 953 1762 6204 6347 3287 3060 986 915 2575 4432 354 2370 183 1772 776 447 2187 305 329 205 599 115 104 61
is_linear=0
shrinkage=0.05


Tree=21
num_leaves=31
num_cat=0
split_feature=30 30 1 30 2 13 2 1 30 2 0 2 4 0 30 30 6 0 1 1 2 10 7 2 2 4 30 9 30 12
split_gain=1768.92 192.388 65.8561 49.4718 32.8611 33.9438 29.6109 26.4155 25.0507 19.8516 19.7998 17.5109 16.1393 15.1859 11.4445 11.2398 10.0751 9.70782 9.36949 8.16837 17.7377 7.8916 7.69085 7.68083 7.35874 7.21773 7.13184 10.7107 6.86367 6.73832
threshold=-117.08349990844725 -84.907409667968736 18.392261505126957 -78.72967147827147 1.854930102825165 123.89166641235353 -1.1715061664581297 22.702976226806644 -122.51169967651366 0.053545549511909492 6.5298612117767343 5.1153595447540292 5.1679165363311776 22.457638740539554 -79.10402679443358 -72.423046112060533 0.76041665673255932 11.98402786254883 24.142559051513675 24.466369628906254 -0.48823757469654078 39.756944656372077 1.1645833253860476 0.67241200804710399 5.1153595447540292 2.3210417032241826 -96.908473968505845 208.88194274902347 -86.478130340576158 5.9437499046325692
decision_type=2 2 2 2 2 2 2 2 2 2 2 2 2 2 2 2 2 2 2 2 2 2 2 2 2 2 2 2 2 2
left_child=8 2 6 4 5 10 17 9 21 12 -3 19 -5 25 -7 18 -15 -2 -9 20 -4 -1 -21 -23 -11 -6 27 -8 29 -13
right_child=1 3 11 7 13 14 26 15 -10 24 -12 28 -14 16 -16 -17 -18 -19 -20 22 -22 23 -24 -25 -26 -27 -28 -29 -30 -31
leaf_value=-0.041629231288902148 -0.028291932797413058 -0.048138379845813851 0.021064241814343066 -0.0047684749135535201 0.017176606396292093 -0.0092357879575462373 0.031836965466866089 0.019023769845054259 0.058030556788823698 -0.042286617319808817 -0.023797571268192319 0.0018428728430219359 -0.054263735461484802 -0.025251590039271288 0.051149829156837114 -0.068173811457695105 -0.046350809485975718 0.0099438455176492288 -0.0029936761821995998 0.024182008994641402 -0.0030508615160558601 -0.013796459338424783 -0.0087073676566800391 0.073434334492650577 -0.0049952124058193596 -0.049882952505286765 -0.051448780527304505 -0.041330693897402369 -0.057915737400352586 -0.055108692329604747
leaf_weight=7.3719601482152965 23.361532345414162 88.756011947989464 155.61185859143734 157.3419111520052 4.0879529416561118 13.277358919382094 7.1227748990058926 72.879627779126167 1022.7408245503902 94.320789091289043 1423.5073742866516 29.161090105772018 18.39578378200531 202.64674314856529 19.182539239525795 5.4659353345632544 78.494648486375809 57.360252767801285 143.38277174532413 222.34474501013756 149.52392543852329 5.4861522167921049 19.319137692451477 4.6730483770370483 15.387087665498255 217.50135482847691 65.40470727533102 16.796384632587433 8.6747996956109983 6.3192243725061408
leaf_count=42 111 585 663 743 21 72 29 317 5636 524 8021 126 106 1118 84 31 459 243 662 945 674 30 85 21 81 1489 487 87 49 29
internal_value=0.00013015 -0.0177173 0.00434992 -0.0242909 -0.0277539 -0.0241403 -0.0230702 -0.0103107 0.0570147 -0.0203677 -0.0252262 0.01224 -0.00994952 -0.0388575 0.0264498 0.00263642 -0.0311425 -0.0011219 0.00442612 0.0146858 0.00924726 -0.00224836 0.0215528 0.0263281 -0.0370563 -0.0486458 -0.0429049 -0.0195424 -0.018048 -0.00830049
internal_weight=4355.9 3315.63 761 2554.63 2047.45 1544.72 170.046 507.174 1040.27 285.446 1512.26 590.955 175.738 502.731 32.4599 221.728 281.141 80.7218 216.262 546.8 305.136 17.5312 241.664 10.1592 109.708 221.589 89.3239 23.9192 44.1551 35.4803
internal_count=23570 17841 3528 14313 11849 8762 957 2464 5729 1454 8606 2571 849 3087 156 1010 1577 354 979 2367 1337 93 1030 51 605 1510 603 116 204 155
is_linear=0
shrinkage=0.05


Tree=22
num_leaves=31
num_cat=0
split_feature=30 30 29 0 30 3 0 30 2 29 29 2 0 2 2 29 30 6 30 30 29 6 9 29 11 4 29 29 0 5
split_gain=1649.39 175.575 70.168 60.8698 45.9553 32.8681 25.6848 25.3242 23.6362 22.2435 23.4286 18.4858 25.2376 15.8065 14.4352 13.7934 13.6626 13.6109 11.1337 10.1591 9.58508 9.11679 8.60647 10.4372 8.01456 6.78325 6.40132 6.08793 5.73009 6.64024
threshold=-117.08349990844725 -84.907409667968736 41.108394622802741 14.588194370269777 -78.014999389648423 3.632222175598145 28.268054962158207 -75.70598983764647 1.854930102825165 34.967180252075202 41.947931289672859 1.198356628417969 22.8881950378418 -5.0095753669738761 -2.1628364324569698 43.598333358764656 -96.966995239257798 0.57291665673255932 -93.519866943359361 -96.901752471923814 35.695158004760749 2.3770833015441899 214.04166412353518 38.768741607666023 -2.6854166984558101 4.2393751144409189 35.684564590454109 35.914943695068366 14.588194370269777 0.39131714403629309
decision_type=2 2 2 2 2 2 2 2 2 2 2 2 2 2 2 2 2 2 2 2 2 2 2 2 2 2 2 2 2 2
left_child=2 3 -1 14 5 6 8 9 -3 -6 -11 15 16 26 24 19 -13 -8 -17 -5 -15 -14 25 -24 -2 -9 -7 -16 -4 -30
right_child=1 4 28 11 7 13 17 22 -10 10 -12 12 21 20 27 18 -18 -19 -20 -21 -22 -23 23 -25 -26 -27 -28 -29 29 -31
leaf_value=0.058209840835712283 -0.059596671225656719 -0.02235882098497767 -0.079819367028858668 0.010322275076543166 -0.056809857286612767 -0.055784936633506893 0.011928221796732459 0.00059271993543457617 -0.035558438672904827 0.011761040677571265 -0.068716224896107486 0.0032615385047475003 0.012168219102569766 -0.028835684260242245 0.01702270150027765 0.014051701885436857 -0.039024387914684378 -0.04949183689896916 -0.036775791767421129 0.026825501813922011 -0.058226563677444276 -0.057542382331531444 -0.00098641027419091071 -0.042563755279600934 0.00022823844059419518 -0.034094179637790538 0.018470586679093522 -0.053923254748663912 0.030437306853722437 -0.041886764827286531
leaf_weight=981.37949404865503 6.7706352472305289 1463.0029743015766 5.3961189091205624 177.30779922008514 14.139312669634817 3.8189107775688163 68.007313683629036 48.951556757092476 441.50062135607004 195.21561355888844 9.4828710034489614 29.827921748161316 157.2925232052803 35.78874745965004 3.209855079650878 21.978048086166382 53.122615002095699 10.399264454841612 21.13508815318346 196.70400688052177 123.35120715200901 4.8342686444520941 19.527319684624672 66.488316282629967 32.331954032182693 19.7934540361166 12.093100398778914 52.169358924031258 4.5783282518386832 10.343922242522238
leaf_count=5625 37 8254 32 767 84 25 336 224 2672 831 71 128 681 231 15 95 300 58 121 835 910 22 85 362 140 105 65 387 21 51
internal_value=0.000133704 -0.016978 0.0563057 0.00415477 -0.0232946 -0.0260976 -0.0242641 -0.00710394 -0.0254187 0.0038433 0.00803285 0.00951141 -0.00138731 -0.046866 -0.0333887 0.0159148 -0.0238189 0.00378192 -0.0108651 0.0190018 -0.0516169 0.0100896 -0.0225838 -0.0331248 -0.0101305 -0.00939453 0.00064913 -0.0498111 -0.0356641 -0.0196969
internal_weight=4289.94 3288.24 1001.7 756.684 2531.56 2157.96 1982.91 373.598 1904.5 218.838 204.698 662.202 245.077 175.052 94.4818 417.125 82.9505 78.4066 43.1131 374.012 159.14 162.127 154.761 86.0156 39.1026 68.745 15.912 55.3792 20.3184 14.9223
internal_count=23570 17841 5729 3528 14313 12551 11320 1762 10926 986 902 2949 1131 1231 579 1818 428 394 216 1602 1141 703 776 447 177 329 90 402 104 72
is_linear=0
shrinkage=0.05


Tree=23
num_leaves=31
num_cat=0
split_feature=30 30 29 0 30 2 13 29 1 29 2 29 30 2 0 29 13 9 29 29 7 6 30 2 0 29 10 2 30 7
split_gain=1539.87 160.251 66.486 55.5948 42.8455 29.4911 29.2089 26.9816 26.5227 19.3839 17.558 19.7477 18.6448 16.0601 14.8759 16.0924 14.6257 13.2037 12.5633 11.72 10.504 9.37584 8.63468 12.5001 6.3971 5.72023 6.60739 7.80722 3.83736 2.45843
threshold=-117.08349990844725 -84.907409667968736 41.108394622802741 14.588194370269777 -78.72967147827147 1.854930102825165 123.89166641235353 35.284490585327156 22.702976226806644 42.151927947998054 4.5953156948089608 43.598333358764656 -94.668254852294908 0.053545549511909492 22.457638740539554 35.695158004760749 2.4458333253860478 280.39582824707037 35.483499526977546 39.185613632202156 0.039583334699273116 0.76041665673255932 -109.12405014038085 -5.7725932598114005 21.604166984558109 41.89190864562989 19.993055343627933 0.25161749124526983 -95.165119171142564 0.031250000931322582
decision_type=2 2 2 2 2 2 2 2 2 2 2 2 2 2 2 2 2 2 2 2 2 2 2 2 2 2 2 2 2 2
left_child=2 3 -1 16 5 6 9 29 13 -3 11 19 -13 -9 15 -7 -2 28 -10 -5 -8 -16 -18 -24 -19 -4 -27 -28 -12 -6
right_child=1 4 25 10 7 14 20 8 18 -11 17 12 -14 -15 21 -17 22 24 -20 -21 -22 -23 23 -25 -26 26 27 -29 -30 -31
leaf_value=0.057599303543645244 -0.06020847778861891 -0.022383905596843296 -0.072906381167730447 0.0086923979806716647 -0.022536117865932626 -0.025385857819189356 -0.00043146379369352723 -0.0073980807900558528 0.067800745212708499 -0.062821640355292016 -0.016934319646639124 0.017364978360187546 -0.034589132629931102 -0.032593021274924298 -0.022927163382559037 -0.055335335261571229 0.029000133699834504 -0.05597418765938033 0.0044010770935493165 0.023815601943207695 0.056697382050145989 -0.043549371459019319 0.013714543305781491 -0.040353491196413668 0.0088217012090414139 -0.066405474735372047 -0.039701816633402207 0.051958320868058294 -0.059738543668134247 -0.064838759248434449
leaf_weight=943.16106051206589 31.041520811617374 1455.1035344228148 6.4675532579422024 303.4857113212347 4.0541629344224956 64.361414313316345 18.385060325264931 167.5418331772089 8.1332438141107541 30.251253686845303 7.8268148154020336 29.545550629496574 41.558544486761093 101.60961471498013 198.91479037702084 147.96548330783844 8.388349920511244 4.2760053128004065 199.0239784270525 221.69134137034416 14.307824328541754 76.241682723164558 14.722456470131872 39.026813805103302 34.88863642513752 4.3918193578720084 4.4641781747341138 4.8438663333654404 15.817846126854418 22.470021992921829
leaf_count=5625 269 8372 43 1336 22 429 97 809 30 234 35 122 251 567 1118 1081 33 21 896 940 59 459 62 215 148 21 21 19 96 140
internal_value=0.00013723 -0.016272 0.0556785 0.00396881 -0.0223423 -0.0256144 -0.0221785 -0.00929173 -0.00655855 -0.0232075 0.00907959 0.0117282 -0.0130009 -0.0169096 -0.0363139 -0.0462569 -0.0321816 -0.0160652 0.00689022 0.0150763 0.0245706 -0.0286413 -0.0181805 -0.0255437 0.00174727 -0.0341503 -0.015854 0.00799772 -0.0455696 -0.0583729
internal_weight=4223.96 3260.63 963.328 752.27 2508.36 2005.53 1518.05 502.833 476.309 1485.35 659.09 596.281 71.1041 269.151 487.483 212.327 93.1791 62.8093 207.157 525.177 32.6929 275.156 62.1376 53.7493 39.1646 20.1674 13.6999 9.30804 23.6447 26.5242
internal_count=23570 17841 5729 3528 14313 11849 8762 2464 2302 8606 2949 2649 373 1376 3087 1510 579 300 926 2276 156 1577 310 277 169 104 61 40 131 162
is_linear=0
shrinkage=0.05


Tree=24
num_leaves=31
num_cat=0
split_feature=30 30 29 0 30 1 2 29 29 29 29 5 30 11 2 4 2 10 9 30 11 12 29 29 29 11 9 29 11 7
split_gain=1438.4 146.196 63.0176 50.8195 39.626 27.993 29.3935 25.0092 25.6912 23.7627 20.2959 20.1571 17.5491 17.122 20.9197 15.8967 13.1415 11.5116 10.654 7.82482 7.27272 6.45409 6.77148 5.50744 5.4383 6.1173 5.01691 4.3593 2.4663 2.34519
threshold=-117.08349990844725 -84.907409667968736 41.108394622802741 14.588194370269777 -78.72967147827147 24.405357360839847 -1.2314052581787107 35.284490585327156 41.947931289672859 41.799581527709968 35.725976943969734 0.72432690858840953 -79.302604675292955 19.25625038146973 2.9309653043746953 4.8570833206176767 -2.1628364324569698 46.208332061767585 273.31944274902349 -79.100517272949205 -2.6854166984558101 5.4895834922790536 41.317014694213874 35.914943695068366 41.89190864562989 6.7743055820465097 136.97916412353518 44.764192581176765 4.8027777671813974 0.031250000931322582
decision_type=2 2 2 2 2 2 2 2 2 2 2 2 2 2 2 2 2 2 2 2 2 2 2 2 2 2 2 2 2 2
left_child=2 3 -1 16 5 6 10 29 9 -9 -3 12 -7 14 17 -8 20 -5 -16 -13 -2 22 -15 -18 -4 -26 -22 -10 -25 -6
right_child=1 4 24 13 7 11 15 8 27 -11 -12 19 -14 21 18 -17 23 -19 -20 -21 26 -23 -24 28 25 -27 -28 -29 -30 -31
leaf_value=0.057021757436313637 -0.056747717636447731 -0.032439896114833479 -0.071310706903069856 0.01644791239526305 -0.021546771650232679 0.013380319396298135 -0.033025670014301227 -0.0065447571929495869 -0.062362349510258944 0.038939287665437548 -0.012451994742191877 -0.010636725170753704 -0.022626521854275088 0.027094756133499116 -0.038948161373043085 -0.058525924452101752 0.01664101911539478 -0.00082887904297890128 -0.0043985463878229878 0.01507516426460267 -0.039703759408873301 -0.020549281971752095 -0.023878428652284421 -0.058729700961573476 -0.05893756311576448 0.010433900416171841 0.01040738829387749 -0.0048196692384273486 -0.034561089494217975 -0.063045104992847836
leaf_weight=906.01911791414022 6.613488256931304 204.29606273770332 6.2862553149461773 226.6573925614357 4.0289546847343471 36.127202600240707 688.97536082565784 417.74961678683758 22.715324677526954 30.835104435682297 335.68724501132965 58.690984308719635 534.38474985957146 149.78741839528084 34.863865397870541 67.065359406173229 3.168653428554534 167.79128943383694 61.984284639358521 59.677659809589386 6.1779143363237372 8.2298946976661664 6.8116773366928092 34.544248826801777 5.0304680317640296 8.6291545778512937 26.078323110938072 3.8490909337997428 15.200340650975702 21.966654404997826
leaf_count=5625 37 1274 43 992 22 172 4405 2001 151 131 1844 334 2976 644 194 567 15 775 273 277 27 38 33 288 24 37 113 19 99 140
internal_value=0.000140308 -0.0155922 0.0550864 0.00378998 -0.0214231 -0.024595 -0.028924 -0.00886013 -0.00624752 -0.00341825 -0.0200142 -0.0164506 -0.0203464 0.00866468 0.00398626 -0.0352877 -0.0310577 0.00909868 -0.0168359 0.00232638 -0.00898333 0.0226094 0.0248775 -0.0472733 -0.0328251 -0.0151137 0.000809791 -0.0540246 -0.0513446 -0.0566134
internal_weight=4159.92 3233.96 925.965 747.909 2486.05 1984.9 1296.02 501.145 475.149 448.585 539.983 688.881 570.512 656.126 491.297 756.041 91.783 394.449 96.8482 118.369 38.8697 164.829 156.599 52.9132 19.9459 13.6596 32.2562 26.5644 49.7446 25.9956
internal_count=23570 17841 5729 3528 14313 11849 8090 2464 2302 2132 3118 3759 3148 2949 2234 4972 579 1767 467 611 177 715 677 402 104 61 140 170 387 162
is_linear=0
shrinkage=0.05


Tree=25
num_leaves=31
num_cat=0
split_feature=30 30 1 2 30 30 3 2 30 11 3 0 6 30 30 11 3 3 8 12 9 3 1 2 0 9 4 9 11 3
split_gain=1344.21 134.617 52.0525 37.8934 27.7096 43.9166 27.4686 26.1468 21.2952 19.2215 14.3127 12.0067 8.81403 7.95325 28.759 13.8386 7.72636 7.20905 7.03048 6.92676 6.60447 6.60294 5.8244 5.19423 4.6193 4.39846 3.71265 3.49872 2.6526 3.96206
threshold=-117.08349990844725 -93.519866943359361 10.339583396911623 2.6290760040283208 -84.907409667968736 -79.035778045654283 3.4994443655014043 -5.7725932598114005 -122.51169967651366 -2.6854166984558101 1.8760417103767397 25.078472137451175 0.047916667535901077 -96.901752471923814 -96.908473968505845 13.474305629730226 2.0910416841506962 2.3104165792465214 5.5000000000000009 -3.9145833253860469 304.81250000000006 2.8921527862548833 5.5369048118591317 0.28542961180210119 10.042360782623293 246.22917175292972 5.7691667079925546 123.86805343627931 1.1972222328186037 2.1236805915832524
decision_type=2 2 2 2 2 2 2 2 2 2 2 2 2 2 2 2 2 2 2 2 2 2 2 2 2 2 2 2 2 2
left_child=8 9 7 4 6 -6 -4 16 19 26 12 18 -11 14 -12 -15 27 -13 -5 -1 23 -18 -9 -21 -24 -14 -2 -3 29 -10
right_child=1 2 3 11 5 -7 -8 22 28 10 13 17 25 15 -16 -17 21 -19 -20 20 -22 -23 24 -25 -26 -27 -28 -29 -30 -31
leaf_value=-0.059143180633160687 -0.073646095925137101 0.062471687742225203 0.016225146359850603 -0.041577882510190137 -0.023064640776290269 -0.0074599460601529003 -0.028904970650275669 -0.057334197394417113 0.022979958663664982 0.026222063127098724 0.01266853101664661 -0.0034614833323499843 -0.017289981069823102 -0.0099272575573794188 -0.041757381322709598 0.030258070485998219 -0.040511471318288542 -0.026846742580985128 -0.022793163174559993 0.0013376686265705361 -0.038206302244703866 -0.0086506566248397126 -0.036346034262167939 0.080051103880605337 -0.058873177152664283 -0.07415721703156776 -0.018454512219558527 -0.0021533473070785764 0.056273059885088565 0.053359446317579322
leaf_weight=4.0243422314524677 7.6222289055585843 4.3347289562225324 133.63092166185379 200.08987583220005 968.14370253682137 843.88393344730139 45.094415284693241 88.051750004291534 15.014467276632784 4.8910275846719768 295.47882524132729 48.934367224574089 5.6359947174787512 26.515234306454659 26.444051787257195 111.5731480717659 24.586494542658329 100.92861923575401 66.319252505898476 4.129433408379553 3.7953949719667426 48.02654105424881 111.82273965328932 4.2559383362531662 28.570673756301403 8.5718336999416334 5.0763462632894516 4.0521503835916519 820.86472591012716 37.63269330561161
leaf_count=25 47 19 590 1293 5810 4290 265 754 100 21 1272 249 26 121 122 484 153 562 414 25 23 280 765 20 211 44 25 24 5296 240
internal_value=0.000143048 -0.0149372 -0.0192951 -0.0168135 -0.0139447 -0.0157973 0.00483831 -0.0385986 0.0545217 0.00913348 0.0107427 -0.0305327 -0.0316698 0.0125036 0.00819777 0.0225418 -0.0141904 -0.0192108 -0.0369017 -0.00227114 0.0165185 -0.0194386 -0.0472531 0.0412881 -0.0409304 -0.051599 -0.0515829 0.0312479 0.0555753 0.0446955
internal_weight=4098 3208.28 2716.47 2407.03 1990.75 1812.03 178.725 309.445 889.717 491.809 479.11 416.272 19.0989 460.011 321.923 138.088 80.9999 149.863 266.409 16.2051 12.1808 72.613 228.445 8.38537 140.393 14.2078 12.6986 8.38688 873.512 52.6472
internal_count=23570 17841 15679 13473 10955 10100 855 2206 5729 2162 2090 2518 91 1999 1394 605 476 811 1707 93 68 433 1730 45 976 70 72 43 5636 340
is_linear=0
shrinkage=0.05


Tree=26
num_leaves=31
num_cat=0
split_feature=6 9 1 11 11 13 12 3 10 0 11 12 9 13 9 1 10 4 6 9 5 3 4 11 10 3 5 10 8 3
split_gain=364.374 80.0439 69.0054 54.3389 50.1427 30.5068 29.0496 25.2314 23.4912 22.982 17.832 18.7183 16.4613 15.9917 12.8852 12.3388 11.1958 9.63189 7.81971 7.65439 7.53196 6.68888 6.3499 6.11467 5.57926 8.50548 5.50645 4.87527 7.42503 3.85806
threshold=0.006250000325962902 81.409721374511733 5.5369048118591317 10.830555438995363 5.7333333492279062 29.245833396911625 -6.2937498092651358 2.2579860687255864 46.208332061767585 9.499305725097658 12.998610973358156 -3.2854166030883785 280.39582824707037 88.914581298828139 267.75694274902349 11.455654621124269 23.784722328186039 4.01645851135254 0.38958333432674414 232.71527862548831 0.42470608651638037 2.0734027624130253 2.5997916460037236 -3.3381944894790645 98.048610687255874 3.5725693702697758 0.34173248708248144 95.923610687255874 1.0000000180025095e-35 4.3612501621246347
decision_type=2 2 2 2 2 2 2 2 2 2 2 2 2 2 2 2 2 2 2 2 2 2 2 2 2 2 2 2 2 2
left_child=9 6 16 4 7 -6 15 -4 13 20 23 12 19 -5 -10 17 -3 -2 22 -12 -1 -18 -8 -11 -20 -26 -25 28 -17 -28
right_child=1 2 3 8 5 -7 18 -9 14 10 11 -13 -14 -15 -16 27 21 -19 24 -21 -22 -23 -24 26 25 -27 29 -29 -30 -31
leaf_value=-0.054552885137613999 -0.04677168855429456 0.031296266670424955 0.021662254633890848 -0.012324660452202967 0.033385367041699088 0.0065861775208955128 0.036818105043479037 -0.012649646923353144 -0.010921190362764928 -0.0040958945449888571 -0.021939486909875287 0.041055412265064956 0.030921112485105564 0.0027904012101416377 -0.022770370823855732 0.057623742122864446 0.0033749923937059952 0.017799842422794272 0.049394182923961027 -0.098324738455761326 0.018975787553437807 -0.053017645250170359 -0.034878596167462146 0.05382318503899889 0.07228485995004047 -0.031676869511183224 0.042792166967637713 -0.010459132909141678 -0.0068817058982204686 -0.0052101228516388091
leaf_weight=7.6465642228722555 18.417450755834583 4.4248091429471961 63.094648666679859 265.57324313372374 168.54312037676573 287.05391226708889 6.7839562296867353 355.24832902848721 1368.6340853944421 5.5124594345688811 9.6279048323631304 43.08096682280302 12.090305864810942 513.04159428179264 275.63869778066874 12.569597527384763 5.5615170747041693 8.4134802147746068 98.330255448818207 4.9740564972162238 6.3961602374911308 96.460375495254993 5.6687959730625153 226.99687600880861 3.132529288530348 5.2894694954156876 141.56489226967096 8.6042385771870595 6.9155722707509986 4.3134010583162299
leaf_count=54 132 28 394 1509 1083 1691 40 2263 7501 34 56 258 65 2567 1569 85 33 55 631 31 43 814 39 1532 19 36 892 55 41 20
internal_value=0.000145691 -0.00525199 -0.00694372 -0.0056644 0.00502376 0.0165002 0.027813 -0.00747471 -0.00951964 0.0419231 0.0438966 0.0206705 -0.0122304 -0.00236511 -0.0129075 -0.00227481 -0.0465665 -0.0265237 0.0416751 -0.0479596 -0.0210621 -0.0499435 0.00418002 0.0481795 0.0460489 0.00699129 0.0489523 0.0208877 0.0347298 0.0413728
internal_weight=4039.6 3577.4 3403.27 3296.83 873.94 455.597 174.125 418.343 2422.89 462.204 448.161 69.7732 26.6923 778.615 1644.27 54.9203 106.447 26.8309 119.205 14.602 14.0427 102.022 12.4528 378.388 106.752 8.422 372.875 28.0894 19.4852 145.878
internal_count=23570 20585 19452 18577 5431 2774 1133 2657 13146 2985 2888 410 152 4076 9070 368 875 187 765 87 97 847 79 2478 686 55 2444 181 126 912
is_linear=0
shrinkage=0.05


Tree=27
num_leaves=31
num_cat=0
split_feature=30 30 29 1 29 30 30 29 2 29 2 6 2 9 11 5 11 29 6 3 4 30 3 7 30 6 29 5 4 5
split_gain=1207.78 120.237 61.3252 43.8994 37.6057 39.6446 25.1776 25.8233 23.2205 25.5884 22.8035 13.3249 12.3167 9.73153 8.89299 9.82454 8.7169 12.5838 7.42051 6.2489 7.25165 6.13134 5.48618 5.74829 5.05492 4.73128 4.70805 5.9053 2.6952 2.68314
threshold=-117.08349990844725 -84.907409667968736 41.108394622802741 18.392261505126957 42.151927947998054 -78.014999389648423 -75.70598983764647 40.376539230346687 1.854930102825165 35.725976943969734 -1.1715061664581297 0.76041665673255932 5.1153595447540292 216.90277862548831 -1.6576388478279112 0.79680475592613231 19.25625038146973 37.560050964355476 2.8770833015441899 3.5572916269302373 2.3439583778381352 -96.966995239257798 4.8157639503479013 1.0437499880790713 -71.887477874755845 2.497916698455811 41.89190864562989 0.43192511796951299 3.2704166173934941 0.49187451601028448
decision_type=2 2 2 2 2 2 2 2 2 2 2 2 2 2 2 2 2 2 2 2 2 2 2 2 2 2 2 2 2 2
left_child=2 3 -1 10 5 8 7 -7 9 -3 14 -10 16 -8 29 -16 17 -5 -18 20 -12 -21 23 -14 25 -6 -4 -28 -26 -2
right_child=1 4 26 12 24 6 13 -9 11 -11 19 -13 22 -15 15 -17 18 -19 -20 21 -22 -23 -24 -25 28 -27 27 -29 -30 -31
leaf_value=0.055698465587617242 -0.080020427309280107 -0.025264459721174401 -0.069936998403336795 -0.02004134109639856 -0.064347420132491381 -0.0061414268938215664 -0.0045367214311803957 0.029746966326636804 -0.023932920334544874 -0.012285290394735124 -0.074795402021919574 -0.041076632168239036 -0.034457257780533886 -0.030975222431696509 0.01047777413858633 -0.062784194501751295 0.024964911173138968 0.011038652386069219 -0.018378595648229322 -0.0081492393865120628 -0.010224842247576025 -0.056755962331466785 0.016711518496576049 0.022242645385945857 -0.048262173040642203 0.010182904527857153 0.026795267520704033 -0.041717351708444698 0.010372530905348778 -0.023782262551834223
leaf_weight=816.74894160032272 3.7676089555025083 675.93612636625767 6.1029068231582668 35.998210549354553 56.187788501381874 124.26486437022686 63.398466780781746 84.010272815823555 291.67049616575241 866.5998575091362 5.1970079392194775 185.38281601667404 27.846085444092751 77.173141039907932 66.193325757980347 4.915943354368209 147.44792777299881 341.7679671049118 10.58353355526924 7.6843245774507514 26.62204448133707 41.669015251100063 10.113555327057837 5.3248522877693167 3.8956084102392188 2.2132560685276976 4.9069831371307364 8.7596985250711423 3.9440621435642242 4.8525605425238609
leaf_count=5625 22 4207 43 167 489 576 307 340 1812 4842 28 1272 138 408 281 24 645 1507 48 38 152 385 43 23 21 19 20 41 20 27
internal_value=0.000143293 -0.0139404 0.0535922 0.0037098 -0.0193049 -0.0182657 -0.00270087 0.00833459 -0.0209543 -0.0179727 -0.0193937 -0.030595 0.0101293 -0.0190513 -0.000401049 0.00541301 0.0122018 0.00807697 0.0220622 -0.0380487 -0.0207712 -0.0491879 -0.0155263 -0.0253554 -0.0564623 -0.0615229 -0.0334234 -0.0171181 -0.0187636 -0.0483622
internal_weight=4011.18 3174.66 836.519 739.984 2434.68 2368.44 348.847 208.275 2019.59 1542.54 160.902 477.053 579.082 140.572 79.7294 71.1093 535.798 377.766 158.031 81.1724 31.8191 49.3533 43.2845 33.1709 66.2407 58.401 19.7696 13.6667 7.83967 8.62017
internal_count=23570 17841 5729 3528 14313 13764 1631 916 12133 9049 957 3084 2571 715 354 305 2367 1674 693 603 180 423 204 161 549 508 104 61 41 49
is_linear=0
shrinkage=0.05


Tree=28
num_leaves=31
num_cat=0
split_feature=30 30 29 29 29 30 2 29 13 3 29 1 11 3 29 29 6 30 30 11 0 0 10 2 4 8 11 3 2 4
split_gain=1129.95 110.507 58.2112 55.0195 47.6282 51.0409 44.5414 38.1071 35.3512 23.0595 21.6258 18.8372 16.1413 12.846 10.4906 8.25154 7.80632 7.28218 26.156 12.6267 5.57317 4.80685 10.3947 3.97201 3.71476 3.09598 2.02022 3.36593 8.56232 1.89581
threshold=-117.08349990844725 -93.519866943359361 41.108394622802741 41.947931289672859 35.725976943969734 -79.298500061035142 2.6290760040283208 35.699068069458015 45.893751144409187 3.2831250429153447 35.630987167358406 24.098809242248539 -2.6854166984558101 1.8760417103767397 45.319818496704109 43.175634384155281 0.047916667535901077 -96.901752471923814 -96.908473968505845 13.474305629730226 16.3569450378418 14.588194370269777 19.993055343627933 -5.0095753669738761 5.7691667079925546 1.0000000180025095e-35 1.1972222328186037 2.1236805915832524 -0.20288561284542081 3.9108333587646489
decision_type=2 2 2 2 2 2 2 2 2 2 2 2 2 2 2 2 2 2 2 2 2 2 2 2 2 2 2 2 2 2
left_child=2 12 26 4 5 10 8 -7 -6 14 -3 -8 24 16 15 -5 -14 18 -15 -19 -16 -4 -23 -11 -2 -18 27 28 -1 -25
right_child=1 3 21 9 6 7 11 -9 -10 23 -12 -13 13 17 20 -17 25 19 -20 -21 -22 22 -24 29 -26 -27 -28 -29 -30 -31
leaf_value=0.048478845923702267 -0.07055204596905211 -0.0026860425238561642 -0.074553175074679359 -0.017641666812008138 -0.02176698561457031 -0.023381780797461903 -0.039098102397826795 -0.051830653649060865 -0.0017494372501648083 0.016871293936089372 0.054123303519116144 -0.011498783566109365 0.024585128337857958 0.011832160221997444 -0.030994426400008053 -0.055409750914367742 -0.083193895973420862 -0.0096683233035776885 -0.039962957738683413 0.028782414636782418 0.042926187798979297 -0.06478281479286567 0.020155698897518087 -0.018642215774924097 -0.014691298286741282 -0.033033685916767704 0.055858583277858455 0.05367498822667232 -0.040558113343511636 -0.058278498223252741
leaf_weight=9.9151545614004117 7.3458229675888997 68.786294281482697 4.974753454327586 46.906126245856285 282.57600854337215 675.72288975864649 164.24786272644997 142.54141988605261 1004.9418737590313 1.8347492218017567 22.145621992647648 99.142378360033035 4.8289740681648281 293.72810123860836 3.6233327388763419 20.908220648765564 4.5168201178312293 26.489685386419296 26.580069527029991 110.06822723150253 8.6062876433134061 6.4892270416021338 8.0956045836210233 3.0966752246022216 5.0032239109277725 9.6452867835760099 736.17945155501366 33.747175268828869 3.7106931731104842 116.975023008883
leaf_count=69 47 364 32 262 1708 4233 1095 1039 5100 10 114 501 21 1272 22 131 24 121 122 484 39 37 35 19 25 46 5289 238 29 1042
internal_value=0.00014565 -0.0133511 0.0530877 -0.0173615 -0.015302 -0.0243883 -0.00997526 -0.0283376 -0.00614276 -0.04245 0.0111493 -0.0287095 0.00851628 0.00998087 -0.0215992 -0.0292862 -0.0303127 0.0116558 0.00753406 0.0213237 0.0210253 -0.0321122 -0.017636 -0.0561406 -0.04792 -0.0490316 0.0552145 0.0452062 0.0242316 -0.0572563
internal_weight=3953.37 3150.26 803.112 2662.05 2460.1 909.196 1550.91 818.264 1287.52 201.95 90.9319 263.39 488.206 475.857 80.044 67.8143 18.9911 456.866 320.308 136.558 12.2296 19.5596 14.5848 121.906 12.349 14.1621 783.552 47.373 13.6258 120.072
internal_count=23570 17841 5729 15679 14154 5750 8404 5272 6808 1525 478 1596 2162 2090 454 393 91 1999 1394 605 61 104 72 1071 72 70 5625 336 98 1061
is_linear=0
shrinkage=0.05


Tree=29
num_leaves=31
num_cat=0
split_feature=30 30 29 13 29 30 30 1 29 10 5 13 30 3 29 11 29 5 6 30 6 0 10 4 11 3 29 30 1 30
split_gain=1057.56 102.542 55.2888 37.9283 34.5405 35.3117 23.2918 23.2192 23.0771 21.0756 18.6086 18.6038 12.0787 10.566 9.19717 8.64527 15.5671 7.13428 6.1458 5.06966 4.69997 4.55051 9.54575 2.50355 2.06339 3.33506 3.66967 10.2926 0.687889 2.72928
threshold=-117.08349990844725 -84.907409667968736 41.108394622802741 2.4458333253860478 42.151927947998054 -78.014999389648423 -75.70598983764647 24.405357360839847 40.376539230346687 2.423611164093018 0.74855694174766552 72.291667938232436 -94.668254852294908 3.5572916269302373 41.841104507446296 19.25625038146973 37.560050964355476 0.31821338832378393 2.8770833015441899 -71.887477874755845 2.497916698455811 14.588194370269777 19.993055343627933 3.2704166173934941 1.1972222328186037 2.1236805915832524 36.978399276733406 -121.03149795532225 6.3586308956146249 -95.704093933105455
decision_type=2 2 2 2 2 2 2 2 2 2 2 2 2 2 2 2 2 2 2 2 2 2 2 2 2 2 2 2 2 2
left_child=2 3 24 28 5 7 8 9 -7 -3 -9 12 14 -14 -5 16 -13 -8 -17 20 -6 -4 -23 -21 25 26 -1 -28 29 -2
right_child=1 4 21 11 19 6 17 10 -10 -11 -12 15 13 -15 -16 18 -18 -19 -20 23 -22 22 -24 -25 -26 -27 27 -29 -30 -31
leaf_value=0.057419066582683781 0.0023576128644068979 0.041023235177696939 -0.072886606475995222 -0.0055179307940172451 -0.062865898249508959 -0.0051920136641244487 -0.033893388724791661 -0.014989109997022902 0.02876762186963417 -0.024065173131310246 0.010853633327397756 -0.027620627474765992 -0.0049393067333960497 -0.042862550550319144 0.0267952448051994 0.02294696234670044 0.0096001686433685937 -0.009909247390999033 -0.016035109379650549 -0.045500565462458391 0.01239712394726886 -0.062644018299327947 0.019112936076267465 0.011549774257391688 0.055420494517466105 0.053138960072420041 0.05046771829061597 -0.061686667983773591 -0.078301595808639768 -0.05861685298888715
leaf_weight=4.9922077879309645 2.0157913640141549 12.560811311006544 4.8375559896230724 90.656627580523491 52.431453093886375 123.99196518957615 46.489265456795692 634.40981325507164 83.860395222902298 1260.6069552451372 78.25084575265646 30.782098010182381 37.697614133358002 35.818686962127686 29.08602674305439 150.39154805243015 321.39395493268967 93.094438128173351 10.839621275663374 3.7875706255435935 2.1597427874803534 6.3780777901411048 8.1100335717201215 3.9062552601099014 705.67102029174566 32.416942417621613 4.862372249364852 3.5312998071312895 3.0934939160943022 20.489693537354469
leaf_count=35 11 65 32 412 489 576 247 3576 340 8088 404 143 192 263 117 666 1417 468 49 21 19 37 35 20 5289 238 34 29 20 238
internal_value=0.000146829 -0.0127808 0.0526055 0.00359373 -0.0177861 -0.0168051 -0.0020996 -0.019378 0.00850939 -0.023423 -0.0121516 0.00575955 -0.0074633 -0.0234163 0.00233108 0.010737 0.00634687 -0.0178973 0.0203262 -0.0545331 -0.0598883 -0.0308985 -0.0168788 -0.0165354 0.054753 0.0444691 0.023473 0.00328327 -0.0561942 -0.0531554
internal_weight=3898.61 3127.81 770.8 732.265 2395.55 2333.26 347.436 1985.83 207.852 1273.17 712.661 706.666 193.259 73.5163 119.743 513.407 352.176 139.584 161.231 62.285 54.5912 19.3257 14.4881 7.69383 751.474 45.8028 13.3859 8.39367 25.599 22.5055
internal_count=23570 17841 5729 3528 14313 13764 1631 12133 916 8153 3980 3259 984 455 529 2275 1560 715 715 549 508 104 72 41 5625 336 98 63 269 249
is_linear=0
shrinkage=0.05


Tree=30
num_leaves=31
num_cat=0
split_feature=30 30 29 0 29 30 29 2 0 30 2 0 30 0 30 29 6 11 29 6 2 30 10 30 6 0 7 29 11 3
split_gain=990.236 93.4732 52.8357 34.9693 33.032 32.9891 24.8013 22.6268 22.3131 19.4413 13.8015 17.817 11.8186 10.8983 10.8555 9.77894 8.45537 8.25889 7.60345 6.03452 5.51003 4.99748 4.59733 6.3268 4.54428 4.2742 2.31945 2.22086 2.1222 4.32277
threshold=-117.08349990844725 -84.907409667968736 40.443843841552741 14.588194370269777 42.151927947998054 -78.72967147827147 35.284490585327156 1.854930102825165 28.346527099609379 -75.70598983764647 0.95458075404167186 22.8881950378418 -96.966995239257798 23.253472328186039 -89.672775268554673 43.598333358764656 0.87291666865348827 6.4937500953674325 39.185613632202156 2.3770833015441899 -5.7725932598114005 -71.887477874755845 52.659723281860359 -121.76800155639647 2.497916698455811 12.989583492279055 0.031250000931322582 42.151927947998054 0.60069444775581371 2.0820833444595341
decision_type=2 2 2 2 2 2 2 2 2 2 2 2 2 2 2 2 2 2 2 2 2 2 2 2 2 2 2 2 2 2
left_child=2 3 28 14 5 7 26 8 -3 -8 15 12 -12 -9 17 18 -17 20 -5 -13 -2 24 23 -4 -6 -19 -7 -16 29 -1
right_child=1 4 22 10 21 6 9 13 -10 -11 11 19 -14 -15 27 16 -18 25 -20 -21 -22 -23 -24 -25 -26 -27 -28 -29 -30 -31
leaf_value=0.01332281689614216 0.0022330426590324239 -0.017043210628702503 -0.070639493485336588 0.010009994447265623 -0.062118164737812558 -0.017679196945691113 0.0054575438524571401 -0.037646184979275243 0.023320985864101931 -0.01708605316357354 0.0041357409957064883 0.0093918534738622415 -0.034058146969762663 -0.021729526019829519 -0.019642442363658631 -0.027073336727850394 0.022417664668199017 0.047428728375186031 0.025203263022083974 -0.042799323080409193 -0.036386984521729338 -0.015812974331561144 0.0097325043742989212 -0.0055080168801365202 0.011690916819386846 -0.0085779423763768115 -0.05959828807355029 -0.059392900230948148 0.055078814089097684 0.053020975732795433
leaf_weight=9.3350750878453237 13.068304941058157 1377.6211604997516 7.9803260564804086 201.50218503177166 50.459417574107647 3.92021515965462 306.909876473248 200.55015756934881 35.110501781105995 138.92577986419201 32.16060371696949 171.9904527515173 54.70990252494812 231.9094612672925 4.1648270711302784 25.531596049666405 13.036932624876497 6.8120520859956724 139.25643235445023 5.7227432131767264 31.49135572463274 7.6478879004716864 6.6557974368333808 6.9983373135328302 2.1752829030156127 6.8141797631978989 20.854489609599113 22.47906506806612 682.78855708241463 25.836788728833199
leaf_count=71 57 8352 50 904 489 22 1439 1526 176 715 139 764 326 1394 24 135 62 27 593 26 182 41 36 33 19 31 140 258 5340 199
internal_value=0.000148908 -0.0122363 0.052142 0.00342905 -0.0170408 -0.0160896 -0.004273 -0.0191034 -0.01604 -0.00156721 0.00740452 -0.00136036 -0.0199183 -0.0291108 -0.0267472 0.0135181 -0.0103444 -0.0146437 0.016219 0.00771119 -0.0250606 -0.0535802 -0.0248444 -0.0402087 -0.0590678 0.019421 -0.0529652 -0.0531793 0.0544618 0.0424846
internal_weight=3844.42 3104.82 739.595 728.741 2376.08 2315.8 470.61 1845.19 1412.73 445.836 643.911 264.584 86.8705 432.46 84.8298 379.327 38.5685 58.1859 340.759 177.713 44.5597 60.2826 21.6345 14.9787 52.6347 13.6262 24.7747 26.6439 717.96 35.1719
internal_count=23570 17841 5729 3528 14313 13764 2316 11448 8528 2154 2949 1255 465 2920 579 1694 197 297 1497 790 239 549 119 83 508 58 162 282 5610 270
is_linear=0
shrinkage=0.05


Tree=31
num_leaves=31
num_cat=0
split_feature=30 30 29 0 29 30 1 10 30 29 5 11 29 30 10 30 9 11 12 1 1 29 30 6 12 1 11 3 11 3
split_gain=927.469 85.1614 50.4481 31.9613 31.5927 30.5228 21.152 19.7027 19.6564 20.4291 16.8093 12.1222 11.1671 24.7716 13.4985 10.521 9.05302 7.49863 6.06033 5.83923 5.43459 5.42599 4.92963 4.96212 4.43277 3.60676 3.60367 3.32541 2.16641 4.25587
threshold=-117.08349990844725 -84.907409667968736 40.443843841552741 14.588194370269777 42.151927947998054 -78.014999389648423 24.405357360839847 20.548610687255863 -75.70598983764647 40.376539230346687 0.74855694174766552 19.25625038146973 37.560050964355476 -109.12405014038085 54.187500000000007 -89.672775268554673 216.90277862548831 6.4937500953674325 5.4895834922790536 27.188690185546879 14.231547355651857 37.980018615722663 -71.887477874755845 2.5874999761581425 1.0395833253860476 15.999702453613283 11.292361259460451 1.8499305844306948 0.60069444775581371 2.0820833444595341
decision_type=2 2 2 2 2 2 2 2 2 2 2 2 2 2 2 2 2 2 2 2 2 2 2 2 2 2 2 2 2 2
left_child=2 3 28 15 5 6 7 -3 9 -7 -8 12 13 -5 -14 17 -10 21 19 -13 -19 -2 23 -6 26 -17 27 -4 29 -1
right_child=1 4 24 11 22 8 10 -9 16 -11 -12 18 14 -15 -16 25 -18 20 -20 -21 -22 -23 -24 -25 -26 -27 -28 -29 -30 -31
leaf_value=0.012786914413783074 -0.05324911418366346 -0.00017929186735767225 0.014477576720767205 0.052320122995989961 -0.061428856976617374 -0.0048814325305041387 -0.013629045430246654 -0.023567729327907169 -0.0022779121214557604 0.027104504006261271 0.010959870045044704 0.015423051495763663 0.011507830179140557 -0.03804177061787286 -0.0075734139071966028 -0.057712011880494053 -0.027969854299220848 0.051880539765016456 -0.023076803293362709 0.037765745935698924 -0.011485068174370486 -0.013499962567753244 -0.015116125227242122 0.019699446340561665 0.0096866186418300155 0.014034814554626822 -0.080971160786492288 -0.044152935986003172 0.054683693888895712 0.052539457472234811
leaf_weight=9.2424110099673253 11.647621512413023 97.694162674248219 3.6337748244404811 9.483553543686865 48.75874312967062 123.65467830002308 627.33309652656317 1150.1824214309454 62.802689239382744 83.715778723359108 78.164082549512386 111.72289158403873 300.48239766806364 37.874348670244217 134.02746613323689 23.807402923703197 75.517279952764511 6.4285788089036924 8.1166685372591001 39.611353307962418 7.1441990211606026 32.656683452427387 7.6016384735703459 1.9605747833847988 6.7599116265773764 1.8907831609249104 3.8258232399821273 7.231115534901619 654.06284240633249 24.796272404491901
leaf_count=71 68 594 20 42 491 576 3576 7559 307 340 404 503 1350 182 660 272 408 26 38 174 32 171 41 17 35 10 24 40 5340 199
internal_value=0.000150382 -0.0117142 0.0516897 0.00327348 -0.0163229 -0.015401 -0.0178245 -0.0217367 -0.00170616 0.00803134 -0.0109048 0.00706354 0.00310921 -0.0199465 0.00562209 -0.0258098 -0.0163047 -0.0139887 0.0190137 0.0212712 0.0185273 -0.02395 -0.0526651 -0.0582928 -0.0238206 -0.0524331 -0.0392389 -0.0245439 0.0540437 0.0417456
internal_weight=3791.83 3082.28 709.552 724.894 2357.39 2299.06 1953.37 1247.88 345.69 207.37 705.497 641.319 481.868 47.3579 434.51 83.5753 138.32 57.8771 159.451 151.334 13.5728 44.3043 58.321 50.7193 21.4506 25.6982 14.6907 10.8649 688.102 34.0387
internal_count=23570 17841 5729 3528 14313 13764 12133 8153 1631 916 3980 2949 2234 224 2010 579 715 297 715 677 58 239 549 508 119 282 84 60 5610 270
is_linear=0
shrinkage=0.05


Tree=32
num_leaves=31
num_cat=0
split_feature=30 30 29 29 29 29 3 30 29 3 29 29 11 3 29 29 29 30 30 7 9 10 12 9 9 4 11 3 9 4
split_gain=868.87 77.7973 48.2621 46.7661 41.6809 49.2893 33.9484 27.1303 23.9919 22.603 18.9172 17.5252 13.1004 11.2362 9.25129 7.67735 7.13966 13.7998 8.90205 6.91616 5.02383 4.38252 4.65956 4.09482 4.00061 3.46306 2.21263 4.19865 6.77493 1.99317
threshold=-117.08349990844725 -93.519866943359361 40.443843841552741 41.947931289672859 35.725976943969734 35.654365539550788 2.2858333587646489 -79.690834045410142 39.408555984497077 3.2831250429153447 35.743635177612312 35.699068069458015 -2.6854166984558101 1.8760417103767397 45.319818496704109 43.175634384155281 40.443843841552741 -96.901752471923814 -112.49425125122069 0.54791668057441723 218.74305725097659 19.993055343627933 -3.1645833253860469 93.895832061767592 246.22917175292972 5.7691667079925546 0.60069444775581371 1.8618749976158144 176.36111450195315 3.9108333587646489
decision_type=2 2 2 2 2 2 2 2 2 2 2 2 2 2 2 2 2 2 2 2 2 2 2 2 2 2 2 2 2 2
left_child=2 12 26 4 5 7 10 -3 -8 14 -6 -7 25 19 15 -5 17 -15 -18 24 -16 -4 -23 -11 -14 -2 27 28 -1 -25
right_child=1 3 21 9 6 11 8 -9 -10 23 -12 -13 13 16 20 -17 18 -19 -20 -21 -22 22 -24 29 -26 -27 -28 -29 -30 -31
leaf_value=0.048617425111540359 -0.067467892298159027 0.0304932748737703 -0.056067400747102751 -0.014202097538289219 0.046626658199244851 -0.026829011408507505 -0.018928842540958155 -0.013912584813272006 -0.0026708311343035807 0.002878251588508711 0.00049988690076683152 -0.048798587451378939 0.017559781796611235 0.00080600846752689175 -0.0088324980421166412 -0.051654663220771425 -0.034912002944215335 0.021459317882268562 0.029140421600881983 -0.089743848413960353 0.055716786206387828 -0.050095836644008955 0.011332167500502114 -0.01457353333804539 -0.03520213791321606 -0.012642528111280381 0.054306147390469496 0.050642504276427726 -0.048108991893363935 -0.05624216048530653
leaf_weight=4.303670071065425 6.9230228587985021 37.384573988616467 6.7508511468768146 45.288657180964947 23.261887960135937 273.42876075953245 642.49719931185246 430.33729713410139 350.8236059397459 3.1373760849237433 499.87025248259306 135.88505318760872 5.9891439527273205 256.69910146296024 6.281712129712103 19.607226252555847 5.8821270763874045 118.08317483961582 69.722013778984547 3.7849116474390021 5.7952364087104797 4.4357540011405954 10.153627917170521 2.9520516470074645 8.9790319651365262 4.9323916658759117 626.37991118058562 25.519301369786263 3.1247136145830154 103.11813025176525
leaf_count=33 47 173 42 262 120 1917 3834 2616 1869 23 2581 1044 27 1156 33 131 26 528 289 20 28 27 50 19 44 25 5340 212 25 1029
internal_value=0.00015203 -0.011211 0.0512466 -0.0146532 -0.0127756 -0.0214517 -0.00775772 -0.0103633 -0.0131868 -0.0387912 0.00255099 -0.0341225 0.00725004 0.00856179 -0.01804 -0.0255178 0.0101408 0.00731328 0.024157 -0.0293597 0.0221421 -0.0227576 -0.0073444 -0.0534173 -0.0140908 -0.044658 0.0536418 0.0410125 0.00792993 -0.0550825
internal_weight=3741.33 3060.66 680.668 2579.67 2393.49 877.036 1516.45 467.722 993.321 186.18 523.132 409.314 480.995 469.14 76.9728 64.8959 450.386 374.782 75.6041 18.7531 12.0769 21.3402 14.5894 109.208 14.9682 11.8554 659.328 32.9477 7.42838 106.07
internal_count=23570 17841 5729 15679 14154 5750 8404 2789 5703 1525 2701 2961 2162 2090 454 393 1999 1684 315 91 61 119 77 1071 71 72 5610 270 58 1048
is_linear=0
shrinkage=0.05


Tree=33
num_leaves=31
num_cat=0
split_feature=30 30 29 13 13 30 29 2 29 30 29 30 30 29 29 13 2 29 30 9 5 10 2 2 30 10 30 10 13 2
split_gain=814.245 72.1822 46.185 30.3789 29.8742 28.0923 27.5674 24.3943 19.7634 19.473 24.3772 15.8822 37.7832 16.688 13.9951 13.8916 13.3789 11.7184 10.8576 8.81992 9.53091 8.17197 7.9183 7.49326 8.15082 6.26714 4.12637 5.53219 2.39363 2.07627
threshold=-117.08349990844725 -84.907409667968736 40.443843841552741 82.772914886474624 2.4458333253860478 -79.114654541015611 35.468124389648445 1.6892727613449099 35.514999389648445 -79.192516326904283 35.878482818603523 -80.495098114013658 -80.06703948974608 40.443843841552741 34.860479354858406 72.291667938232436 -0.28487318754196161 35.038000106811531 -96.908473968505845 254.5138854980469 0.19510152190923694 80.090278625488295 -3.9098213911056514 4.9183359146118173 -76.660556793212876 76.840278625488295 -121.76800155639647 52.659723281860359 84.55625152587892 4.5089156627655038
decision_type=2 2 2 2 2 2 2 2 2 2 2 2 2 2 2 2 2 2 2 2 2 2 2 2 2 2 2 2 2 2
left_child=2 4 -1 7 29 9 17 11 -8 14 -11 13 -13 -3 -5 16 21 -7 -18 22 -21 -6 -17 25 -25 -9 27 -4 -28 -2
right_child=1 3 26 5 15 6 8 23 -10 10 -12 12 -14 -15 -16 19 18 -19 -20 20 -22 -23 -24 24 -26 -27 28 -29 -30 -31
leaf_value=0.053255258456106604 -0.057980721503152255 0.022253946356784085 -0.06696800973911661 0.052218622813645914 0.0068803828435553176 -0.016874916125737119 0.031840189467289275 -0.035257449109929548 -0.0035512524381900914 -0.041874383670058933 0.0058235675221161272 0.035603486382719755 -0.017650797845944317 -0.054861746268084169 -0.013469100821649607 -0.024499293908331013 0.0017315706373253088 -0.05837592871189648 -0.03899188802204593 -0.012358697795337228 0.0087696245013536619 -0.048349609082383616 0.018638769819287457 -0.026688474410221125 0.028377226771818309 -0.057881374588512571 -0.022809744519353418 0.0011033582169950357 0.029711334175919785 0.0014458474427376823
leaf_weight=631.62128163129091 20.769234679639343 8.2714725881814939 7.5810949131846446 8.3807228803634626 112.35154481232166 40.112179853022099 41.743459865450859 149.54288246482611 716.76303678750992 142.65636482834816 32.979730516672134 34.911392562091351 724.54231335222721 46.202214501798153 249.77800361067057 11.183695062994955 25.989669449627399 29.532976672053337 44.209921941161156 72.124510139226913 205.33126905560493 7.1221319809555999 217.92391289770603 50.806797116994858 7.7444998398423186 38.489319644868374 4.1448328271508199 4.9229782745242119 4.5515944808721542 1.5817530453205098
leaf_count=5610 254 44 50 32 504 245 203 1196 3686 1063 183 188 4556 370 1576 53 123 211 323 335 918 34 969 392 35 333 22 28 19 15
internal_value=0.000152218 -0.0107244 0.0508187 -0.0150093 0.00312428 -0.009767 -0.00436779 -0.0212473 -0.00160353 -0.0200746 -0.032918 -0.0170733 -0.0152027 -0.0431522 -0.0113367 0.0049509 -0.0065911 -0.0344734 -0.023915 0.00927259 0.00327733 0.00358798 0.016533 -0.0350247 -0.019405 -0.0398885 -0.0217715 -0.0401676 0.00467909 -0.0537752
internal_weight=3693.87 3041.05 652.822 2322.46 718.588 1261.95 828.152 1060.51 758.506 433.795 175.636 813.927 759.454 54.4737 258.159 696.237 189.673 69.6452 70.1996 506.563 277.456 119.474 229.108 246.583 58.5513 188.032 21.2005 12.5041 8.69643 22.351
internal_count=23570 17841 5729 14313 3528 7199 4345 7114 3889 2854 1246 5158 4744 414 1608 3259 984 456 446 2275 1253 538 1022 1956 427 1529 119 78 41 269
is_linear=0
shrinkage=0.05


Tree=34
num_leaves=31
num_cat=0
split_feature=30 30 29 29 30 0 29 30 2 30 2 0 30 30 29 8 29 11 6 9 30 6 3 10 2 12 4 11 3 2
split_gain=763.347 65.7594 44.1942 28.704 26.7971 26.2181 22.3463 22.0701 21.6573 16.6089 12.2865 14.34 9.73208 9.31192 8.33384 7.94623 6.95624 6.69328 5.592 5.24486 5.00883 5.00988 4.02943 4.02032 5.07045 3.17772 2.69049 2.3721 4.33509 9.41644
threshold=-117.08349990844725 -84.907409667968736 40.443843841552741 42.151927947998054 -78.72967147827147 14.588194370269777 35.284490585327156 -78.749805450439439 1.854930102825165 -75.70598983764647 0.95458075404167186 22.8881950378418 -96.966995239257798 -89.672775268554673 43.598333358764656 1.0000000180025095e-35 39.185613632202156 6.4937500953674325 2.3770833015441899 130.52777862548831 -71.887477874755845 2.5874999761581425 3.5354861021041875 19.993055343627933 0.31604553759098059 -0.94374999403953541 3.2860417366027836 0.60069444775581371 2.0820833444595341 -0.39662267267704004
decision_type=2 2 2 2 2 2 2 2 2 2 2 2 2 2 2 2 2 2 2 2 2 2 2 2 2 2 2 2 2 2
left_child=2 5 27 4 7 13 -6 8 -3 -8 14 12 -12 17 16 -16 -7 19 -13 -2 21 -5 -19 -4 25 -25 -22 28 29 -1
right_child=1 3 23 20 6 10 9 -9 -10 -11 11 18 -14 -15 15 -17 -18 22 -20 -21 26 -23 -24 24 -26 -27 -28 -29 -30 -31
leaf_value=0.048188245939398806 -0.073350408241255841 -0.012575728611520091 -0.053486932148856026 -0.060057287831572249 -0.050142260388271236 0.0087282756518780018 0.0062024271873628934 -0.06239829323926447 -0.025708737340269794 -0.014756435237768054 0.0030905458349429534 0.0078561198654961539 -0.031826341647746482 -0.050605624379311577 0.051251561978296813 -0.018495014353738282 0.023361376443702564 -0.0056081525109885171 -0.042358804838840566 -0.01665579463378276 -0.042095156995832127 0.023046556470377511 0.049816582678550346 -0.061674160314228926 0.027304191518570633 0.00090669713003205797 0.018192280638695289 0.053602083083818503 0.051166577118813374 -0.060499380811212713
leaf_weight=5.5866783186793327 4.5552128180861464 1351.5171701908112 6.5213277935981777 44.299750685691833 23.686512604355812 199.07856807112694 305.00195029377937 25.587984710931778 408.89071536064148 136.97589394450188 31.870176702737808 169.96077373623848 53.382300406694412 23.256992869079113 4.6517645120620719 33.441394150257111 137.17979022860527 7.7733066976070386 5.7311932891607276 39.049104414880276 3.7516273260116568 1.8909426033496846 5.6721104830503464 4.3239643052220345 6.3436708450317374 3.8210456818342191 3.6521930396556854 574.39603804051876 21.895927287638187 3.0978347212076205
leaf_count=45 30 8396 42 491 162 904 1439 163 2889 715 139 764 326 282 21 176 593 35 26 209 22 17 23 28 29 20 19 5340 199 26
internal_value=0.0001517 -0.0102616 0.0504039 -0.0143718 -0.013511 0.00297895 -0.00282869 -0.0162962 -0.0156261 -0.000293054 0.00638164 -0.00194678 -0.0187733 -0.0239393 0.012187 -0.00997788 0.014698 -0.0130684 0.00621807 -0.0225785 -0.0505355 -0.0566552 0.0177734 -0.0208857 -0.00621199 -0.0323158 -0.0123563 0.0528797 0.0393106 0.00941851
internal_weight=3646.84 3020.86 625.986 2305.25 2251.66 715.603 465.664 1786 1760.41 441.978 635.296 260.944 85.2525 80.3067 374.352 38.0932 336.258 57.0497 175.692 43.6043 53.5945 46.1907 13.4454 21.01 14.4887 8.14501 7.40382 604.976 30.5804 8.68451
internal_count=23570 17841 5729 14313 13764 3528 2316 11448 11285 2154 2949 1255 465 579 1694 197 1497 297 790 239 549 508 58 119 77 48 41 5610 270 71
is_linear=0
shrinkage=0.05


Tree=35
num_leaves=31
num_cat=0
split_feature=30 30 13 13 30 2 30 4 0 1 9 6 7 10 11 2 30 30 2 30 30 9 9 2 6 2 2 9 11 3
split_gain=715.825 59.8418 28.2338 26.4518 25.7041 22.6986 15.2252 14.577 19.558 14.5559 15.6708 13.5412 16.9975 13.5155 12.7542 15.0564 9.54586 8.78747 20.5504 12.8967 8.12419 8.01159 5.42511 7.67255 5.40157 9.12743 5.40412 4.02209 3.19857 4.02713
threshold=-117.08349990844725 -84.907409667968736 82.772914886474624 2.4458333253860478 -79.035778045654283 -1.3876682519912718 -122.51169967651366 2.9118750095367436 6.3083331584930429 10.339583396911623 129.18055725097659 0.36041666567325598 0.027083333581686023 70.034721374511733 19.25625038146973 2.9309653043746953 -78.014999389648423 -79.294250488281236 -1.2705486416816709 -79.12176132202147 -84.990852355957017 273.31944274902349 304.81250000000006 0.76903465390205394 2.8770833015441899 0.25161749124526983 -1.9416278600692747 123.86805343627931 1.1972222328186037 2.1236805915832524
decision_type=2 2 2 2 2 2 2 2 2 2 2 2 2 2 2 2 2 2 2 2 2 2 2 2 2 2 2 2 2 2
left_child=6 3 5 -2 17 7 22 16 -9 27 -11 12 -6 -13 15 20 -3 18 -4 -19 -5 -17 23 -1 26 -26 -16 -7 29 -8
right_child=1 2 4 14 11 9 28 8 -10 10 -12 13 -14 -15 24 21 -18 19 -20 -21 -22 -23 -24 -25 25 -27 -28 -29 -30 -31
leaf_value=-0.017998607521420865 -0.052566399964814138 -0.028563494413202356 0.054996043416508822 0.0036471092163844832 -0.006801705825693484 -0.034514832000530689 0.013405771648013865 -0.033951050322701647 8.3209363219458507e-05 -0.0030622056940322775 -0.026894065566564696 0.0010462379251884256 0.02646026366023926 -0.017358596813880526 0.060840395237584201 -0.035952166612795391 0.011034622600312523 -0.025154881939370013 -0.010623741583672675 -0.0097778060730691879 0.045384149009126268 -0.0060895344757096589 -0.0496734363926555 0.077610498304372555 0.019403487315106296 -0.075262022040781404 0.017342267719016237 -0.053512705782728681 0.052163533058246794 0.04829038542743247
leaf_weight=5.4196437224745733 20.907277166843414 137.64479299634695 13.564176961779593 425.81414116173983 69.464299067854881 66.886743761599064 12.135652728378771 50.34126415848732 261.38602931052446 84.513077341020107 375.26722511649132 275.24727704375982 85.911334276199341 156.44328666478395 7.5290639400482169 35.374642595648766 17.111788883805275 295.30391628295183 99.11965162307024 253.32871726155281 11.987657167017458 61.517613604664803 4.2582451924681655 3.4241006970405579 6.594217896461485 4.1479494869709015 138.33009627461433 47.748611062765121 548.93835517764091 25.993008054792881
leaf_count=42 269 893 70 1996 361 546 100 365 1499 558 2668 1385 412 839 31 216 75 2081 597 1454 53 279 31 20 29 20 635 510 5296 240
internal_value=0.000152454 -0.00981516 -0.013753 0.00284246 -0.00868266 -0.019834 0.0500012 -0.0116407 -0.00541303 -0.0264878 -0.0225135 -0.00106785 0.0115897 -0.00562362 0.00451823 0.000842784 -0.024185 -0.0154425 -0.00272484 -0.0180546 0.00478993 -0.0169922 -0.00330649 0.0190191 0.0170675 -0.0171504 0.0195876 -0.0424279 0.0511909 0.0371873
internal_weight=3601.65 3001.48 2289.28 712.203 1248.38 1040.9 600.169 466.484 311.727 574.416 459.78 587.066 155.376 431.691 691.295 534.694 154.757 661.316 112.684 548.633 437.802 96.8923 13.102 8.84374 156.601 10.7422 145.859 114.635 587.067 38.1287
internal_count=23570 17841 14313 3528 7199 7114 5729 2832 1864 4282 3226 2997 773 2224 3259 2544 968 4202 667 3535 2049 495 93 62 715 49 666 1056 5636 340
is_linear=0
shrinkage=0.05


Tree=36
num_leaves=31
num_cat=0
split_feature=30 30 29 29 29 29 2 29 30 4 1 11 6 10 30 30 30 4 30 9 11 9 10 2 10 4 2 12 4 11
split_gain=670.625 54.9935 43.1237 41.181 34.4272 44.1712 37.6167 32.049 31.8353 20.1981 15.5464 11.1315 8.65533 10.8991 7.12191 6.8521 22.4837 9.5934 8.70825 8.04262 7.15225 6.72844 3.6331 4.51462 3.37959 4.24106 3.313 2.88237 2.56741 2.46838
threshold=-117.08349990844725 -93.519866943359361 40.443843841552741 41.947931289672859 35.725976943969734 35.699068069458015 2.6290760040283208 35.741001129150398 -79.690834045410142 4.6856250762939462 24.098809242248539 -2.6854166984558101 0.35208332538604742 45.576387405395515 -79.149951934814439 -96.901752471923814 -96.908473968505845 2.0618749856948857 -95.704093933105455 97.604167938232436 18.20624923706055 167.0138854980469 19.993055343627933 0.31604553759098059 17.618055343627933 5.3802084922790536 -4.1986544132232657 -0.94374999403953541 2.2814583778381352 0.60069444775581371
decision_type=2 2 2 2 2 2 2 2 2 2 2 2 2 2 2 2 2 2 2 2 2 2 2 2 2 2 2 2 2 2
left_child=2 11 29 4 5 8 7 -6 -3 12 -8 24 28 -14 -7 16 17 -13 21 -20 -18 -17 -4 27 -2 -26 -11 -24 -5 -1
right_child=1 3 22 9 6 14 10 -9 -10 26 -12 15 13 -15 -16 18 20 -19 19 -21 -22 -23 23 -25 25 -27 -28 -29 -30 -31
leaf_value=0.037909298941706894 -0.072705039099153088 0.030563217272278467 -0.052702800469690704 -0.0051445038835321883 0.06063861190252641 -0.057730220976836888 -0.033918716675865448 -0.003506826581409521 -0.01635713971927805 0.0065579275432589863 -0.0081829129239101225 -0.036786918676928702 0.022487089984827551 -0.022814479436791449 -0.034004318578112244 -0.015628277707552179 -0.064054588395225417 0.0091926550154824687 -0.083680752677756376 0.010985869115574604 -0.012216416060424728 0.044730226838891191 -0.060663241713666965 0.024321300217068145 -0.055944403599317127 0.02597126110690632 -0.056104806657661314 -0.00060101028773845168 -0.051338571084155696 0.052958027273192987
leaf_weight=28.735779769718647 5.116159647703169 38.182706512510777 6.3813507407903698 3.4840494692325619 19.787598095834255 63.448928140103817 150.23131626844406 1223.1428173780441 679.59118518978357 2.1684694290161124 96.292717531323433 11.805272489786146 18.016590774059296 50.471302829682827 63.069858781993389 5.3364458829164496 14.565037667751314 290.6092466711998 2.2988829612731925 93.281080313026905 12.250717833638189 34.256767749786377 4.2212458178400993 6.302345171570777 3.4212104976177216 2.9361468404531479 77.334311250597239 3.791769862174986 22.00926648825407 526.68102185055614
leaf_count=270 30 177 42 18 103 541 1095 6705 4529 13 501 59 109 315 503 24 69 1286 11 434 55 152 28 29 26 16 907 20 163 5340
internal_value=0.000151754 -0.00938613 0.0495388 -0.0123437 -0.0105966 -0.0186627 -0.0060244 -0.00248562 -0.0138612 -0.0358465 -0.0238663 0.00619651 -0.0201549 -0.0108973 -0.0459028 0.0073985 0.00350689 0.00739776 0.016877 0.00870895 -0.0403724 0.036595 -0.0213264 -0.00733982 -0.0424554 -0.0181116 -0.0543957 -0.0322417 -0.0450254 0.0521794
internal_weight=3559.22 2983.11 576.114 2507.23 2333.75 844.293 1489.45 1242.93 717.774 173.484 246.524 475.877 93.9812 68.4879 126.519 464.403 329.23 302.415 135.173 95.58 26.8158 39.5932 20.6967 14.3154 11.4735 6.35736 79.5028 8.01302 25.4933 555.417
internal_count=23570 17841 5729 15679 14154 5750 8404 6808 4706 1525 1596 2162 605 424 1044 2090 1469 1345 621 445 124 176 119 77 72 42 920 48 181 5610
is_linear=0
shrinkage=0.05


Tree=37
num_leaves=31
num_cat=0
split_feature=30 30 29 1 30 13 29 2 2 29 29 30 13 2 30 1 29 7 9 29 2 10 13 30 30 30 10 2 0 13
split_gain=629.154 51.1311 41.2847 26.3409 25.0527 23.5445 22.1573 21.5999 21.539 19.9699 20.0667 16.557 10.2965 10.9088 9.05386 7.96748 16.6833 7.96104 7.81464 7.63332 7.30716 6.9842 5.33919 5.04279 6.71051 3.58232 4.8654 2.3336 2.17275 2.04988
threshold=-117.08349990844725 -84.907409667968736 40.443843841552741 10.339583396911623 -79.028789520263658 2.4458333253860478 35.468124389648445 2.7582298517227177 -5.4933619499206534 35.652334213256843 35.725976943969734 -79.056720733642564 72.291667938232436 -0.28487318754196161 -96.908473968505845 7.2830357551574716 35.725976943969734 0.4812499880790711 254.5138854980469 34.40844917297364 -3.9098213911056514 80.090278625488295 101.43333435058595 -75.049243927001939 -78.934486389160142 -121.76800155639647 52.659723281860359 4.5953156948089608 21.446527481079105 1.0000000180025095e-35
decision_type=2 2 2 2 2 2 2 2 2 2 2 2 2 2 2 2 2 2 2 2 2 2 2 2 2 2 2 2 2 2
left_child=2 5 29 8 9 27 19 -8 15 11 -11 -5 13 21 -15 17 -17 -3 20 -6 -14 -7 -20 24 -10 26 -4 -2 -27 -1
right_child=1 3 25 4 6 12 7 -9 23 10 -12 -13 18 14 -16 16 -18 -19 22 -21 -22 -23 -24 -25 -26 28 -28 -29 -30 -31
leaf_value=0.036619699722850417 -0.05624540613806428 -0.0074453340132666279 -0.064590441841025498 -0.0005316591737499171 0.00088967556163088875 0.0064669009936596834 0.00016544127478996422 -0.02161206825519554 -0.032440810997205409 -0.029159326305434014 -0.013252953587378819 -0.058754872274861841 -0.02448829642738019 0.0015703275582544468 -0.0360496950807591 -0.04214431464577164 0.0531997088816928 -0.056822058626025886 -0.0053914651459650185 -0.048620862143355779 0.016998648711027301 -0.044729870621764645 0.008626991634314041 0.034866291373737868 -0.054184481407324583 -0.02205770265426267 0.00063322782831086509 0.010852542483887244 0.028151590040889036 0.052469103025790081
leaf_weight=21.249786570668221 18.085473716259006 47.834556505084038 7.0849353075027484 234.70529132336378 9.8431932926177961 111.71614637970924 764.57904160767794 133.78441242873669 114.27003473043442 335.65805896371603 484.44775032997131 12.880506344139574 11.166908144950865 25.833946377038956 41.985412664711475 6.9821385368704822 13.381169050931929 9.8430783376097661 122.44891312718391 37.231102176010609 214.2360228523612 7.083897076547145 152.53319062292576 2.3308785483241072 51.464945483952761 4.142840735614298 4.7938543409109116 1.3958432525396336 4.4898190200328827 510.49665826559067
leaf_count=217 255 314 50 1445 62 504 3996 833 1046 2591 3056 91 53 123 323 51 66 72 563 267 969 34 690 13 410 22 28 14 19 5393
internal_value=0.000150772 -0.00897369 0.0491508 -0.012645 -0.0107573 0.00276653 -0.00482984 -0.00307767 -0.0280861 -0.016006 -0.0197632 -0.00356069 0.0043036 -0.00571965 -0.0217194 -0.00637911 0.0205083 -0.0158718 0.00804178 -0.0382683 0.0149433 0.0034141 0.0023846 -0.0381657 -0.0391928 -0.0204554 -0.0382685 -0.0514378 0.00405599 0.0518357
internal_weight=3517.98 2965.72 552.258 2259.24 2013.13 706.486 945.438 898.363 246.107 1067.69 820.106 247.586 687.004 186.619 67.8194 78.0409 20.3633 57.6776 500.385 47.0743 225.403 118.8 274.982 168.066 165.735 20.5114 11.8788 19.4813 8.63266 531.746
internal_count=23570 17841 5729 14313 12341 3528 5158 4829 1972 7183 5647 1536 3259 984 446 503 117 386 2275 329 1022 538 1253 1469 1456 119 78 269 41 5610
is_linear=0
shrinkage=0.05


Tree=38
num_leaves=31
num_cat=0
split_feature=30 30 29 29 30 13 30 29 30 1 11 29 30 10 10 3 30 6 10 0 11 3 9 4 7 30 9 7 6 6
split_gain=590.4 46.5215 39.5457 26.5123 22.1486 21.9935 21.7364 19.3341 19.1628 16.6618 10.3063 11.3318 31.272 13.1619 5.34082 6.17348 5.03236 5.18394 3.34241 2.87205 2.65096 4.51633 7.03659 2.54891 2.46756 2.11151 1.67563 1.55598 0.977568 0.827892
threshold=-117.08349990844725 -84.907409667968736 40.443843841552741 42.151927947998054 -78.72967147827147 2.4458333253860478 -78.759498596191392 35.284490585327156 -78.769439697265611 22.662797927856449 19.25625038146973 37.560050964355476 -109.12405014038085 54.187500000000007 21.458333015441898 1.5426388978958132 -71.887477874755845 2.5874999761581425 19.993055343627933 14.588194370269777 0.60069444775581371 2.0820833444595341 176.36111450195315 3.2860417366027836 0.031250000931322582 -78.749805450439439 121.47916793823244 0.022916667163372043 1.0000000180025095e-35 0.047916667535901077
decision_type=2 2 2 2 2 2 2 2 2 2 2 2 2 2 2 2 2 2 2 2 2 2 2 2 2 2 2 2 2 2
left_child=2 5 20 4 6 29 8 24 -3 -9 11 12 -7 -13 27 -16 17 -5 28 -20 21 22 -1 -18 -6 -8 -23 -12 -4 -2
right_child=1 3 18 16 7 10 25 9 -10 -11 14 13 -14 -15 15 -17 23 -19 19 -21 -22 26 -24 -25 -26 -27 -28 -29 -30 -31
leaf_value=0.047359155782223564 -0.025354883831106113 -0.01380223542875139 -0.070062388028236597 -0.058970917416534777 -0.0093234244141326417 0.050003177570392549 -0.034600661902994712 -0.0083532087386385453 0.024850183005393885 0.011173727374453008 0.029157597038718792 0.0089433924631437105 -0.040029998033911704 -0.0090177403711698516 -0.038216781650454446 0.014997086720291861 -0.039700071311750712 0.028025107336954638 -0.034101611202016789 0.011948131081225626 0.052349426031099523 0.0027553967119260353 -0.04693177667124554 0.019715202441786116 -0.054199091802943924 -0.060423454397358592 0.054349723563311962 0.06660914687183582 -0.030212930789117933 -0.055085556386351979
leaf_weight=4.3721698671579388 2.7418708726763752 1665.2995008379221 3.116945423185828 39.80969861894846 3.6619991213083294 12.339201197028158 11.654341526329516 234.00247301906347 32.69568532705307 204.89851319789886 5.2733366638421995 325.63725808262825 44.167870081961155 148.51792915910482 5.675460308790206 137.38050235807896 3.6121525615453711 1.7893510088324536 5.6003311201930037 8.5631757378578168 482.28256818652153 1.7338928356766725 3.6142429262399673 3.608188584446907 18.7361084446311 24.682077057659626 17.029908291995525 5.8499269485473633 3.0400656536221504 16.037904281169176
leaf_count=40 29 11023 23 491 22 55 83 1225 179 929 25 1501 224 764 27 637 22 17 38 39 5340 18 31 19 140 163 181 26 19 240
internal_value=0.000149647 -0.00858043 0.0487691 -0.0120972 -0.0112869 0.00263752 -0.0138768 -0.00154957 -0.013058 0.000762834 0.00410137 0.000795167 -0.0203698 0.00331749 0.0154809 0.0128859 -0.0485408 -0.0552289 -0.0196302 -0.0062602 0.0514996 0.0361787 0.00468789 -0.0100087 -0.0468621 -0.0521412 0.0495821 0.048854 -0.0503865 -0.0507448
internal_weight=3477.42 2948.07 529.353 2244.45 2195.63 703.621 1734.33 461.299 1698 438.901 684.841 530.662 56.5071 474.155 154.179 143.056 48.8194 41.599 20.3205 14.1635 509.033 26.7502 7.98641 7.22034 22.3981 36.3364 18.7638 11.1233 6.15701 18.7798
internal_count=23570 17841 5729 14313 13764 3528 11448 2316 11202 2154 3259 2544 279 2265 715 664 549 508 119 77 5610 270 71 41 162 246 199 51 42 269
is_linear=0
shrinkage=0.05


Tree=39
num_leaves=31
num_cat=0
split_feature=29 29 29 29 11 4 0 10 11 29 29 29 2 1 7 8 11 11 29 29 29 29 2 10 3 2 29 29 2 0
split_gain=101.331 225.647 48.9478 41.3267 25.9188 21.2716 20.9389 20.2879 19.7859 16.2142 40.7626 34.2652 10.8014 12.6485 10.7194 10.5213 8.56289 8.24764 7.82384 7.79472 15.6902 8.01028 7.78818 6.88614 6.70435 6.33827 6.26857 23.2168 18.7428 14.377
threshold=36.579669952392585 38.308649063110359 35.016698837280281 41.455064773559577 14.509027481079103 6.774583339691163 22.727777481079105 3.9930555820465092 22.438194274902347 35.725976943969734 35.699068069458015 35.838500976562507 -0.8136516511440276 19.394941329956058 1.2229166626930239 5.5000000000000009 -3.3381944894790645 5.4180555343627939 36.046298980712898 34.492685317993171 34.860479354858406 34.728954315185554 -3.9098213911056514 13.090277671813967 2.5245138406753544 -2.3456133604049678 41.268846511840827 41.317014694213874 0.80029761791229259 22.239583015441898
decision_type=2 2 2 2 2 2 2 2 2 2 2 2 2 2 2 2 2 2 2 2 2 2 2 2 2 2 2 2 2 2
left_child=2 4 6 26 16 12 19 -4 9 10 -9 -11 17 -14 -6 18 24 -5 -10 -1 21 -21 -18 -8 -2 -7 -3 28 -28 -29
right_child=1 3 7 5 14 25 23 8 15 11 -12 -13 13 -15 -16 -17 22 -19 -20 20 -22 -23 -24 -25 -26 -27 27 29 -30 -31
leaf_value=0.048912453451553234 0.047958501176690017 0.003524059328793341 0.038805602198089609 0.029254783497051441 0.017403468967515826 0.034895716323559152 0.056228765062677849 -0.013024646839628257 0.001106057082264139 0.0120040473497104 -0.046480820629017101 -0.013007233978208955 -0.034419967643622117 -0.0092511802346129015 -0.049575793977093024 0.074360270499356493 0.019387323081784029 -0.0047492457140206369 0.04719886562925163 0.01167024752193447 0.041919542311377796 -0.062670337718604294 0.048955220531234314 -0.0037264388524439517 -0.063171784463195893 -0.051873549992906158 0.089762589970472345 0.020073467130530646 0.0043276192792469628 -0.032497552758601472
leaf_weight=46.178208656609058 2.3708965480327597 681.30451405420899 20.696042105555534 21.127231605350971 47.774093344807625 2.2166146188974372 5.096788026392459 594.87103816121817 106.43364065885544 172.62002509087324 107.49540781229734 662.44652720540762 73.116847354918718 157.32686020433903 6.8271658420562735 5.7528512775897971 23.879824854433537 114.34424636512995 10.078247264027594 7.8406537771224958 26.447502695024014 6.7371278740465641 330.51546177268028 79.354706943035126 3.174098514020443 41.665193103253841 16.341424711048607 33.153022840619087 10.573047444224356 21.399811059236526
leaf_count=412 25 3619 151 101 227 13 33 4160 605 1026 946 4129 633 882 33 25 225 594 41 76 280 53 3801 448 22 578 80 164 69 119
internal_value=0.000149753 0.00942097 -0.0077952 -0.00178878 0.0411288 -0.0145952 0.0176372 -0.0103932 -0.0110067 -0.0125462 -0.018145 -0.00783705 -0.0106503 -0.0172369 0.0090286 0.00835226 0.0459982 0.000553797 0.00509307 0.0348225 0.0189627 -0.0226863 0.0469629 -0.000108043 -0.0156553 -0.0474905 0.00509145 0.0181994 0.0562004 -0.000548924
internal_weight=3439.16 1587.11 1852.05 1172.57 414.542 409.797 171.655 1680.39 1659.7 1537.43 702.366 835.067 365.915 230.444 54.6013 122.265 359.94 135.471 116.512 87.2035 41.0253 14.5778 354.395 84.4515 5.545 43.8818 762.772 81.4673 26.9145 54.5528
internal_count=23570 11185 12385 6852 4333 2801 1302 11083 10932 10261 5106 5155 2210 1515 260 671 4073 695 646 821 409 129 4026 481 47 591 4051 432 149 283
is_linear=0
shrinkage=0.05


Tree=40
num_leaves=31
num_cat=0
split_feature=30 1 29 30 30 29 29 0 29 29 30 30 29 29 30 11 29 30 30 30 29 12 13 0 10 11 3 29 30 30
split_gain=529.217 43.5285 37.0587 35.7006 24.4172 18.1768 31.5489 13.977 13.8712 29.6813 12.3203 8.75746 9.00476 8.35717 7.1899 7.02765 10.4172 15.6946 7.23646 6.79176 6.56169 5.80779 5.51348 4.38276 6.4127 2.68394 3.64045 4.11332 10.4798 2.25284
threshold=-117.08349990844725 16.207738876342777 41.108394622802741 -84.907409667968736 -79.035778045654283 41.408981323242195 36.020755767822273 6.5298612117767343 41.89190864562989 41.191854476928718 -75.049243927001939 -112.49425125122069 35.468124389648445 41.720960617065437 -76.660556793212876 19.25625038146973 37.560050964355476 -109.12405014038085 -96.966995239257798 -104.80995178222655 35.661382675170906 5.4895834922790536 122.62083435058595 14.588194370269777 19.993055343627933 1.1972222328186037 2.1236805915832524 36.978399276733406 -120.85049819946288 -80.748550415039048
decision_type=2 2 2 2 2 2 2 2 2 2 2 2 2 2 2 2 2 2 2 2 2 2 2 2 2 2 2 2 2 2
left_child=2 7 25 15 8 6 -6 10 9 -5 19 -9 -13 -7 -14 16 17 -3 -18 -2 -21 22 -17 -4 -25 26 27 -1 -29 -10
right_child=1 3 23 4 5 13 -8 11 29 -11 -12 12 14 -15 -16 21 18 -19 -20 20 -22 -23 -24 24 -26 -27 -28 28 -30 -31
leaf_value=0.055264575563237328 0.048111886872492633 0.042649325256759678 -0.068245733886526258 -0.015609838856376811 -0.0068856269421958757 -0.034811048052961008 0.015496817066335251 0.054127430440840799 -0.05978488853359492 0.021781642302176114 0.080325162237554093 -0.062914949264268133 -0.017610232190508134 -0.0094871491437114926 0.008753271202938789 0.011985594250875437 0.012634070526088984 -0.035191863502556923 -0.00075834761402859678 -0.0091290435634098464 -0.043850338204511986 -0.026901195156480276 0.036014717657494484 -0.05167207177652075 0.019171887413980918 0.051759562294989327 0.048609831890528581 0.031484597379500032 -0.10174962198313307 -0.025103522462830697
leaf_weight=3.6987912207841891 2.2683815807104102 7.9210761934518805 4.1626754477620151 832.36116375774145 453.71134471148252 51.83396027982235 241.09991993755102 4.3697883486747733 18.636101886630062 56.687971904873848 2.2569815441966048 10.426206916570662 393.15413469448686 87.702071666717529 27.682656079530716 114.92333540320396 171.43989595770836 35.481657341122627 245.03103956580162 15.694095119833944 102.32146772742271 7.9550187289714804 30.13093213737011 5.3584989085793477 7.9089769124984741 442.55248777940869 21.426125377416611 4.72507468983531 2.1463317424058914 6.2538244500756255
leaf_count=35 10 38 32 5621 2567 286 1112 19 201 337 10 76 2810 526 137 538 742 169 1203 121 1078 38 139 37 35 5289 238 43 20 63
internal_value=0.000145753 -0.0079388 0.0481185 -0.00497031 -0.00861052 -0.00242614 0.000881094 -0.020496 -0.0142563 -0.0132257 -0.0354141 -0.0162996 -0.0170133 -0.0188943 -0.015876 0.00541361 0.00232526 -0.0209857 0.00475463 -0.0375858 -0.039233 0.0146957 0.016977 -0.0234846 -0.00944074 0.0507485 0.0367639 0.012752 -0.010132 -0.0510709
internal_weight=3411.32 2919.34 491.979 2361.17 1748.29 834.347 694.811 558.174 913.939 889.049 122.541 435.633 431.263 139.536 420.837 612.883 459.874 43.4027 416.471 120.284 118.016 153.009 145.054 17.4302 13.2675 474.549 31.9963 10.5702 6.87141 24.8899
internal_count=23570 17841 5729 13580 10713 4491 3679 4261 6222 5958 1219 3042 3023 812 2947 2867 2152 207 1945 1209 1199 715 677 104 72 5625 336 98 63 264
is_linear=0
shrinkage=0.05


Tree=41
num_leaves=31
num_cat=0
split_feature=30 13 29 30 30 2 29 29 5 29 29 30 13 13 11 5 2 9 5 30 30 30 13 4 5 29 5 12 11 4
split_gain=496.958 39.2245 35.5929 31.3033 24.6687 20.5788 17.8361 17.1647 12.98 15.2 13.0285 10.7223 10.5681 9.9277 9.74099 12.5426 8.71909 7.35477 10.8648 8.38434 6.78033 6.69193 5.60509 4.87952 5.21292 3.98397 3.76413 4.01496 2.83158 4.04349
threshold=-117.08349990844725 49.885417938232429 40.443843841552741 -84.907409667968736 -79.035778045654283 -2.7638716697692867 35.468124389648445 41.408981323242195 0.6451309621334077 35.633329391479499 41.191854476928718 -73.27999114990233 0.87291666865348827 91.764583587646499 6.7743055820465097 0.10271408781409265 5.1153595447540292 185.14583587646487 0.82170727849006664 -79.196075439453111 -84.990852355957017 -79.252529144287095 105.00208282470705 5.7691667079925546 0.39589247107505804 35.79699897766114 0.42095914483070379 -1.8937500119209287 0.60069444775581371 2.4743750095367436
decision_type=2 2 2 2 2 2 2 2 2 2 2 2 2 2 2 2 2 2 2 2 2 2 2 2 2 2 2 2 2 2
left_child=2 5 28 16 8 11 13 -8 9 -5 -10 14 25 -6 15 -2 20 18 -14 -19 22 -16 -3 24 -18 -7 -4 -28 29 -1
right_child=1 3 26 4 6 12 7 -9 10 -11 -12 -13 17 -15 21 -17 23 19 -20 -21 -22 -23 -24 -25 -26 -27 27 -29 -30 -31
leaf_value=0.0017031948432755023 0.032936629703912916 0.0023882159628957084 0.0087188849449554157 0.0012977676976366126 0.0066063974278143109 0.0017007724813152695 0.0035495577358462108 -0.016544203303390095 -0.0073544209367943196 -0.020553628974349133 0.033381024811556213 0.082723396942307903 -0.018934287929178617 -0.048981270547592499 0.025040137022399635 -0.018185397413383566 -0.060234000362017287 -0.018359436247487454 0.032892540604848766 -0.042178559610606292 0.039061072551999476 -0.0060809126291162634 0.013141520796729624 0.01162992033790592 -0.014192822512247995 -0.051450080072983621 -0.070489691802887111 -0.011334268021328604 0.051581762676110567 0.046842875123480093
leaf_weight=6.913065671920779 12.930971272289751 342.25882587581873 7.9540802463889149 93.030457191169262 11.026434004306791 3.8286677226424208 625.19146013259888 128.04874780774117 196.17566235363483 550.60210943594575 21.810842655599117 3.2770183086395255 197.82597338408232 29.578322812914848 30.590271458029747 166.30796613544226 8.3104577139019984 70.41966588050127 10.657172974199055 77.720666319131851 16.172149315476418 39.679842457175255 187.60751788318157 11.649690382182596 23.626028306782246 44.54293018579483 4.8857115358114251 6.9466522932052586 427.18837476894259 17.570418797433376
leaf_count=64 70 1598 47 550 73 34 3208 744 1274 3928 138 12 1532 221 153 1088 51 531 65 587 72 236 864 54 113 645 32 40 5340 206
internal_value=0.000145257 -0.00758767 0.0477586 -0.00444167 -0.00796519 -0.0183254 -0.00160642 0.000133674 -0.0138238 -0.0173952 -0.0032786 -0.0071313 -0.0253124 -0.0338861 -0.00831144 -0.0144973 0.00545115 -0.0223377 -0.016285 -0.030856 0.00716898 0.00746683 0.00619559 -0.0160695 -0.0261736 -0.0472431 -0.0178798 -0.0357602 0.050634 0.0340974
internal_weight=3374.33 2902.87 471.458 2245.09 1655.46 657.781 793.845 753.24 861.619 643.633 217.987 252.786 404.995 40.6048 249.509 179.239 589.625 356.623 208.483 148.14 546.038 70.2701 529.866 43.5862 31.9365 48.3716 19.7864 11.8324 451.672 24.4835
internal_count=23570 17841 5729 12888 10136 4953 4246 3952 5890 4478 1412 1559 3394 294 1547 1158 2752 2715 1597 1118 2534 389 2462 218 164 679 119 72 5610 270
is_linear=0
shrinkage=0.05


Tree=42
num_leaves=31
num_cat=0
split_feature=30 1 29 30 2 30 30 29 1 29 29 29 29 0 13 2 1 30 30 30 30 2 29 29 30 30 29 6 13 5
split_gain=466.581 36.9663 34.2283 29.3692 22.6461 20.4803 16.8269 28.1751 15.4812 14.2203 13.458 26.2161 12.4264 9.11649 8.95233 8.81653 9.47953 15.1236 12.6465 8.12592 7.1694 6.01728 6.03957 5.86414 5.13475 17.1061 12.8509 4.42528 4.15784 3.43337
threshold=-117.08349990844725 16.207738876342777 40.443843841552741 -84.907409667968736 -5.4933619499206534 -79.035778045654283 -78.970527648925767 36.020755767822273 10.339583396911623 41.191854476928718 41.89190864562989 41.191854476928718 35.981050491333015 6.3083331584930429 9.1541666984558123 0.95458075404167186 25.006845474243168 -96.966995239257798 -97.084445953369126 -112.49425125122069 -79.203132629394517 6.2567675113677987 35.642248153686531 41.806915283203132 -96.901752471923814 -96.908473968505845 41.556880950927741 1.747916638851166 0.24791666865348819 0.42095914483070379
decision_type=2 2 2 2 2 2 2 2 2 2 2 2 2 2 2 2 2 2 2 2 2 2 2 2 2 2 2 2 2 2
left_child=2 4 -1 15 9 10 12 -8 21 13 11 -5 -7 28 -10 24 17 -17 -18 -16 -15 22 -6 -11 25 -3 -26 -12 -2 -4
right_child=1 3 29 5 8 6 7 -9 14 23 27 -13 -14 20 19 16 18 -19 -20 -21 -22 -23 -24 -25 26 -27 -28 -29 -30 -31
leaf_value=0.05032157320210711 -0.010820071337876699 0.0090644582249193688 0.0082710687148308832 -0.014337825714639547 -0.0051985252013382064 0.016162614591749704 -0.016743995722124847 0.0036948172826230144 0.041172711609353901 0.078553897092627875 -0.05654105856480194 0.020694252703344712 -0.051351173099581364 -0.014076921105536639 0.052282932641124928 0.010487954351876095 -0.013890745566644928 -0.024674687281363114 0.02020139214240621 -0.018959195519526732 0.019727434304894445 0.038346954122652717 -0.039457508921094148 0.010868764178978307 0.021705967176890231 -0.042427915909478885 -0.011888332863056692 0.022179580942336328 -0.047554469855899437 -0.034260174755801225
leaf_weight=432.25120603665709 16.97744378447533 152.14027659595013 7.9652038812637356 819.92572326213121 13.997347943484781 143.29201770573854 307.19013997167349 373.77760457247496 6.5971523299813262 7.6432890444993955 21.903374746441845 57.125070013105869 7.1558866798877707 27.095691069960594 4.0675097703933707 48.711755886673927 42.460163801908493 82.151346758008003 75.697517558932304 250.69418706744909 37.243960738182068 2.7139865681529036 158.97097060084343 5.5047659054398537 155.5456216186285 18.04157055914402 34.843848757445812 1.9436906948685635 14.100913539528845 11.737387619912623
leaf_count=5610 121 691 47 5621 107 775 1783 1882 33 33 248 337 51 160 18 210 196 448 349 1793 217 20 1625 27 708 84 181 16 107 72
internal_value=0.000143834 -0.00725018 0.0473839 -0.00451953 -0.0189709 -0.00784105 -0.00218187 -0.0055253 -0.024048 0.00146717 -0.0130638 -0.0120561 0.0129514 -0.00525011 -0.0163326 0.00491945 -0.00231619 -0.0115859 0.00795032 -0.0178217 0.00549123 -0.035526 -0.0366851 0.0502158 0.00991658 0.00360557 0.0155578 -0.0501248 -0.0274873 -0.017066
internal_weight=3339.47 2887.51 451.954 2341.91 545.607 1732.31 831.416 680.968 437.041 108.566 900.898 877.051 150.448 95.418 261.359 609.592 249.021 130.863 118.158 254.762 64.3397 175.682 172.968 13.1481 360.571 170.182 190.389 23.8471 31.0784 19.7026
internal_count=23570 17841 5729 13580 4261 10713 4491 3665 3596 665 6222 5958 826 605 1844 2867 1203 658 545 1811 377 1752 1732 60 1664 775 889 264 228 119
is_linear=0
shrinkage=0.05


Tree=43
num_leaves=31
num_cat=0
split_feature=6 29 29 1 29 29 11 29 29 2 29 29 4 29 29 6 2 29 11 0 29 29 11 11 0 29 13 29 5 1
split_gain=114.409 41.2889 51.93 31.2539 30.8861 28.4263 27.9411 23.4588 39.5358 25.8462 24.849 19.8938 18.7036 16.9338 15.9176 14.8005 14.0435 18.1186 13.5121 13.0974 12.1384 11.8006 10.6312 10.488 8.41909 10.1155 6.94979 6.71727 6.31995 6.02387
threshold=0.006250000325962902 36.020755767822273 41.455064773559577 14.231547355651857 35.633329391479499 36.028999328613288 5.7333333492279062 35.725976943969734 35.975336074829109 1.6892727613449099 35.699068069458015 39.046882629394538 4.6445834636688241 35.981050491333015 39.309597015380866 0.44374999403953558 3.4212473630905156 35.630987167358406 12.998610973358156 28.346527099609379 35.468124389648445 34.492685317993171 19.681249618530277 -3.3381944894790645 16.474306106567386 44.524425506591804 95.075000762939467 35.712720870971687 0.44311843812465673 7.2830357551574716
decision_type=2 2 2 2 2 2 2 2 2 2 2 2 2 2 2 2 2 2 2 2 2 2 2 2 2 2 2 2 2 2
left_child=11 4 3 6 16 -5 14 10 9 -9 19 13 22 20 -3 -7 17 21 24 -6 -1 -2 26 -15 -13 -26 -4 -12 -19 -14
right_child=1 2 12 5 7 15 -8 8 -10 -11 27 18 29 23 -16 -17 -18 28 -20 -21 -22 -23 -24 -25 25 -27 -28 -29 -30 -31
leaf_value=0.03577687239454351 0.022488275697300518 0.01861366479631596 -0.0058828029322010372 0.11061352194874566 -0.016411498341768162 0.011943829880679239 0.043861672961848355 0.0057141218243144916 -0.03574343528060233 -0.020943425250569109 -0.054480464974894754 -0.027149655608959506 -0.051156947654684849 -0.037906535280490969 -0.02655736499210648 -0.00083051826964190888 -0.027507032881981905 0.033815341035861597 -0.059048725726766442 0.042419286452301898 -0.0068852212672168012 -0.000502996411910732 -0.047215197675210679 0.048458016388754181 0.046212027833150301 -0.024292822314933113 0.026716575471403194 -0.030014059178391353 0.10604497844559435 -0.023911042946123808
leaf_weight=36.898908779025078 71.840144567191601 77.279630720615387 233.24135239049792 6.2542810738086692 368.51754083484411 350.592309307307 104.68450857698917 381.02884908765554 95.567720614373684 119.42761960625648 53.583168089389801 9.3812811151146871 26.685655880719423 3.5977985560894004 26.085994623601437 641.88570462167263 32.556344486773014 6.657778285443781 7.7994965538382521 9.7097858339548093 30.417432434856892 250.13354261592031 14.794139184057711 153.31304561719298 19.653874993324283 6.8640834540128699 17.581437602639198 58.881812952458858 5.5555539205670357 84.603484056890011
leaf_count=417 503 795 1336 25 2796 2117 1227 2223 623 867 516 82 504 25 173 3511 228 39 47 55 200 1662 84 2037 146 31 80 520 30 671
internal_value=0.000142287 -0.00262073 0.00296424 0.00802418 -0.0087061 0.00435164 0.025654 -0.0129403 -0.00627474 -0.000647365 -0.0210367 0.0314632 -0.0132368 0.0374779 0.00721402 0.00368201 0.00384053 0.0068944 0.000600671 -0.0149012 0.0164997 0.00462691 -0.00602712 0.0464778 0.0135601 0.0279621 -0.00359775 -0.0416709 0.0666709 -0.0304442
internal_weight=3305.07 3037.15 1583.69 1206.78 1453.46 998.732 208.05 1086.72 596.024 500.456 490.692 267.926 376.906 224.227 103.366 992.478 366.743 334.187 43.6987 378.227 67.3163 321.974 265.617 156.911 35.8992 26.518 250.823 112.465 12.2133 111.289
internal_count=23570 20585 10523 7848 10062 5653 2195 7600 3713 3090 3887 2985 2675 2679 968 5628 2462 2234 306 2851 617 2165 1500 2062 259 177 1416 1036 69 1175
is_linear=0
shrinkage=0.05


Tree=44
num_leaves=31
num_cat=0
split_feature=30 1 29 30 2 5 30 30 1 29 29 12 29 5 5 12 2 6 11 13 2 30 2 29 29 30 30 29 30 10
split_gain=421.085 33.5027 32.3165 24.7632 20.6397 19.4839 26.9142 24.4551 14.3477 13.9775 12.7664 11.6729 9.18553 8.30794 10.8017 8.26229 7.97387 8.4445 11.3752 7.9443 7.52788 7.22164 5.62019 5.91235 4.94263 4.87034 15.1915 11.0752 3.27593 4.59488
threshold=-117.08349990844725 16.207738876342777 40.443843841552741 -84.907409667968736 -5.4933619499206534 0.40456041693687445 -80.495098114013658 -80.06703948974608 10.339583396911623 34.967180252075202 41.191854476928718 -5.4854166507720938 41.947931289672859 0.1047484762966633 0.15510996431112292 -6.5520834922790518 0.95458075404167186 2.5437500476837163 20.898611068725589 9.1541666984558123 4.6905150413513192 -112.49425125122069 5.4515011310577401 35.857364654541023 41.806915283203132 -96.901752471923814 -96.908473968505845 41.556880950927741 -121.76800155639647 52.659723281860359
decision_type=2 2 2 2 2 2 2 2 2 2 2 2 2 2 2 2 2 2 2 2 2 2 2 2 2 2 2 2 2 2
left_child=2 4 -1 16 10 11 9 -8 22 -7 13 20 -13 15 -15 -2 25 18 -18 -10 -5 -21 23 -6 -12 26 -3 -27 29 -4
right_child=1 3 28 5 8 6 7 -9 19 -11 24 12 -14 14 -16 -17 17 -19 -20 21 -22 -23 -24 -25 -26 27 -28 -29 -30 -31
leaf_value=0.049820845115154222 -0.0083569680160654799 0.0083587627632525103 -0.061176962938014404 -0.022317225727077339 -0.023682386907437163 0.049770231150368355 0.044492655130265818 -0.0016366676487186667 0.038387331582472796 -0.047170277534470555 0.073167968302464179 -0.0088571024961753425 -0.039579605406528086 -0.055914495333587499 -0.0029654609821037001 0.085562606700044855 -0.0045626949817724289 -0.053974640284826306 0.029933204961220872 0.050302280475079258 -0.065002727296794016 -0.018003691499823875 0.025539891689055755 -0.043062969704953713 0.011194575220392806 0.020601209978588969 -0.04002237839763171 -0.010681346442746095 0.007353972982451897 0.0041382390034469061
leaf_weight=402.32327568903565 4.5690257251262665 151.33329330384731 6.4410905465483683 133.5431018024683 64.00454343110323 4.0693694502115241 29.784664414823055 812.35524156689644 6.6610886082053176 43.117678340524435 7.7582322061061841 659.47212688624859 25.261334247887135 11.061059303581713 74.550933964550495 4.8035800158977491 213.15413689613342 7.6746742576360694 26.915880784392357 3.9310032576322547 11.194692857563494 247.44252260774374 3.8459574133157721 102.16796924173832 5.4967142418026924 153.91159465163946 18.173660114407539 34.666369237005711 8.5342795476317388 4.6269831731915474
leaf_count=5610 30 691 50 927 561 16 160 4864 33 333 33 4090 231 85 469 21 1038 40 125 18 92 1793 31 1160 27 708 84 181 41 28
internal_value=0.000136525 -0.0067404 0.0467664 -0.00414155 -0.0180055 -0.00720535 -0.00206414 -5.17342e-06 -0.0229379 -0.0388102 0.00150093 -0.0127176 -0.00999052 -0.00491372 -0.00980647 0.039778 0.00455074 -0.00234563 -0.000695125 -0.0155074 -0.0256187 -0.0169355 -0.0342152 -0.0355982 0.0474681 0.00932206 0.00317159 0.0148505 -0.0159235 -0.0338721
internal_weight=3282.85 2860.92 421.926 2324.63 536.293 1718.8 889.327 842.14 428.053 47.187 108.24 829.471 684.733 94.9846 85.612 9.37261 605.83 247.745 240.07 258.035 144.738 251.374 170.018 166.173 13.2549 358.085 169.507 188.578 19.6024 11.0681
internal_count=23570 17841 5729 13580 4261 10713 5373 5024 3596 349 665 5340 4321 605 554 51 2867 1203 1163 1844 1019 1811 1752 1721 60 1664 775 889 119 78
is_linear=0
shrinkage=0.05


Tree=45
num_leaves=31
num_cat=0
split_feature=6 29 29 29 29 1 11 1 6 29 13 29 2 1 12 8 29 11 2 11 10 9 11 9 10 29 10 4 8 4
split_gain=99.3043 35.7382 93.3574 24.1313 23.3059 18.5982 18.0646 16.7893 15.9675 15.7189 14.8133 14.6786 12.4739 13.4261 11.8966 11.2847 11.233 10.4125 8.59923 8.3982 9.33394 8.73423 7.69142 11.8032 7.66419 7.38301 7.31985 6.07806 4.38843 4.16091
threshold=1.0000000180025095e-35 36.579669952392585 38.308649063110359 41.806915283203132 34.492685317993171 19.603868484497074 22.438194274902347 25.715179443359379 1.7854166626930239 44.524425506591804 2.1354167461395268 41.799581527709968 2.0225673913955693 5.5369048118591317 -8.7208333015441877 5.5000000000000009 41.455064773559577 15.057639122009279 -3.746260285377502 -1.920138895511627 62.868055343627937 163.97222137451175 1.1972222328186037 176.36111450195315 57.576387405395515 39.046882629394538 81.270832061767592 2.4327082633972172 1.5000000000000002 3.0664583444595341
decision_type=2 2 2 2 2 2 2 2 2 2 2 2 2 2 2 2 2 2 2 2 2 2 2 2 2 2 2 2 2 2
left_child=9 4 5 11 7 22 12 -2 18 14 -5 16 13 -6 -1 26 -4 -12 -7 21 25 -16 23 -3 28 -21 -8 -14 -9 -26
right_child=1 2 3 10 6 8 15 24 -10 -11 17 -13 27 -15 19 -17 -18 -19 -20 20 -22 -23 -24 -25 29 -27 -28 -29 -30 -31
leaf_value=-0.011180640495955395 0.039158061589592959 0.055715107311292533 0.0031759226415673646 -0.050592991152342587 -0.032995768478215136 -0.043431486113393772 -0.00068665738353128781 -0.079455040825616913 -0.052138253772305701 -0.037004074152262277 -0.0030801206294166269 0.04601337696337722 -0.002287196710216302 -0.0062465370059988264 0.054255009457325802 0.059968531338626965 -0.014327840696389097 -0.025332194238479367 0.025852798411618107 0.04619548875356988 -0.0090927934667748098 -0.052654861644002605 0.046401009822995221 -0.065190903969714262 0.047882081498213103 0.017208406109758281 0.030416268963854409 -0.021044034918567274 -0.017430068420843815 -0.0080013381444240875
leaf_weight=13.246873144060372 45.762269042432308 4.1013709381222707 714.89377304166555 27.207403384149075 48.98344249278307 4.7951658964157096 101.03247136622667 3.5590543374419275 8.2476428002119047 7.9151514433324328 138.66373180598021 18.462626025080681 50.731193523854017 1108.4160133935511 3.0771799534559232 10.149704009294508 105.1388627961278 84.674463916569948 67.811060424894094 160.67763431742787 9.3007465526461583 5.0384964197874069 138.92930899932981 3.9749136157333851 6.7537320703268033 25.445392988622189 23.274079114198685 290.56093659624457 14.35031748563051 6.5723731964826584
leaf_count=92 395 52 3764 529 390 29 580 21 39 53 862 74 339 7443 33 46 594 632 505 2189 113 41 1986 36 30 194 129 2262 83 35
internal_value=0.000134881 -0.00224573 0.00394535 -0.00214412 -0.00701319 0.0330496 -0.00828058 0.0198687 0.0137882 0.0322051 -0.01576 0.00192435 -0.00985567 -0.00737862 0.034732 0.00927587 0.000931712 -0.0115166 0.021277 0.0377201 0.0397899 -0.0121184 0.0436435 -0.00379133 -0.00839164 0.0422326 0.00513678 -0.0182559 -0.029756 0.0203206
internal_weight=3251.75 3027.05 1316.9 1089.04 1710.15 227.859 1633.15 76.9977 80.8539 224.701 250.546 838.495 1498.69 1157.4 216.786 134.456 820.033 223.338 72.6062 203.539 195.424 8.11568 147.006 8.07628 31.2355 186.123 124.307 341.292 17.9094 13.3261
internal_count=23570 20855 9102 6455 11753 2647 11189 564 573 2715 2023 4432 10434 7833 2662 755 4358 1494 534 2570 2496 74 2074 88 169 2383 709 2601 104 65
is_linear=0
shrinkage=0.05


Tree=46
num_leaves=31
num_cat=0
split_feature=6 29 29 29 1 29 29 29 29 29 29 29 29 2 6 0 29 12 9 1 0 11 11 10 2 11 9 10 0 29
split_gain=92.012 33.2258 41.9232 27.037 22.2202 31.1013 28.9899 25.7169 20.0523 19.0253 42.0166 24.2411 18.5938 16.4655 15.893 15.5169 14.7635 15.337 14.7585 19.1147 10.6143 8.49195 8.2973 7.14919 7.10163 6.39978 8.54711 8.02311 6.00125 5.92403
threshold=1.0000000180025095e-35 36.020755767822273 41.317014694213874 35.975336074829109 17.766667366027836 38.592149734497077 36.20991516113282 41.268846511840827 34.492685317993171 35.725976943969734 35.654365539550788 35.741001129150398 36.028999328613288 -0.8136516511440276 0.67708334326744091 25.078472137451175 39.046882629394538 -8.3374996185302717 91.423610687255874 17.363987922668461 18.154167175292972 12.909028053283693 16.897916793823246 36.194444656372077 -2.0713120698928829 -1.920138895511627 163.97222137451175 55.062500000000007 27.95624923706055 44.524425506591804
decision_type=2 2 2 2 2 2 2 2 2 2 2 2 2 2 2 2 2 2 2 2 2 2 2 2 2 2 2 2 2 2
left_child=16 3 4 8 5 6 -3 12 15 10 -10 -11 -6 22 -9 -2 17 -1 -15 -20 -7 23 24 29 -4 26 -19 -27 -17 -18
right_child=1 2 13 -5 7 20 -8 14 9 11 -12 -13 -14 18 -16 28 21 25 19 -21 -22 -23 -24 -25 -26 27 -28 -29 -30 -31
leaf_value=-0.016206297966674634 0.03970965677527924 -0.0099505692316769062 -0.0036820504125871451 -0.033702010935650166 0.094635201180541431 -0.0081418631705176357 0.040478548035037726 0.10721224153200537 -0.0017023241542898555 0.049373208430527199 -0.025129495933416825 -0.0021779158055875146 0.0017409774575983417 0.075953440866533217 0.021580376527075305 0.0077576731431663343 0.037205806458110113 0.064807617397837164 -0.044614873274345761 -0.012281131269488755 0.048034148802090761 -0.053189592927236719 -0.029486023865266799 -0.038079708436780713 0.019474446117773436 0.046782053787301464 -0.046860552699144374 0.0088225576011565793 -0.037991201129566499 -0.021866447072321372
leaf_weight=12.514023058116434 41.513092890381813 34.733163990080357 71.7409513220191 93.004536762833595 5.4222419112920752 90.611311305314302 158.76763099431992 9.1724703609943408 425.96330243349075 23.957311697304249 347.5493054613471 473.81015214323997 824.15580273419619 4.1316941119730464 13.239356949925421 24.541710637509823 19.484843514859683 2.7535481229424468 58.303547948598862 211.58579243719578 9.2688740119338018 5.7923285141587249 17.640363737940788 5.6229183822870246 61.486226942390203 147.45567241311073 4.5369733050465584 15.371147651225327 10.126103729009627 5.4260329566895953
leaf_count=99 373 246 375 623 21 608 2189 44 2916 134 2950 2970 4494 25 75 132 145 32 822 1323 51 37 111 61 314 2100 34 182 59 25
internal_value=0.00013179 -0.00214413 0.00288668 -0.00762824 0.00786263 0.0197305 0.0314266 0.00377596 -0.00582858 -0.0073217 -0.0122285 0.000303215 0.00234815 -0.010527 0.0566269 0.0190882 0.0314263 0.0372167 -0.0178304 -0.0192661 -0.00292873 0.00231488 0.00273824 0.0128442 0.007005 0.0411465 -0.00468474 0.0431986 -0.00560509 0.0243388
internal_weight=3229.68 3010.72 1570.26 1440.47 1145.37 293.381 193.501 851.99 1347.46 1271.28 773.513 497.767 829.578 424.889 22.4118 76.1809 218.957 182.631 274.021 269.889 99.8802 36.3261 150.868 30.5338 133.227 170.117 7.29052 162.827 34.6678 24.9109
internal_count=23570 20855 10698 10157 7728 3094 2435 4634 9534 8970 5866 3104 4515 2970 119 564 2715 2447 2170 2145 659 268 800 231 689 2348 66 2282 191 170
is_linear=0
shrinkage=0.05


Tree=47
num_leaves=31
num_cat=0
split_feature=6 29 29 1 29 29 29 29 29 29 29 29 4 3 29 29 11 2 29 0 11 11 4 2 2 11 5 6 29 29
split_gain=85.3172 30.2062 39.8339 24.5604 27.5566 25.7154 23.5896 22.9957 22.843 34.6483 39.8195 23.9511 17.1273 16.8237 14.059 12.9879 12.8809 12.7369 14.1412 11.7264 11.1819 9.1425 8.96539 8.84072 8.48362 8.47541 8.44769 7.83143 7.08909 6.83708
threshold=1.0000000180025095e-35 36.046298980712898 41.317014694213874 14.902083396911623 36.061250686645515 39.79341125488282 35.633329391479499 41.268846511840827 35.725976943969734 35.838500976562507 35.79699897766114 35.699068069458015 6.9479167461395273 2.0311805009841923 39.046882629394538 35.981050491333015 2.6749999523162846 3.0597437620162968 35.630987167358406 28.346527099609379 20.678472518920902 -3.3381944894790645 4.459583282470704 -4.6113355159759513 -2.9038690328598018 10.40347194671631 0.62561148405075084 0.75624999403953563 47.750186920166023 35.712720870971687
decision_type=2 2 2 2 2 2 2 2 2 2 2 2 2 2 2 2 2 2 2 2 2 2 2 2 2 2 2 2 2 2
left_child=14 6 3 5 26 16 17 -6 11 10 -10 19 20 -11 15 24 -3 18 27 -8 23 -17 28 -4 -1 -7 -5 -2 -16 -13
right_child=1 2 12 4 7 25 8 -9 9 13 -12 29 -14 -15 22 21 -18 -19 -20 -21 -22 -23 -24 -25 -26 -27 -28 -29 -30 -31
leaf_value=-0.023294594933912737 0.012769510641707785 0.0025539119377466727 0.026803925158169289 0.074197092650224505 0.0016836636352810738 -0.023751386492725388 -0.014425987980680517 0.051656797215841203 0.0062234642219230543 0.0074924045459184591 0.084639222384634713 -0.053137742868293439 -0.045651330781014549 -0.016409634854417786 0.022488838013662485 -0.035363340975844829 0.039208525637018266 -0.023440788581909112 0.059723605433233108 0.041066893606311106 -0.05658663990213008 0.047470780903453247 -0.0484312160050131 -0.0075536324809601669 0.025992356889966983 0.054407173431701795 0.0012911879293082725 -0.0029599521159394712 -0.06190179979501307 -0.02782270002674013
leaf_weight=11.096997875720261 161.25411738082767 29.3177834674716 19.74963141977787 18.148229330778126 838.73100616782904 30.788073755800724 359.64160604774952 23.6700778901577 162.77258689701557 91.466226726770401 17.97735458612442 50.713590838015079 31.303415723145008 377.29712202399969 26.273112572729591 3.4248084574937812 131.34311500191689 38.112203981727362 12.286083944141863 9.7787070125341398 11.141959734261034 121.72929406538606 7.0317059457302085 360.30365970730782 40.947171725332737 3.9089228659868231 5.0870503261685363 155.38350108265877 2.7488943189382544 56.261504627764225
leaf_count=78 1113 291 97 79 4839 205 2812 123 986 482 91 522 538 2511 203 25 1804 274 68 55 74 1900 52 2261 444 19 25 1066 13 520
internal_value=0.000126843 -0.00204786 0.00295463 0.00804263 0.00450295 0.0240894 -0.00708571 0.00305526 -0.0106742 -0.00457482 0.0140227 -0.01899 -0.0100634 -0.0117458 0.030684 0.0364749 0.0325197 0.00392223 0.00709276 -0.0129571 -0.00721563 0.045204 0.00222269 -0.00576823 0.0154833 -0.0149461 0.0582353 0.0050506 0.0144956 -0.0398238
internal_weight=3209.69 2996.44 1503.49 1080.99 885.636 195.358 1492.94 862.401 1125.91 649.513 180.75 476.395 422.499 468.763 213.252 177.198 160.661 367.036 328.924 369.42 391.195 125.154 36.0537 380.053 52.0442 34.697 23.2353 316.638 29.022 106.975
internal_count=23570 20855 10355 7385 5066 2319 10500 4962 7979 4070 1077 3909 2970 2993 2715 2447 2095 2521 2247 2867 2432 1925 268 2358 522 224 104 2179 216 1042
is_linear=0
shrinkage=0.05


Tree=48
num_leaves=31
num_cat=0
split_feature=30 13 2 11 30 30 6 6 10 0 12 0 30 9 30 6 12 9 3 3 30 4 13 30 2 9 2 30 11 3
split_gain=350.467 29.1097 25.7103 14.3011 12.9776 19.3278 17.1844 16.9652 14.189 12.6951 12.0841 11.2488 10.8704 10.49 9.56716 20.4025 10.5843 9.24475 9.0545 9.02495 14.3778 13.4885 6.66969 9.48911 9.196 4.89639 6.42529 4.46945 4.21504 4.61348
threshold=-117.08349990844725 82.772914886474624 -0.36594201624393458 18.668055534362797 -80.06703948974608 -79.12176132202147 0.36041666567325598 0.031250000931322582 87.479167938232436 4.9256944656372079 -0.41874998807907099 6.5298612117767343 -122.51169967651366 231.92361450195315 -80.461536407470689 1.4604166746139529 -4.6020832061767569 224.59027862548831 1.7070139050483706 2.0495139360427861 -96.908473968505845 2.3439583778381352 104.64791870117189 -96.901752471923814 -1.0473085045814512 304.81250000000006 0.76903465390205394 -76.660556793212876 1.1972222328186037 2.1236805915832524
decision_type=2 2 2 2 2 2 2 2 2 2 2 2 2 2 2 2 2 2 2 2 2 2 2 2 2 2 2 2 2 2
left_child=12 2 3 11 14 10 7 -7 -8 -4 13 27 25 -6 22 16 -16 -13 -12 21 -21 -11 24 -24 -3 26 -1 -2 29 -14
right_child=1 4 9 -5 5 6 8 -9 -10 19 18 17 28 -15 15 -17 -18 -19 -20 20 -22 -23 23 -25 -26 -27 -28 -29 -30 -31
leaf_value=-0.01779952405522851 -0.025953079871903657 0.012769319737842802 -0.05541258233662677 -0.051887510270288553 -0.010951298733059021 -0.022925679770738686 -0.0023088678527781207 0.017971065096671429 -0.029494139870855064 -0.019328893300805366 -0.042797985430550821 0.001795349096446297 -0.00064831631525253568 -0.039887382260746736 -0.0040281913451161878 -0.056901236609791656 0.095148744920827408 -0.011869682328162535 -0.003214182086436377 0.011031138761789728 -0.022902555632581249 0.040403419489713377 0.0014228197459312416 0.022571122115286005 -0.0079942625940914846 -0.052327279690067112 0.079583772121880933 0.029609168591864934 0.048648767345398511 0.043325217491125299
leaf_weight=4.3980934023857099 68.271487910300493 77.014750942587852 24.326128780841827 16.189794600009918 56.485369846224785 29.633519634604454 557.41183664649725 175.77446789294481 52.520523570477962 23.645402155816555 15.871804319322107 432.51126699149609 9.2220570445060748 70.30439317971468 3.6240527182817468 4.1221803203225127 10.439516454935074 173.38685384020209 160.90076919645071 33.703018613159657 422.92107682675123 15.744076102972029 125.45976635813713 91.890347085893154 173.36290302872658 3.5202510952949524 2.7547109797596931 3.8220057785511008 336.04308399558067 16.886689178645611
leaf_count=42 562 363 510 108 423 177 3031 902 341 143 129 2530 100 610 24 26 51 1065 1188 157 3498 94 581 433 878 31 20 17 5296 240
internal_value=0.000120764 -0.00590386 -0.011744 -0.00544566 -0.00148403 -0.00444707 -0.000437305 0.012071 -0.00464976 -0.0201466 -0.0152169 -0.00433667 0.0456795 -0.0269962 0.0053389 0.0409195 0.0695918 -0.00211511 -0.00676828 -0.0184171 -0.0203979 0.00454627 0.00395549 0.0103638 -0.0016075 -0.00405309 0.019705 -0.0230075 0.0471452 0.027793
internal_weight=3192.16 2819.34 1214.52 694.181 1604.82 1118.9 815.34 205.408 609.932 520.34 303.562 677.992 372.825 126.79 485.914 18.1857 14.0636 605.898 176.773 496.014 456.624 39.3895 467.728 217.35 250.378 10.6731 7.1528 72.0935 362.152 26.1087
internal_count=23570 17841 8684 4282 9157 6801 4451 1079 3372 4402 2350 4174 5729 1033 2356 101 75 3595 1317 3892 3655 237 2255 1014 1241 93 62 579 5636 340
is_linear=0
shrinkage=0.05


Tree=49
num_leaves=31
num_cat=0
split_feature=6 29 29 4 29 1 11 0 6 29 12 2 0 2 3 29 1 2 8 10 4 11 0 29 29 0 0 2 29 11
split_gain=73.8037 26.1164 72.9726 19.5965 17.3054 16.7365 15.9289 14.4827 14.2713 12.961 13.9005 10.9987 17.1873 10.7665 10.5092 12.9603 10.0795 9.23505 8.82679 8.4411 8.03305 7.62214 6.98981 6.83686 6.50659 5.87344 5.22155 5.13727 5.09074 5.04797
threshold=1.0000000180025095e-35 36.579669952392585 38.308649063110359 6.9479167461395273 34.492685317993171 19.603868484497074 22.60624980926514 22.727777481079105 1.7854166626930239 39.046882629394538 -8.3374996185302717 0.95458075404167186 23.620138168334964 -3.9098213911056514 2.0910416841506962 35.725976943969734 5.5369048118591317 0.87375774979591381 5.5000000000000009 85.243057250976577 4.1527082920074472 1.1972222328186037 26.117361068725589 47.750186920166023 35.981050491333015 24.45624923706055 27.95624923706055 -0.39662267267704004 35.857364654541023 -3.3381944894790645
decision_type=2 2 2 2 2 2 2 2 2 2 2 2 2 2 2 2 2 2 2 2 2 2 2 2 2 2 2 2 2 2
left_child=9 4 5 11 7 21 14 -2 13 10 -1 17 -13 -7 15 -6 -16 -4 22 26 23 27 -8 -11 28 -22 -9 -3 -12 -26
right_child=1 2 3 -5 6 8 18 19 -10 20 24 12 -14 -15 16 -17 -18 -19 -20 -21 25 -23 -24 -25 29 -27 -28 -29 -30 -31
leaf_value=-0.016127703451343012 0.045614524970243618 0.02586952077014364 0.0028299638232571426 -0.032243551437567762 -0.010890853831673607 -0.063729544250783671 0.022880071296928609 0.0030934443557746028 -0.049388072652270215 0.023577331261428303 0.029731607953202455 -0.017374058085367926 0.004280489506729465 0.024327439019121058 -0.035016573260820673 0.0078342584091254767 -0.010006835887885613 0.048677342380981328 0.05432601339644802 0.065543689765851967 -0.011603046647486613 0.044747476324106979 -0.0030894549661841745 -0.059452692897531481 -0.022687247635889966 -0.1007892062799477 -0.0385970963298852 -0.058257491963314978 -0.019334286843074838 0.047204858012789279
leaf_weight=12.220890432596205 28.463226832449436 4.684222687035799 648.14042440801859 50.226508945226669 178.92563246190548 3.6605040878057471 40.160338506102562 31.629980459809303 8.3367990851402265 24.393714889883999 35.899088654667139 194.74268562719226 173.06563201546669 67.143029533326626 41.865800246596336 191.10343186557293 1068.0930410884321 11.173090830445288 10.368040502071379 4.465533420443534 5.6224204041063768 121.34678022563457 73.024450846016407 2.7597790360450736 2.6458304673433295 2.7484191432595253 9.8490319922566396 2.9622862152755252 6.1993093937635413 109.57824348285794
leaf_count=99 307 58 3539 642 1303 19 221 179 39 192 423 1361 853 515 353 1078 7760 60 46 20 48 1986 428 13 21 15 58 30 39 1865
internal_value=0.000118219 -0.00187539 0.00348734 -0.00174879 -0.00598378 0.0305907 -0.00707759 0.0175886 0.0124892 0.0293555 0.0352039 -0.000257589 -0.0071849 0.0197749 -0.00851745 -0.00122017 -0.0109502 0.00360692 0.0101699 0.000226122 0.0019371 0.0416965 0.00612508 0.0151385 0.0392689 -0.0408858 -0.00680581 -0.0067216 0.0225063 0.0455571
internal_weight=3165.5 2963.43 1285.48 1077.35 1677.95 208.134 1603.54 74.4078 79.1403 202.068 166.543 1027.12 367.808 70.8035 1479.99 370.029 1109.96 659.314 123.553 45.9445 35.5243 128.993 113.185 27.1535 154.322 8.37084 41.479 7.64651 42.0984 112.224
internal_count=23570 20855 9102 6455 11753 2647 11189 564 573 2715 2447 5813 2214 534 10494 2381 8113 3599 695 257 268 2074 649 205 2348 63 237 88 462 1886
is_linear=0
shrinkage=0.05


Tree=50
num_leaves=31
num_cat=0
split_feature=6 1 29 29 1 29 1 2 29 11 6 29 29 29 2 11 11 11 2 4 5 9 29 4 0 0 3 3 1 2
split_gain=68.3277 24.3846 23.8853 63.1149 16.4064 14.3174 13.7864 13.6916 15.3153 14.6724 12.8572 12.3838 12.5334 10.6496 9.26696 8.62765 8.1817 7.73545 7.25036 7.2099 7.00007 6.39186 6.19967 6.00881 5.05359 4.81876 4.59829 4.46649 10.6862 4.30725
threshold=1.0000000180025095e-35 5.5369048118591317 36.579669952392585 38.308649063110359 19.603868484497074 34.40844917297364 25.715179443359379 2.0225673913955693 35.725976943969734 22.303472518920902 1.7854166626930239 39.046882629394538 35.981050491333015 41.455064773559577 -6.3630564212799063 8.6298608779907244 -3.3381944894790645 1.1972222328186037 -2.9038690328598018 4.1527082920074472 0.20345357805490497 129.18055725097659 47.750186920166023 3.0168750286102299 24.45624923706055 22.056249618530277 2.0495139360427861 2.7579860687255864 3.2607142925262456 -0.97018632292747486
decision_type=2 2 2 2 2 2 2 2 2 2 2 2 2 2 2 2 2 2 2 2 2 2 2 2 2 2 2 2 2 2
left_child=11 14 5 4 17 6 -3 8 -7 -9 -6 12 18 20 -2 -15 -14 -4 -1 22 -5 -18 25 -8 -21 29 -20 28 -16 -13
right_child=1 2 3 13 10 7 23 9 -10 -11 -12 19 16 15 27 -17 21 -19 26 24 -22 -23 -24 -25 -26 -27 -28 -29 -30 -31
leaf_value=-0.02235776461731076 -0.00042054352345132455 0.037862501740035207 -0.012605637408019316 -0.0071350520501028449 0.018986767553973473 -0.0092961433240574595 0.018743639046941339 -0.016606889595406318 0.0019073232788067492 0.050950286273733186 -0.046345245224909785 0.031205058946867505 -0.032887921262881793 0.0090712810139053478 0.0769471280483639 -0.011725044421031287 -0.0018918540883036323 0.044160106149298786 0.052506681087774537 -0.011026055718441917 0.0052615821689932689 0.049262098083899725 -0.056668685694541802 -0.026345844388746549 -0.092967799256448463 0.048056696566070915 0.013523989516003129 -0.046943898831622845 -0.035551522930860377 -0.024757135136287869
leaf_weight=10.908729836344717 20.784152247011662 37.281827922910452 6.3276387602090827 142.85019265860319 70.087437257170677 594.45420931279659 12.688320532441141 327.45612405240536 626.56260191649199 8.2393180429935438 8.4372392743825895 6.8386544547975072 3.3725949600338927 60.680548682808876 2.5977724641561499 279.99639464169741 6.4965335652232161 116.40469276532531 10.251025322824715 5.6208489686250669 561.45393527299166 101.7761261947453 2.7508093714714041 17.690943442285061 2.8284492716193199 10.493190653622149 28.867164460942149 44.818978421390057 11.263008043169974 6.9151969961822077
leaf_count=78 158 325 70 769 534 4530 63 2593 3700 44 39 31 25 340 15 1829 111 1978 121 48 2943 1789 13 101 15 91 323 719 105 70
internal_value=0.000115798 -0.00178859 -0.00103226 0.00417477 0.0298146 -0.00502716 0.017489 -0.0060058 -0.0035471 -0.0149488 0.011967 0.0286167 0.0344849 -0.000763294 -0.0291106 -0.00802085 0.0438039 0.0412335 0.0136877 0.00185214 0.00274724 0.0461928 0.0144672 -0.0075136 -0.0384565 0.0225375 0.0237395 -0.0392725 -0.0144671 0.00306824
internal_weight=3147.19 2950.08 2870.61 1246.24 201.257 1624.37 67.6611 1556.71 1221.02 335.695 78.5247 197.119 161.672 1044.98 79.4639 340.677 111.645 122.732 50.0269 35.4471 704.304 108.273 26.9979 30.3793 8.4493 24.247 39.1182 58.6798 13.8608 13.7539
internal_count=23570 20855 19858 8502 2621 11356 489 10867 8230 2637 573 2715 2447 5881 997 2169 1925 2048 522 268 3712 1900 205 164 63 192 444 839 120 101
is_linear=0
shrinkage=0.05


Tree=51
num_leaves=31
num_cat=0
split_feature=30 29 1 2 29 29 29 30 30 2 0 1 29 29 1 13 29 30 30 9 12 6 6 10 10 2 10 2 29 11
split_gain=302.118 29.4807 25.6062 18.2017 16.2078 37.3262 22.0453 30.5471 29.8479 15.3961 18.3365 13.9109 14.6673 12.0331 11.269 10.6852 9.38936 24.8095 10.2599 7.69414 8.8421 7.55732 7.35138 8.11161 6.79876 6.58342 5.72289 5.43169 5.94289 3.62711
threshold=-117.08349990844725 40.443843841552741 16.207738876342777 -5.7725932598114005 35.725976943969734 35.686880111694343 35.743635177612312 -79.022460937499986 -79.210063934326158 1.4698369503021242 23.190972328186039 27.188690185546879 35.701143264770515 41.00056457519532 10.339583396911623 122.62083435058595 35.680410385131843 -79.199592590332017 -79.298500061035142 121.47916793823244 -3.0479166507720943 1.0062500238418581 1.1729166507720949 8.166666507720949 40.618055343627937 -2.8487836122512813 71.006942749023452 5.4515011310577401 35.642248153686531 0.60069444775581371
decision_type=2 2 2 2 2 2 2 2 2 2 2 2 2 2 2 2 2 2 2 2 2 2 2 2 2 2 2 2 2 2
left_child=1 29 3 13 5 16 7 8 -6 15 -11 25 -13 22 27 -8 18 -18 -4 20 -16 -15 23 -2 -21 -7 -24 28 -5 -1
right_child=2 -3 4 14 6 11 9 -9 -10 10 -12 12 -14 21 19 -17 17 -19 -20 24 -22 -23 26 -25 -26 -27 -28 -29 -30 -31
leaf_value=0.026965172092719619 -0.07718295148214932 -0.015595809672899223 0.0094319514683770013 -0.00050880674872948769 0.061508485477338226 0.0040512082956902324 0.0011724529194621508 0.13259597197815448 -0.03640462441663337 -0.022837828314323565 -0.0018226956756704862 0.087065848886842559 -0.027170122276556727 0.01341898003291616 -0.018897768569896424 0.035122656992871003 0.0019220881732655564 0.13249916912037879 -0.0084840928855993824 -0.0084575004827382519 0.018682730553269408 0.091350994150611375 -0.011784479083610249 0.0084976696830497776 -0.027452382117104907 -0.039499021125047551 -0.072945864576922953 0.029785275752272068 -0.034796734901154577 0.04962433609208014
leaf_weight=18.761527810245752 2.8866381943225852 19.135344117879868 100.98696096986532 13.861453674733637 16.826110668480396 9.3240291401743871 1102.6551746055484 6.8767350241541854 14.483060702681543 156.97286520525813 306.42053895071149 4.8381037935614568 6.702538013458252 6.6540502533316594 28.576419532299042 23.673476055264473 18.067969329655174 4.5546814873814574 382.86914517730474 89.380358621478081 34.607313957065344 5.8420223966240883 11.793608151376249 64.167651452124119 99.605720035731792 125.2120450809598 5.6604393720626822 3.6677070111036292 143.09809329546988 301.05733239091933
leaf_count=270 17 119 529 109 90 76 5915 29 92 1066 1609 30 63 33 228 106 143 27 2607 645 222 24 86 411 765 1198 40 31 1650 5340
internal_value=0.000113056 0.0446882 -0.00530181 -0.0154323 -0.00303712 -0.00969485 -0.000368337 0.0371741 0.0162156 -0.00127012 -0.0089415 -0.0319617 0.0207202 0.00405708 -0.0200122 0.00188603 -0.00327274 0.0282115 -0.00474479 -0.0134188 0.00168601 0.0498529 -0.00271465 0.00480918 -0.0184688 -0.0364808 -0.0316194 -0.0303632 -0.0317687 0.0482951
internal_weight=3129.22 338.954 2790.26 509.801 2280.46 652.555 1627.91 38.1859 31.3092 1589.72 463.393 146.077 11.5406 97.0044 412.797 1126.33 506.479 22.6227 483.856 252.17 63.1837 12.4961 84.5083 67.0543 188.986 134.536 17.454 160.627 156.96 319.819
internal_count=23570 5729 17841 4261 13580 4673 8907 211 182 8696 2675 1367 93 611 3650 6021 3306 170 3136 1860 450 57 554 428 1410 1274 126 1790 1759 5610
is_linear=0
shrinkage=0.05


Tree=52
num_leaves=31
num_cat=0
split_feature=6 1 29 29 1 29 29 29 29 29 6 29 3 11 29 11 2 11 9 11 29 5 29 12 9 5 12 3 12 0
split_gain=58.7722 21.6293 19.9955 54.0565 15.6337 13.0661 23.2815 26.4327 22.1243 11.9758 11.3489 11.2668 11.2554 9.29014 9.23933 9.06691 8.39338 8.01172 7.49693 7.42405 6.99476 6.92237 6.56455 7.08693 6.55228 6.38814 5.23209 4.38978 11.8983 4.07864
threshold=1.0000000180025095e-35 5.5369048118591317 36.579669952392585 38.308649063110359 19.603868484497074 35.633329391479499 35.725976943969734 35.838500976562507 35.699068069458015 35.630987167358406 1.7854166626930239 44.524425506591804 2.7944444417953496 -1.920138895511627 41.455064773559577 12.793749809265138 -6.3630564212799063 8.6298608779907244 163.97222137451175 1.1972222328186037 35.981050491333015 0.44311843812465673 39.046882629394538 -3.4645833969116206 150.73611450195315 0.20345357805490497 0.11874999850988389 2.7579860687255864 2.6770832538604741 22.645833015441898
decision_type=2 2 2 2 2 2 2 2 2 2 2 2 2 2 2 2 2 2 2 2 2 2 2 2 2 2 2 2 2 2
left_child=11 16 5 4 19 9 8 -8 -7 12 -6 13 -3 18 25 20 26 -16 -1 -4 -15 -11 23 -17 -22 -5 -2 28 -18 -13
right_child=1 2 3 14 10 6 7 -9 -10 21 -12 29 -14 15 17 22 27 -19 -20 -21 24 -23 -24 -25 -26 -27 -28 -29 -30 -31
leaf_value=0.052057908602575566 0.020674541304406879 0.008455595105938539 -0.012936077275837347 -0.0067906314694728262 0.017706520432869504 -0.010235771470175343 0.015303078102508104 -0.006680866260747602 -0.037064879432287243 0.019058419682153188 -0.043481151755331827 -0.070566740950526702 -0.010700159529109621 0.014666135558512506 0.0090884510590941211 -0.0049976922028196081 -0.03365707148427699 -0.010982886217296949 -0.047555990133427532 0.043181953556486304 0.00091032067146826668 0.088782896840512007 -0.03866652594687997 0.041116403711224991 0.04786309095194724 0.0050618717996143902 -0.030170657039670718 -0.045815913274106466 0.094542505012356268 0.0024805279141219463
leaf_weight=2.6474908739328367 12.02972847223282 225.9226238168776 6.2352015152573577 142.64227489382029 68.581377226859331 349.83042572438717 174.62114718556404 630.16447907313704 98.471268899738789 8.5381002500653249 8.5196334570646268 3.6265498250722876 116.08622094616294 24.450631655752659 60.532986257225275 15.531757950782774 11.212310425937174 278.27640426158905 6.590924046933651 107.55430097877979 8.0367697551846486 6.1052489578723899 5.6176467463374129 17.972673740237951 98.475202679634094 559.94932343065739 8.7323183752596361 42.451796976849437 2.1582777053117743 4.0394541919231415
leaf_count=33 81 1509 70 769 534 2792 1029 3997 1034 52 39 36 911 305 340 120 108 1829 51 1978 141 32 34 223 1755 2943 77 719 12 17
internal_value=0.000109678 -0.00163134 -0.000924764 0.00386862 0.0283285 -0.00459421 -0.00699745 -0.00191082 -0.0161289 0.0038495 0.0109453 0.0272843 0.00195366 0.0298219 -0.000614909 0.0324743 -0.0278522 -0.00739686 -0.0190092 0.0401069 0.0387839 0.0481286 0.0113525 0.0197391 0.0443203 0.00265554 -0.000710463 -0.037947 -0.0129631 -0.0320759
internal_weight=3105.6 2918.62 2842.03 1232.29 190.891 1609.74 1253.09 804.786 448.302 356.652 77.101 186.989 342.009 179.323 1041.4 170.085 76.5844 338.809 9.23841 113.79 130.963 14.6433 39.1221 33.5044 106.512 702.592 20.762 55.8224 13.3706 7.666
internal_count=23570 20855 19858 8502 2621 11356 8852 5026 3826 2504 573 2715 2420 2662 5881 2578 997 2169 84 2048 2201 84 377 343 1896 3712 158 839 120 53
is_linear=0
shrinkage=0.05


Tree=53
num_leaves=31
num_cat=0
split_feature=6 1 9 2 6 13 12 9 11 11 2 5 9 5 0 9 12 10 1 12 12 2 3 12 5 4 11 9 6 10
split_gain=54.3916 20.0146 14.9894 13.9076 15.4383 11.2786 10.1496 9.00382 8.99629 8.18884 8.00028 7.37792 7.16061 6.92054 6.12234 6.1111 6.91482 5.96068 4.80645 4.73679 4.66029 4.21715 4.18995 10.944 4.04038 3.8731 3.44984 3.04466 2.92475 2.87896
threshold=1.0000000180025095e-35 5.5369048118591317 81.409721374511733 1.4698369503021242 2.6812499761581425 122.62083435058595 -0.41874998807907099 254.5138854980469 -1.920138895511627 12.793749809265138 -6.3630564212799063 0.051431171596050269 163.97222137451175 0.58138155937194835 5.3618054389953622 263.47917175292974 -3.2854166030883785 61.631944656372077 17.659820556640629 0.11874999850988389 -3.4145833253860469 1.4005434513092043 2.7579860687255864 2.6770832538604741 0.22616611421108249 7.1310417652130136 11.159722328186037 82.22916412353517 3.1416666507720952 23.284722328186039
decision_type=2 2 2 2 2 2 2 2 2 2 2 2 2 2 2 2 2 2 2 2 2 2 2 2 2 2 2 2 2 2
left_child=8 10 13 5 6 7 -5 -4 12 17 19 -7 -1 14 -3 16 18 25 -11 -2 28 -19 23 -12 -6 29 -16 -24 -15 -10
right_child=1 2 3 4 24 11 -8 -9 9 15 22 -13 -14 20 26 -17 -18 21 -20 -21 -22 -23 27 -25 -26 -27 -28 -29 -30 -31
leaf_value=0.051105409656141125 0.019460269636755869 -0.057422125206449931 0.0022013531922735253 -0.011888665217469315 -0.016632640592542162 -0.070750319656164545 -0.00014421192245023224 -0.0054037303206022269 0.044632514232474774 -0.011641543796742603 -0.032638187248674927 0.026889867903911679 -0.046447265479450849 -0.0081777926739493075 0.043308460072795207 0.030463517070259679 0.02057460804225808 -0.038046476863481275 -0.080336939343175096 -0.028977630194094047 0.023886586479121875 0.037543589294436921 -0.0038782849733585314 0.091388864840726974 -0.056571717299681856 -0.043592553554581803 0.009965713379027295 -0.049533887402905048 -0.07676732700190754 0.02893740819947524
leaf_weight=2.5641265250742418 12.138445768505337 1.8180352225899685 1394.0210359822959 356.45377849414945 9.4822843223810214 2.0095493718981734 380.14819715172052 539.92562920600176 77.182267088443041 7.0561178885400313 10.989958021789787 51.952067472040653 7.0617442727088928 15.587519489228731 36.038196381181479 18.243853986263275 10.266530945897101 4.5881017521023741 3.9839725643396378 8.6396564804017526 13.860624838620422 3.086338983848691 4.0513248965144149 2.1220458857715121 19.06250711902976 1.4467761814594258 9.8858223054558021 37.017036214470863 1.7263571582734574 47.015781097114086
leaf_count=33 81 22 9255 2672 80 12 2729 3661 1368 54 108 265 65 174 569 215 89 56 26 77 152 58 39 12 155 13 101 680 11 738
internal_value=0.000105658 -0.00155663 -0.000881648 -0.00149752 -0.00722567 0.00070724 -0.00582755 7.81408e-05 0.0265838 0.0292035 -0.0270578 0.0232537 -0.0204613 0.0206036 0.0325684 0.00922359 -0.00896315 0.0351307 -0.0364312 -0.000680493 0.00228019 -0.00764731 -0.0371734 -0.0125657 -0.0433044 0.0377436 0.0361309 -0.04503 -0.0150168 0.0386911
internal_weight=3089.43 2906.93 2831.97 2753.06 765.147 1987.91 736.602 1933.95 182.496 172.87 74.9585 53.9616 9.62587 78.9166 47.7421 39.5505 21.3066 133.319 11.0401 20.7781 31.1745 7.67444 54.1804 13.112 28.5448 125.645 45.924 41.0684 17.3139 124.198
internal_count=23570 20855 19858 18829 5636 13193 5401 12916 2715 2617 997 277 98 1029 692 384 169 2233 80 158 337 114 839 120 235 2119 670 719 185 2106
is_linear=0
shrinkage=0.05


Tree=54
num_leaves=31
num_cat=0
split_feature=30 13 2 11 0 3 4 30 12 8 30 30 11 7 11 11 30 30 4 4 9 2 9 11 12 6 11 3 2 10
split_gain=266.473 23.4985 17.8847 14.1569 11.7248 11.1187 14.7592 10.8388 10.5296 13.6109 10.7491 10.322 10.0112 14.9238 9.42997 10.5136 9.26297 10.3117 9.24717 9.19051 16.2611 12.2072 6.04092 5.87734 5.42659 5.557 4.49299 4.62209 8.69756 4.37459
threshold=-117.08349990844725 84.206253051757827 -0.36594201624393458 18.668055534362797 4.9256944656372079 2.0122221708297734 2.3439583778381352 -96.908473968505845 -4.6020832061767569 1.5000000000000002 -95.704093933105455 -122.51169967651366 16.670139312744144 0.027083333581686023 13.570138931274416 17.070138931274418 -75.049243927001939 -79.025478363037095 2.8750000000000004 4.9052083492279062 187.42361450195315 -1.2705486416816709 270.47917175292974 16.756944656372074 -4.1187500953674308 1.0000000180025095e-35 1.1972222328186037 2.1236805915832524 -0.055395962670445435 94.375000000000014
decision_type=2 2 2 2 2 2 2 2 2 2 2 2 2 2 2 2 2 2 2 2 2 2 2 2 2 2 2 2 2 2
left_child=11 2 3 14 -4 6 -6 -7 10 19 -3 24 13 -12 18 -16 17 -11 -2 21 -21 -10 -14 -18 -1 -26 27 28 -13 -5
right_child=1 8 4 29 5 7 -8 -9 9 16 12 26 22 -15 15 -17 23 -19 -20 20 -22 -23 -24 -25 25 -27 -28 -29 -30 -31
leaf_value=-0.075199070286245062 -0.020264780050095684 0.01684893769417228 -0.054603649664225706 -0.053466734046334542 -0.0091390279181703445 0.0088242737621833777 0.062910615353189731 -0.019797158278547541 0.0066843144942171978 0.0022354058692067844 -0.0073972398537077962 0.026457760276917916 -0.0137458763820181 0.063419768743830138 0.011863797130632361 -0.014220428955910226 -0.070058255462994712 0.015185929755623887 -0.0036541326752713718 -0.045183152115062589 0.028792055384502486 -0.01070204444427466 -0.034423389220030735 -0.0046656513344593194 -0.036733816942094204 0.047478790229441681 0.047308051115609887 0.041431216817367736 -0.085793694859968975 0.013984494593166419
leaf_weight=2.1881094649434081 108.5056815892458 32.109372854232788 19.995714487507939 18.714156430214647 24.380700662732124 35.844161704182625 10.032783590257166 428.64325473830104 134.04304561764002 456.67420962452888 40.875250592827797 6.242852158844471 116.52463866025209 9.0947882086038572 154.88530393317342 51.46823076531291 6.3599379658699018 231.68980898708105 367.78926717676222 9.0180472880601865 42.152849085628986 409.0200574696064 50.686716757714748 7.474129393696785 3.2842368520796281 4.8546217121183872 278.79336307942867 14.87389476969838 2.3848849721252936 2.7580667361617079
leaf_count=21 720 147 510 128 147 168 54 3633 760 2641 268 75 738 40 886 340 40 1149 2307 51 205 2499 351 42 34 38 5296 240 25 17
internal_value=0.000101113 -0.00483964 -0.0100181 -0.00482756 -0.0170614 -0.0155567 0.0118661 -0.0175885 -0.000742326 0.0010673 -0.0101532 0.043859 -0.0141454 0.0054918 -0.00357016 0.00535793 0.00578019 0.0065943 -0.00743824 -0.00450187 0.0157551 -0.00641061 -0.0200138 -0.0347286 -0.00529631 0.0134969 0.0455382 0.0245433 -0.00457086 -0.0448028
internal_weight=3081.36 2768.74 1223.02 704.121 518.897 498.901 34.4135 464.487 1545.72 1296.43 249.291 312.622 217.181 49.97 682.648 206.354 702.198 688.364 476.295 594.234 51.1709 543.063 167.211 13.8341 10.327 8.13886 302.295 23.5016 8.62774 21.4722
internal_count=23570 17841 8910 4398 4512 4002 201 3801 8931 7387 1544 5729 1397 308 4253 1226 3872 3790 3027 3515 256 3259 1089 82 93 72 5636 340 100 145
is_linear=0
shrinkage=0.05


Tree=55
num_leaves=31
num_cat=0
split_feature=30 29 13 2 29 9 29 29 29 1 5 30 30 30 12 5 10 9 29 11 30 1 1 2 1 1 30 2 29 29
split_gain=249.788 29.1496 21.4519 18.9042 15.807 17.168 12.9587 24.0336 14.016 12.3738 15.2653 12.0866 20.5345 11.9715 11.9053 11.7923 16.5957 16.4223 11.589 15.6585 11.6353 10.0026 9.32904 8.48195 7.95867 7.50015 7.53276 6.24533 6.57177 5.93767
threshold=-117.08349990844725 40.443843841552741 82.772914886474624 -0.36594201624393458 41.191854476928718 226.79166412353518 35.725976943969734 35.686880111694343 35.743635177612312 27.188690185546879 0.44821386039257055 -79.022460937499986 -79.210063934326158 -76.923053741455064 3.7812500000000004 0.19510152190923694 82.729167938232436 244.42360687255862 41.317014694213874 16.897916793823246 -80.495098114013658 10.339583396911623 15.027083396911623 -5.0095753669738761 23.272321701049808 11.182440757751467 -79.252529144287095 5.4515011310577401 35.857364654541023 35.86003494262696
decision_type=2 2 2 2 2 2 2 2 2 2 2 2 2 2 2 2 2 2 2 2 2 2 2 2 2 2 2 2 2 2
left_child=1 -1 3 4 5 22 7 13 11 24 -11 12 -8 14 -4 17 -17 -10 20 -20 -6 27 -2 -7 -9 29 -27 28 -5 -23
right_child=2 -3 6 21 18 23 8 9 15 10 -12 -13 -14 -15 -16 16 -18 -19 19 -21 -22 25 -24 -25 -26 26 -28 -29 -30 -31
leaf_value=0.047424191187915618 -0.012493513236180821 -0.016608699596604194 -0.0077049076043468976 -0.018793277933312789 -0.032028918553371054 -0.088082278932778924 0.065206851490578782 0.00062567102781231783 0.0079373048589537788 -0.03953553860508089 0.076539993448897642 0.1129810675932304 -0.029280893423196494 0.056841567247987862 0.013578397198502318 0.0064771245366870497 -0.017011804308671587 -0.019380595346939384 0.0090279739036885735 -0.043173597535598317 0.062264971108184478 0.038807379957923605 0.0028522585408571072 -0.023735351071596744 -0.039161995440271116 -0.0073562250774495911 -0.021405682451569333 0.031024258281460011 -0.048445834449706932 -0.015355118341675548
leaf_weight=281.61090395413339 183.26864479482174 18.970496453344822 290.26169745624065 31.705553822219372 4.0773059278726604 5.4056557714939109 12.850462421774868 14.705258466303347 90.483249202370644 5.3737806454300863 5.9894407838582993 4.4367765784263602 10.406654074788094 8.5811183974146825 84.930855192244053 745.02517168968916 83.64093154668808 140.34818086028099 143.6727337911725 15.961488448083399 16.554319977760315 11.692704580724241 215.48365030437708 97.355454038828611 86.496867597103119 163.13312264159322 229.80190544202924 3.6091054566204539 45.499897798523307 8.9204932264983636
leaf_count=5610 1320 119 1876 329 25 34 64 135 482 52 41 17 64 35 515 3799 476 739 770 119 75 83 1262 677 862 1198 1865 31 828 68
internal_value=9.91743e-05 0.0433829 -0.00461526 -0.00973039 -0.00433255 -0.008897 -0.000816069 -0.00751032 0.00224008 -0.0278257 0.0216467 0.0373546 0.0229273 -0.00155157 -0.00288709 0.00132223 0.00410628 -0.00867229 0.0083661 0.00380845 0.0436302 -0.0171746 -0.00420074 -0.0271203 -0.0333806 -0.0140306 -0.0155728 -0.0332633 -0.0362686 0.0153682
internal_weight=3060.25 300.581 2759.67 1176.14 681.779 501.513 1583.53 496.339 1087.19 112.565 11.3632 27.6939 23.2571 383.774 375.193 1059.5 828.666 230.831 180.266 159.634 20.6316 494.363 398.752 102.761 101.202 413.548 392.935 80.8146 77.2055 20.6132
internal_count=23570 5729 17841 8684 4282 3293 9157 3516 5641 1090 93 145 128 2426 2391 5496 4275 1221 989 889 100 4402 2582 711 997 3214 3063 1188 1157 151
is_linear=0
shrinkage=0.05


Tree=56
num_leaves=31
num_cat=0
split_feature=6 1 29 29 29 9 29 29 29 2 29 29 2 2 11 9 4 2 4 29 10 12 0 0 3 3 12 2 12 0
split_gain=43.0682 16.8804 15.3487 25.1262 20.4278 16.9457 15.9656 16.5171 12.5554 12.552 10.5224 11.7728 8.68486 7.43289 6.69705 6.99006 6.05532 5.73767 5.54728 5.48411 4.59898 4.51894 4.42374 4.06454 4.05285 3.90094 8.59415 3.78458 3.55452 3.4352
threshold=1.0000000180025095e-35 5.5369048118591317 36.020755767822273 36.028999328613288 35.975336074829109 90.347221374511733 35.88811111450196 35.652334213256843 41.317014694213874 1.6892727613449099 39.046882629394538 35.981050491333015 -2.704878449440002 -6.3630564212799063 -3.3381944894790645 129.18055725097659 3.2981250286102299 -2.9038690328598018 4.1527082920074472 47.750186920166023 66.145832061767592 0.11874999850988389 22.056249618530277 24.45624923706055 2.0495139360427861 2.7579860687255864 2.4083333015441899 -0.97018632292747486 -0.060416666790843003 14.588194370269777
decision_type=2 2 2 2 2 2 2 2 2 2 2 2 2 2 2 2 2 2 2 2 2 2 2 2 2 2 2 2 2 2
left_child=10 13 4 -4 6 12 7 -3 -7 -8 11 17 -5 21 -13 28 -6 -1 19 22 -18 -2 27 29 -19 26 -15 -12 -16 -20
right_child=1 2 3 5 16 8 9 -9 -10 -11 18 14 -14 25 15 -17 20 24 23 -21 -22 -23 -24 -25 -26 -27 -28 -29 -30 -31
leaf_value=-0.021996459754777046 0.019603425183917975 0.0022785716391868489 0.089776629352072174 -0.0052199973640967776 -0.04095393744236759 0.0040864960711558661 0.021983016162972342 -0.010049577045812767 -0.0065900697389315024 -0.013013554281240798 0.02680279418007829 -0.030219694457600602 0.038645284523425194 -0.034236322462031982 -0.051323951175891148 0.047692408195478347 0.0027425046844166065 0.048896081027131846 -0.051726206891691918 -0.055639439312496854 -0.034014935005239715 -0.028175181728909694 0.045363889475309241 -0.083766364094582324 0.01002896135870837 -0.043689070752168879 0.063417670084391017 -0.026909121672259478 0.027690206608409762 0.028699842778567786
leaf_weight=10.62775484472513 12.079661373049023 460.2132596373558 8.2583233937621099 14.894867978990076 45.824405059218407 1010.8627061676234 101.52730916440487 663.25110579282045 378.45875403657556 34.26955309510231 6.6857670508325109 3.1567092016339293 46.545629866421223 9.7432984784245473 2.6912200432270765 80.983032122254372 19.560468234121799 8.9881145209074003 2.5716391261666995 2.7442719787359229 15.062466591596602 8.383579555898903 9.4200849011540395 2.9030831232666969 26.428834140300751 37.992028638720512 2.9306912347674361 6.4372101686894938 3.0212448649108401 2.7447903081774712
leaf_count=78 81 3307 38 194 292 6669 589 5094 2396 281 31 25 744 102 48 1789 137 121 28 13 117 77 91 15 323 719 18 70 63 20
internal_value=9.62083e-05 -0.00134988 -0.000738554 0.00280958 -0.00460268 0.00231453 -0.00304215 -0.0049995 0.00117814 0.0131513 0.0245943 0.030782 0.0280111 -0.0254039 0.0413169 0.0439217 -0.0290301 0.0102241 -0.000501608 0.0110972 -0.0132486 2.90208e-05 0.0192214 -0.0361855 0.0198927 -0.0356759 -0.0116551 0.000455504 -0.00953444 -0.0102035
internal_weight=3039.26 2869.86 2798.73 1459.02 1339.71 1450.76 1259.26 1123.46 1389.32 135.797 169.404 135.897 61.4405 71.1293 89.8522 86.6955 80.4473 46.0447 33.5068 25.2873 34.6229 20.4632 22.5431 8.21951 35.4169 50.666 12.674 13.123 5.71246 5.31643
internal_count=23570 20855 19858 10041 9817 10003 9271 8401 9065 870 2715 2447 938 997 1925 1900 546 522 268 205 254 158 192 63 444 839 120 101 111 48
is_linear=0
shrinkage=0.05


Tree=57
num_leaves=31
num_cat=0
split_feature=30 29 13 2 29 9 29 29 29 30 29 30 29 29 30 13 5 2 3 4 5 30 3 4 29 11 30 13 3 13
split_gain=228.557 27.6127 19.2066 14.9774 13.8285 12.9172 11.8815 20.4913 13.0485 31.736 19.561 18.892 11.6002 19.107 15.7999 11.3342 13.4456 10.7258 10.2726 13.3784 10.7659 10.5754 12.1397 11.3943 10.2682 14.6743 12.4186 9.31961 8.76868 7.72175
threshold=-117.08349990844725 40.443843841552741 84.206253051757827 -0.36594201624393458 41.191854476928718 226.79166412353518 35.725976943969734 35.686880111694343 35.838500976562507 -79.00915145874022 35.862739562988288 -79.210063934326158 35.468124389648445 35.514999389648445 -79.056720733642564 120.28958129882814 0.44821386039257055 4.5953156948089608 2.0122221708297734 2.3439583778381352 0.39384433627128607 -96.908473968505845 3.7509721517562871 3.8952083587646489 41.317014694213874 16.897916793823246 -80.495098114013658 92.758331298828139 2.9792361259460454 75.974998474121108
decision_type=2 2 2 2 2 2 2 2 2 2 2 2 2 2 2 2 2 2 2 2 2 2 2 2 2 2 2 2 2 2
left_child=1 -1 3 4 5 28 7 12 9 11 -10 -8 14 -14 -4 27 -17 -12 19 20 -5 23 -23 -20 26 -26 -6 -9 -2 -7
right_child=2 -3 6 18 24 29 8 15 10 -11 17 -13 13 -15 -16 16 -18 -19 21 -21 -22 22 -24 -25 25 -27 -28 -29 -30 -31
leaf_value=0.046983712825670244 -0.010938153369820951 -0.015699390395664797 -0.0023842550082727098 -0.066199899873062226 -0.036341018537695578 -0.033472744202298808 0.063114467746218844 0.0067822570736393254 -0.04126238290299343 0.10444988714402775 0.0033065665865424109 -0.00031591676247635426 0.035841818191808782 -0.0014519534917195394 -0.041001049170960729 -0.038359195653543635 0.070684516959013205 -0.017781210969116466 -0.033083509021011627 0.058828875117599801 0.009865566485374927 -0.015516285992081545 -0.036408986905540237 0.0276137757060082 0.0082266395643552058 -0.042270180484328325 0.059158095496923947 -0.03796991766862131 0.0038545298957085913 -0.0061556726749439523
leaf_weight=264.78870072588325 224.2568236514926 18.817627459764481 88.27002626657486 6.2177826315164593 4.2512489929795292 71.076492998749018 14.059059619903563 13.511480540037153 27.095997534692287 9.9664875715970975 864.32312328368425 71.129079073667526 40.986946552991867 211.92717414349318 37.843414030969143 5.1969806626439077 6.1989674121141434 64.820677690207958 11.27061691880226 10.179158963263033 18.469414420425892 349.07167880237103 86.820916343480349 24.626170687377453 144.98370812274516 15.971902523189781 17.084813214838505 83.698064267635345 181.06492438167334 40.673079460859299
leaf_count=5610 1529 119 493 49 26 514 68 127 170 40 4457 372 206 1410 295 52 41 338 58 54 102 2923 1215 111 777 122 76 862 1102 252
internal_value=9.20187e-05 0.0428246 -0.00432293 -0.00904755 -0.00430496 -0.00847955 -0.000620604 -0.00707149 0.00237129 0.0200291 0.000614183 0.0101523 -0.00158495 0.00459183 -0.0139722 -0.0262192 0.0209565 0.0018354 -0.015594 0.0105954 -0.00929248 -0.0175294 -0.0196777 0.00855648 0.00753629 0.00321575 0.0401297 -0.0317497 -0.00432998 -0.0235303
internal_weight=3028.65 283.606 2745.05 1206.02 699.363 517.071 1539.03 487.633 1051.39 95.1546 956.24 85.1881 379.028 252.914 126.113 108.605 11.3959 929.144 506.656 34.8664 24.6872 471.789 435.893 35.8968 182.292 160.956 21.3361 97.2095 405.322 111.75
internal_count=23570 5729 17841 8910 4398 3397 8931 3486 5445 480 4965 440 2404 1616 788 1082 93 4795 4512 205 151 4307 4138 169 1001 899 102 989 2631 766
is_linear=0
shrinkage=0.05


Tree=58
num_leaves=31
num_cat=0
split_feature=30 29 1 2 30 5 30 30 29 3 4 30 9 9 6 29 29 11 10 2 9 29 9 30 4 4 6 11 2 11
split_gain=214.581 26.533 18.3236 15.5277 12.764 15.1167 25.5928 16.8651 12.4647 9.34648 11.1266 17.9717 9.2581 8.65286 14.1318 9.93138 7.87962 17.8143 9.91224 8.9299 8.88652 7.6173 7.70865 7.39323 7.35724 6.65964 6.33977 4.24926 5.77683 3.81144
threshold=-117.08349990844725 40.443843841552741 16.207738876342777 -5.4933619499206534 -84.907409667968736 0.40456041693687445 -80.495098114013658 -80.06703948974608 38.376905441284187 3.354375004768372 3.5581250190734868 -76.040576934814439 72.111110687255874 244.42360687255862 0.72291669249534618 35.659040451049812 39.185613632202156 13.184027671813967 56.770833969116218 -2.9038690328598018 246.22917175292972 41.268846511840827 208.88194274902347 -75.049243927001939 4.7543749809265146 2.5341666936874394 0.2937499880790711 0.60069444775581371 3.9854425191879277 1.0000000180025095e-35
decision_type=2 2 2 2 2 2 2 2 2 2 2 2 2 2 2 2 2 2 2 2 2 2 2 2 2 2 2 2 2 2
left_child=1 27 3 12 16 13 8 -8 -7 10 26 -12 -2 14 -6 -15 17 24 20 -19 -18 22 -14 -11 -4 -20 -5 28 29 -1
right_child=2 -3 4 9 5 6 7 -9 -10 23 11 -13 21 15 -16 -17 18 19 25 -21 -22 -23 -24 -25 -26 -27 -28 -29 -30 -31
leaf_value=0.042589626007318797 -0.057222597728751261 -0.0149578737144812 -0.041868665085951454 -0.0061202996156900329 0.0076816548490204629 0.0087210544899130899 0.038545402172594764 0.00069631548484922292 -0.052229582961762361 -0.030065534027321074 -0.0051474665506500549 0.078714523751864815 0.0057301408125139206 -0.00019118452602436852 -0.011136217102369466 -0.020225754289946885 0.031999267377872592 0.034040866510600669 0.03718052486527771 0.0012122191407112324 0.0091995498492808934 0.045640838084825663 -0.07289330614557693 0.064587084737955533 -0.0056835236180309313 -0.0091710271687753982 -0.028296402337394791 0.048328277037840761 -0.081529550088329503 -0.023326959695942326
leaf_weight=11.880039509385822 5.7738405242562285 18.764356195926666 33.337162978947163 47.988238718360662 149.03929978981614 11.220284625887869 30.574513681232929 787.48386226221919 33.23199737071991 126.74854861199856 101.93377752229571 6.8156639561057082 82.44158773869276 81.130422227084637 301.79649651050568 260.38498474285007 60.017098948359489 22.872259363532066 8.6219978332519513 219.60722035169601 148.44429317861795 11.778575740754603 3.2400797605514517 2.0971820652484885 24.277000844478607 76.560803417116404 98.137581419199705 237.76455550454557 1.2512816227972496 2.6894708871841422
leaf_count=198 52 119 168 343 916 59 160 4864 290 1492 867 29 540 518 2053 1853 279 101 38 1052 707 52 21 13 117 405 852 5340 23 49
internal_value=8.88125e-05 0.0424134 -0.004125 -0.0129185 -0.00222067 -0.00447711 0.000103191 0.00211091 -0.0368449 -0.0175496 -0.0120014 0.000108424 0.00429521 -0.00946297 -0.00491532 -0.0154663 0.00406845 -0.00162935 0.0098914 0.00430883 0.0157637 0.00793971 0.00275697 -0.0285249 -0.0266213 -0.00447943 -0.0210137 0.0466587 0.0215674 0.0304217
internal_weight=3007.9 272.35 2735.55 486.955 2248.6 1654.86 862.511 818.058 44.4523 383.721 254.875 108.749 103.234 792.351 450.836 341.515 593.738 300.094 293.644 242.479 208.461 97.4602 85.6817 128.846 57.6142 85.1828 146.126 253.585 15.8208 14.5695
internal_count=23570 5729 17841 4261 13580 10713 5373 5024 349 3596 2091 896 665 5340 2969 2371 2867 1438 1429 1153 986 613 561 1505 285 443 1195 5610 270 247
is_linear=0
shrinkage=0.05


Tree=59
num_leaves=31
num_cat=0
split_feature=30 29 13 2 29 0 5 30 10 12 11 5 7 2 4 11 6 12 30 3 4 0 12 10 12 5 4 11 0 11
split_gain=201.45 25.5085 16.6603 17.5924 18.6226 13.6528 13.5825 11.5282 13.4829 11.2514 10.5485 11.965 10.1813 10.3149 9.79911 9.71751 9.57251 9.35311 9.08061 15.319 13.8328 7.03163 6.48865 6.46075 7.24186 6.24126 5.7002 5.65144 4.82583 4.28432
threshold=-117.08349990844725 40.443843841552741 104.64791870117189 -0.92782089114189137 35.725976943969734 4.9256944656372079 0.24162441492080691 -79.26528167724608 3.9930555820465092 -1.3729166388511655 13.656250000000002 0.09523369744420053 1.1395833492279055 4.4207816123962411 5.8352084159851083 21.567361831665043 0.514583319425583 -3.4145833253860469 -96.966995239257798 2.0122221708297734 2.8297916650772099 23.656250000000004 -5.0770833492279044 38.465276718139656 -4.6687498092651358 0.17707628756761554 2.6958333253860478 19.343750000000004 26.369443893432621 0.60069444775581371
decision_type=2 2 2 2 2 2 2 2 2 2 2 2 2 2 2 2 2 2 2 2 2 2 2 2 2 2 2 2 2 2
left_child=1 29 3 4 7 -5 17 9 -9 -2 11 -6 13 14 -8 21 -12 23 20 -20 -7 -14 -15 24 -4 26 -19 -27 -17 -1
right_child=2 -3 6 5 10 18 12 8 -10 -11 16 -13 15 22 -16 28 -18 25 19 -21 -22 -23 -24 -25 -26 27 -28 -29 -30 -31
leaf_value=0.020922138098210807 -0.020395199765300166 -0.014250108318585085 0.031136736352780581 -0.054198108984358485 0.031047211166864347 -0.0385243822952221 0.0093003598636744646 0.045336722977983746 -0.024877201330258836 0.02421065745847541 0.022644343308878205 -0.0057225729038751783 -0.050439022678392835 0.051354676240666322 0.057210317354651902 -0.06608127947974031 0.0037754719276199495 0.021532658118914041 0.0077821167678948358 -0.013575967750694832 0.013449159313464723 0.019074651929870234 -0.020967516998369906 -0.038112959965163194 -0.045939456032165801 -0.049364477099762868 -0.0027762102923040762 -0.0087176612244689675 -0.0076951700874515923 0.04806941991405312
leaf_weight=15.525932323187588 25.020711474120617 18.712863899767399 8.3077120184898359 17.790637405589223 23.781920336186886 15.328110948204992 463.68079070001841 7.1806860119104376 142.91339765489101 32.500468574464321 96.460270404815674 317.43719474598765 4.6703936308622387 3.3670296072959891 10.924162164330481 11.190988153219225 221.70977372303605 30.20718514919281 93.068773858249187 857.30111156962812 77.689482845366001 16.456502020359039 39.305027112364769 36.053572721779346 4.8131706565618506 11.496998101472853 119.58874945342541 33.379796661436558 5.1759830564260474 227.35609238967299
leaf_count=270 179 119 40 522 118 78 2606 41 1187 206 482 1867 23 15 50 68 1191 186 546 6513 356 80 236 241 26 65 700 194 25 5340
internal_value=8.74123e-05 0.0420003 -0.00393348 -0.00644873 -0.00116497 -0.0107657 0.00213932 -0.0142243 -0.0215181 0.00480789 0.00294688 -0.00315983 0.00646239 0.008286 0.0104031 -0.0186967 0.00949599 -0.007696 -0.0100251 -0.0114844 0.00488458 0.00370769 -0.0152609 -0.0271797 0.00286266 -0.0027744 0.00212581 -0.019131 -0.0476169 0.0463341
internal_weight=2988.4 261.595 2726.8 1928.18 867.004 1061.18 798.618 207.615 150.094 57.5212 659.389 341.219 554.771 517.277 474.605 37.4939 318.17 243.847 1043.39 950.37 93.0176 21.1269 42.6721 49.1745 13.1209 194.673 149.796 44.8768 16.367 242.882
internal_count=23570 5729 17841 13286 5271 8015 4555 1613 1228 385 3658 1985 3103 2907 2656 196 1673 1452 7493 7059 434 103 251 307 66 1145 886 259 93 5610
is_linear=0
shrinkage=0.05


Tree=60
num_leaves=31
num_cat=0
split_feature=30 29 13 2 30 5 2 13 9 3 30 9 30 1 5 29 11 29 29 30 29 9 9 29 1 2 30 2 5 11
split_gain=189.082 24.5304 15.6635 11.4173 10.9375 12.2807 12.101 21.6306 9.36362 7.88955 7.51979 14.1374 11.658 9.46485 8.39917 6.86501 11.9023 9.24893 11.9312 8.55413 6.76284 6.6199 9.83958 9.73592 5.95887 12.3647 6.28967 5.32576 4.51401 4.32424
threshold=-117.08349990844725 40.443843841552741 21.118749618530277 -5.7725932598114005 -86.35467147827147 0.40456041693687445 -1.3876682519912718 101.78333282470705 125.44444656372072 3.3372222185134892 -78.89247894287108 88.520832061767592 -79.157058715820298 4.3845238685607919 0.37650379538536077 38.376905441284187 10.75624990463257 39.002525329589851 39.16371154785157 -109.12405014038085 38.049839019775398 234.02082824707034 211.85417175292972 35.659040451049812 10.339583396911623 2.0609083175659184 -78.996128082275376 5.4515011310577401 0.17707628756761554 0.60069444775581371
decision_type=2 2 2 2 2 2 2 2 2 2 2 2 2 2 2 2 2 2 2 2 2 2 2 2 2 2 2 2 2 2
left_child=1 29 3 10 15 21 8 -8 -7 24 12 -12 14 -14 -2 16 19 28 -19 -4 -18 22 -6 -23 26 -26 -5 -11 -17 -1
right_child=2 -3 4 9 5 6 7 -9 -10 27 11 -13 13 -15 -16 17 20 18 -20 -21 -22 23 -24 -25 25 -27 -28 -29 -30 -31
leaf_value=0.020257461249564446 -0.047316290502035709 -0.01357461063967671 0.022964473271644328 -0.012655184891661619 -0.0099147537874924915 -0.019002925198806499 -0.011740612472869349 0.0054068583208832111 0.012314699283709497 -0.037165532698004759 0.065181227963465316 -0.04156576524263747 -0.024258994938348988 0.051979105375488402 0.0078781143852117309 0.0023831218605687415 0.010891822867873963 -0.014702411366406508 0.0089363585606673911 -0.044266005589537756 -0.014859188743222097 0.0012631173174609065 0.0054965736910426791 -0.016468098517796272 0.015673378630701906 -0.032698335685137046 -0.041180365004963609 0.023077073428136301 0.032072553469142888 0.047808030803332444
leaf_weight=15.240969970822333 9.8279681429266912 18.663150236010551 5.7675111293792716 59.061666613444686 272.36747275292873 26.659732773900032 387.83399930223823 349.77369676530361 227.87898037955165 68.714452786371112 3.7394297569990185 18.187029607594013 5.1027705147862461 20.135683737695217 23.077855058014393 17.286843851208687 76.097926072776318 67.894419312477112 249.68318867310882 26.335152551531792 38.343353323638439 98.694513760507107 167.11969777941704 359.10868629068136 37.582189060747623 20.372589085251093 28.722439726814628 3.8756391145288935 49.354486957192421 217.42065562494099
leaf_count=270 82 119 31 577 1842 176 2759 2026 1292 1051 18 134 36 110 161 83 363 328 1245 139 183 643 1050 2542 235 202 274 32 227 5340
internal_value=8.58203e-05 0.0415791 -0.00375008 -0.0145587 -0.00241743 -0.00419894 -0.000365454 -0.00360928 0.00903457 -0.0204816 0.0015913 -0.0233607 0.0110008 0.0365651 -0.00860677 0.00392446 -0.00528313 0.0074363 0.00388266 -0.0321875 0.00226399 -0.00843768 -0.00405443 -0.0126456 -0.0137736 -0.00133052 -0.0219885 -0.0339491 0.0243711 0.0460033
internal_weight=2969.92 251.325 2718.6 298.4 2420.2 1889.44 992.146 737.608 254.539 218.329 80.0707 21.9265 58.1443 25.2385 32.9058 530.763 146.544 384.219 317.578 32.1027 114.441 897.29 439.487 457.803 145.739 57.9548 87.7841 72.5901 66.6413 232.662
internal_count=23570 5729 17841 2912 14929 12330 6253 4785 1468 2371 541 152 389 146 243 2599 716 1883 1573 170 546 6077 2892 3185 1288 437 851 1083 310 5610
is_linear=0
shrinkage=0.05


Tree=61
num_leaves=31
num_cat=0
split_feature=30 29 1 2 5 30 2 29 6 2 30 30 13 29 30 11 4 9 2 10 2 0 29 9 4 29 11 0 9 9
split_gain=177.448 23.5965 14.6632 12.185 11.4577 13.2598 13.988 10.7027 11.894 12.2077 9.85242 11.7762 10.5203 9.57917 9.94858 8.93071 9.66708 10.7607 8.8258 8.54718 10.3588 15.1979 11.8832 8.30076 7.26383 7.07054 7.02193 6.30655 6.10132 5.5921
threshold=-117.08349990844725 40.443843841552741 18.392261505126957 -0.7867106795310973 0.4086491614580155 -83.395496368408189 0.58901396393775951 35.857364654541023 2.6520833969116215 1.4005434513092043 -79.028789520263658 -75.886917114257798 82.772914886474624 35.79699897766114 -79.252529144287095 13.656250000000002 3.8256249427795415 135.569450378418 -5.4933619499206534 46.208332061767585 0.95458075404167186 26.369443893432621 41.947931289672859 72.111110687255874 2.9710416793823247 39.309597015380866 19.928472518920902 19.971527099609379 279.67359924316412 286.11805725097662
decision_type=2 2 2 2 2 2 2 2 2 2 2 2 2 2 2 2 2 2 2 2 2 2 2 2 2 2 2 2 2 2
left_child=1 -1 3 15 5 6 25 13 27 -10 12 -12 -7 14 -5 18 17 -17 23 26 22 -22 -21 -2 -20 -4 28 -9 -6 -8
right_child=2 -3 4 7 19 10 29 8 9 -11 11 -13 -14 -15 -16 16 -18 -19 24 20 21 -23 -24 -25 -26 -27 -28 -29 -30 -31
leaf_value=0.04566723343919657 -0.056075145069107928 -0.012929966278172368 0.0075183910579071193 0.011155827018261559 -0.0010168948403609264 -0.030232949413682705 0.00026259626478263747 -0.031194056350931944 0.063097806849498797 -0.033415513727619833 0.001426482909708579 -0.023787238526735213 -0.0099888673541515711 0.073781152113669798 -0.018863038971501569 -0.055807834937989159 0.050331313385497324 0.013985192218685062 -0.026879281741140321 0.0054852429580754614 -0.017250265608840982 0.0083576001753730197 -0.036620855839540396 0.0066584607890291057 -0.007212036290990282 0.031727065036253756 0.0258911102769388 0.030568566500975187 0.013614637240689285 -0.021721510091672714
leaf_weight=222.90787403658032 5.5220212116837493 18.615205727517605 99.75152961909771 41.3870555087924 154.04422583058476 82.954125110059977 75.135362092405558 152.57407525740564 7.3064030669629556 5.9402040578424931 281.31186110153794 55.435261994600296 283.50301460176706 3.6080659776926032 82.853914704173803 6.6542600542306891 14.158102713525293 32.479729041457176 65.429639242589474 420.43529608100653 174.93248051032424 86.634167313575745 17.452005553990602 116.92538633197546 166.20997549593449 43.233710899949074 50.973713949322701 4.248224362730979 132.56482951715589 47.034557498991489
leaf_count=5610 52 119 480 363 868 727 383 1811 47 64 1581 315 2115 23 824 45 69 193 482 2423 1106 482 136 724 1103 201 264 31 698 231
internal_value=8.39503e-05 0.0411509 -0.00357512 -0.00977606 -0.00139425 -0.00530533 0.00422288 -0.0174611 -0.0256779 0.0198181 -0.00889811 -0.0027242 -0.0145715 -0.00653085 -0.00886318 -0.00415595 0.0149266 0.00211773 -0.00702799 0.00225782 -0.000895692 -0.00876862 0.0038071 0.00382936 -0.0127673 0.0148382 0.00879174 -0.0295209 0.0057506 -0.00820113
internal_weight=2952.22 241.523 2710.69 705.297 2005.4 968.359 265.155 297.918 170.069 13.2466 703.204 336.747 366.457 127.849 124.241 407.379 53.2921 39.134 354.087 1037.04 699.454 261.567 437.887 122.447 231.64 142.985 337.583 156.822 286.609 122.17
internal_count=23570 5729 17841 5831 12010 6033 1295 3163 1953 111 4738 1896 2842 1210 1187 2668 307 238 2361 5977 4147 1588 2559 776 1585 681 1830 1842 1566 614
is_linear=0
shrinkage=0.05


Tree=62
num_leaves=31
num_cat=0
split_feature=30 29 0 29 29 29 30 2 0 30 29 29 29 30 30 2 30 9 29 9 11 3 2 3 6 0 12 4 9 2
split_gain=166.492 22.7008 13.898 11.1043 27.4765 21.5562 35.0003 14.3285 16.914 12.2137 22.3658 15.0944 10.7835 8.27537 8.21443 6.83335 6.40796 5.98366 5.66679 5.36494 4.57206 6.08521 14.0002 4.32178 3.19365 3.23127 2.91454 3.6461 1.91826 1.80019
threshold=-117.08349990844725 40.443843841552741 6.5298612117767343 35.725976943969734 35.699068069458015 35.741001129150398 -79.022460937499986 1.4698369503021242 23.190972328186039 -79.298500061035142 35.630987167358406 35.468124389648445 35.838500976562507 -75.049243927001939 -79.149951934814439 2.8867624998092656 -104.80995178222655 213.22222137451175 35.661382675170906 100.23611068725587 0.60069444775581371 1.8618749976158144 -0.39662267267704004 3.0039583444595341 0.006250000325962902 23.510416030883793 0.71875000000000011 1.9399999976158144 121.47916793823244 -2.8487836122512813
decision_type=2 2 2 2 2 2 2 2 2 2 2 2 2 2 2 2 2 2 2 2 2 2 2 2 2 2 2 2 2 2
left_child=1 20 13 4 9 6 17 12 -9 10 -4 -11 -7 16 29 -16 -2 -5 23 -20 21 22 -1 -18 25 -3 27 -26 -23 -6
right_child=2 24 3 5 14 7 -8 8 -10 11 -12 -13 -14 -15 15 -17 18 -19 19 -21 -22 28 -24 -25 26 -27 -28 -29 -30 -31
leaf_value=0.052872951743181407 0.059544602155684793 -0.066111896803878425 0.00056376629422676648 -0.05478972269745648 -0.003145132805365684 0.016365981294234173 0.11306417701174439 -0.019294517164675739 -0.00085761453480122081 -0.025556361679008838 0.059470459845465867 -0.003641372185870444 7.3651512408375554e-05 0.077271285579172233 -0.026971830631114569 0.028778249130560676 -0.0142119343709779 0.016082117423542208 -0.014529486477460947 -0.043270378060593119 0.047286281358068193 -0.018855382529389723 -0.13010143133911986 0.050849152519459928 0.020083791275113345 0.0039305122027925646 0.034863661938851848 -0.051819323342259783 0.047141385104347032 -0.051962292263784696
leaf_weight=2.239410363137722 2.173327960073947 4.2728571668267277 97.739952832460403 4.5337906628847131 1.9800660759210575 110.76993792504072 10.81389331817627 210.40611776337028 304.31433923169971 95.652529500424862 19.294671796262264 440.04833052307367 1221.8178295530379 2.0151428356766692 40.542010106146336 6.3584999106824389 10.040453024208544 8.6803370043635351 25.186231831088662 45.696023749187589 199.24043264426291 1.2561559081077565 1.9607699923217285 3.4225412458181372 3.4731047824025136 2.6790042743086815 4.5631624311208725 3.5808847993612289 8.9163452312350255 40.832273826003075
leaf_count=37 10 37 538 35 22 617 49 1712 1628 710 104 3341 6800 10 432 71 92 49 246 832 5340 21 21 29 22 14 23 23 191 514
internal_value=8.14677e-05 0.0407121 -0.0034095 -0.00274957 -0.00792354 -0.000696809 0.0463566 -0.00130883 -0.0083942 -0.00435758 0.0102753 -0.00755442 0.00142793 -0.0228926 -0.0338689 -0.0194136 -0.0252255 -0.00823414 -0.0274098 -0.033058 0.0453216 0.0180863 -0.032545 0.00232779 -0.0123148 -0.03912 0.00372575 -0.0164171 0.0389917 -0.0497045
internal_weight=2934.5 232.182 2702.32 2613.78 742.448 1871.34 24.028 1847.31 514.72 652.735 117.035 535.701 1332.59 88.5337 89.7128 46.9005 86.5186 13.2141 84.3452 70.8823 213.613 14.3727 4.20018 13.463 18.569 6.95186 11.6172 7.05399 10.1725 42.8123
internal_count=23570 5729 17841 16622 5732 10890 133 10757 3340 4693 642 4051 7417 1219 1039 503 1209 84 1199 1078 5610 270 58 121 119 51 68 45 212 536
is_linear=0
shrinkage=0.05


Tree=63
num_leaves=31
num_cat=0
split_feature=30 29 1 2 5 30 2 29 6 1 12 7 29 30 11 3 2 9 5 7 11 2 30 3 3 30 2 9 11 3
split_gain=156.295 21.8121 13.1228 10.8127 10.3481 11.8304 12.4754 9.57152 10.9612 10.2548 9.08151 11.0096 8.43318 8.76042 7.87311 8.29485 8.05738 7.65768 7.63863 8.47907 13.0343 9.09799 7.54795 7.35874 7.29542 7.02421 6.89814 5.01459 4.55634 5.65426
threshold=-117.08349990844725 40.443843841552741 18.392261505126957 -0.7867106795310973 0.4086491614580155 -83.395496368408189 0.58901396393775951 35.857364654541023 2.5645833015441899 17.554166793823246 -4.8812499046325675 1.0812500119209292 35.79699897766114 -79.252529144287095 13.656250000000002 2.452361106872559 -5.4933619499206534 72.111110687255874 0.41341726481914526 0.16875000298023227 19.977083206176761 -1.2053183317184446 -77.195240020751939 1.6220138669013979 1.5654861330986025 -97.264274597167955 -0.88334625959396351 286.11805725097662 0.60069444775581371 2.0820833444595341
decision_type=2 2 2 2 2 2 2 2 2 2 2 2 2 2 2 2 2 2 2 2 2 2 2 2 2 2 2 2 2 2
left_child=1 28 3 14 5 6 25 12 22 -10 23 -12 13 -5 16 24 17 -2 -6 20 -20 -21 -9 -7 -16 -4 -18 -8 29 -1
right_child=2 -3 4 7 18 10 27 8 9 -11 11 -13 -14 -15 15 -17 26 -19 19 21 -22 -23 -24 -25 -26 -27 -28 -29 -30 -31
leaf_value=-0.023603066618734646 -0.054901380299692298 -0.011797135505337925 0.036179917740015548 0.010233758107417501 0.034180072425574082 0.061715656741752528 0.00040545744301094598 -0.032630910761207457 0.046041408987427847 -0.041428775802197025 -0.0035674703452366428 -0.029494083825955603 0.067891248644988023 -0.017932958841230084 0.042050148101042462 0.027950039635362429 -0.013578696528875299 0.006463544291055375 0.0026431788591472849 0.0074434592643619346 0.023954758347130671 -0.007001286334094828 0.0013607977078370984 -0.021945137511807489 -0.032088683626723298 0.0085478184758024517 0.038509237567410454 -0.020386477991272616 0.047014415353828623 0.041887703230151174
leaf_weight=5.2412174604833117 5.3150795623660079 18.436584867537022 28.847501426935196 41.765526413917542 18.435420304536819 2.6836365163326255 75.083150956779718 132.21923091635108 9.8989036902785283 5.0654133260250083 523.13153150305152 44.424154512584209 3.733704484999179 81.42159266024828 4.4045298844575909 35.628017902374268 223.26299177110195 116.88205084949732 406.08460787683725 154.80014866217971 87.141706094145775 368.52202207967639 18.632861219346523 127.81795547157526 13.453188188374041 113.442870747298 6.5424593165516844 47.247362531721592 190.5918994974345 8.8790615368634445
leaf_count=71 52 119 134 363 110 12 383 1697 85 41 3446 313 23 824 22 197 1545 724 2362 836 452 2217 130 967 88 547 40 231 5340 199
internal_value=7.87973e-05 0.0402928 -0.00324986 -0.00915046 -0.00118748 -0.00491882 0.00408367 -0.0164735 -0.0243834 0.0164328 -0.0083315 -0.00559682 -0.00613946 -0.00838328 -0.00386371 0.0140097 -0.00657952 0.00379442 0.00228318 0.00170472 0.00640844 -0.00272849 -0.0284323 -0.0202247 -0.0138027 0.0141499 -0.0120958 -0.00762495 0.044984 0.0175786
internal_weight=2919.04 223.149 2695.89 698.226 1997.66 962.678 264.621 292.737 165.816 14.9643 698.057 567.556 126.921 123.187 405.488 53.4857 352.003 122.197 1034.98 1016.55 493.226 523.322 150.852 130.502 17.8577 142.29 229.805 122.331 204.712 14.1203
internal_count=23570 5729 17841 5831 12010 6033 1295 3163 1953 126 4738 3759 1210 1187 2668 307 2361 776 5977 5867 2814 3053 1827 979 110 681 1585 614 5610 270
is_linear=0
shrinkage=0.05


Tree=64
num_leaves=31
num_cat=0
split_feature=30 29 0 29 29 29 30 2 30 30 30 29 30 30 2 30 29 11 2 29 30 13 12 2 5 7 29 0 2 13
split_gain=146.616 20.997 12.4546 10.2213 25.5614 19.0427 30.4249 12.3789 11.4504 14.5132 11.0047 8.24226 8.02951 7.49808 6.39143 5.93588 5.26437 4.57992 5.18383 7.12353 18.306 3.88011 3.79101 3.51441 3.25249 3.81194 3.47961 3.11512 1.76194 1.67098
threshold=-117.08349990844725 40.443843841552741 6.5298612117767343 35.725976943969734 35.699068069458015 35.741001129150398 -79.022460937499986 2.6290760040283208 -109.12405014038085 -101.70369720458983 -86.99761581420897 35.838500976562507 -79.149951934814439 -75.049243927001939 2.8867624998092656 -104.80995178222655 35.661382675170906 1.1972222328186037 -0.56354814767837513 37.392648696899421 -120.99900054931639 0.63749998807907116 1.6895833611488345 -5.0095753669738761 0.42095914483070379 0.035416668280959136 41.89190864562989 22.727777481079105 -2.8487836122512813 1.0000000180025095e-35
decision_type=2 2 2 2 2 2 2 2 2 2 2 2 2 2 2 2 2 2 2 2 2 2 2 2 2 2 2 2 2 2
left_child=1 17 13 4 8 6 22 11 -4 -10 -9 -7 28 15 -14 -2 21 18 -1 -20 -21 -17 -5 -18 26 27 -3 -26 -6 -19
right_child=2 24 3 5 12 7 -8 10 9 -11 -12 -13 14 -15 -16 16 23 29 19 20 -22 -23 -24 -25 25 -27 -28 -29 -30 -31
leaf_value=0.046842692556333554 0.057260717585584819 -0.024953867923121698 0.050779837560963575 -0.030953641241235459 -0.002861639934728385 0.013039870799643775 0.10426027441560959 0.0036029136632024956 -0.054749713956993885 -0.0037214457154716935 -0.016627653705606656 -0.00033979470652243673 -0.026067857544883385 0.073695451706286788 0.027663374607936483 0.024651255924395075 -0.01835016135686043 0.020570830121028404 0.043048807818358042 0.026927714687329601 -0.1841972934105536 -0.029980462868886084 0.023442720191053239 -0.041353438378951474 -0.07910064272590149 0.013701190657381183 0.04415567625362022 -0.013911992319648082 -0.051309423893449363 0.047803403560571743
leaf_weight=8.2598765175789612 2.1847023814916602 3.204659245908263 9.3832409083843213 7.6092235893011093 1.9713746085762966 125.36922693997622 11.141946226358414 98.527508869767189 14.251332201063631 626.21680611371994 211.55356559716165 1405.9706892445683 39.70385318249464 2.0075944215059272 6.4310410805046549 7.9610304012894613 28.266120851039886 5.8211002331227055 3.5300328284502021 2.7319519966840744 1.6449164245277641 5.4923075288534164 5.5312983319163322 40.24403615668416 3.9820258840918523 3.5933095514774323 4.2194693759083748 3.3951283320784569 39.05663126707077 174.24120829999447
leaf_count=170 10 28 51 55 22 708 49 482 78 4564 1611 7956 432 10 71 71 243 167 72 61 23 50 29 835 35 18 19 19 514 5117
internal_value=7.6767e-05 0.039846 -0.00309758 -0.00247845 -0.00746378 -0.000509083 0.0434798 -0.00108916 -0.00405356 -0.0048569 -0.0101994 0.000755585 -0.032889 -0.021801 -0.0185779 -0.0240793 -0.0262474 0.0446342 0.0191414 -0.00979653 -0.0524174 0.00234793 -0.00805634 -0.0318627 -0.0112335 -0.0285294 0.0143242 -0.0490994 -0.0489815 0.046923
internal_weight=2903.5 214.624 2688.87 2602.72 737.014 1865.7 24.2825 1841.42 649.851 640.468 310.081 1531.34 87.1629 86.1558 46.1349 84.1482 81.9635 196.229 16.1668 7.9069 4.37687 13.4533 13.1405 68.5102 18.3946 10.9705 7.42413 7.37715 41.028 180.062
internal_count=23570 5729 17841 16622 5732 10890 133 10757 4693 4642 2093 8664 1039 1219 503 1209 1199 5610 326 156 84 121 84 1078 119 72 47 54 536 5284
is_linear=0
shrinkage=0.05


Tree=65
num_leaves=31
num_cat=0
split_feature=6 1 29 29 29 9 5 5 29 0 29 3 29 10 11 11 29 7 9 29 29 29 29 5 7 9 0 7 9 0
split_gain=20.7132 11.3554 9.80458 27.1705 14.8777 9.21961 11.9945 11.1557 8.72767 10.7533 7.05689 7.05375 6.97988 6.10931 5.99584 5.89269 5.38911 6.46759 5.20392 9.01906 5.90442 6.55586 4.93997 4.46455 4.2995 3.83156 5.05651 4.53847 3.80568 3.51093
threshold=1.0000000180025095e-35 5.5369048118591317 35.725976943969734 35.699068069458015 35.741001129150398 234.02082824707034 0.59102994203567516 0.19703882187604907 35.654365539550788 28.346527099609379 35.712720870971687 2.8035416603088383 44.524425506591804 3.9930555820465092 23.194444656372074 18.836805343627933 42.026338577270515 0.48958334326744085 116.66666793823244 37.459806442260749 35.981050491333015 39.046882629394538 36.314949035644538 0.43693500757217413 0.031250000931322582 82.22916412353517 1.6583333015441897 0.31874999403953558 349.33334350585943 22.645833015441898
decision_type=2 2 2 2 2 2 2 2 2 2 2 2 2 2 2 2 2 2 2 2 2 2 2 2 2 2 2 2 2 2
left_child=12 16 3 8 15 6 -6 -7 11 -10 -5 -3 13 -1 -12 23 17 25 19 -15 28 -22 -19 -4 -17 26 -2 -27 -20 -14
right_child=1 2 4 10 5 7 -8 -9 9 -11 14 -13 29 18 -16 24 -18 22 20 -21 21 -23 -24 -25 -26 27 -28 -29 -30 -31
leaf_value=0.047083153930643315 0.077953211804169351 0.0061830049668680775 0.10574513005881021 -0.04796550292672732 0.0080380599389848588 -0.012807096481071393 -0.0036190416690818164 0.00039253750889556711 -0.012509162352231044 0.047558263339152439 -0.022474668975232429 -0.007163111238697316 -0.068891495978625233 -0.18159900816565486 0.071280290426422574 -0.015748945886585531 -0.053193171729409794 -0.053436827757399365 0.005722668944035298 0.051519689968427353 0.03671041759323386 0.0030782601743837047 0.016332703389677856 0.040468591527924209 0.041914136888800316 -0.018866955274519034 -0.0045883706341584233 0.045847199190803239 -0.072918049829551954 0.0019171818871109637
leaf_weight=20.09371436201036 3.0821031779050818 316.66903125308454 4.5488573685288447 37.829107560217381 686.53668553754687 208.38145880773664 325.19481717608869 690.44017087481916 202.00401901453733 7.7361942231655112 45.00596959143877 144.03427579440176 3.1182915270328513 0.87196418270468601 1.7724611610174168 5.4558074623346311 11.262727512046693 13.694816265255215 35.559647956863046 0.79153828509151936 49.959362030029297 20.408934384584427 3.1139549724757662 6.1755069345235825 7.9333493411540985 24.135506898164753 4.6619109213352203 3.0518333688378325 1.6079947110265482 3.991347000002861
leaf_count=557 15 2217 21 514 5151 1473 2424 4348 1819 42 503 1218 36 23 17 31 464 163 448 22 1402 185 40 39 41 242 37 36 25 17
internal_value=7.50181e-05 -0.000867395 -0.000375903 -0.00520812 0.00150999 0.0010174 0.00429119 -0.00266765 -0.00183871 -0.0102936 -0.0319079 0.00201048 0.0190937 0.021746 -0.0189222 0.0405387 -0.0218502 -0.0150275 0.0170837 -0.070675 0.0184413 0.0269561 -0.0405115 0.0681564 0.0184176 -0.00276474 0.028263 -0.0116027 0.00232041 -0.0291395
internal_weight=2889.12 2752.72 2689.72 755.051 1934.67 1910.55 1011.73 898.822 670.444 209.74 84.6075 460.703 136.403 129.293 46.7784 24.1135 63.0029 51.7401 109.199 1.6635 107.536 70.3683 16.8088 10.7244 13.3892 34.9314 7.74401 27.1873 37.1676 7.10964
internal_count=23570 20855 19858 6330 13528 13396 7575 5821 5296 1861 1034 3435 2715 2662 520 132 997 533 2105 45 2060 1587 203 60 72 330 52 278 473 53
is_linear=0
shrinkage=0.05


Tree=66
num_leaves=31
num_cat=0
split_feature=30 29 13 2 29 0 5 30 0 12 12 29 29 6 2 5 12 0 30 9 6 29 13 9 7 9 13 2 29 5
split_gain=135.51 19.8724 12.2247 11.9247 14.0805 11.6066 11.1964 9.49957 13.0747 9.29948 9.28569 8.39971 8.31712 8.28773 17.1565 10.3062 8.0278 7.40822 8.72396 7.476 6.62855 5.88146 4.51048 7.5102 4.37153 6.72309 3.51835 3.3683 3.28794 2.99404
threshold=-117.08349990844725 40.443843841552741 104.64791870117189 -0.92782089114189137 35.725976943969734 4.9256944656372079 0.76475250720977794 -79.281692504882798 24.21805572509766 -3.1645833253860469 -0.96041664481163014 34.40844917297364 35.468124389648445 0.35208332538604742 -0.20288561284542081 0.46133413910865789 -1.3062499761581419 17.253472328186039 -78.934486389160142 234.73611450195315 3.5770833492279057 35.365514755249031 1.0000000180025095e-35 176.36111450195315 0.71458330750465404 259.61805725097662 116.11875152587892 -1.6717132329940794 37.32044982910157 0.42095914483070379
decision_type=2 2 2 2 2 2 2 2 2 2 2 2 2 2 2 2 2 2 2 2 2 2 2 2 2 2 2 2 2 2
left_child=1 22 3 4 7 -5 9 10 -9 13 -2 16 -13 15 -15 -4 -7 18 -6 -19 21 -11 23 27 25 26 -8 -1 -29 -3
right_child=2 29 6 5 17 11 24 8 -10 20 -12 12 -14 14 -16 -17 -18 19 -20 -21 -22 -23 -24 -25 -26 -27 -28 28 -30 -31
leaf_value=0.051834895994448918 -0.019187473440186065 0.013967297940611065 -0.013239109280453552 -0.053540427256251216 0.0031766016602357786 0.081484470312136126 0.051865622059685507 -0.023646489381601396 0.020943029538114957 -0.012221441010031624 0.026412377441612428 -0.032980451152766294 -0.007739173019962073 0.019662032730232596 -0.029242594404615491 0.030823201458642716 -0.0032304817724733629 0.01187332902056468 -0.016101246032762466 -0.00255551372714967 -0.057431349138426284 0.0055159677785850195 0.045951645088568388 -0.10171065658972045 -0.015635010950504982 0.011719132030576365 0.0080321811339593673 0.051447372225660683 -0.06405076290760299 -0.027307573522064438
leaf_weight=5.1263488288968793 19.002041555941105 7.4030649736523655 31.200090013444424 14.252831751480697 159.69654569774866 5.0692356079816818 22.364911027252678 136.09667803347111 18.699015699326992 51.591032110154629 27.066404730081558 33.769623890519142 971.75250428169966 22.947469003498554 82.079289652407169 23.093970030546188 6.2375162020325643 266.8746375888586 92.782667707651854 135.2793252132833 4.4489992186427108 496.54689312726259 177.12035634182394 1.2957030870020387 7.8104984983801833 44.924139596521854 5.7561592608690253 1.0210238210856908 1.554073544219136 10.808243490755556
leaf_count=129 127 47 201 522 942 27 101 1191 129 313 166 270 7160 122 543 115 36 1383 614 719 24 2822 5393 15 50 237 27 30 43 72
internal_value=7.03733e-05 0.0393197 -0.00292281 -0.00511213 -0.000748044 -0.00873305 0.00228721 -0.0123283 -0.0182602 0.00028467 0.00760362 -0.00810499 -0.00858688 -0.010358 -0.0185573 0.00550279 0.0347504 0.00280517 -0.00390774 0.00701966 0.00335315 0.00384651 0.0441973 0.00966154 0.0199189 0.0237206 0.0428933 0.028399 -0.0182559 -0.010529
internal_weight=2883.67 204.329 2679.34 1886.58 855.497 1031.08 792.763 200.864 154.796 711.908 46.0684 1016.83 1005.52 159.321 105.027 54.2941 11.3068 654.633 252.479 402.154 552.587 548.138 186.118 8.99715 80.8557 73.0452 28.1211 7.70145 2.5751 18.2113
internal_count=23570 5729 17841 13286 5271 8015 4555 1613 1320 4140 293 7493 7430 981 665 316 63 3658 1556 2102 3159 3135 5610 217 415 365 128 202 73 119
is_linear=0
shrinkage=0.05


Tree=67
num_leaves=31
num_cat=0
split_feature=30 13 2 0 3 5 30 30 4 3 0 30 30 9 10 9 1 30 9 30 5 3 6 30 1 2 0 10 10 13
split_gain=127.058 11.332 8.23935 9.24783 8.19617 9.53614 7.71719 7.40783 7.05161 8.33212 8.01676 7.44067 11.5901 8.53022 7.00393 10.2027 10.7147 12.2671 9.95686 9.0165 8.73676 11.2368 14.8258 9.38172 7.50416 6.60387 6.25413 5.70841 4.71863 3.92884
threshold=-117.08349990844725 84.206253051757827 -0.36594201624393458 4.9256944656372079 2.0495139360427861 0.19703882187604907 -96.908473968505845 -122.51169967651366 2.9118750095367436 3.4461804628372197 6.3083331584930429 -82.462722778320298 -99.428070068359361 234.73611450195315 54.395833969116218 267.75694274902349 22.486011505126957 -76.269851684570298 289.45832824707037 -75.317043304443345 0.19510152190923694 1.7528472542762759 0.36875000596046453 -75.049243927001939 25.807142257690433 4.4207816123962411 23.069444656372074 59.097221374511726 68.409721374511733 1.0000000180025095e-35
decision_type=2 2 2 2 2 2 2 2 2 2 2 2 2 2 2 2 2 2 2 2 2 2 2 2 2 2 2 2 2 2
left_child=7 2 8 -4 5 -5 -6 28 11 10 -10 12 -2 -13 20 16 19 -18 27 -16 21 -3 -23 25 -20 -22 -11 -17 -1 -9
right_child=1 14 3 4 6 -7 -8 29 9 26 -12 13 -14 -15 15 18 17 -19 24 -21 23 22 -24 -25 -26 -27 -28 -29 -30 -31
leaf_value=-0.031599568186826917 -0.02430773185201409 0.05143403742171207 -0.053272951888802302 -0.061494375546574602 0.0099807283365792518 0.019068860464033582 -0.014520522473582967 0.010122695141524821 -0.018988641993211475 -0.011117180287648704 0.0070812651310513969 -0.010389206623471602 0.033500857167252589 -0.040920102466962142 0.025778517474740883 -0.054687423379044378 -0.0048926520434103117 0.021909442013508969 -0.0339707116799546 -0.046974417702932453 0.0088311516246012446 0.0085845442001026145 -0.022614134508741831 -0.041402456650828992 0.019639490674510811 -0.013574725145088132 0.053641426030898311 -0.02089202446302494 0.048406825778748303 0.042622771789122542
leaf_weight=5.8953241221606714 14.84211081266403 7.949060156941413 12.933085950091479 4.0818650797009459 35.060256436467171 36.684196494519711 385.61941769346595 9.8106786049902421 32.641522482037544 149.20673516020179 305.32906200736761 128.03374035656452 20.851474978029728 27.855631731450558 51.72412534058094 17.205155588686466 590.78945800662041 46.017197668552399 9.1713579297065753 4.6408004015684119 519.28073786944151 65.669557131826878 90.633675441145897 10.020799301564692 22.643513932824135 35.109807342290878 3.8238554298877707 45.642967358231544 2.6810271553695202 178.28694321215153
leaf_count=71 78 43 510 37 167 215 3583 221 330 960 1808 898 96 210 298 130 3667 212 59 28 2903 344 571 64 126 197 18 289 22 5415
internal_value=6.87835e-05 -0.00278458 -0.00651148 -0.0115729 -0.0104042 0.0110021 -0.0124785 0.0388556 -0.00299392 0.000180563 0.00456341 -0.0111297 0.00946288 -0.0158447 5.87371e-05 -0.00320914 -0.00110643 -0.00295587 -0.0186063 0.0197884 0.00359198 -0.00655703 -0.00950626 0.0065455 0.00418513 0.00741218 -0.00949902 -0.0301438 -0.00658901 0.0409277
internal_weight=2870.14 2673.46 1156.96 474.379 461.446 40.7661 420.68 196.674 682.584 491.001 337.971 191.583 35.6936 155.889 1516.5 787.835 693.172 636.807 94.663 56.3649 728.664 164.252 156.303 564.411 31.8149 554.391 153.031 62.8481 8.57635 188.098
internal_count=23570 17841 8910 4512 4002 252 3750 5729 4398 3116 2138 1282 174 1108 8931 4809 4205 3879 604 326 4122 958 915 3164 185 3100 978 419 93 5636
is_linear=0
shrinkage=0.05


Tree=68
num_leaves=31
num_cat=0
split_feature=30 29 1 2 29 5 1 30 9 12 2 12 30 13 29 29 12 11 5 11 9 6 29 11 2 29 30 11 13 1
split_gain=118.724 19.6148 10.8082 10.2357 12.8713 9.84432 9.42614 8.89999 9.86432 9.31595 8.81423 8.17494 7.42633 8.16883 7.318 7.54293 7.30301 7.05664 8.14941 7.7595 6.77603 6.00891 5.59942 4.936 5.16744 6.4566 13.8827 4.53784 4.50158 4.92087
threshold=-117.08349990844725 40.443843841552741 24.950893402099613 -0.92782089114189137 35.725976943969734 0.76475250720977794 8.2797617912292498 -79.26528167724608 268.60417175292974 -1.3729166388511655 7.2491588592529306 -3.1645833253860469 -80.182350158691392 106.67291641235353 34.40844917297364 35.468124389648445 -1.3062499761581419 14.085416793823244 0.09523369744420053 17.888194084167484 107.25000000000001 3.5770833492279057 35.725976943969734 1.1972222328186037 -0.56354814767837513 37.392648696899421 -120.99900054931639 17.888194084167484 116.11875152587892 26.880060195922855
decision_type=2 2 2 2 2 2 2 2 2 2 2 2 2 2 2 2 2 2 2 2 2 2 2 2 2 2 2 2 2 2
left_child=1 23 3 4 7 11 10 9 -9 -2 20 12 -4 -14 16 -16 -8 18 -6 -19 -5 22 -13 24 -1 -26 -27 -7 -29 -30
right_child=2 -3 5 6 17 27 14 8 -10 -11 -12 21 13 -15 15 -17 -18 19 -20 -21 -22 -23 -24 -25 25 26 -28 28 29 -31
leaf_value=0.045809142578369495 -0.018524314035688366 -0.011223234194231227 0.011247961053327579 -0.011985136591173123 0.025802133582800327 -0.008379876648961641 0.077565797032314809 -0.023881425253458276 0.013682166591052668 0.022365926007655891 0.1230814380893151 -0.00228603071957102 0.027154849838971318 -0.019261954061212627 -0.031271056469024387 -0.0067939038515070216 -0.0033261176307116725 0.014440753842691565 -0.0042004353888610109 -0.0021116465965806564 -0.055117645797022642 -0.054671066185565179 0.0079642105474499372 0.04607001353462066 0.04145012134055482 0.024302266715784313 -0.15672619154729875 0.037593917331166349 -0.029131409205910896 0.020131589160528304
leaf_weight=7.2445837967097759 24.311377417296171 18.115117367357016 33.268918305635452 16.158695854246616 24.322103798389435 12.949629455804823 5.0515439882874489 121.78926039487123 20.405506618320942 32.617521077394485 0.88838044553995033 228.44306780397892 10.346229024231432 113.04609871655703 32.562159515917301 942.26016966998577 6.2328217178583127 190.83056467026472 325.97976085171103 112.56892822310328 20.860723619349301 4.4459608346223822 319.67957007884979 157.12771628424525 3.1086628660559636 2.4799897689372301 1.848399920389056 31.933042161166668 6.0946148186922064 30.129443287849426
leaf_count=170 179 119 163 203 120 68 27 1066 162 206 4 1565 59 752 266 6848 36 973 1938 627 638 24 1570 5284 72 61 23 162 34 151
internal_value=6.63317e-05 0.0382619 -0.0026535 -0.00471894 -0.000672827 0.00225138 -0.00808865 -0.0118024 -0.0184909 0.00490383 -0.0325557 0.000364298 -0.00971734 -0.01537 -0.00714809 -0.00761152 0.0328858 0.00271735 -0.0021173 0.00829939 -0.0362906 0.00322259 0.00369218 0.0434794 0.0157543 -0.0135227 -0.0530043 0.0187528 0.023908 0.0118432
internal_weight=2857.1 189.924 2667.18 1876.84 852.825 790.337 1024.01 199.124 142.195 56.9289 37.9078 709.23 156.661 123.392 986.107 974.822 11.2844 653.701 350.302 303.399 37.0194 552.569 548.123 171.809 14.6816 7.43705 4.32839 81.1067 68.1571 36.2241
internal_count=23570 5729 17841 13293 5271 4548 8022 1613 1228 385 845 4133 974 811 7177 7114 63 3658 2058 1600 841 3159 3135 5610 326 156 84 415 347 185
is_linear=0
shrinkage=0.05


Tree=69
num_leaves=31
num_cat=0
split_feature=30 29 1 2 29 0 5 7 30 10 12 13 0 12 10 0 12 12 29 11 5 10 12 1 7 2 11 2 5 29
split_gain=111.3 18.8608 9.78715 9.28932 11.7022 10.3975 9.02485 8.49273 8.15719 10.3747 8.38115 8.14799 14.4313 10.0861 7.31154 12.3587 7.84314 6.82404 6.52558 6.70632 5.9618 5.75398 6.41348 5.29991 5.2414 5.88475 4.37771 4.93199 5.21688 8.39546
threshold=-117.08349990844725 41.108394622802741 24.950893402099613 -0.92782089114189137 35.725976943969734 4.9256944656372079 0.24162441492080691 1.2229166626930239 -79.26528167724608 3.9930555820465092 -1.3729166388511655 113.97083282470705 25.677778244018558 4.3562498092651376 46.548612594604499 18.154167175292972 1.5895833373069765 -3.4145833253860469 35.741001129150398 13.656250000000002 0.17707628756761554 38.465276718139656 -4.6687498092651358 26.708036422729496 1.2937499880790713 1.5789467096328738 1.1972222328186037 -0.56354814767837513 0.35697962343692785 37.448049545288093
decision_type=2 2 2 2 2 2 2 2 2 2 2 2 2 2 2 2 2 2 2 2 2 2 2 2 2 2 2 2 2 2
left_child=1 26 3 4 8 -5 17 11 10 -10 -2 13 -13 -8 15 -7 -16 21 -6 -20 -19 22 -4 -22 -9 -26 27 -1 -29 -30
right_child=2 -3 6 5 18 14 7 24 9 -11 -12 12 -14 -15 16 -17 -18 20 19 -21 23 -23 -24 -25 25 -27 -28 28 29 -31
leaf_value=0.046790072484368526 -0.017717443613696853 -0.014990713164963022 0.032331948777461671 -0.053128521605356083 0.047142354598696735 -0.019400497377641334 0.009890978798486395 -0.070285103656975614 0.039890530855839698 -0.020971654255978286 0.021074816181881589 -0.035963181554379227 0.0047933790136478974 0.040166765047860709 -0.0064780633943750353 0.00363038015755474 -0.018128643855647449 0.0030245316130897747 -0.0029393952858071358 0.0072565787466033196 -0.02818949569489201 -0.033832522638806727 -0.040562435927742779 0.011150818298235858 -0.026646472179042681 0.032171386363599543 0.045315106851615612 0.040392311527717363 0.022640936696207495 -0.10561246943939887
leaf_weight=7.7088643088936832 24.151785507798195 15.490910295397041 8.1476681157946569 12.450666013173757 8.1137794107198697 74.038002420216799 202.87877883762121 4.5995225682854679 7.390396684408187 133.21538104489446 32.878065221011639 23.661420382559299 264.65003455430269 31.824112169444561 446.95000917464495 273.14705995097756 213.44039748422801 148.00648391246796 331.48346377164125 314.08473386615515 32.687608107924461 34.049639008939266 4.792326718568801 11.599055737257002 16.726202435791496 5.7023438811302176 151.30440843943506 3.3022547774016839 2.60194799490273 2.5038858503103256
leaf_count=175 179 104 40 522 41 723 1135 29 41 1187 206 146 1523 151 3470 1680 1627 886 1962 1655 197 241 26 62 86 26 5289 72 50 39
internal_value=6.49683e-05 0.0377925 -0.00252867 -0.00449817 -0.000642095 -0.00771646 0.00214062 0.00566693 -0.0113034 -0.0177727 0.00464654 0.00707929 0.00144853 0.0139962 -0.0071553 -0.00128101 -0.0102436 -0.00596533 0.00258126 0.0020212 -0.00179132 -0.0230464 0.00533552 -0.0178859 -0.0216634 -0.0116923 0.0426763 0.0179037 -0.00858047 -0.0402542
internal_weight=2843.58 182.912 2660.67 1871.34 851.318 1020.03 789.325 550.042 197.636 140.606 57.0299 523.014 288.311 234.703 1007.58 347.185 660.39 239.283 653.682 645.568 192.293 46.9896 12.94 44.2867 27.0281 22.4285 167.421 16.117 8.40809 5.10583
internal_count=23570 5729 17841 13293 5271 8022 4548 3096 1613 1228 385 2955 1669 1286 7500 2403 5097 1452 3658 3617 1145 307 66 259 141 112 5625 336 161 89
is_linear=0
shrinkage=0.05


Tree=70
num_leaves=31
num_cat=0
split_feature=6 0 2 6 29 29 29 29 29 29 8 7 13 4 10 10 11 29 11 29 29 4 29 6 10 10 7 10 5 10
split_gain=13.3941 7.69584 7.14756 10.7009 8.21019 22.9164 11.1172 17.9357 11.6171 8.98038 7.07635 11.6237 6.65542 6.57809 6.18231 5.89363 7.24699 6.27296 5.84749 6.61954 5.21883 4.29466 5.02026 7.2711 5.90717 6.52186 4.40124 4.00848 3.97339 2.57455
threshold=1.0000000180025095e-35 6.5298612117767343 1.4698369503021242 2.6812499761581425 35.725976943969734 35.699068069458015 35.838500976562507 35.79699897766114 35.878482818603523 35.633329391479499 4.5000000000000009 0.093750000000000014 48.339584350585945 3.7572916746139531 23.784722328186039 61.631944656372077 -1.920138895511627 48.108736038208015 12.793749809265138 39.046882629394538 35.981050491333015 6.2124998569488534 36.020755767822273 2.3770833015441899 55.062500000000007 46.548612594604499 0.66875001788139354 17.618055343627933 0.22616611421108249 63.618055343627937
decision_type=2 2 2 2 2 2 2 2 2 2 2 2 2 2 2 2 2 2 2 2 2 2 2 2 2 2 2 2 2 2
left_child=15 21 4 10 5 9 7 -6 -8 -3 13 -12 -5 -4 -7 16 27 18 20 -20 -18 22 24 26 25 -2 -24 -1 -14 -17
right_child=1 2 3 12 6 14 8 -9 -10 -11 11 -13 28 -15 -16 29 17 -19 19 -21 -22 -23 23 -25 -26 -27 -28 -29 -30 -31
leaf_value=-0.061074673498324565 -0.032518770634372411 0.0065415612449867952 -0.011422835387991458 0.04294627918394861 0.010755848236306879 0.022094090070392852 -0.016715716476397437 0.069581523743555113 0.0032705094715647209 -0.0072130491810561779 -1.4286843092862066e-06 0.036190410925840681 -0.015927807147797842 0.0008964073304975435 -0.037297420192660552 -0.097805304528792089 0.0053114030181067194 -0.06554701784403022 0.016906250978110209 -0.040592651837041943 0.037847214759749448 -0.046987506907545336 -0.0077673004235514799 0.10291364537140049 -0.055446633073304552 0.0097858286564350885 0.067876325953394975 0.013776506934551369 -0.058470337092323015 -0.015274206218542081
leaf_weight=4.2210408821701995 18.844783067703247 244.28251339495182 289.46588568948209 2.4486204572021988 109.83249497413635 4.7513198256492606 77.526639923453331 14.69071703404188 1169.5024956343696 230.77824357897043 203.29951438494027 24.902611989527941 8.4472199901938456 173.19605355709791 56.323553010821342 1.131424743682145 15.492133130319415 2.0080750435590735 25.555580312386159 6.2247462477535001 60.289966592565179 9.69823010265827 22.078366104513414 1.8026941921561945 9.9986336305737478 17.636704098433256 2.1064235102385274 3.1038916222751141 15.669917583465574 5.7332770247012377
leaf_count=37 199 1816 2324 79 610 42 491 68 8031 1875 1662 151 79 1493 724 17 273 10 328 41 1836 423 298 16 141 176 30 40 127 133
internal_value=6.33925e-05 -0.000671929 -0.000200298 -0.0044547 0.00139967 -0.00384674 0.00345047 0.0176959 0.00202798 -0.000140247 -0.00325726 0.00394801 -0.0355951 -0.00681117 -0.0326771 0.0161487 0.0187929 0.0220118 0.0236464 0.00564406 0.0311959 -0.0157401 -0.0115583 0.00604171 -0.0213986 -0.0120669 -0.00117896 -0.029357 -0.0435695 -0.0288768
internal_weight=2831.04 2707.28 2625.12 717.43 1907.69 536.136 1371.55 124.523 1247.03 475.061 690.864 228.202 26.5658 462.662 61.0749 123.76 116.895 109.571 107.562 31.7803 75.7821 82.1658 72.4676 25.9875 46.4801 36.4815 24.1848 7.32493 24.1171 6.8647
internal_count=23570 20855 19572 5915 13657 4457 9200 678 8522 3691 5630 1813 285 3817 766 2715 2565 2488 2478 369 2109 1283 860 344 516 375 328 77 206 150
is_linear=0
shrinkage=0.05


Tree=71
num_leaves=31
num_cat=0
split_feature=30 29 13 29 29 30 29 30 29 2 4 29 0 30 2 29 1 29 5 0 0 5 3 5 30 10 3 8 30 13
split_gain=102.22 18.3135 8.9579 7.47172 17.6515 14.3664 8.86813 16.8074 8.65309 8.03094 7.15006 6.53904 9.33132 6.61262 6.22668 9.58888 9.51989 9.93527 8.38845 8.14992 8.0012 7.40066 7.36316 8.7334 6.72195 5.78563 5.61135 9.35909 5.0145 4.68211
threshold=-117.08349990844725 40.443843841552741 84.206253051757827 35.468124389648445 35.514999389648445 -79.056720733642564 35.725976943969734 -79.408752441406236 35.743635177612312 1.5789467096328738 2.5156250000000004 34.40844917297364 25.035416603088382 -77.440124511718736 -0.36594201624393458 41.191854476928718 21.343452453613285 41.806915283203132 0.1047484762966633 4.9256944656372079 19.579860687255863 0.2225754112005234 2.0495139360427861 0.19703882187604907 -96.908473968505845 39.756944656372077 2.0232639312744145 2.5000000000000004 -101.70369720458983 1.0000000180025095e-35
decision_type=2 2 2 2 2 2 2 2 2 2 2 2 2 2 2 2 2 2 2 2 2 2 2 2 2 2 2 2 2 2
left_child=1 29 14 5 9 26 7 -6 -8 10 -5 12 -7 -13 15 18 17 -17 20 -16 -2 -20 23 -21 -24 -11 27 -4 -28 -1
right_child=2 -3 3 4 6 11 8 -9 -10 25 -12 13 -14 -15 19 16 -18 -19 21 22 -22 -23 24 -25 -26 -27 28 -29 -30 -31
leaf_value=0.0059303757577111151 0.027999612051058859 -0.010687265818336629 -0.0059617616161758962 0.093319609729782177 0.084570457463602922 0.063608561667043637 0.029633404741385424 -0.0087655410953026112 0.0016394299629232511 -0.044225464514658606 0.034329205026171879 -0.059671786775328965 -0.043062054833184177 0.015703385525904268 -0.052837266666929394 0.024064297446573062 -0.031494081606266898 -0.00053259786046975144 -0.02571402249424545 -0.060532759181517848 -0.015880859591343988 -0.0059870564404742449 0.0098335470498643242 0.018661843129937562 -0.013098214738563275 0.023973288017513597 -0.045861012710343076 0.066369199405944365 -0.0025433538955172358 0.044659957918505966
leaf_weight=8.2372125443071109 32.012329362332821 17.959854409098625 10.893051788210871 7.0008851736784008 4.901632994413375 3.4240788817405683 28.379567161202431 301.67915362864733 1010.9252960383892 4.3652215749025336 19.29121370613575 23.783195942640305 5.1095742434263229 3.3153797835111645 10.936376263387499 75.132811509072781 14.598800521343945 90.512568125501275 54.033037394285202 3.8454693332314482 15.379316397011278 395.84747542440891 34.912398144602776 36.752620458602905 377.45167542807758 10.813506200909613 7.5148185342550269 7.5872615575790396 60.207684725522995 148.24820226430893
leaf_count=217 180 119 59 29 21 19 145 2471 5300 25 92 214 38 24 510 352 101 548 418 37 97 2702 167 215 3583 60 40 34 360 5393
internal_value=5.90352e-05 0.0371329 -0.00238092 0.00014692 0.00118948 -0.0117249 0.00019948 -0.00727328 0.00240384 0.0333187 0.0500368 -0.0384301 -0.000261088 -0.05045 -0.00572327 -0.00266744 0.00721264 0.010624 -0.00624863 -0.0101862 0.0137597 -0.00835637 -0.00915647 0.0111605 -0.0111567 0.00436014 -0.000686149 0.0237344 -0.00735009 0.0426213
internal_weight=2825.05 174.445 2650.61 1509.19 1387.36 121.835 1345.89 306.581 1039.3 41.4708 26.2921 35.6322 8.53365 27.0986 1141.41 677.516 180.244 165.645 497.272 463.899 47.3916 449.881 452.962 40.5981 412.364 15.1787 86.2028 18.4803 67.7225 156.485
internal_count=23570 5729 17841 8931 8143 788 7937 2492 5445 206 121 295 57 238 8910 4398 1001 900 3397 4512 277 3120 4002 252 3750 85 493 93 400 5610
is_linear=0
shrinkage=0.05


Tree=72
num_leaves=31
num_cat=0
split_feature=30 1 5 2 0 2 30 7 3 11 11 5 1 4 9 5 3 11 30 11 3 2 9 2 11 2 13 30 1 0
split_gain=95.7081 8.50821 8.35736 7.77828 9.34444 6.81361 6.58569 6.47121 9.07281 6.45588 9.96348 9.2781 7.43488 6.49307 6.15764 6.01355 5.98304 13.848 11.3431 5.47822 6.55341 8.07427 4.60549 5.83848 4.04209 3.77111 3.75916 4.80642 4.41797 3.37886
threshold=-117.08349990844725 24.950893402099613 0.76475250720977794 -0.92782089114189137 4.9256944656372079 -2.2559653520584102 -122.51169967651366 1.2229166626930239 3.6889582872390752 13.570138931274416 17.888194084167484 0.09523369744420053 21.937797546386722 3.6464582681655888 245.74305725097659 0.14688047021627429 2.0122221708297734 21.725694656372074 -96.966995239257798 2.6749999523162846 1.8211805224418642 0.053545549511909492 304.81250000000006 0.76903465390205394 17.888194084167484 3.1252717971801762 116.11875152587892 -79.252529144287095 26.880060195922855 8.405555725097658
decision_type=2 2 2 2 2 2 2 2 2 2 2 2 2 2 2 2 2 2 2 2 2 2 2 2 2 2 2 2 2 2
left_child=6 3 5 9 -5 -3 22 14 -9 11 13 29 -12 -11 -7 -13 17 -6 -18 20 21 -8 23 -1 25 -4 27 -26 -28 -2
right_child=1 2 24 4 16 7 19 8 -10 10 12 15 -14 -15 -16 -17 18 -19 -20 -21 -22 -23 -24 -25 26 -27 28 -29 -30 -31
leaf_value=-0.021235791450642208 0.051767475985586432 0.036700422824763157 -0.03225164311794379 -0.052820880664047103 0.0092407273792510843 0.0062201550509719018 0.0070558992250394255 -0.037465654061077762 0.031479052545565309 0.0040811287463098245 -0.027206651371938669 -0.033001984480854146 -0.00052684095049805818 0.020537444978891959 -0.0035066472586211396 -0.0056043399007196957 0.0097655117535222768 -0.072909682512666496 -0.0096715705911310929 0.042625310226601668 0.03277887226515213 -0.1206924883779486 -0.060044419936873011 0.084995113221000007 0.071074542202994792 0.022167283176051225 -0.027898333287451491 0.024321859753845026 0.018889776119286342 0.012283664808397222
leaf_weight=3.3798898607492429 6.756448581814765 12.652290284633635 7.255952373147009 11.042993598617612 96.808149799704552 286.1817034855485 4.6031651590019491 23.274393416941169 6.0024012103676787 179.64612722396851 33.622885033488274 21.167444482445717 116.90183249861002 89.956034034490585 377.12815185636282 372.16595374420285 82.683084588497877 5.4169135093688956 814.12898297049105 137.35691042989492 16.332244168967009 1.6913743317127226 2.7341162078082561 2.0952084567397833 7.0391260981559745 5.6722044199705124 6.056465968489646 25.097504660487175 30.221086591482162 27.360563099384308
leaf_count=42 33 59 37 522 565 1686 86 134 27 1057 248 164 697 464 2227 2452 384 38 6513 5066 463 21 31 20 30 31 34 132 151 156
internal_value=5.67782e-05 -0.00226947 0.00208915 -0.00411503 -0.00707878 0.000338812 0.0366289 -0.000325449 -0.0233304 -0.00058306 0.00381854 -0.00490925 -0.00648634 0.00957198 0.000689933 -0.00707876 -0.00657316 0.00488757 -0.00787954 0.0388701 0.0160737 -0.0272707 -0.00704825 0.0194166 0.0172646 -0.00837544 0.0221098 0.0345624 0.0110786 0.0201029
internal_weight=2812.43 2644.24 786.581 1857.66 1010.08 705.239 168.193 692.587 29.2768 847.577 420.127 427.45 150.525 269.602 663.31 393.333 999.037 102.225 896.812 159.984 22.6268 6.29454 8.20921 5.4751 81.3423 12.9282 68.4142 32.1366 36.2776 34.117
internal_count=23570 17841 4548 13293 8022 4133 5729 4074 161 5271 2466 2805 945 1521 3913 2616 7500 603 6897 5636 570 107 93 62 415 68 347 162 185 189
is_linear=0
shrinkage=0.05


Tree=73
num_leaves=31
num_cat=0
split_feature=30 29 13 29 29 30 3 29 3 12 10 5 29 30 7 2 3 11 3 3 12 5 12 13 3 29 30 10 12 5
split_gain=89.388 18.058 7.67061 8.05958 11.648 32.3515 15.8456 14.3723 13.8611 8.49523 7.95666 7.80019 7.79088 15.053 7.27644 7.15695 7.42077 6.89221 6.62179 6.67843 6.35591 7.47055 6.08692 5.54342 6.06472 5.65385 12.739 5.5084 5.75183 5.39982
threshold=-117.08349990844725 39.221981048583991 104.64791870117189 39.408555984497077 41.806915283203132 -94.668254852294908 3.3588889837265019 41.799581527709968 2.9183334112167363 -1.0187500119209287 2.423611164093018 0.24162441492080691 34.40844917297364 -101.70369720458983 1.1645833253860476 4.5089156627655038 1.7691666483879092 3.8937499523162846 3.3588889837265019 2.1366666555404668 -1.2395833134651182 0.42095914483070379 -3.4645833969116206 1.0000000180025095e-35 2.2154166698455815 37.32044982910157 -120.96650314331053 38.465276718139656 -4.6687498092651358 0.17707628756761554
decision_type=2 2 2 2 2 2 2 2 2 2 2 2 2 2 2 2 2 2 2 2 2 2 2 2 2 2 2 2 2 2
left_child=1 23 3 10 7 8 -7 9 -6 -5 -2 22 17 -14 15 16 -13 -12 19 -16 21 -3 27 24 25 -1 -27 28 -4 -24
right_child=2 20 11 4 5 6 -8 -9 -10 -11 12 14 13 -15 18 -17 -18 -19 -20 -21 -22 -23 29 -25 -26 26 -28 -29 -30 -31
leaf_value=0.031236665219615219 0.030854810496254194 0.014037297194622704 0.030908911263789935 0.010347244316717574 -0.012204151326956059 -0.006235059671444154 -0.037946545167967118 0.04866418373637825 0.042998860210826453 -0.0038215153972714689 -0.041152135621167443 -0.004235293828416367 -0.051709876227335083 -0.0066212386862185696 0.0026735543419813251 -0.013550862087815089 0.011491015924145925 0.035767543494108912 0.019378472508572719 -0.051124285158024821 0.01891077927572014 -0.070631194032717115 0.0027531327090755797 0.045303086097338845 0.051323972229759485 0.00066587108004742275 -0.23464792682271729 -0.03363450736369334 -0.03823545633714813 -0.017171092350882159
leaf_weight=1.6767286416143168 14.19564578682184 4.6723813973367232 8.0905660316348058 212.73569220304489 16.79853280633688 89.177668066695333 70.562309904024005 18.212220825254917 35.197039172053337 210.44349583797157 3.482043310999873 93.263297036290169 18.815542861819267 1143.6771066635847 9.2755995392799395 40.217215321958065 383.32850945740938 17.795697771012783 8.9890550225973112 15.258585922420023 13.152620965614913 5.8886849600821733 149.70372524857521 131.41635338962078 3.3128608372062445 1.5277630630880596 0.92240493185818184 31.361026845872402 4.7874235510826102 44.001160487532616
leaf_count=49 77 56 40 1146 77 622 1176 74 139 1204 22 553 120 8536 47 246 2126 93 41 90 168 54 904 5245 109 36 12 223 26 259
internal_value=5.54345e-05 0.0360395 -0.00216098 -0.00391995 0.000548277 -0.00909249 -0.020243 0.00517296 0.0251641 0.00330124 -0.00635601 0.00196959 -0.00680224 -0.00735102 0.00524005 0.00670433 0.00841357 0.0231799 -0.017334 -0.030785 -0.00428491 -0.0331725 -0.00559453 0.0429261 0.000938401 -0.0395085 -0.0879218 -0.0223285 0.00520433 -0.00177277
internal_weight=2801.94 162.57 2639.37 1851.09 653.127 211.736 159.74 441.391 51.9956 423.179 1197.97 788.276 1183.77 1162.49 550.332 516.809 476.592 21.2777 33.5232 24.5342 23.7137 10.5611 237.944 138.856 7.43976 4.1269 2.45017 44.239 12.878 193.705
internal_count=23570 5729 17841 13286 4438 2014 1798 2424 216 2350 8848 4555 8771 8656 3103 2925 2679 115 178 137 278 110 1452 5451 206 97 48 289 66 1163
is_linear=0
shrinkage=0.05


Tree=74
num_leaves=31
num_cat=0
split_feature=30 29 0 11 30 29 30 30 30 30 5 10 7 30 12 5 7 29 4 7 11 0 3 3 6 30 29 9 7 3
split_gain=83.6817 17.4548 7.2449 8.72975 7.26178 15.325 11.5634 18.9724 14.4139 9.22919 7.13905 6.94236 12.8458 6.3398 5.7683 6.84017 5.75785 5.56228 4.52578 4.49519 5.50155 4.48125 5.24487 4.21703 4.21644 4.11951 6.91241 3.95093 3.84839 3.66785
threshold=-117.08349990844725 39.221981048583991 28.268054962158207 15.24722194671631 -84.907409667968736 42.399999618530281 -78.72967147827147 -78.749805450439439 -75.70598983764647 -84.990852355957017 0.12830014526844027 80.951389312744155 0.69791665673255932 -73.27999114990233 -1.2395833134651182 0.39131714403629309 0.072916667908430113 39.670738220214851 2.4743750095367436 0.064583335071802153 22.60624980926514 7.5770833492279062 2.2154166698455815 3.2831250429153447 0.38958333432674414 -121.22849655151366 37.32044982910157 260.45834350585943 0.40625000000000006 1.7691666483879092
decision_type=2 2 2 2 2 2 2 2 2 2 2 2 2 2 2 2 2 2 2 2 2 2 2 2 2 2 2 2 2 2
left_child=1 21 4 -4 9 6 7 -6 -8 11 16 17 -13 -7 15 29 -5 -2 -16 20 -12 22 25 -11 -21 -1 -27 -17 -15 -3
right_child=2 14 3 10 5 13 8 -9 -10 23 19 12 -14 28 18 27 -18 -19 -20 24 -22 -23 -24 -25 -26 26 -28 -29 -30 -31
leaf_value=0.031080455508508093 -0.001435209445925283 -0.055385168288550363 -0.048290867205545346 0.0075613835741078911 -0.0050437135527951118 -0.05642721423065257 0.0096642044867088009 -0.053048658193657755 -0.010525558621012829 0.051696302019317381 0.0016762901706443936 -0.049000092605465402 0.0068334685622757187 -0.031614103296898489 -0.01874227939534456 -0.022653474180522045 -0.046693180954694269 0.0088859921580956239 0.041507955095981146 0.047760935832724005 0.045047453721107161 0.04488039605663021 0.051243162168189783 -0.0057075326251858176 0.016117600011698506 0.023211403549319505 -0.13710628812140224 -0.10328785683240019 0.040355803678329208 0.04518940318578081
leaf_weight=1.7049371814355252 338.95601449906826 1.2790865302085892 6.1230923235416403 12.435645908117296 1430.9697976736352 19.61829492542893 297.23848428204656 20.882457640022039 125.82143886759877 13.298283375799658 43.475618548691273 18.959019545465708 22.560255428776145 4.6774817928671828 5.1066874172538501 2.831267086789012 8.0595837682485563 212.29390315525234 7.9990253541618586 19.752458617091179 8.7901164591312391 125.19281709846109 3.6003956515341997 4.2129481956362715 22.541076667606831 1.183006022125481 1.557684453204274 3.2779644541442394 3.0808881372213364 3.1121762786060572
leaf_count=52 1664 14 32 60 10944 452 1561 167 703 64 251 160 150 32 55 28 52 1263 113 89 39 5220 127 22 116 32 20 30 20 38
internal_value=5.45066e-05 0.0355349 -0.00205842 0.00988275 -0.00263433 -0.00415684 -0.00361455 -0.00573418 0.00365961 0.00211143 0.0129787 0.00105461 -0.0186619 -0.0412961 -0.00409235 -0.0317049 -0.0137738 0.00253963 0.0180312 0.0187772 0.00897051 0.0425558 0.00638536 0.0378858 0.0308961 -0.0299438 -0.0679059 -0.0659186 -0.00303449 0.0158941
internal_weight=2790.59 156.845 2633.75 121.178 2512.57 1902.29 1874.91 1451.85 423.06 610.28 115.054 592.769 41.5193 27.3767 23.6062 10.5005 20.4952 551.25 13.1057 94.5593 52.2657 133.239 8.04602 17.5112 42.2935 4.44563 2.74069 6.10923 7.75837 4.39126
internal_count=23570 5729 17841 639 17202 13879 13375 11111 2264 3323 607 3237 310 504 278 110 112 2927 168 495 290 5451 231 86 205 104 52 58 52 52
is_linear=0
shrinkage=0.05


Tree=75
num_leaves=31
num_cat=0
split_feature=30 29 1 5 2 29 30 10 12 1 2 9 30 30 29 30 29 10 9 5 5 9 29 12 5 4 30 7 9 3
split_gain=78.3747 16.7957 6.85337 7.2315 7.11273 9.55196 7.31424 8.50493 7.36929 7.29576 7.72178 6.92592 6.66888 12.7083 14.3226 8.62266 7.55738 7.514 7.21385 6.27373 8.89735 5.90675 5.73652 5.35085 5.05983 4.08162 5.10122 3.78897 5.10786 3.20717
threshold=-117.08349990844725 39.221981048583991 24.950893402099613 0.76475250720977794 -0.92782089114189137 35.725976943969734 -79.26528167724608 3.9930555820465092 -1.3729166388511655 8.2797617912292498 7.2491588592529306 107.25000000000001 -79.302604675292955 -79.153511047363267 35.468124389648445 -96.901752471923814 35.741001129150398 23.784722328186039 252.72916412353518 0.92393413186073314 0.90791922807693493 309.89582824707037 35.741001129150398 1.0395833253860476 0.42095914483070379 1.8752083182334902 -121.17950057983397 0.71458330750465404 259.61805725097662 1.7691666483879092
decision_type=2 2 2 2 2 2 2 2 2 2 2 2 2 2 2 2 2 2 2 2 2 2 2 2 2 2 2 2 2 2
left_child=1 -1 4 12 5 6 8 -8 -2 10 11 -6 15 16 -15 18 -14 -17 -4 20 -11 22 -7 24 29 -26 -27 28 -5 -3
right_child=2 23 3 27 9 21 7 -9 -10 19 -12 -13 13 14 -16 17 -18 -19 -20 -21 -22 -23 -24 -25 25 26 -28 -29 -30 -31
leaf_value=0.04217633907132301 -0.01618906960618275 -0.049292988652852435 0.021792650193330754 0.036146192001471053 -0.0086688636641312003 0.044784175394214309 0.035129986955484548 -0.019279813725933317 0.020477353812113616 -0.0056217771737883436 0.11502193828318721 -0.054778458494819209 -0.024571119897328051 -0.026864820552079401 0.0042576124999669151 0.063019530123449657 0.018977377230036854 0.014245448795908073 -0.0086448805449948259 -0.043103027425178665 0.057244304018978877 -0.042820108834805713 0.0026199412105556616 0.026491345764870708 0.011890773021916538 -0.028304290328550471 -0.11837577194794338 -0.016920004669077868 0.009110438440251117 0.035068943521823548
leaf_weight=127.87603718135506 23.542090807110071 1.5230842046439672 25.143503569066525 28.499779872596264 15.217842844314871 8.1706193536519987 7.6050721108913413 129.16147571802139 32.789660781621933 949.40286297723651 0.90110854804515739 17.519784300588071 83.130442872643471 41.224817901849747 357.92689932137728 8.652687191963194 11.318887419998644 90.352607659995556 86.217498078942299 11.072607066482304 5.6617421694099894 7.0627344697713843 634.72260076366365 8.9317206591367704 2.1806837152689678 3.6297628916800013 2.7727571949362764 7.8731329068541518 45.14303994178772 4.3277735225856304
leaf_count=5451 179 18 119 128 203 41 41 1187 206 7070 4 638 760 303 1985 41 62 449 414 76 31 43 3574 123 22 45 17 50 237 53
internal_value=5.34897e-05 0.0350539 -0.00196055 0.00195018 -0.00362745 -0.000244704 -0.010009 -0.0162543 0.00515377 -0.00647992 -0.0293703 -0.0333448 0.000317652 -0.00285937 0.00104325 0.00777218 -0.0193522 0.0185081 -0.00177258 -0.00568293 -0.0052491 0.00265622 0.00315581 -0.00392577 -0.0227477 -0.0471893 -0.0673118 0.0160486 0.0195733 0.013108
internal_weight=2779.56 151.242 2628.31 785.483 1842.83 843.054 193.098 136.767 56.3318 999.776 33.6387 32.7376 703.967 493.601 399.152 210.366 94.4493 99.0053 111.361 966.137 955.065 649.956 642.893 23.3658 14.4341 8.5832 6.40252 81.516 73.6428 5.85086
internal_count=23570 5729 17841 4548 13293 5271 1613 1228 385 8022 845 841 4133 3110 2288 1023 822 490 533 7177 7101 3658 3615 278 155 84 62 415 365 71
is_linear=0
shrinkage=0.05


Tree=76
num_leaves=31
num_cat=0
split_feature=30 29 13 30 29 5 10 30 30 29 30 4 7 30 29 30 13 13 30 12 30 6 6 29 11 13 11 3 4 12
split_gain=73.29 16.1744 6.6645 7.6867 12.3115 8.68103 6.93375 12.2329 24.9493 15.5896 10.1175 9.70355 8.67467 8.51468 11.095 8.11284 10.3541 7.5417 6.87761 6.79186 6.73749 9.14341 10.3252 6.11091 5.99094 5.5164 5.46159 5.35608 4.93459 4.93261
threshold=-117.08349990844725 39.221981048583991 21.118749618530277 -78.934486389160142 36.020755767822273 0.714703530073166 64.520832061767592 -75.886917114257798 -78.72967147827147 35.284490585327156 -78.749805450439439 3.2704166173934941 0.15208333730697635 -76.269851684570298 38.513755798339851 -79.188957214355455 105.00208282470705 92.095832824707045 -80.748550415039048 5.7625000476837167 -79.157058715820298 1.1895833611488345 0.74791666865348827 35.650003433227546 7.7541666030883798 1.0000000180025095e-35 3.3625000715255742 2.2154166698455815 2.2372916936874394 -1.2395833134651182
decision_type=2 2 2 2 2 2 2 2 2 2 2 2 2 2 2 2 2 2 2 2 2 2 2 2 2 2 2 2 2 2
left_child=1 25 3 20 -5 26 7 8 10 -10 -4 19 -13 15 -15 18 -17 -16 -8 -9 23 22 -22 24 -2 27 -6 28 -1 -3
right_child=2 29 6 4 5 -7 13 11 9 -11 -12 12 -14 14 17 16 -18 -19 -20 -21 21 -23 -24 -25 -26 -27 -28 -29 -30 -31
leaf_value=-0.002439300858086379 0.0024407055466169527 -0.02953846851556979 0.00017168498777480758 -0.040568072180901679 0.026720775995559377 -0.054375499112369552 -0.0074588426117954678 -0.039468496212024209 -0.040799440885213846 0.024913418134588285 -0.047311998340105181 -0.021523245628167709 0.022890703103683314 0.089245059820799749 -0.0050194819645327923 -0.016688077602171839 -0.00043851725584258418 0.031598800169321171 0.0077781003858802787 0.027350093279572343 -0.0046233901038367792 -0.033671276261073538 0.03687639190122266 -0.017426515095153087 0.085712458686231202 0.044377890308233102 -0.013495513357259162 0.05114879099466068 -0.12200495015142564 0.016855317061221852
leaf_weight=2.9521507918834677 24.582432020455602 10.309580210596325 1304.0263542719185 42.957300078123808 18.203101046383381 6.657129510305821 152.88570413738489 41.121148034930229 9.616194471716879 146.94811787083745 11.31554566323757 23.046775154769421 21.022102735936642 4.352533131837844 43.69843652099371 272.83542748168111 153.01103892177343 20.731796503067017 143.64125867560506 4.1906393244862548 29.959582168608904 10.886677358299492 29.992608621716499 88.771033845841885 2.3679945617914191 115.75708702765405 15.743822231888769 2.8926298469305038 1.2193653583526609 12.895571252331136
leaf_count=72 214 110 8330 447 162 62 873 240 77 693 82 130 105 17 235 2046 934 93 1053 21 253 128 222 1299 20 5245 105 109 25 168
internal_value=5.16212e-05 0.0345271 -0.001868 -0.00930624 -0.021909 -0.00216862 -0.0010139 0.000918447 0.00200907 0.0208773 -0.000236805 -0.0170418 -0.000336534 -0.00482723 0.0119826 -0.00642783 -0.0108494 0.00676323 -7.78825e-05 -0.0332888 -0.00366138 0.00848314 0.0161379 -0.0110956 0.00975736 0.0417602 0.00806936 -0.00113464 -0.0373892 -0.00375651
internal_weight=2768.59 146.026 2622.56 270.122 83.5614 40.6041 2352.44 1561.29 1471.91 156.564 1315.34 89.3807 44.0689 791.156 68.7828 722.373 425.846 64.4302 296.527 45.3118 186.56 70.8389 59.9522 115.721 26.9504 122.821 33.9469 7.06415 4.17152 23.2052
internal_count=23570 5729 17841 2912 776 329 14929 9678 9182 770 8412 496 235 5251 345 4906 2980 328 1926 261 2136 603 475 1533 234 5451 267 206 97 278
is_linear=0
shrinkage=0.05


Tree=77
num_leaves=31
num_cat=0
split_feature=30 29 0 2 6 13 9 29 11 30 30 3 0 13 9 13 3 12 12 30 13 12 29 30 30 11 2 29 30 11
split_gain=68.4992 15.6252 6.20984 6.29567 11.7262 7.3268 7.2572 13.0968 10.5641 6.2442 5.93467 7.84262 5.67593 6.96806 5.75489 5.38938 4.90056 4.8182 7.5891 5.90788 4.69249 4.54055 4.02693 7.98444 3.75177 4.35713 2.93831 2.13974 2.10573 3.19931
threshold=-117.08349990844725 39.221981048583991 6.5298612117767343 1.4698369503021242 2.8770833015441899 122.62083435058595 254.5138854980469 35.725976943969734 17.288194656372074 -75.049243927001939 -97.627079010009751 1.9410416483879092 21.069444656372074 75.974998474121108 228.40277862548831 1.0000000180025095e-35 2.2154166698455815 6.8604166507720956 4.6937499046325692 -79.010993957519517 1.0000000180025095e-35 1.0395833253860476 37.32044982910157 -120.96650314331053 -120.45205307006835 11.292361259460451 0.76903465390205394 41.108394622802741 -79.11110687255858 17.342361450195316
decision_type=2 2 2 2 2 2 2 2 2 2 2 2 2 2 2 2 2 2 2 2 2 2 2 2 2 2 2 2 2 2
left_child=1 15 9 5 12 6 7 -4 -8 17 -7 -12 13 -5 -14 16 22 18 20 -20 -2 24 -1 -24 25 26 -3 -23 29 -6
right_child=2 21 3 4 28 10 8 -9 -10 -11 11 -13 14 -15 -16 -17 -18 -19 19 -21 -22 27 23 -25 -26 -27 -28 -29 -30 -31
leaf_value=0.029669467543328467 -0.0081785419926453523 -0.016801047029857706 -0.0067607949813309259 -0.0085485680304200843 -0.059352196166299248 -0.02689742243328205 0.00065853274741788147 0.0045768288188668483 -0.014191861525182895 0.072154666914678312 -0.0092997848360844553 0.036790232649945145 0.0094188973379745883 -0.039720782836699033 -0.0042795570153954894 0.044047147619836954 0.051091756216973774 -0.051658276936097369 0.058242745144398381 -0.035569746026873635 -0.037949339534357612 0.053045340959596114 0.0027562702353634049 -0.16973527999069593 -0.068610985512194994 -0.063181684615192593 0.042256082188957968 0.0032767068823401722 -0.058907263408544408 0.011879496785266334
leaf_weight=1.5661915577948082 33.17294486053288 4.5953457914292795 346.82518025487661 149.84061473980546 3.0697352476418045 6.375606805086135 286.03137677535415 959.15238235890865 206.00780556723475 1.9572477489709843 12.586560048162935 34.60675185918808 94.299754947423935 20.363740481436253 410.14346559345722 110.91769871860743 2.754548754543066 9.4462161064147931 5.8724282747134566 2.3497354444116336 22.023804407566786 3.7877175714820606 1.57278273627162 1.169932499527931 3.204456195235255 2.649918543174862 3.8882494084537029 5.0246427990496159 11.16917250305414 3.2402310334146023
leaf_count=49 625 53 2755 1569 29 35 1867 5366 1327 10 72 157 591 154 2564 5245 109 244 61 29 250 94 36 12 19 28 55 29 103 33
internal_value=4.94023e-05 0.0339808 -0.0017794 -0.0013618 -0.00543032 0.00015902 -0.000383873 0.00156592 -0.00555906 -0.0159765 0.018381 0.0244979 -0.00438276 -0.0122781 -0.00171879 0.0413504 -0.000996821 -0.0183438 -0.0133816 0.0314329 -0.0200573 -0.00357691 -0.0342954 -0.0708217 -0.0209368 -0.00721522 0.0102664 0.0246682 -0.0458632 -0.022774
internal_weight=2759.67 141.131 2618.53 2543.71 692.127 1851.59 1798.02 1305.98 492.039 74.8224 53.5689 47.1933 674.648 170.204 504.443 117.981 7.06346 72.8651 63.4189 8.22216 55.1967 23.1503 4.30891 2.74272 14.338 11.1335 8.4836 8.81236 17.4791 6.30997
internal_count=23570 5729 17841 16622 5043 11579 11315 8121 3194 1219 264 229 4878 1723 3155 5451 206 1209 965 90 875 278 97 48 155 136 108 123 165 62
is_linear=0
shrinkage=0.05


Tree=78
num_leaves=31
num_cat=0
split_feature=30 1 9 2 2 4 30 2 3 30 30 0 8 4 9 12 10 2 6 30 3 30 11 4 2 2 9 2 0 30
split_gain=64.1465 6.09709 7.10512 9.60107 8.95101 14.0421 8.81667 14.0128 11.7497 7.70078 6.02428 6.01854 5.96486 10.3533 16.0845 9.64598 10.5004 8.66244 7.35972 5.86387 5.83723 5.60743 5.65419 8.43423 9.1159 4.39393 4.30433 4.88926 4.25825 1.71151
threshold=-117.08349990844725 21.872917175292972 224.59027862548831 -5.7725932598114005 0.95458075404167186 2.3210417032241826 -79.234470367431626 6.5248706340789804 1.6220138669013979 -97.084445953369126 -72.423046112060533 6.5298612117767343 1.5000000000000002 4.9052083492279062 187.42361450195315 -4.6687498092651358 79.576389312744155 -1.2705486416816709 0.052083333954215057 -75.049243927001939 3.4461804628372197 -122.51169967651366 4.6770832538604745 2.4743750095367436 -0.055395962670445435 0.48378622531890875 304.81250000000006 0.76903465390205394 7.226388931274415 -121.79750061035155
decision_type=2 2 2 2 2 2 2 2 2 2 2 2 2 2 2 2 2 2 2 2 2 2 2 2 2 2 2 2 2 2
left_child=21 2 4 -4 11 -6 8 -8 -5 -7 12 19 13 17 -15 16 -14 -3 -17 -2 -13 26 23 24 28 -26 27 -1 -23 -24
right_child=1 10 3 6 5 9 7 -9 -10 -11 -12 20 15 14 -16 18 -18 -19 -20 -21 -22 22 29 -25 25 -27 -28 -29 -30 -31
leaf_value=-0.020483383032112022 -0.016323248177210002 0.0058263765126099036 -0.081206997926038582 -0.06948453793392366 0.074364136264522498 0.047520843629857805 -0.018961663764444987 0.095500404638982225 0.0002168516594776084 -0.017856566959896666 -0.048959527987288663 0.0061339018843139213 -0.0059393504313597374 -0.039493221507209929 0.029757629955582211 -0.0079935108577979235 -0.082253187538408101 -0.0081846830019957195 0.0076331912041298052 0.073405560593608768 -0.0064928249676935064 -0.031561963312565153 0.021998202841124456 0.035495034778324469 -0.18993381612350627 -0.054604750382881623 -0.060553477597180896 0.081276750184305302 0.047830359381417858 0.044360241671426867
leaf_weight=3.0496735349297515 59.092250334098935 144.27823352813721 4.679676726460456 6.2403954714536658 4.4753265380859366 4.6626167446374884 176.03995945304632 2.7151214703917494 194.31701896805316 132.58648960944265 6.1714224740862837 378.70189374685287 141.73721012100577 10.210843339562414 46.888887330889702 85.759955819696188 4.6555832326412192 468.642981659621 620.55922336876392 1.878679335117339 120.70403423532844 2.8872039085254073 9.501399106346069 22.439269784837961 0.75795845501124715 2.8746373932808638 2.5925707295536995 1.92578599601984 4.0694704437628388 86.041593585163355
leaf_count=42 696 826 30 38 24 20 1566 11 1503 1636 43 2411 913 60 236 498 38 3035 3472 9 776 55 332 877 12 65 31 20 154 4141
internal_value=4.81679e-05 -0.00169387 -0.00455839 -0.0100268 -0.00156762 -0.0127936 -0.00914863 -0.0172231 -0.00195192 -0.0156356 0.000341015 0.00127153 0.000540823 -0.00298951 0.0173739 0.00331479 -0.00836628 -0.00488656 0.00573583 -0.0135585 0.00308208 0.0335095 0.0359715 0.018138 -0.0186427 -0.0828418 -0.00831593 0.0189036 0.0148804 0.0421364
internal_weight=2751.14 2615 1086.09 383.992 702.101 141.724 379.312 178.755 200.557 137.249 1528.9 560.377 1522.73 670.021 57.0997 852.712 146.393 612.921 706.319 60.9709 499.406 136.14 128.572 33.0285 10.5893 3.6326 7.56803 4.97546 6.95667 95.543
internal_count=23570 17841 8720 3148 5572 1680 3118 1577 1541 1656 9121 3892 9078 4157 296 4921 951 3861 3970 705 3187 5729 5636 1163 286 77 93 62 209 4473
is_linear=0
shrinkage=0.05


Tree=79
num_leaves=31
num_cat=0
split_feature=30 29 0 30 2 10 10 12 2 29 30 29 29 12 10 0 12 12 30 13 2 12 13 0 12 29 29 6 9 29
split_gain=59.8554 14.8995 5.69697 7.38356 6.23295 8.71879 10.5379 9.76787 8.34188 8.73927 13.7341 9.98296 6.49771 6.85655 6.21528 8.89186 5.76259 7.51154 5.31203 5.185 4.45979 4.35856 4.96475 5.42518 4.19754 3.96002 4.63567 3.85703 2.53994 2.51751
threshold=-117.08349990844725 39.221981048583991 28.268054962158207 -99.934928894042955 0.95458075404167186 64.284721374511733 66.298610687255874 4.1604166030883798 0.62256726622581493 35.725976943969734 -79.281692504882798 35.741001129150398 43.474496841430671 6.5395832061767587 63.423612594604499 24.609027862548832 -3.2854166030883785 -2.5145833492279048 -75.886917114257798 1.0000000180025095e-35 -0.055395962670445435 -1.2395833134651182 31.395833015441898 22.056249618530277 -1.8937500119209287 41.108394622802741 46.567749023437507 0.46458333730697637 176.36111450195315 39.211111068725593
decision_type=2 2 2 2 2 2 2 2 2 2 2 2 2 2 2 2 2 2 2 2 2 2 2 2 2 2 2 2 2 2
left_child=1 19 4 -4 8 14 29 -8 9 10 -2 -11 13 -10 18 -16 27 -18 -6 20 28 22 -3 -24 -19 -23 -27 -5 -1 -7
right_child=2 21 3 16 5 6 7 -9 12 11 -12 -13 -14 -15 15 -17 17 24 -20 -21 -22 25 23 -25 -26 26 -28 -29 -30 -31
leaf_value=0.032322168108423553 0.0099438346206314771 0.018730977593505501 -0.044525965005486653 0.015607254831156473 -0.0014036965609485834 -0.033725360700984308 -0.013781169624690637 0.010917973418364924 0.0098807713655208948 0.044562697278817988 -0.012563743334021927 0.00038905908692385784 -0.043120328788198603 0.047798541276553572 0.088065042255909776 -0.0049113073004894772 0.07322434617487944 -0.027691632213545422 -0.023721703066735711 0.043398281712437065 -0.095474886390609234 0.053260863892413135 -0.094852008768983823 -0.0030613890877137511 0.015453925260507196 -0.041708181509818781 0.034904020730334599 -0.038912867542877427 -0.049434266863508852 -0.069881943779697767
leaf_weight=4.6982270795851946 86.390855818986893 3.5989123750478047 6.1197891086339942 5.1964366137981406 510.45684797968715 21.244006909430031 228.27848319802433 48.540894156321883 117.27371987327933 12.942402243614195 314.56458376348019 1086.6642751526088 5.2263284586369982 13.271514401771126 4.6303606601431948 5.7833163663744926 5.423995465040206 6.0160907283425322 28.131116762757301 102.3013441702351 1.0631918627768744 4.4944205004721862 3.6533750090748072 2.8777323979884386 89.504664771258831 4.1774512454867363 3.7442297413945198 8.6338612884283048 1.1907660160213707 6.2250572275370351
leaf_count=173 527 44 32 27 3738 160 1999 411 729 65 2756 6357 77 73 31 39 24 33 171 5245 22 117 35 31 469 34 17 54 11 69
internal_value=4.66023e-05 0.0329219 -0.0016132 0.00898645 -0.00212791 -0.00559239 -0.0123812 -0.00945012 -0.000321313 -0.00139516 -0.0077142 0.000908984 0.011547 0.0137356 -0.00182964 0.0364299 0.0118397 0.0159867 -0.00256939 0.0405588 -0.00122492 -0.00408483 -0.0284233 -0.0544073 0.0127365 0.0157724 -0.00549697 -0.0184281 0.0157909 -0.0419192
internal_weight=2742.32 131.8 2610.52 120.895 2489.62 853.29 304.288 276.819 1636.33 1500.56 400.955 1099.61 135.772 130.545 549.002 10.4137 114.775 100.945 538.588 109.254 6.95218 22.5461 10.13 6.53111 95.5208 12.4161 7.92168 13.8303 5.88899 27.4691
internal_count=23570 5729 17841 639 17202 6618 2639 2410 10584 9705 3283 6422 879 802 3979 70 607 526 3909 5451 206 278 110 66 502 168 51 81 184 229
is_linear=0
shrinkage=0.05


Tree=80
num_leaves=31
num_cat=0
split_feature=30 29 13 29 29 30 2 29 30 29 4 29 1 30 2 11 29 29 5 29 30 6 2 3 6 13 10 3 7 11
split_gain=55.9886 14.2532 5.57579 5.87026 15.4578 13.0282 6.96914 6.69415 14.5632 7.49658 6.46567 6.2573 7.45348 6.16061 5.18359 11.7905 8.18459 8.63708 8.32786 6.69814 7.66782 6.53698 15.1512 6.37776 5.04999 5.04939 4.99916 4.99144 9.3169 6.60295
threshold=-117.08349990844725 39.221981048583991 82.772914886474624 35.468124389648445 35.514999389648445 -79.056720733642564 1.5789467096328738 35.725976943969734 -79.408752441406236 35.838500976562507 2.5156250000000004 34.40844917297364 24.950893402099613 -77.440124511718736 -0.36594201624393458 18.668055534362797 41.191854476928718 41.317014694213874 0.1047484762966633 35.692842483520515 -78.577270507812486 2.5645833015441899 1.3710532784461977 2.2097916603088383 0.056250000372529037 1.0000000180025095e-35 39.756944656372077 2.0232639312744145 0.13125000149011615 11.884027481079103
decision_type=2 2 2 2 2 2 2 2 2 2 2 2 2 2 2 2 2 2 2 2 2 2 2 2 2 2 2 2 2 2
left_child=1 25 14 5 6 27 10 8 -6 -9 -5 12 -7 -13 15 16 18 -18 -2 20 24 23 -23 -21 -16 -1 -8 28 -4 -29
right_child=2 -3 3 4 7 11 26 9 -10 -11 -12 13 -14 -15 19 -17 17 -19 -20 21 -22 22 -24 -25 -26 -27 -28 29 -30 -31
leaf_value=-0.0011149207424878723 0.017006309696192157 -0.0039260452030444046 0.0687071691793774 0.087526023784625137 0.078925427773461496 0.05491082915589194 -0.041889324895115099 0.015364636469892647 -0.0075550755411105154 0.00091707520009091372 0.031812179016476254 -0.058274137969243016 -0.040240547653601071 0.014248083154402267 -0.026727282298393648 -0.046273922355145325 0.039363710976264114 0.0047266691754380575 -0.0061096391625769381 0.0023008583374559792 -0.04859908349593807 0.054966703197816685 -0.025518867009600928 -0.017339000959990327 0.010022005270739633 0.043041157781843191 0.022161026949083531 -0.057922559933325748 -0.0045216704058545741 -0.0014406064443203692
leaf_weight=6.9318606229498974 42.983282320201397 22.251165691763163 6.98481157422066 7.1062962710857418 4.9485740363597861 3.6372764334082586 4.2395856380462638 98.977688193321228 299.40357621386647 966.9669254720211 19.488820746541023 22.215971939265728 4.7404280453920364 3.3729332163929966 10.476297870278357 14.360095519572495 20.4015132188797 152.77480146847665 416.55015590414405 49.496860716491938 6.8679545894265166 11.302290184423329 12.114876652136443 250.71943874098361 86.822001703083515 98.099295349791646 10.825010627508162 5.6463018059730521 11.486674353480337 61.909020513296127
leaf_count=206 249 278 32 29 21 20 25 498 2493 5143 92 215 37 25 95 108 96 869 2960 339 59 71 135 2825 878 5245 60 30 62 375
internal_value=4.51834e-05 0.0324257 -0.00153585 0.000401122 0.00130341 -0.010216 0.0313076 0.000391221 -0.00614896 0.0022586 0.0466991 -0.0364355 0.00107051 -0.0487148 -0.00429651 -0.00147324 -0.000456432 0.00880718 -0.00394745 -0.00856685 0.00246098 -0.0121163 0.0133275 -0.014101 0.00606514 0.0401269 0.00413552 0.000136386 0.0231691 -0.00616139
internal_weight=2734.1 127.282 2606.82 1531.95 1411.96 119.993 41.6597 1370.3 304.352 1065.94 26.5951 33.9666 8.3777 25.5889 1074.87 647.07 632.71 173.176 459.533 427.8 104.166 323.633 23.4172 300.216 97.2983 105.031 15.0646 86.0268 18.4715 67.5553
internal_count=23570 5729 17841 9157 8361 796 206 8155 2514 5641 121 297 57 240 8684 4282 4174 965 3209 4402 1032 3370 206 3164 973 5451 85 499 94 405
is_linear=0
shrinkage=0.05


Tree=81
num_leaves=31
num_cat=0
split_feature=30 1 2 3 30 3 9 30 9 30 30 0 30 30 3 2 2 9 7 30 11 3 2 10 9 2 2 5 0 3
split_gain=52.2132 5.31961 7.03075 7.24935 10.0444 9.83737 11.2584 10.675 6.35689 6.03556 14.1736 15.004 12.6028 14.6549 13.29 5.91607 5.74037 5.53066 6.17563 4.93774 5.65484 7.4777 9.49567 4.76224 3.99329 4.48441 3.91048 5.11054 3.84409 3.66787
threshold=-117.08349990844725 18.392261505126957 -5.4933619499206534 3.4994443655014043 -72.710048675537095 2.8193750381469731 197.55554962158206 -76.269851684570298 72.111110687255874 -83.395496368408189 -80.748550415039048 23.716667175292972 -80.06703948974608 -79.028789520263658 3.5166667699813847 1.4005434513092043 5.4515011310577401 237.25694274902347 1.0895833373069765 -122.51169967651366 4.6770832538604745 1.907569468021393 -0.055395962670445435 6.0069444179534921 304.81250000000006 0.76903465390205394 5.1153595447540292 0.6742963194847108 17.188194274902347 4.0772917270660409
decision_type=2 2 2 2 2 2 2 2 2 2 2 2 2 2 2 2 2 2 2 2 2 2 2 2 2 2 2 2 2 2
left_child=19 2 8 5 16 6 -4 -7 -2 23 11 -11 14 -14 -12 -13 -5 18 -10 24 21 22 -21 -3 25 -1 27 -25 -24 -28
right_child=1 9 3 4 -6 7 -8 -9 17 10 12 15 13 -15 -16 -17 -18 -19 -20 20 -22 -23 28 26 -26 -27 29 -29 -30 -31
leaf_value=-0.019848328500558024 -0.052224414272763101 -0.034215915209288433 -0.0036164017842424106 -0.022484512092901428 0.10612878411039282 0.00096179164785849822 -0.02711332947815567 0.052778018992917487 0.012058478960720806 -0.049343594022257048 0.015291728624424995 -0.015266986568578512 -0.0076152430187434927 0.0029992910726722509 0.11061489488975317 0.046351844036402412 0.030791734443713626 -0.055284639014231154 -0.051077212978465396 0.016418980964855574 0.040965791261740513 0.032149433883441624 -0.049995776718599859 0.0035598191880667528 -0.060186352262826051 0.079537872830133596 -0.022940542955322881 0.016200089854962567 -0.16274856088132744 0.0078456773666879323
leaf_weight=2.9570657759904853 4.5729961991310111 7.8814745247364035 149.6716637276113 115.47573270928115 1.5954783558845509 174.42185727134347 77.312338996678591 10.540427237749098 107.71121832355857 30.790197938680649 55.608903914690018 9.3939032480120677 610.97112555429339 695.16633526608348 3.9138890355825415 6.6549290344119063 5.287580242380499 3.36356047540903 4.0176854804158202 5.9283191785216331 85.283600189723074 21.49227069504559 2.1866760011762403 387.57729614153504 2.4470971897244453 1.8419956713914869 23.246289033442736 100.75042377784848 1.1553123109042642 16.571719489991665
leaf_count=42 52 38 1251 1536 8 1499 645 51 681 302 325 51 4758 3879 25 42 52 22 34 179 4473 923 41 1908 31 20 124 478 20 80
internal_value=4.27939e-05 -0.00146342 -0.00536544 -0.00781891 -0.0185052 -0.0046448 -0.0116196 0.00391464 0.0055893 -0.000153814 -0.00186807 -0.0289128 -0.000940495 -0.00196586 0.0215597 0.0102843 -0.0201518 0.00788642 0.00978817 0.0318365 0.0343369 0.0159594 -0.0215757 0.00436346 -0.00820659 0.0182985 0.00493918 0.00616772 -0.088974 -0.0101277
internal_weight=2725.79 2602.5 653.971 534.305 122.359 411.946 226.984 184.962 119.665 1948.53 1412.5 46.839 1365.66 1306.14 59.5228 16.0488 120.763 115.092 111.729 123.292 116.046 30.7626 9.27031 536.027 7.24616 4.79906 528.146 488.328 3.34199 39.818
internal_count=23570 17841 5831 5042 1596 3446 1896 1550 789 12010 9382 395 8987 8637 350 93 1588 737 715 5729 5636 1163 240 2628 93 62 2590 2386 61 204
is_linear=0
shrinkage=0.05


Tree=82
num_leaves=31
num_cat=0
split_feature=30 1 7 2 8 3 0 30 30 0 30 30 8 2 4 30 30 11 3 2 2 9 4 1 5 9 12 11 11 5
split_gain=48.6204 5.27973 6.36309 4.94966 6.39729 8.74913 9.13322 5.25232 13.9021 15.4527 13.4828 6.18197 6.8927 4.88158 5.25846 7.13945 4.8167 6.01092 7.14875 6.65205 4.22664 4.12283 3.98371 3.74228 3.66925 3.02485 2.35522 2.56534 2.17387 2.10935
threshold=-117.08349990844725 5.5369048118591317 0.44791665673255926 2.6290760040283208 5.5000000000000009 1.6027083396911623 25.078472137451175 -83.395496368408189 -80.748550415039048 23.779861450195316 -80.06703948974608 -84.990852355957017 5.5000000000000009 -2.4418607950210567 4.834583282470704 -78.719924926757798 -121.79750061035155 4.6770832538604745 2.2154166698455815 -1.6717132329940794 8.1430253982543963 116.66666793823244 6.9479167461395273 11.455654621124269 0.68468907475471508 125.44444656372072 -4.9604167938232413 9.0270829200744647 8.741666793823244 0.65473225712776195
decision_type=2 2 2 2 2 2 2 2 2 2 2 2 2 2 2 2 2 2 2 2 2 2 2 2 2 2 2 2 2 2
left_child=16 2 13 7 5 -5 -7 11 9 -9 -10 22 -13 14 15 -2 25 18 19 -18 -15 -21 -3 -6 -25 -1 -27 28 -28 -29
right_child=1 3 -4 4 23 6 -8 8 10 -11 -12 12 -14 20 -16 -17 17 -19 -20 21 -22 -23 -24 24 -26 26 27 29 -30 -31
leaf_value=0.054790978939863844 -0.01842970100695588 0.004023695757003328 -0.043830262388148029 -0.063486377836337662 -0.056606722553023958 -0.016606379551222239 0.0026916847957652134 -0.042505005639010274 0.020821358357687163 0.019092368164456325 -0.0016648795498428776 0.041023061432130886 -0.032635748278601023 -0.052456295530822254 0.048758708286502334 0.05660916274004562 0.033597416441756144 0.042961304977276127 0.037121905143739538 -0.14307750856632465 0.094561727690157082 -0.029851984206025403 -0.017921717537694021 0.0079098589128589903 -0.012639516776633879 -0.05319676140195511 -0.0055304515637788002 0.035710186287731226 -0.089402923130059056 -0.039524137102876986
leaf_weight=2.8902604049071696 19.909315194934614 474.61297729238868 15.644861332140861 7.619477540254592 2.6173893213272086 158.11431031487882 100.14192283898592 39.537385554984212 69.76540706679225 13.713107630610464 1499.1025125943124 19.854839976876978 3.7807726189494124 6.8582203146070269 5.265976231545209 3.7700391039252237 4.4066951405256987 73.573722784407437 16.023849375545979 0.9253952074795978 0.52639374136924733 6.1279069567099214 21.621576268225908 107.51214734837413 27.223567627370358 1.8914344133809216 5.0816669026389683 6.6975987507030368 0.91107364278286684 1.0821948815137146
leaf_count=107 203 2340 334 58 36 1493 623 396 397 75 10265 114 25 383 39 18 180 4141 737 35 2 141 153 705 182 34 130 181 23 20
internal_value=4.05518e-05 -0.00139489 -0.0171706 -0.00107274 -0.00615466 -0.0106813 -0.00912333 -0.000116067 -0.00151773 -0.0266424 -0.000664947 0.00425745 0.0292405 -0.00569012 0.00356735 -0.00648261 0.031209 0.0355083 0.0155566 -0.0145968 -0.0419765 -0.0447072 0.00306751 0.00260752 0.00375782 0.00779257 -0.000879411 0.00630553 -0.0182815 0.0252448
internal_weight=2716.8 2597.19 51.9748 2545.22 403.229 265.876 258.256 2141.99 1622.12 53.2505 1568.87 519.87 23.6356 36.3299 28.9453 23.6794 119.612 101.058 27.4838 11.46 7.38461 7.0533 496.235 137.353 134.736 18.5542 15.664 13.7725 5.99274 7.77979
internal_count=23570 17841 979 16862 3097 2174 2116 13765 11133 471 10662 2632 139 645 260 221 5729 5234 1093 356 385 176 2493 923 887 495 388 354 153 201
is_linear=0
shrinkage=0.05


Tree=83
num_leaves=31
num_cat=0
split_feature=30 0 11 12 11 30 2 10 2 9 2 9 11 8 2 0 3 30 12 30 11 3 2 10 12 4 3 4 9 12
split_gain=45.2428 5.01978 7.01999 6.11496 5.63596 5.87946 5.10315 7.74487 14.6756 8.22806 7.42918 7.8774 9.52416 7.26212 8.79052 7.21275 5.85789 5.5706 4.79411 4.63135 5.91321 6.65684 5.88702 3.93434 3.59245 6.03924 3.16947 3.13159 2.88571 2.78332
threshold=-117.08349990844725 28.268054962158207 19.488194465637211 -3.2854166030883785 18.668055534362797 -99.934928894042955 0.95458075404167186 44.701387405395515 3.0597437620162968 272.06250000000006 0.76903465390205394 240.86805725097659 23.194444656372074 4.5000000000000009 1.5047489404678347 26.51874923706055 1.907569468021393 -78.72967147827147 -2.5145833492279048 -121.79750061035155 4.6770832538604745 2.2154166698455815 -1.6717132329940794 53.715276718139656 6.5395832061767587 3.1070833206176762 1.9194444417953493 2.7050000429153447 125.44444656372072 -1.9354166388511655
decision_type=2 2 2 2 2 2 2 2 2 2 2 2 2 2 2 2 2 2 2 2 2 2 2 2 2 2 2 2 2 2
left_child=19 6 4 27 5 -3 10 8 9 -8 11 15 -13 17 -15 -2 -10 -9 -5 28 21 22 -21 -24 25 -12 -20 -4 -1 -7
right_child=1 2 3 18 -6 29 7 13 16 -11 24 12 -14 14 -16 -17 -18 -19 26 20 -22 -23 23 -25 -26 -27 -28 -29 -30 -31
leaf_value=0.054675861735209642 0.00091940954978248629 -0.043937251750874637 0.01203091923056876 0.065549603883798116 -0.061256057308066547 -0.013868530891936676 0.025208521608412589 -0.013181592550606434 0.033394118225556366 0.0023228681549297583 0.021165191891068663 -0.0068151965547424203 0.064498280270142136 -0.035485886019144423 0.0082178424095496316 0.030270050576799958 -0.019341286915414944 0.00091948656233730862 -0.0066364724786144736 0.032964989333363892 0.042497071663298948 0.036424458138451382 -0.022374665331532598 -0.11348131437576144 0.043169699169093773 -0.01128278784581324 0.020275493909795682 -0.044829530032442444 -0.0008375241890196364 0.034712400126991921
leaf_weight=2.7549444716423777 1034.9240229576826 5.8878289312124297 4.0253683850169164 5.1850571930408469 5.2803519591689101 4.7036407366395032 62.339130094274879 399.66276011243463 5.681693196296691 106.15130570996553 45.216458305716515 489.77109411265701 4.7271048724651328 12.972159849479793 101.78779018763453 21.363854289054871 71.965955875813961 84.920416001230478 13.028843455016611 4.2701706243678927 70.730885262601078 15.526867800392209 5.8159447247162479 1.4881966281682251 9.8983344500884396 20.999791830778122 68.254416793584824 6.0774483159184456 15.579019820317624 7.9002776592969859
leaf_count=107 6784 31 26 23 30 25 361 3550 29 697 253 3200 21 80 855 105 536 510 80 180 4141 737 137 39 58 163 355 35 388 34
internal_value=3.89077e-05 -0.00132885 0.00864312 0.0146346 -0.0156967 -0.00268715 -0.00181424 -0.00496532 0.00250215 0.0107902 -0.000176658 -0.000925203 -0.00613348 -0.00803206 0.00327769 0.00151304 -0.0154825 -0.0107105 0.0189353 0.0305661 0.034888 0.0150293 -0.0136722 -0.0409374 0.0150745 0.0108747 0.0159618 -0.022174 0.00750417 0.0165825
internal_weight=2708.89 2592.73 120.343 96.5711 23.7721 18.4917 2472.38 845.481 246.138 168.49 1626.9 1550.79 494.498 599.343 114.76 1056.29 77.6476 484.583 86.4683 116.166 97.8321 27.1012 11.5743 7.30414 76.1146 66.2163 81.2833 10.1028 18.334 12.6039
internal_count=23570 17841 639 519 120 90 17202 6618 1623 1058 10584 10110 3221 4995 935 6889 565 4060 458 5729 5234 1093 356 176 474 416 435 61 495 59
is_linear=0
shrinkage=0.05


Tree=84
num_leaves=31
num_cat=0
split_feature=30 29 1 7 29 29 29 30 11 30 11 10 30 1 30 30 29 13 2 4 30 2 3 5 7 30 5 3 1 30
split_gain=42.0414 13.9052 4.91707 6.00486 4.99425 13.701 12.4533 13.387 10.7896 9.84788 8.27116 7.41242 7.84615 5.90021 5.19757 26.07 10.8043 4.83739 4.60086 4.66754 7.06409 3.97282 3.76707 3.75019 4.76365 3.74993 3.66356 3.55674 3.22166 6.73409
threshold=-117.08349990844725 39.221981048583991 5.5369048118591317 0.44791665673255926 35.468124389648445 34.40844917297364 35.514999389648445 -79.063835144042955 12.998610973358156 -79.056720733642564 7.9729166030883798 57.423612594604499 -109.12405014038085 26.570238113403324 -82.924999237060533 -80.495098114013658 37.413198471069343 1.0000000180025095e-35 -2.4418607950210567 4.6006250381469735 -78.719924926757798 8.1430253982543963 2.2154166698455815 0.42095914483070379 0.13125000149011615 -78.675731658935533 0.38702611625194555 1.7411111593246462 22.075893402099613 -121.17950057983397
decision_type=2 2 2 2 2 2 2 2 2 2 2 2 2 2 2 2 2 2 2 2 2 2 2 2 2 2 2 2 2 2
left_child=1 17 3 18 5 11 7 13 -9 10 -7 12 -4 -6 16 -16 -8 22 19 20 -2 -20 27 -3 28 -11 -13 -1 29 -25
right_child=2 23 4 -5 6 9 14 8 -10 25 -12 26 -14 -15 15 -17 -18 -19 21 -21 -22 -23 -24 24 -26 -27 -28 -29 -30 -31
leaf_value=0.001949536201376623 -0.021730242296740237 0.019031713435807469 0.049064664092383144 -0.043058284064213692 0.079825316409500288 -0.062918089843383193 -0.027152549005103124 -0.047177125384849528 0.018891238418491413 -0.054941764952955253 -0.0027114177461475147 0.049490479792121567 -0.014922881329920016 0.025403646961884116 -0.03632458822856191 -0.0012464787094748054 0.0044838948325132263 0.041697352436665065 -0.052332645467648591 0.037594049494072468 0.053561131533829569 0.091263112055037926 0.050894751214758831 -0.025970803444279197 0.044238695963649356 -0.0220272592335762 0.0068091594808948573 -0.093098538098152092 -0.0031469886270973735 -0.13759443313342853
leaf_weight=3.0674983169883481 17.678155384957797 8.8133821282535809 5.7506918385624877 15.124566713348029 11.13215419650078 6.3546115085482588 28.30298837274313 7.8600551262497893 28.903089568018913 21.563342019915581 55.759073078632355 13.222235925495626 28.700665168464184 9.0124545842409116 54.707722369581461 1665.0720882564783 580.5531240105629 84.537695401348174 6.5232357000932124 7.3974758367985478 3.7817871570587114 0.52007953822612751 2.2284522037953138 4.533925784751772 2.1703522484749547 14.453795872628687 8.1123701333999616 1.4492683485150335 4.2414105050265789 1.9247571472078551
leaf_count=70 190 122 33 334 64 47 163 56 147 219 365 65 161 41 534 11798 2998 5245 383 52 18 2 109 58 40 126 45 27 43 15
internal_value=3.79906e-05 0.0298963 -0.00126408 -0.0166318 -0.000955295 -0.00968471 -0.000392068 0.0227171 0.00476565 -0.0209324 -0.00887093 0.0101006 -0.00424195 0.0554777 -0.000956814 -0.00236234 0.00301326 0.0384461 -0.00549869 0.00334428 -0.00846199 -0.0417295 -0.00230208 -0.00609606 -0.023303 -0.0417331 0.0332611 -0.028548 -0.0370028 -0.0592358
internal_weight=2703.45 112.967 2590.49 51.0253 2539.46 153.917 2385.54 56.9078 36.7631 98.1308 62.1137 55.786 34.4514 20.1446 2328.64 1719.78 608.856 91.2829 35.9007 28.8574 21.4599 7.04332 6.74522 21.6838 12.8704 36.0171 21.3346 4.51677 10.7001 6.45868
internal_count=23570 5729 17841 979 16862 1061 15801 308 203 757 412 304 194 105 15493 12332 3161 5451 645 260 208 385 206 278 156 345 110 97 116 73
is_linear=0
shrinkage=0.05


Tree=85
num_leaves=31
num_cat=0
split_feature=30 29 13 13 2 30 29 5 2 5 6 1 5 5 9 4 9 29 7 30 29 3 5 7 29 5 29 30 1 30
split_gain=39.1907 13.2857 4.69815 4.61322 8.5364 10.1727 7.85606 9.63746 6.36076 9.02356 5.80813 5.0929 4.6915 8.00772 7.31218 9.81294 5.63143 5.28837 5.07183 3.82445 3.57737 3.47403 3.39952 4.3349 3.20536 3.14521 3.10391 5.33938 2.92033 6.01378
threshold=-117.08349990844725 39.221981048583991 1.0000000180025095e-35 16.031250000000004 -7.5524585247039786 -78.934486389160142 40.186811447143562 0.49936333298683172 1.6892727613449099 0.62186965346336376 1.3312500119209292 11.182440757751467 0.40456041693687445 0.41341726481914526 234.02082824707034 3.3593750000000004 284.54859924316412 35.659040451049812 0.76874998211860668 -79.196075439453111 36.170999526977546 2.2154166698455815 0.42095914483070379 0.13125000149011615 35.882707595825202 0.82789757847785961 37.32044982910157 -120.96650314331053 22.075893402099613 -121.17950057983397
decision_type=2 2 2 2 2 2 2 2 2 2 2 2 2 2 2 2 2 2 2 2 2 2 2 2 2 2 2 2 2 2
left_child=1 2 21 4 19 8 25 -8 10 -10 -6 -5 14 18 15 -13 -15 -16 -14 -2 24 26 -3 28 -21 -7 -1 -28 29 -24
right_child=3 22 -4 11 5 6 7 -9 9 -11 -12 12 13 16 17 -17 -18 -19 -20 20 -22 -23 23 -25 -26 -27 27 -29 -30 -31
leaf_value=0.030330174541882044 -0.01684915876126581 0.018131336123263533 0.041293341619135865 0.053618463019707643 0.0051859509645814442 -0.040896310927941028 0.033635296289649279 -0.055740175629813753 -0.049595606544318362 0.00073867136011586279 -0.033295843188699874 -0.0054885830299674539 0.03701999279481525 -0.00065150406412279259 0.0030636134451971098 0.0083306688109341474 0.0086626787834583642 -0.009113132987019934 -0.013238315235523244 0.020338114120855216 -0.0051325239119648907 0.050850576576811649 -0.024805634901754865 0.043093633688987443 0.070020705547898451 0.022775283985742911 0.0056162270748900964 -0.12721981086838619 -0.0029899304518416748 -0.13024406696254223
leaf_weight=1.5842098928987969 5.130064673721793 8.7891290355473775 81.181837733369321 4.333317454904317 105.10059119202197 44.687814131379128 9.3494965340942127 4.4527341518551102 16.546578165143728 19.278092409484088 10.814338225871323 260.09769367799163 24.393185511231426 1022.7012963593006 109.69761729240417 253.82133746519685 192.8890823982656 476.40154313668609 6.3205207511782637 6.3554339408874529 4.7138856947422019 2.1215643305331469 4.5101718399673691 2.117969721555709 6.636415109038353 2.0275379046797743 1.6314567606896164 1.410521578043699 4.2410076837986708 1.9315032623708237
leaf_count=49 40 122 5245 36 1021 497 83 53 407 334 160 1754 150 6343 726 1638 1176 3268 43 36 26 109 58 40 33 17 36 12 43 15
internal_value=3.60055e-05 0.029332 0.0379613 -0.00120483 -0.00788294 -0.011008 -0.0283407 0.0048019 -0.00409533 -0.0225096 0.00159577 -0.000536938 -0.000636955 0.00146353 -0.00301677 0.00133666 0.000826464 -0.00683406 0.0266774 0.0211647 0.0321788 -0.00212686 -0.00581271 -0.0222531 0.0457167 -0.0381328 -0.0264222 -0.0559779 -0.0352088 -0.0564208
internal_weight=2695.27 109.519 87.9296 2585.75 235.093 212.257 60.5176 13.8022 151.74 35.8247 115.915 2350.66 2346.32 1246.3 1100.02 513.919 1215.59 586.099 30.7137 22.8358 17.7057 6.74775 21.5898 12.8007 12.9918 46.7154 4.62619 3.04198 10.6827 6.44168
internal_count=23570 5729 5451 17841 2707 2572 650 136 1922 741 1181 15134 15098 7712 7386 3392 7519 3994 193 135 95 206 278 156 69 514 97 48 116 73
is_linear=0
shrinkage=0.05


Tree=86
num_leaves=31
num_cat=0
split_feature=10 29 29 29 29 1 10 29 29 29 2 11 11 11 4 29 29 1 1 5 29 11 3 11 5 12 12 29 3 2
split_gain=6.88768 6.98023 3.9712 8.7758 10.9187 8.19724 8.73948 7.01029 21.1431 13.9783 6.5826 6.2926 5.17362 4.31826 5.07959 4.1591 6.91487 5.77702 13.5804 5.09678 3.75093 2.91538 2.74778 2.74661 2.36243 2.25793 2.1392 2.03078 1.85145 1.44849
threshold=3.9930555820465092 41.507749557495124 34.40844917297364 35.468124389648445 35.514999389648445 22.899106979370121 85.243057250976577 35.725976943969734 35.699068069458015 35.741001129150398 2.9309653043746953 3.8937499523162846 13.570138931274416 23.46805572509766 2.9818749427795415 35.016698837280281 34.860479354858406 19.507738113403324 18.306249618530277 0.088035125285387053 35.365514755249031 -1.1576388478279112 4.3270833492279062 23.05555629730225 0.50765046477317821 -9.5229163169860822 -0.25208333134651179 33.547899246215827 3.1058332920074467 3.0597437620162968
decision_type=2 2 2 2 2 2 2 2 2 2 2 2 2 2 2 2 2 2 2 2 2 2 2 2 2 2 2 2 2 2
left_child=1 21 5 15 10 11 13 8 -6 -9 12 24 -5 14 -7 16 23 18 -17 -18 -19 -1 25 -4 -2 -23 27 -13 -28 -27
right_child=2 -3 3 4 7 6 -8 9 -10 -11 -12 26 -14 -15 -16 17 19 20 -20 -21 -22 22 -24 -25 -26 29 28 -29 -30 -31
leaf_value=-0.03364954561443833 0.022475159385744087 -0.029602613465271179 -0.034659216289494858 -0.0023456457956204067 -0.0014533880167309438 0.027264898999867615 0.070895047983837015 0.03775513561545385 -0.030619722221931302 0.00042141796903321868 -0.030295319376943009 0.054949320499053489 0.03567561604741231 -0.054605158723620956 -0.014387888486338103 -0.015028582015500877 -0.028584766366802516 -0.041836192483760845 0.14049784448939337 0.020871037287589489 -0.013189500870250771 -0.017665508888897629 -0.045859521605521897 0.03092058973428817 -0.059000199477019004 0.047372335826761085 0.045671794337637933 0.10582114459826127 -0.033847876209105794 0.0054214148194224633
leaf_weight=1.5723228110000516 1.8261833656579285 5.3882955685257903 16.478381330147389 11.512539677321909 420.23619870189577 10.858579035848377 4.0017846524715415 25.404957331717014 72.917921468615532 1914.2988144364208 5.5084252655506125 5.8449267642572522 40.150306485593319 4.2012162357568732 22.457438299432397 8.4793207077309471 6.6041939239949015 29.576609822921455 1.6820326643064607 24.669661686755717 18.621267641894519 1.6154174506664336 0.97749950177967448 1.767893575131892 1.7349760504439471 21.746364681050185 3.7308836383745048 2.9528520489111543 0.91065160464495409 2.2726944480091325
leaf_count=20 19 29 284 80 3533 71 17 137 1024 15929 38 125 189 24 134 193 74 253 12 349 162 8 16 14 23 587 89 37 14 86
internal_value=3.43153e-05 0.0225397 -0.000250114 -0.000540262 6.46169e-05 0.0126307 0.000656123 -0.000442938 -0.00576593 0.00091039 0.021663 0.0418754 0.027203 -0.00683593 -0.000812134 -0.0145018 -0.00384412 -0.0235453 0.0107161 0.0104273 -0.0307685 0.0325083 0.0364172 -0.0283051 -0.0172192 0.0395545 0.0575343 0.0720237 0.0300703 0.0434029
internal_weight=2690 33.5726 2656.43 2597.91 2490.03 58.5195 41.519 2432.86 493.154 1939.7 57.1713 17.0005 51.6628 37.5172 33.316 107.879 49.5201 58.3592 10.1614 31.2739 48.1979 28.1843 26.612 18.2463 3.56116 25.6345 13.4393 8.79778 4.64154 24.0191
internal_count=23570 746 22824 22271 20930 553 246 20623 4557 16066 307 307 269 229 205 1341 721 620 205 423 415 717 697 298 42 681 265 162 103 673
is_linear=0
shrinkage=0.05


Tree=87
num_leaves=31
num_cat=0
split_feature=30 6 0 11 12 30 30 30 30 10 4 30 30 30 30 1 30 30 13 9 30 10 13 1 4 4 4 2 30 9
split_gain=36.2363 4.97353 4.60378 6.22074 5.72124 4.7638 18.3894 12.4342 11.9778 12.6194 11.7668 7.31496 13.5698 7.5124 6.13348 8.52165 7.79823 4.38215 4.53729 6.10317 12.6785 4.23123 4.02648 4.90643 4.87721 3.97613 4.35752 3.65773 3.57143 4.21116
threshold=-117.08349990844725 0.41041666269302374 28.268054962158207 19.843750000000004 -3.2854166030883785 -78.72967147827147 -78.749805450439439 -75.70598983764647 -76.269851684570298 64.520832061767592 3.4331250190734868 -78.769439697265611 -78.96700286865233 -78.759498596191392 -73.27999114990233 14.750892639160158 -73.47448348999022 -122.51169967651366 3.7208334207534794 116.66666793823244 -120.99900054931639 68.409721374511733 140.58125305175784 28.005356788635257 5.1229166984558114 2.9631249904632573 2.6752083301544194 -8.3707818984985334 -120.55100250244139 226.79166412353518
decision_type=2 2 2 2 2 2 2 2 2 2 2 2 2 2 2 2 2 2 2 2 2 2 2 2 2 2 2 2 2 2
left_child=1 17 5 22 -5 6 11 8 9 -7 -10 12 -2 -13 16 -16 -9 21 19 20 -19 -1 23 -4 -25 26 -6 -3 -20 -30
right_child=2 27 3 4 25 7 -8 14 10 -11 -12 13 -14 -15 15 -17 -18 18 28 -21 -22 -23 -24 24 -26 -27 -28 -29 29 -31
leaf_value=-0.045794837228488899 -0.0010140154539249597 -0.070634275703550686 0.0048163441943672135 -0.020738449084177948 0.015899178896012802 0.013384050164379069 -0.050811051349754215 -0.011735182390236597 0.0061026898712055163 -0.0099592220970717033 0.051495283569837826 0.031679788449428155 -0.01359740749762552 -0.020398274199351155 0.069516664740699285 -0.0020533618540351296 -0.05690213226977521 0.02443467666355828 0.036814528829307767 0.021311798005508819 -0.20964626530667477 0.038634215749400493 0.018643138760461433 -0.083742416615106174 -0.018730087239891467 0.031722661611842243 -0.027989570522875203 0.048134612433124058 0.055408595631208674 -0.0054104732119479096
leaf_weight=4.3675207709893575 1728.5929658459499 0.66245547682047146 9.0999238863587433 10.016873240470884 38.055022589862347 143.32223786786199 19.606538124382496 74.934889258816838 27.79298622906208 97.136810800991952 29.356426775455475 29.445691216737032 244.56017275247723 9.0541184507310373 4.6142673268914214 42.164950340986252 10.95327605307102 1.3154676631093027 45.890163839794695 4.4048017952591181 1.0324846869334567 2.2476533353328705 7.9972742348909369 4.6836847662925702 7.5112143009901047 35.891669571399689 6.6427363455295554 30.240863018669188 3.7415952282026401 11.89309277012944
leaf_count=69 12569 13 50 61 199 821 167 406 119 590 117 177 1796 83 24 256 77 64 2912 116 40 20 37 26 37 182 47 1797 179 519
internal_value=3.16355e-05 0.028712 -0.00114379 0.00842359 0.0148992 -0.0016098 -0.00262216 0.00316937 0.00884435 0.00395421 0.0294199 -0.00215249 -0.00257365 0.0194324 -0.00956114 0.00500625 -0.0174953 0.0217482 0.0255128 -0.0133929 -0.0784997 -0.0171082 -0.0116068 -0.0229671 -0.0436993 0.0193288 0.00937667 0.0455886 0.029783 0.00914436
internal_weight=2687.23 105.796 2581.43 119.898 90.6063 2461.54 2031.26 430.276 297.608 240.459 57.1494 2011.65 1973.15 38.4998 132.667 46.7792 85.8882 74.8928 68.2776 6.75275 2.34795 6.61517 29.2921 21.2948 12.1949 80.5894 44.6978 30.9033 61.5249 15.6347
internal_count=23570 5729 17841 639 489 17202 14792 2410 1647 1411 236 14625 14365 260 763 280 483 3919 3830 220 104 89 150 113 63 428 246 1810 3610 698
is_linear=0
shrinkage=0.05


Tree=88
num_leaves=31
num_cat=0
split_feature=30 29 1 5 11 30 29 30 29 29 11 9 11 9 11 30 9 29 0 30 6 0 3 0 6 6 29 3 1 4
split_gain=33.6732 12.685 4.39557 4.77028 4.68539 4.55282 10.7059 8.42271 7.25079 9.74495 9.33318 4.24888 5.90486 4.8617 4.04135 4.97821 7.14746 7.87549 3.55096 3.18706 3.10288 2.74655 2.70455 2.11688 5.27497 2.05698 1.82296 1.47795 1.4065 1.29744
threshold=-117.08349990844725 41.108394622802741 5.5369048118591317 0.93450316786766063 -2.6854166984558101 -86.35467147827147 43.175634384155281 -85.705905914306626 39.670738220214851 39.747600555419929 13.390972614288332 82.22916412353517 -3.3381944894790645 77.923610687255874 1.1972222328186037 -121.50850296020506 122.52777481079103 38.592149734497077 14.588194370269777 -73.27999114990233 0.006250000325962902 2.2409722805023198 4.4347918033599862 7.5770833492279062 0.40208333730697637 1.0000000180025095e-35 40.443843841552741 2.0311805009841923 5.9821429252624521 1.6168749928474428
decision_type=2 2 2 2 2 2 2 2 2 2 2 2 2 2 2 2 2 2 2 2 2 2 2 2 2 2 2 2 2 2
left_child=1 14 3 11 22 8 7 -7 10 -10 -6 12 -2 -14 15 -1 -17 -18 -3 -8 -20 27 -4 24 -16 -23 29 -13 -26 -25
right_child=2 18 4 -5 5 6 19 -9 9 -11 -12 21 13 -15 23 16 17 -19 20 -21 -22 25 -24 26 28 -27 -28 -29 -30 -31
leaf_value=0.054537579935033623 0.072584359799851048 -0.064051136945183371 -0.055336951705529651 0.065348821164225343 -0.013937354133437461 -0.02941119291988006 -0.048607865464391803 -0.00099219513242087176 0.051681660603957513 0.0083819504970177282 0.0042568086788697824 -0.001820337678173693 -0.03779614213796216 0.053062255961937324 -0.11829789229441412 -0.19825362224246035 0.021297565880631218 -0.11500550934219134 -0.035222052773659723 -0.0067452528950583956 0.018813030106191786 0.076231799509850762 -0.002317439455316179 0.012015294244137617 -0.045046013157572305 -0.020177259517153514 -0.033725480435032304 -0.055936380912539441 0.05071207700049174 0.043250648500939043
leaf_weight=3.7796074114739895 2.741563156247139 3.0227502807974806 6.1926288902759534 1.7461024913936842 95.559146717190742 26.427497461438179 15.619782552123072 1938.1423347014934 14.19525560736656 153.57885372638702 268.64391388744116 1.4679156225174654 5.4438090119510871 2.0181169360876083 0.73264492023736183 0.50014691054820826 5.9830284444615245 1.2878737002611158 4.4409486539661867 6.4132358357310286 6.6128914915025234 0.56499529071152466 3.932793416082859 3.4911200236529103 0.46719229221344027 26.652963357977569 0.80864618718624015 8.9801810029894096 2.1398018868640065 69.68467964977026
leaf_count=101 16 32 64 19 480 140 236 13668 65 836 1306 13 76 11 26 16 209 10 35 44 37 4 23 238 19 463 5 377 127 4874
internal_value=3.0897e-05 0.028072 -0.00108877 -0.0158271 -0.000799591 -0.000663125 -0.0017632 -0.00137449 0.00344498 0.0120455 -0.000516953 -0.0187881 0.00983247 -0.013223 0.0350568 0.00747023 -0.0154219 -0.0028454 -0.0160281 -0.0364228 -0.0028959 -0.0265412 -0.0347438 0.0391777 0.000239037 -0.018176 0.0409354 -0.0483333 0.0335515 0.0417605
internal_weight=2681.27 102.951 2578.32 49.6156 2528.71 2518.58 1986.6 1964.57 531.977 167.774 364.203 47.8695 10.2035 7.46193 88.8747 11.5507 7.77105 7.2709 14.0766 22.033 11.0538 37.6661 10.1254 77.3241 3.33964 27.218 73.9844 10.4481 2.60699 73.1758
internal_count=23570 5729 17841 979 16862 16775 14088 13808 2687 901 1786 960 103 87 5625 336 235 219 104 280 72 857 87 5289 172 467 5117 390 146 5112
is_linear=0
shrinkage=0.05


Tree=89
num_leaves=31
num_cat=0
split_feature=30 29 2 8 3 7 29 10 29 11 12 4 29 29 29 30 9 9 9 12 29 29 30 6 12 5 29 29 11 11
split_gain=31.4212 11.987 4.02732 5.98863 8.02803 8.32194 7.63252 11.6598 7.45988 6.51703 6.44302 5.96206 6.48856 22.408 13.399 20.9912 9.07554 5.19142 5.5287 5.02973 4.88942 4.14118 3.9959 3.60986 3.40823 4.05459 3.52217 3.96512 3.40411 3.98573
threshold=-117.08349990844725 39.221981048583991 2.6290760040283208 5.5000000000000009 1.6027083396911623 0.014583333861082794 39.670738220214851 55.395833969116218 41.332025527954109 19.62430572509766 6.8604166507720956 6.9479167461395273 35.725976943969734 35.699068069458015 35.741001129150398 -79.022460937499986 106.02083206176759 155.3263854980469 151.77082824707034 -15.441666603088377 35.712720870971687 42.544006347656257 -78.715290069580064 1.2854166626930239 -1.2395833134651182 0.39131714403629309 41.108394622802741 44.164724349975593 1.1972222328186037 -1.0000000180025095e-35
decision_type=2 2 2 2 2 2 2 2 2 2 2 2 2 2 2 2 2 2 2 2 2 2 2 2 2 2 2 2 2 2
left_child=1 28 11 4 -4 -6 9 8 -8 22 -7 12 13 16 15 -14 -2 18 -13 -16 -15 23 -5 -19 25 -3 -26 -28 29 -1
right_child=2 24 3 6 5 10 7 -9 -10 -11 -12 17 14 20 19 -17 -18 21 -20 -21 -22 -23 -24 -25 26 -27 27 -29 -30 -31
leaf_value=0.032138688640420542 -0.026495497168966639 0.01265324666915587 -0.06162748382098622 -0.0048789770263452893 -0.036885389758310752 -0.0032418928897652503 0.07945582746431866 -0.053799623096037724 0.019387012848201837 0.030966618941021314 -0.03373791102702469 -0.03694656748676925 -0.0059128259308934387 -0.04762080588883752 0.03344642189515671 0.094262612779295013 0.00074484913515141644 -0.014333549892962805 -0.14763287453157911 0.0010618040248809248 -0.019998687255492559 -0.043406858026897616 -0.050114972944727602 0.031460712517952211 0.05289231253379998 -0.05363838430685848 -0.047587933710341569 0.02549820807094191 0.040101680544896802 -0.0391027294798428
leaf_weight=5.4961851760745049 32.536890853196383 3.7787404023110884 7.3342922851443282 93.703412238508463 23.570601244457066 214.09996618237346 7.9913360923528733 3.8235235372558227 14.632673379965125 12.584985777735708 18.844232833944261 5.4423730485141268 11.035167589783669 28.148443099111319 12.086154483258722 9.9397464096546173 507.476282838732 12.90589619101957 1.4231923362240193 1501.9135077213868 37.184327632188797 7.2317342464812091 5.1501864232122889 6.4560984205454579 3.6633791299536806 5.9205774255096912 3.3330731242895126 4.1870033070445061 70.331590166781098 3.0543104130774719
leaf_count=188 351 52 58 668 246 1802 31 52 99 77 231 78 62 453 75 41 3708 112 17 8895 460 241 41 43 117 58 30 21 5149 114
internal_value=3.0435e-05 0.0275626 -0.00103605 -0.00563527 -0.0100484 -0.00857364 0.00280938 0.0269567 0.0406047 -0.00292146 -0.0057089 -0.000186068 0.000141332 -0.00424249 0.00187018 0.041559 -0.000896437 -0.0211292 -0.0598912 0.00132033 -0.0318996 -0.0111222 -0.00723573 0.000936172 -0.00612204 -0.0278119 0.0126894 -0.00689527 0.0364801 0.00669064
internal_weight=2675.28 99.7649 2575.52 401.735 263.849 256.515 137.886 26.4475 22.624 111.439 232.944 2173.78 2140.32 605.346 1534.97 20.9749 540.013 33.4593 6.86557 1514 65.3328 26.5937 98.8536 19.362 20.8828 9.69932 11.1835 7.52008 78.8821 8.5505
internal_count=23570 5729 17841 3305 2337 2279 968 182 130 786 2033 14536 14045 4972 9073 103 4059 491 95 8970 913 396 709 155 278 110 168 51 5451 302
is_linear=0
shrinkage=0.05


Tree=90
num_leaves=31
num_cat=0
split_feature=30 6 5 13 2 0 11 5 2 6 13 11 0 0 12 30 13 5 8 4 2 30 5 11 2 10 0 12 6 2
split_gain=29.2836 4.92217 5.23715 4.12376 7.67072 7.4022 6.73959 6.7112 6.59397 6.57951 8.74083 7.03871 5.45249 5.90516 5.32493 7.76492 11.5438 9.77619 6.99644 8.99389 7.46998 5.10257 5.031 3.46084 5.06055 4.34326 3.91624 5.38644 3.58113 3.24061
threshold=-117.08349990844725 0.41041666269302374 0.34173248708248144 101.00208282470705 -1.1715061664581297 4.9256944656372079 13.656250000000002 0.09523369744420053 -2.2559653520584102 1.1104166507720949 89.279167175292983 17.888194084167484 25.264583587646488 25.50625038146973 -3.6020833253860469 -79.192516326904283 102.7333335876465 0.39933423697948461 1.0000000180025095e-35 5.4168748855590829 4.321545124053956 -75.049243927001939 0.14688047021627429 4.6770832538604745 -0.56354814767837513 53.715276718139656 17.371527671813968 -2.2437499761581416 0.31874999403953558 -8.3707818984985334
decision_type=2 2 2 2 2 2 2 2 2 2 2 2 2 2 2 2 2 2 2 2 2 2 2 2 2 2 2 2 2 2
left_child=1 2 -1 4 6 -6 7 -2 -5 11 -11 -8 21 -14 15 16 -10 -17 19 -16 -20 -7 -9 24 28 -26 -25 -28 -4 -3
right_child=3 29 23 8 5 12 9 22 14 10 -12 -13 13 -15 18 17 -18 -19 20 -21 -22 -23 -24 26 25 -27 27 -29 -30 -31
leaf_value=0.034486644683475058 0.018246277679177324 -0.064364035706747202 0.036469121454717979 0.034270927846543536 -0.052430642531080374 -0.0034103839987056385 0.01772627621322757 -0.029557429445881408 0.062641403240323995 -0.012823597116570662 0.01195133821388146 -0.0054699537283993812 -0.051654385940422237 -0.01033346368408666 -0.0075124736512710791 -0.02937981342766784 -0.0012961398557391288 -0.00022274267723065963 0.0078858926556782793 0.031306106146817884 -0.014069866950765553 -0.021422325247082027 -0.0035912169695853017 0.041444496618712801 -0.026684597975953635 -0.1512628422362276 -0.046227302318190611 0.022874916454342972 -0.10070624107487124 0.047630542543233109
leaf_weight=32.648784297518432 33.985619865357876 0.66184417530894535 5.0073604742065072 15.28129433095455 8.3413114100694639 823.01546420529485 149.07899353653193 19.695432793349028 8.4620769917964918 78.102778121829033 65.423211701214314 41.894252359867096 12.470713295042513 28.194240130484104 199.2376288510859 54.939931701868773 42.593473538756371 60.305715851485729 478.70287463068962 16.129324078559875 42.151467993855476 41.292252603918314 352.85452807694674 10.391323667019607 7.1315118512138707 0.77573747560381878 4.2063379026949397 8.5567918936721963 0.52573510538786639 26.83123040990904
leaf_count=2295 188 13 219 72 532 6605 823 159 54 500 375 273 96 171 1233 435 258 355 2692 87 256 283 2394 590 220 21 144 408 22 1797
internal_value=2.87741e-05 0.0270354 0.0199286 -0.000986924 -0.0024781 -0.00554489 0.00130167 -0.00302363 0.00170094 0.00655844 -0.00153048 0.0126377 -0.00511274 -0.0230053 0.00114947 -0.00693133 0.00930103 -0.0141225 0.0029748 -0.00460526 0.00610907 -0.0042709 -0.00496396 0.0069403 -0.0132417 -0.0389063 0.0186552 0.000100935 0.0234352 0.0449345
internal_weight=2668.89 96.7367 69.2436 2572.15 1654.35 913.314 741.035 406.536 917.804 334.499 143.526 190.973 904.973 40.665 902.522 166.301 51.0556 115.246 736.221 215.367 520.854 864.308 372.55 36.5948 13.4403 7.90725 23.1545 12.7631 5.5331 27.4931
internal_count=23570 5729 3919 17841 12399 7687 4712 2741 5442 1971 875 1096 7155 267 5370 1102 312 790 4268 1320 2948 6888 2553 1624 482 241 1142 552 241 1810
is_linear=0
shrinkage=0.05


Tree=91
num_leaves=31
num_cat=0
split_feature=30 29 13 29 30 29 30 11 30 11 30 1 1 10 30 11 10 30 30 7 3 6 10 12 3 29 30 11 11 30
split_gain=27.1239 11.4507 4.53097 4.03123 11.6644 9.72252 11.2887 9.4387 9.15162 8.70171 10.8848 6.46119 5.0713 4.76268 10.152 10.2517 8.51407 8.51255 15.7099 6.05835 4.32592 4.76012 3.78272 3.03597 3.03207 2.81152 3.65721 2.18274 3.67236 4.82641
threshold=-117.08349990844725 39.221981048583991 1.0000000180025095e-35 35.468124389648445 -109.12405014038085 35.514999389648445 -79.063835144042955 12.998610973358156 -78.89247894287108 11.884027481079103 -79.056720733642564 23.123214721679691 26.570238113403324 56.493055343627937 -78.014999389648423 -0.3763888925313949 73.284721374511733 -75.886917114257798 -76.589794158935533 0.056250000372529037 2.7188194990158085 0.41041666269302374 48.437500000000007 1.0395833253860476 2.2154166698455815 37.32044982910157 -120.96650314331053 11.552083492279055 6.2701389789581308 -121.17950057983397
decision_type=2 2 2 2 2 2 2 2 2 2 2 2 2 2 2 2 2 2 2 2 2 2 2 2 2 2 2 2 2 2
left_child=1 2 24 4 -2 6 12 -8 -9 20 22 -12 -5 17 15 -15 -16 18 -7 -19 21 -6 -11 27 25 -1 -27 28 29 -3
right_child=3 23 -4 5 9 13 7 8 -10 10 11 -13 -14 14 16 -17 -18 19 -20 -21 -22 -23 -24 -25 -26 26 -28 -29 -30 -31
leaf_value=0.029431844775815053 0.048456917722177084 0.0051827337308728372 0.039310482605815836 0.071161574646040754 -0.049386507368695216 0.0012782103013723217 -0.045872725392873744 -0.0070024074422142431 0.050015159186677219 0.016826153415777478 0.0028662591052300325 -0.042697868136521648 0.021470420079521282 -0.05129408259878307 0.019715431899842883 -0.004693792537618916 -0.0033293761121392929 -0.029492346583252223 0.038696595476189213 -0.00014133393135936474 -0.05844696491777316 0.03264799793173237 -0.0051683231272985969 0.019114335373924738 0.050749474971306177 0.0016862274765987503 -0.10730781764640657 -0.063660227078147336 0.015671226542510113 -0.093689891197447514
leaf_weight=1.520052371546625 8.3849428147077543 2.5321200918406248 67.573716766666621 11.647848673164846 3.717334225773814 1148.2297780415975 7.738686576485633 17.258747272193432 11.883035764098169 30.795577585697174 10.970994271337984 26.754209607839584 9.1821529567241651 11.952177032828329 81.058236050885171 940.18186394451186 79.282593259587884 37.376042373478413 28.753057658672333 33.196215718984604 13.745960690081118 3.3727598488330841 53.526965014636517 7.3089281274005762 1.7733763065189121 1.5152593962848189 1.5640517696738241 2.4487267211079589 5.7909978786483407 2.4080949332565087
leaf_count=49 51 35 5245 64 25 7767 57 100 47 164 89 259 41 369 422 6979 407 217 119 186 113 23 342 123 109 36 12 27 77 16
internal_value=2.77154e-05 0.0263449 0.0355096 -0.00093969 -0.00885807 -0.000444268 0.0198319 0.00321266 0.0162474 -0.0122215 -0.00712324 -0.0294472 0.049257 -0.000940087 -0.00331869 -0.00527877 0.00832063 0.00118097 0.00219232 -0.015686 -0.0420848 -0.0103627 0.00286432 -0.00673146 -0.00479292 -0.0262084 -0.0536743 -0.0210642 -0.0113444 -0.0430125
internal_weight=2663.44 94.4353 73.9465 2569.01 151.269 2417.74 57.7105 36.8805 29.1418 142.884 122.048 37.7252 20.83 2360.03 1112.47 952.134 160.341 1247.56 1176.98 70.5723 20.8361 7.09009 84.3225 20.4889 6.37274 4.59936 3.07931 13.1799 10.7312 4.94022
internal_count=23570 5729 5451 17841 1066 16775 309 204 147 1015 854 348 105 16466 8177 7348 829 8289 7886 403 161 48 506 278 206 97 48 155 128 51
is_linear=0
shrinkage=0.05


Tree=92
num_leaves=31
num_cat=0
split_feature=30 29 30 30 29 29 30 29 29 9 29 29 30 29 29 30 29 29 29 1 5 29 10 30 2 1 30 7 0 12
split_gain=25.3733 12.9602 4.30157 13.9463 19.1151 19.0704 14.3618 26.696 12.3798 12.7805 10.1933 10.3526 11.3035 9.71318 8.6019 8.50414 23.5232 14.9125 7.53375 6.3886 6.15306 6.12084 8.10641 7.59397 6.10286 6.05003 5.41952 4.7629 4.1227 3.13579
threshold=-120.55100250244139 41.108394622802741 -80.06703948974608 -80.495098114013658 41.268846511840827 36.13434028625489 -83.395496368408189 37.980018615722663 41.317014694213874 247.4513854980469 35.468124389648445 35.514999389648445 -79.063835144042955 40.93249702453614 35.038000106811531 -79.028789520263658 36.419198989868171 35.857364654541023 35.483499526977546 18.231548309326175 0.3047557026147843 39.408555984497077 55.812500000000007 -109.12405014038085 -0.055395962670445435 19.272024154663089 -78.818157196044908 0.031250000931322582 26.679166793823246 -4.4937500953674308
decision_type=2 2 2 2 2 2 2 2 2 2 2 2 2 2 2 2 2 2 2 2 2 2 2 2 2 2 2 2 2 2
left_child=1 -1 3 6 5 -5 21 24 19 -10 14 12 28 -7 25 16 -13 -17 -14 -6 -9 23 -23 -2 -8 -4 29 -27 -12 -16
right_child=2 -3 10 4 8 13 7 20 9 -11 11 15 18 -15 26 17 -18 -19 -20 -21 -22 22 -24 -25 -26 27 -28 -29 -30 -31
leaf_value=0.038151274050956065 0.024724013938167047 -0.023275118673659164 -0.051077025962364186 0.057511003260219795 0.027237070669488203 -0.068289538098033731 0.098266720004912905 -0.011903056011461469 0.045958697716600612 -0.041330612908154075 0.069416127427181409 -0.0033002377639225013 0.019300300647300844 0.0080329465101676469 -0.0038191207567951288 0.013506683311629237 -0.035616503377952684 -0.0021531038227476343 -0.028626778945880005 0.088414914565014963 -0.045845853962266397 0.014143187701389771 -0.0042241904333821453 -0.0032450779687724068 0.021991254338798939 0.02131362370374857 0.014912315542277906 -0.011640970534837876 0.024012106181395668 -0.053568570355112602
leaf_weight=61.033156558405608 25.967199800536036 9.9929392710328084 6.8390488997101775 7.3656706884503391 5.8734103888273266 10.64249822497368 4.0259601473808289 20.101517721544951 12.200434220954778 6.3895230665802947 11.439730063080789 680.52104114741087 24.21262426674366 6.8529612533748141 3.6389877796173122 194.66003144904971 61.391072436235845 694.12492015073076 12.39812548458576 15.605718418955801 39.762243628036231 188.03293780982494 88.273858452681452 371.09736225381494 7.5222990885376912 16.239512540400028 4.0254095569252959 33.752765752375126 8.8808063715696317 24.444324675947428
leaf_count=4588 1089 85 72 32 27 77 18 222 72 46 61 5919 125 42 31 1171 524 4361 79 68 550 1031 714 1848 38 101 38 255 39 247
internal_value=2.62953e-05 0.029509 -0.000783376 0.00223707 0.0244612 -0.00998003 0.000299567 -0.0210211 0.0458305 0.0159566 -0.00216002 -0.00129056 0.0196683 -0.0383941 -0.0186578 -0.00202228 -0.00597431 0.00127667 0.00306993 0.071686 -0.0344483 0.00256066 0.00827522 -0.00141596 0.0485824 -0.00696993 -0.039345 -0.000935986 0.0495729 -0.0471221
internal_weight=2657.31 71.0261 2586.28 809.714 64.9302 24.8611 744.783 71.412 40.0691 18.59 1776.57 1687.63 56.9313 17.4955 88.94 1630.7 741.912 888.785 36.6107 21.4791 59.8638 673.371 276.307 397.065 11.5483 56.8313 32.1087 49.9923 20.3205 28.0833
internal_count=23570 4673 18897 5874 364 151 5510 828 213 118 13023 12279 304 119 744 11975 6443 5532 204 95 772 4682 1745 2937 56 428 316 356 100 278
is_linear=0
shrinkage=0.05


Tree=93
num_leaves=26
num_cat=0
split_feature=10 29 2 0 29 29 11 0 9 9 2 3 6 6 1 6 6 1 13 29 5 5 7 12 1
split_gain=5.36991 6.09302 3.85502 3.84475 5.47735 7.82644 7.26335 7.21481 6.3312 10.905 7.42447 5.52054 4.58941 6.09224 5.06462 4.54164 3.96133 7.5633 5.12869 6.04346 3.39963 2.73462 2.62428 1.88463 2.10928
threshold=3.9930555820465092 41.507749557495124 -5.7725932598114005 28.268054962158207 34.40844917297364 35.435970306396491 23.46805572509766 27.95624923706055 252.03472137451175 291.38890075683599 7.2491588592529306 3.1525000333786015 0.53125000000000011 1.2395833134651186 16.958631515502933 1.2604166865348818 0.60625001788139354 27.533332824707035 118.2958335876465 35.680410385131843 0.19703882187604907 0.019101123325526718 0.022916667163372043 -9.5229163169860822 15.782738208770754
decision_type=2 2 2 2 2 2 2 2 2 2 2 2 2 2 2 2 2 2 2 2 2 2 2 2 2
left_child=1 2 -1 4 6 12 7 11 10 -10 -7 -2 14 -14 -6 16 18 -18 22 -20 -19 -4 -5 -23 -25
right_child=3 -3 21 15 5 8 -8 -9 9 -11 -12 -13 13 -15 -16 -17 17 20 19 -21 -22 23 -24 24 -26
leaf_value=-0.067696465939793893 0.039097219854063628 -0.028441034126604748 -0.062888820542473564 -0.006524258883959232 0.0026782320789688931 0.00158536603389426 -0.041568346260162599 -0.070966979381129863 -0.0085779409444527374 0.0038912413357372099 -0.047945137746421722 -0.00032397106500073086 0.008971388691885995 -0.025103029533031909 -0.042973037120700941 0.051159133852054652 0.034869294560659139 -0.075482001598837833 -0.0035756070241555124 0.022336173095677238 -0.018902097998129787 -0.015728621687689355 -0.090420810062205328 0.073648593990836828 0.033448237904467812
leaf_weight=0.97017693147063866 28.757279695942998 5.3251665234565726 0.71051307767629879 1.913281332701444 8.221427312120797 1588.9723762157373 4.9245201498270026 1.9714934872463334 496.68229446467012 271.02084719855338 7.6020857421681276 12.849161800928412 28.103599560447037 24.600323197431862 23.276206042617559 5.921867460012435 5.1186553612351444 3.9837202578783018 36.575830115936697 58.483015922363847 7.9591874778270721 1.6104099899530506 1.8175704702734945 3.9209383334964469 19.445024064742029
leaf_count=9 367 29 35 38 304 13658 27 16 3743 2838 76 95 253 342 285 29 28 25 212 429 47 8 12 44 621
internal_value=2.32489e-05 0.0203873 0.0301415 -0.000225452 -0.000648534 -0.000978129 0.01599 0.0224943 -0.000444653 -0.00417597 0.00134953 0.0269229 -0.0159575 -0.00693334 -0.0310573 0.00844993 0.0062668 -0.015981 0.0101091 0.0123661 -0.0377751 0.0338367 -0.0473964 0.0365883 0.0401941
internal_weight=2650.74 31.9822 26.6571 2618.75 2496.98 2448.48 48.5025 43.5779 2364.28 767.703 1596.57 41.6064 84.2016 52.7039 31.4976 121.773 115.851 17.0616 98.7897 95.0588 11.9429 25.6869 3.73085 24.9764 23.366
internal_count=23570 746 717 22824 22004 21499 505 478 20315 6581 13734 462 1184 595 589 820 791 100 691 641 72 708 50 673 665
is_linear=0
shrinkage=0.05


Tree=94
num_leaves=31
num_cat=0
split_feature=30 29 11 9 5 30 29 30 29 30 29 29 30 29 30 30 6 30 11 29 7 10 13 1 30 3 29 7 6 30
split_gain=23.5316 12.1467 4.21954 4.69637 5.28738 4.53811 10.5906 7.59637 12.8861 6.30239 4.88788 9.44599 7.5266 17.4196 17.3849 6.601 3.60271 3.27699 3.0283 3.54935 3.0183 2.86132 2.72271 6.28797 13.2538 2.54114 2.90352 2.40306 2.19239 1.48038
threshold=-120.55100250244139 41.108394622802741 -2.2937500476837154 85.055557250976577 0.93450316786766063 -86.35467147827147 43.175634384155281 -85.705905914306626 38.592149734497077 -85.615661621093736 39.670738220214851 39.747600555419929 -109.12405014038085 37.499849319458015 -101.70369720458983 -94.668254852294908 0.87291666865348827 -73.27999114990233 6.8875000476837167 41.89190864562989 0.006250000325962902 25.944443702697757 3.7208334207534794 9.7586307525634783 -120.99900054931639 2.2154166698455815 37.822866439819343 0.31041666865348821 1.9645833373069765 -84.907409667968736
decision_type=2 2 2 2 2 2 2 2 2 2 2 2 2 2 2 2 2 2 2 2 2 2 2 2 2 2 2 2 2 2
left_child=1 22 3 -2 20 10 7 8 -7 -9 12 16 13 -4 -14 -13 -12 29 -3 -20 21 -5 23 25 -25 26 -1 -19 -22 -8
right_child=2 18 5 4 -6 6 17 9 -10 -11 11 15 14 -15 -16 -17 -18 27 19 -21 28 -23 -24 24 -26 -27 -28 -29 -30 -31
leaf_value=-0.02388322144609685 0.030472463758321869 -0.072075500548973756 0.037466920550503525 -0.039251441084362626 0.055635035783974655 -0.10298257422264286 -0.020329358560117507 0.029259787353954514 -0.011647997128959225 -0.0011411287612722676 0.026910894481007086 0.014979205528440259 -0.042445167738655316 -0.16928667267216627 0.001514639482191644 -0.0060859355098438865 0.078030719933697576 -0.033644365792787921 -0.057066084782554594 0.016420938773271936 -0.05732343330859116 0.0028375907724214142 0.042815534097126857 0.050519895229927093 -0.36668663147899938 0.051632921473836947 0.05297583599516989 0.028303375919301696 0.028003050691585481 -0.056296039169876466
leaf_weight=3.616799129173156 4.2909204363822928 2.3331917561590654 22.098074976354841 7.7494616424664953 1.8769119754433621 4.6932070180773762 3.7308472655713603 17.19973412156105 21.799585774540901 1931.7170978849754 7.6364480257034284 98.405781017616391 24.136059284210205 1.0679972656071175 329.88821019977331 59.782568630296737 6.2817949950695038 3.428876854479312 2.4084773547947407 5.1706008650362492 10.351223357021805 8.4313779892399889 47.44761349260807 0.46327901259064674 0.32313752919435579 4.9592536995187402 1.8610684201121328 2.8807568401098251 0.81186140794307071 12.270319039002061
leaf_count=115 37 20 1050 77 16 28 64 85 112 13899 36 443 142 9 1588 543 29 25 35 30 270 112 3995 39 18 350 71 19 18 295
internal_value=2.1798e-05 0.028928 -0.000746449 -0.0183729 -0.0255456 -0.000514533 -0.00162123 -0.00123434 -0.0278279 -0.000872832 0.00351037 0.0104928 0.000324377 0.0279352 -0.00148238 0.00701826 0.0499831 -0.0358769 -0.0222656 -0.00693175 -0.0311179 -0.01732 0.0375769 0.0154306 -0.12091 0.0257036 0.00222912 -0.00536121 -0.0511179 -0.04791
internal_weight=2649.11 68.5834 2580.53 33.5118 29.2208 2547.02 1997.72 1975.41 26.4928 1948.92 549.297 172.107 377.19 23.1661 354.024 158.188 13.9182 22.3108 9.91227 7.57908 27.3439 16.1808 58.6712 11.2235 0.786417 10.4371 5.47787 6.30963 11.1631 16.0012
internal_count=23570 4673 18897 530 493 18367 14527 14124 140 13984 3840 1051 2789 1059 1730 986 65 403 85 65 477 189 4588 593 57 536 186 44 288 359
is_linear=0
shrinkage=0.05


Tree=95
num_leaves=31
num_cat=0
split_feature=30 29 11 30 30 29 29 30 29 29 29 29 30 29 30 30 30 29 5 30 3 10 13 1 30 10 3 29 3 10
split_gain=22.0167 11.4253 3.86914 4.20407 11.6045 16.2364 17.4039 13.0713 22.4568 10.2943 8.86347 9.45485 9.59315 8.22134 7.96967 5.59319 5.20049 5.1403 3.89694 3.16104 3.54315 3.42202 2.68475 5.10084 7.75819 2.48463 2.47372 2.70252 2.41663 1.51591
threshold=-120.55100250244139 41.108394622802741 -2.2937500476837154 -80.06703948974608 -80.495098114013658 41.268846511840827 36.13434028625489 -83.395496368408189 37.980018615722663 41.317014694213874 35.468124389648445 35.514999389648445 -79.063835144042955 35.038000106811531 -79.927204132080064 -78.867374420166001 -78.818157196044908 39.408555984497077 0.93450316786766063 -77.440124511718736 3.0482639074325566 25.944443702697757 3.7208334207534794 9.7586307525634783 -120.99900054931639 52.659723281860359 2.2154166698455815 37.822866439819343 2.9809721708297734 98.048610687255874
decision_type=2 2 2 2 2 2 2 2 2 2 2 2 2 2 2 2 2 2 2 2 2 2 2 2 2 2 2 2 2 2
left_child=1 22 18 4 7 6 -6 17 -9 -7 13 12 -12 15 -13 -5 -15 -4 19 20 -2 -22 23 26 -25 -3 27 -1 -21 -24
right_child=2 25 3 10 5 9 -8 8 -10 -11 11 14 -14 16 -16 -17 -18 -19 -20 28 21 -23 29 24 -26 -27 -28 -29 -30 -31
leaf_value=-0.022264277750749954 -0.048241278332786776 -0.043466595339145722 -0.00080929935697914609 0.0037300383523924292 0.054703759363757945 0.065861252856534352 -0.037049000726057664 0.04415762609131476 -0.032882154544837304 0.015161680910619086 0.046115448622087836 -0.044046801372982648 0.0034697134567868732 -0.045977145881055448 -0.0014593526234595953 -0.031771464954447243 0.014977071908651564 0.0081681528133291537 0.051003836108715776 0.05843305434597354 -0.043079040492916783 0.0069511512689390126 0.04316729546052997 0.050494349067458734 -0.24338606259900619 0.0075377550780750362 0.051574761046045775 0.052842910793721068 -0.016509467300198432 -0.072634367523554982
leaf_weight=3.6840066565200651 12.223709282465281 5.5562810562551004 387.10172729659826 40.615232117474079 7.4109263792634037 21.586855486035347 17.079207230359316 11.342645570635794 56.968242211267352 18.672610325738788 20.716596350073814 11.061494231224058 36.283023580908775 26.983764298260215 1597.4253207654692 15.263945009559391 4.0206621140241614 271.12868441082537 1.9431664757430542 1.9755499735474611 5.4588159956037989 9.1417773873545212 45.234583527315408 0.44090195652097464 0.45770800020545799 4.187101699411869 4.7225741455331445 1.7746439725160597 2.3616442587226629 0.28438386507332225
leaf_count=115 183 55 2856 278 32 94 118 55 697 118 100 86 202 278 11633 146 38 1636 16 9 47 241 3968 39 18 30 350 71 34 27
internal_value=2.18953e-05 0.028462 -0.000710332 -0.000489301 0.00253566 0.0228184 -0.00928382 0.000728059 -0.0200901 0.0423465 -0.00185524 -0.00104305 0.0189694 -0.0174242 -0.00175222 -0.00596755 -0.0380726 0.00288856 -0.0176937 -0.0219776 -0.0283811 -0.011754 0.0370712 0.0149988 -0.099194 -0.0215481 0.0250777 0.00215357 0.0176261 0.0424438
internal_weight=2643.11 66.3422 2576.77 2543.66 791.291 64.7496 24.4901 726.541 68.3109 40.2595 1752.37 1665.49 56.9996 86.8836 1608.49 55.8792 31.0044 658.23 33.1047 31.1615 26.8243 14.6006 56.5988 11.0798 0.89861 9.74338 10.1812 5.45865 4.33719 45.519
internal_count=23570 4673 18897 18367 5606 362 150 5244 752 212 12761 12021 302 740 11719 424 316 4492 530 514 471 288 4588 593 57 85 536 186 43 3995
is_linear=0
shrinkage=0.05


Tree=96
num_leaves=31
num_cat=0
split_feature=30 30 0 9 5 5 7 8 10 9 2 30 30 0 30 12 5 7 5 5 9 5 13 30 13 1 9 7 3 9
split_gain=20.5748 5.40954 3.76073 4.50482 8.61174 9.14047 7.93362 7.37098 11.0791 7.47872 7.08256 6.32629 8.3495 5.24602 4.45939 5.80243 4.35985 5.06923 4.16424 5.50473 4.03963 3.43712 5.31337 3.05703 3.05109 4.26452 9.56221 2.67136 2.5602 2.48019
threshold=-120.55100250244139 -121.79750061035155 28.268054962158207 253.66666412353518 0.69199478626251232 0.78713691234588634 0.010416666977107527 4.5000000000000009 64.284721374511733 259.76388549804693 7.2491588592529306 -96.966995239257798 -96.901752471923814 18.661806106567386 -97.627079010009751 -1.4854166507720945 0.12830014526844027 0.072916667908430113 0.51210764050483715 0.33782358467578893 131.56944274902347 0.30788272619247442 140.58125305175784 -79.306854248046861 3.7208334207534794 9.7586307525634783 115.04166412353517 0.006250000325962902 2.2154166698455815 304.81250000000006
decision_type=2 2 2 2 2 2 2 2 2 2 2 2 2 2 2 2 2 2 2 2 2 2 2 2 2 2 2 2 2 2
left_child=1 29 3 10 7 13 -7 8 -5 -9 11 20 -13 -6 15 27 17 -16 19 -18 -2 -17 -23 -20 25 28 -27 -4 -3 -1
right_child=2 24 14 4 5 6 -8 9 -10 -11 -12 12 -14 -15 16 21 18 -19 23 -21 -22 22 -24 -25 -26 26 -28 -29 -30 -31
leaf_value=0.016069888899653256 0.043069950964272088 -0.0018416656542677306 -0.03109577507601205 -0.008125243666260917 -0.016452547364930084 -0.034854416091948066 0.0045523466747057501 -0.028837346500699964 -0.035682393586973733 0.0025688770616412913 -0.047415420626414351 -0.029678320821046995 0.00020632524245546861 0.021961901242492383 0.012269181321458563 0.030104782333315497 0.013296519090260634 -0.04217135315876655 0.025182036986787754 0.049799185974668252 0.0090883603002974399 -0.070654332852481627 0.028103663033610778 -0.0034730859334211476 0.042181250390833445 0.050886688881305875 -0.26638229338220254 -0.11486281823763399 0.051602342088589909 -0.027195782915578028
leaf_weight=9.8118455996736866 9.5377026041969639 5.0392570663243497 1.9991373531520378 348.99139639921486 10.092775335535405 19.042029402218759 38.791487884707749 20.656398047693074 40.730174582451582 230.20884236413985 7.7195750009268513 23.736538916826248 1523.7132147373632 74.424518398009241 9.8532789796590823 5.1769681605510378 27.780997112393379 7.5543089956045142 13.324467018246645 16.440323948860168 105.31774471653625 3.0550720598548651 2.4575505065731704 30.873866170644764 39.395418313797563 0.53982384176924902 0.42403998970985413 1.8166176462545989 4.0352875599637628 5.0004475214518598
leaf_count=335 297 172 31 2521 110 132 229 161 334 1746 79 113 11198 441 48 72 155 52 69 72 794 30 26 175 3630 33 21 12 322 160
internal_value=2.03856e-05 0.0279689 -0.000677391 -0.00110075 -0.00423015 0.00689385 -0.00842256 -0.00670212 -0.0110053 -1.71307e-05 0.00036637 0.000588264 -0.000252079 0.0173746 0.00795269 -0.018046 0.0115162 -0.0113562 0.0160192 0.0268673 0.0119102 0.00084789 -0.0266276 0.00516557 0.0359109 0.0113029 -0.0886919 -0.0709759 0.0219239 0.00146393
internal_weight=2637.54 64.2461 2573.29 2452.96 782.938 142.351 57.8335 640.587 389.722 250.865 1670.02 1662.31 1547.45 84.5173 120.333 14.5053 105.827 17.4076 88.4197 44.2213 114.855 10.6896 5.51262 44.1983 49.4338 10.0384 0.963864 3.81575 9.07454 14.8123
internal_count=23570 4673 18897 18155 5674 912 361 4762 2855 1907 12481 12402 11311 551 742 171 571 100 471 227 1091 128 56 244 4178 548 54 43 494 495
is_linear=0
shrinkage=0.05


Tree=97
num_leaves=31
num_cat=0
split_feature=30 29 0 30 12 12 30 13 30 30 29 4 30 29 30 7 6 3 3 13 9 29 2 13 30 29 29 29 10 10
split_gain=19.1105 10.664 3.71217 4.05615 4.27934 6.96427 4.94721 4.19657 3.79545 20.1192 19.9652 10.5452 6.17145 31.6845 12.6672 5.79922 6.75494 5.28993 5.95648 4.7669 3.95157 3.69436 3.01619 2.61245 4.43154 5.62186 17.5726 2.30561 2.74656 2.04666
threshold=-120.55100250244139 41.108394622802741 6.5298612117767343 -75.049243927001939 6.8604166507720956 4.6937499046325692 -79.010993957519517 1.0000000180025095e-35 -75.70598983764647 -76.589794158935533 37.118564605712898 3.4331250190734868 -76.80580902099608 41.042871475219734 -77.269069671630845 0.67708334326744091 1.1895833611488345 3.7300000190734868 3.3718750476837163 92.095832824707045 252.72916412353518 38.768741607666023 0.025129399262368683 3.7208334207534794 -121.22849655151366 37.392648696899421 37.413198471069343 41.89190864562989 52.659723281860359 98.576389312744155
decision_type=2 2 2 2 2 2 2 2 2 2 2 2 2 2 2 2 2 2 2 2 2 2 2 2 2 2 2 2 2 2
left_child=1 23 3 4 5 7 -7 -2 9 12 20 -12 14 -14 -4 16 19 18 -17 -10 -11 -19 -18 24 -1 -26 -27 -3 -29 -25
right_child=2 27 8 -5 -6 6 -8 -9 15 10 11 -13 13 -15 -16 17 22 21 -20 -21 -22 -23 -24 29 25 26 -28 28 -30 -31
leaf_value=0.045624934164602247 -0.0046791384477844304 -0.05934626847538467 -0.00089763644760746059 0.06270620455258781 -0.049107108566484065 0.057723845423072809 -0.031893520241441049 -0.034146453758899943 -0.018009317011831418 0.1002757650531549 -0.0056479096187360255 0.037118705588984627 -0.04517495233883112 0.046436248403079777 0.024106892262893156 0.010616230291387814 -0.020983649818809791 0.011892214440888733 0.078020307475821643 0.0071573355376699753 0.046113033152197155 -0.056715680249715864 -0.058869604983515358 0.042527669339899453 0.051230203004942215 -0.29230650571111688 -0.0022083937019812031 -0.034335280534647614 0.02944975589248592 -0.11195231508090726
leaf_weight=5.5085236635059118 30.411693955305964 2.7986218985170108 2201.9326155274175 1.7612384408712376 7.7413513446226707 5.8278614012524486 2.0930649777874342 20.046946354210377 46.43750986084342 8.6758821755647642 32.836277730762959 25.692089043557644 32.798516377806664 13.25149270147085 51.842919334769249 20.043592184782035 10.607139162719252 3.5990467593073836 3.9183603003621092 31.633371420204639 5.5037672519683829 4.3141616210341454 10.408433951437472 41.933176105841994 1.8766613532789032 0.64184604492038522 2.7961563714779913 3.7254969552159309 3.0854053273797035 0.215509835164993
leaf_count=351 634 43 16125 10 245 62 29 255 294 31 147 105 180 53 245 104 59 19 17 158 22 29 74 3975 111 18 113 27 15 20
internal_value=2.01718e-05 0.0273201 -0.000644246 -0.0121813 -0.0141761 -0.00954411 0.0340429 -0.0163863 -0.000331418 0.00012598 0.0260216 0.0131253 -0.000692698 -0.0188126 -0.000322465 -0.00861775 -0.0145854 0.0099331 0.0216384 -0.0078121 0.0792527 -0.0255118 -0.0397475 0.0361111 0.0141989 -0.0183735 -0.0563673 -0.0211394 -0.00544004 0.0417378
internal_weight=2633.96 62.5814 2571.38 67.8822 66.1209 58.3796 7.92093 50.4586 2503.5 2372.53 72.708 58.5284 2299.83 46.05 2253.78 130.962 99.0865 31.8752 23.962 78.0709 14.1796 7.91321 21.0156 52.9719 10.8232 5.31466 3.438 9.60952 6.8109 42.1487
internal_count=23570 4673 18897 1235 1225 980 91 889 17662 16908 305 252 16603 233 16370 754 585 169 121 452 53 48 133 4588 593 242 131 85 42 3995
is_linear=0
shrinkage=0.05


Tree=98
num_leaves=31
num_cat=0
split_feature=30 30 1 2 10 6 4 5 10 12 11 10 9 2 10 10 1 7 9 6 8 5 11 9 2 2 11 13 6 9
split_gain=17.8758 5.01376 3.68203 6.71394 6.78537 9.24111 4.98213 5.18617 4.14879 9.74769 8.33957 9.22261 7.55049 10.2348 9.69477 7.25509 10.3374 9.29134 8.83873 6.23871 5.88401 5.76229 4.9607 3.46321 3.28447 5.24898 3.47459 2.92684 4.21501 4.09602
threshold=-120.55100250244139 -121.79750061035155 25.100893020629886 -1.9416278600692747 21.458333015441898 0.17291666567325595 1.5547916889190676 0.24162441492080691 46.548612594604499 1.6895833611488345 10.830555438995363 51.638889312744148 267.75694274902349 6.2567675113677987 66.145832061767592 30.902777671813968 23.2351188659668 0.031250000931322582 247.91666412353518 2.4812500476837163 1.5000000000000002 0.44821386039257055 -2.6854166984558101 244.42360687255862 -2.0290760993957515 -2.0713120698928829 23.31875038146973 3.7208334207534794 0.61875000596046459 116.66666793823244
decision_type=2 2 2 2 2 2 2 2 2 2 2 2 2 2 2 2 2 2 2 2 2 2 2 2 2 2 2 2 2 2
left_child=1 -1 8 24 5 23 -6 -8 15 12 21 -12 14 -14 -10 17 20 22 -18 -19 -17 -11 -2 -5 25 -4 -27 28 29 -3
right_child=2 27 3 4 6 -7 7 -9 9 10 11 -13 13 -15 -16 16 18 19 -20 -21 -22 -23 -24 -25 -26 26 -28 -29 -30 -31
leaf_value=0.0010280689264055207 -0.039659061553573932 -0.061143909108931138 0.029370031460646082 0.070985750406383205 -0.044485310802082137 0.052903229607240893 -0.0064491124482676677 0.0034632051071614069 0.0079422441755491405 0.013857680041894466 -0.040375121533393676 -0.011705213750390155 -0.017008381325612203 0.069692799647430401 -0.0039329822389576451 0.014924332817582795 0.047139001322867399 -0.0253957121478743 0.011740058743058709 0.028982397294246079 -0.0031266061908443578 -0.011021145627749827 0.0013110313824006674 -0.011175694971368388 0.059028302671633726 0.021870249826042978 -0.047683003570886444 0.041408362773683802 0.051961340203449349 0.021749413901114161
leaf_weight=14.330837333574889 7.613531795796006 2.6963652139529568 22.026344015263021 1.420086652040484 6.1584167140536001 14.673584066331385 183.02788566425443 472.92235180176795 302.49719369644299 49.453404516912997 32.089908400550485 222.84141762834042 91.8906593285501 3.5347958505153647 397.99096548231319 57.506523971445858 22.347676440142095 61.692428545560688 83.601842176169157 5.7676901891827574 210.02676821034402 43.965887033380568 249.83486625971273 13.245184022933243 5.5549888983368865 3.0383825451135662 4.3898877277970314 36.419671101961285 3.7905623773112893 3.3316328879445791
leaf_count=495 83 132 133 7 50 75 1160 2762 2233 539 244 1531 787 15 3338 410 115 441 506 31 1717 603 1847 174 32 16 48 3630 309 107
internal_value=1.96946e-05 0.026868 -0.000613277 0.00240139 0.00131979 0.0248497 0.000277146 0.0006974 -0.00180179 -0.0036553 -0.0106309 -0.0153141 -0.000602259 -0.0137968 0.00119519 0.00123505 0.00598826 -0.00422878 0.0192067 -0.0207465 0.00075346 0.00214897 9.94212e-05 -0.00321973 0.0237633 0.0171125 -0.0192337 0.0348767 0.010649 -0.0153293
internal_weight=2629.68 60.5691 2569.11 726.457 691.448 29.3389 662.109 655.95 1842.66 1144.26 348.351 254.931 795.914 95.4255 700.488 698.391 373.483 324.909 105.95 67.4601 267.533 93.4193 257.448 14.6653 35.0096 29.4546 7.42827 46.2382 9.81856 6.028
internal_count=23570 4673 18897 4457 4228 256 3972 3922 14440 9290 2917 1775 6373 802 5571 5150 2748 2402 621 472 2127 1142 1930 181 229 197 64 4178 548 239
is_linear=0
shrinkage=0.05


Tree=99
num_leaves=31
num_cat=0
split_feature=30 29 0 30 12 12 7 29 12 30 4 10 10 10 29 9 2 8 13 30 29 29 30 29 10 10 6 30 13 9
split_gain=16.5663 9.94261 3.41892 3.72343 4.09213 6.13108 4.61745 4.19153 3.50694 5.79877 5.7403 4.28526 3.55169 3.45629 3.71038 3.59041 7.09228 6.50042 2.52033 4.08116 4.96233 11.6978 2.28446 2.19137 2.52452 1.87505 1.36529 1.32155 1.27133 0.533876
threshold=-120.55100250244139 41.108394622802741 6.5298612117767343 -75.049243927001939 6.8604166507720956 4.6937499046325692 0.21041666716337207 35.674556732177741 -15.441666603088377 -79.261032104492173 5.1229166984558114 86.597225189208999 65.034721374511733 3.9930555820465092 41.507749557495124 267.75694274902349 7.2491588592529306 2.5000000000000004 3.7208334207534794 -121.22849655151366 37.392648696899421 37.413198471069343 -76.923053741455064 41.89190864562989 52.659723281860359 98.576389312744155 1.747916638851166 -122.51169967651366 3.1458333730697636 52.798610687255866
decision_type=2 2 2 2 2 2 2 2 2 2 2 2 2 2 2 2 2 2 2 2 2 2 2 2 2 2 2 2 2 2
left_child=1 18 3 4 5 7 -7 -2 9 10 -4 12 -11 14 22 16 -15 -17 19 28 -21 -22 -10 -3 -25 27 -6 -20 -1 -13
right_child=2 23 8 -5 26 6 -8 -9 13 11 -12 29 -14 15 -16 17 -18 -19 25 20 21 -23 -24 24 -26 -27 -28 -29 -30 -31
leaf_value=0.051938609489789456 0.012415520815420503 -0.059093350149853369 0.098858386555342584 0.060446796344235165 -0.055698878979329541 0.0093834438876052549 0.096634781277047999 -0.023170871713758728 0.03128673944239941 -0.015374056426165093 0.014949478702242844 -0.02168722851914889 0.045598382948860414 0.00069846425714949309 -0.022882323115897142 -0.011801028112793474 -0.044081272635691136 -0.00066203583731145883 -0.015615932582954446 0.051192178613260399 -0.21847773963617204 -0.0023800217152611563 -0.025315444518774571 -0.033648215954890398 0.027752734650302785 -0.10105598757155587 0.015320063359913231 0.043312087448818037 -0.044303372454804701 -0.058890671230635849
leaf_weight=4.8266898179426789 10.47483481839299 2.6830328516662103 3.7122623547911662 1.7409849762916554 6.6973766661249092 6.0361956530250591 2.0250588143244386 39.392665905877948 19.816805343143649 4.4002411887049657 4.5200074948370457 1.6196172982454289 5.2238556817173958 1805.4749090499245 4.6786460056900969 184.27517134323716 8.8857634309679252 452.8260583980009 0.97594903130083466 1.7837518365122358 0.80697579216212068 2.7961638658307493 1.9588187187910069 3.6744861416518688 3.074974000453949 0.23095854604616661 0.75279747555032361 37.880885663442321 0.36939874384552229 2.3832920454442501
leaf_count=315 121 43 21 10 217 72 19 768 230 32 32 24 28 12596 23 1330 90 3216 30 111 18 113 10 27 15 20 28 3945 36 30
internal_value=1.87471e-05 0.0261906 -0.000583864 -0.01172 -0.0136418 -0.00915574 0.0313018 -0.0156958 -0.000284854 0.0196544 0.0527874 -0.000361698 0.0177211 -0.000460751 0.0175154 -0.000654736 0.000479157 -0.00388388 0.0351273 0.0134819 -0.017013 -0.0507783 0.0261951 -0.0208694 -0.00567467 0.0409877 -0.0485228 0.041832 0.0450966 -0.0438378
internal_weight=2626 59.1033 2566.9 67.1199 65.3789 57.9288 8.06125 49.8675 2499.78 21.8593 8.23227 13.627 9.6241 2477.92 26.4543 2451.46 1814.36 637.101 49.6708 10.583 5.38689 3.60314 21.7756 9.43249 6.74946 39.0878 7.45017 38.8568 5.19609 4.00291
internal_count=23570 4673 18897 1235 1225 980 91 889 17662 167 53 114 60 17495 263 17232 12686 4546 4588 593 242 131 240 85 42 3995 245 3975 351 54
is_linear=0
shrinkage=0.05


Tree=100
num_leaves=31
num_cat=0
split_feature=30 29 30 30 29 29 30 29 29 29 29 29 29 29 0 30 29 29 29 5 5 11 1 2 29 10 30 30 13 11
split_gain=15.4868 9.33447 3.39289 11.5177 15.1799 15.7131 11.568 22.2655 9.52674 11.7664 9.46155 8.15432 8.13966 9.85564 12.2377 8.81185 19.8652 16.6297 7.72593 6.87463 6.08917 5.5798 5.43655 5.20581 5.0281 7.27856 6.13057 4.94521 4.93365 2.86973
threshold=-120.55100250244139 41.108394622802741 -80.06703948974608 -80.495098114013658 41.268846511840827 36.13434028625489 -83.395496368408189 37.980018615722663 41.317014694213874 41.60673904418946 40.93249702453614 35.468124389648445 35.633329391479499 35.630987167358406 23.127082824707035 -79.028789520263658 36.419198989868171 35.857364654541023 35.038000106811531 0.44311843812465673 0.3047557026147843 14.603472232818605 19.272024154663089 -0.055395962670445435 39.408555984497077 55.812500000000007 -109.12405014038085 -78.818157196044908 93.039581298828139 6.8875000476837167
decision_type=2 2 2 2 2 2 2 2 2 2 2 2 2 2 2 2 2 2 2 2 2 2 2 2 2 2 2 2 2 2
left_child=1 -1 3 6 5 -5 24 23 21 -10 -7 18 13 14 -13 16 -14 -17 22 -15 -9 -6 -4 -8 26 -26 -2 -20 -24 -3
right_child=2 29 11 4 8 10 7 20 9 -11 -12 12 15 19 -16 17 -18 -19 27 -21 -22 -23 28 -25 25 -27 -28 -29 -30 -31
leaf_value=0.034615003263170498 0.023030481220620961 -0.070511893210751117 -0.04930137923831255 0.05146820840791802 0.028935053311422456 -0.066419905603803994 0.088749235695644579 -0.0094194546192256836 -0.044983145274922892 0.041048522069126007 0.010094985426513978 -0.015396552714235024 -0.0037022744250146469 0.02056738881120555 0.015864351681504192 0.017126008132462674 -0.033923908069855228 -0.00183615966529629 -0.045133520415449255 0.089525551191785943 -0.04398849459876561 0.081716861208825237 0.030396655789651013 0.01890801436620717 0.013145790818823128 -0.0043214652979267493 -0.0028533467767710274 0.014294418368738732 -0.0083400805532195289 -0.0048127929096398814
leaf_weight=47.969296447467059 24.384099271614105 2.1712295748293382 6.3551222532987586 7.4497858732938793 7.6997117400169399 10.081360653042795 4.1377391666173935 19.343384453095496 5.7247428894042995 12.99855764210224 6.7423933632671824 46.3031140640378 631.74698740616441 8.9868709594011289 96.662604846060276 138.90325678512454 59.495646823197603 689.92063273536041 26.145841822028164 6.0456033125519744 37.307817662600428 14.318496927618979 10.416600391268728 7.512105777859686 186.5931390626356 87.65722389658913 369.93116869032383 4.0417436733841887 38.976233623921871 7.0885607525706291
leaf_count=4588 1089 20 72 32 35 77 18 222 36 82 42 335 5627 56 501 843 524 4361 278 32 550 60 72 38 1031 714 1848 38 284 65
internal_value=1.81373e-05 0.0257429 -0.000555625 0.00214107 0.0223148 -0.00898557 0.000361102 -0.0192392 0.0409634 0.0147439 -0.0357553 -0.00178149 -0.00101219 0.00978906 0.00573971 -0.00213489 -0.00630347 0.00134173 -0.0168037 0.0483003 -0.032185 0.0632592 -0.00577154 0.0437139 0.00236348 0.00756282 -0.00125271 -0.0371769 -0.000170776 -0.0202179
internal_weight=2623.11 57.2291 2565.88 801.882 65.015 24.2735 736.867 68.301 40.7415 18.7233 16.8238 1764 1678.06 157.998 142.966 1520.07 691.243 828.824 85.9355 15.0325 56.6512 22.0182 55.748 11.6498 668.566 274.25 394.315 30.1876 49.3928 9.25979
internal_count=23570 4673 18897 5874 364 151 5510 828 213 118 119 13023 12279 924 836 11355 6151 5204 744 88 772 95 428 56 4682 1745 2937 316 356 85
is_linear=0
shrinkage=0.05


Tree=101
num_leaves=31
num_cat=0
split_feature=30 29 0 29 29 12 30 6 9 9 3 2 10 6 10 29 30 30 29 10 4 13 30 29 29 5 2 10 30 13
split_gain=14.4068 8.7419 3.3784 4.85442 8.68345 6.96988 7.3913 5.42703 7.289 5.40844 7.54458 5.92649 4.84646 4.10272 4.06716 3.1583 3.13023 5.24028 4.82007 3.12666 4.45897 2.56049 3.94395 4.5634 8.88375 2.51546 1.89883 1.72132 1.32645 1.24769
threshold=-120.55100250244139 41.108394622802741 28.346527099609379 34.40844917297364 35.435970306396491 -2.4020833969116206 -112.49425125122069 0.53125000000000011 182.40972137451175 254.5138854980469 1.6027083396911623 7.2491588592529306 79.270832061767592 1.2604166865348818 57.118055343627937 34.728954315185554 -96.901752471923814 -79.306854248046861 33.547899246215827 53.715276718139656 3.7572916746139531 3.7208334207534794 -121.22849655151366 37.392648696899421 37.413198471069343 0.37650379538536077 -3.0338768959045406 98.576389312744155 -122.51169967651366 3.1458333730697636
decision_type=2 2 2 2 2 2 2 2 2 2 2 2 2 2 2 2 2 2 2 2 2 2 2 2 2 2 2 2 2 2
left_child=1 21 3 5 7 19 26 15 -9 11 -11 -6 13 16 -8 -5 18 -18 -4 20 -2 22 29 -24 -25 -3 -7 28 -23 -1
right_child=2 25 12 4 9 6 14 8 -10 10 -12 -13 -14 -15 -16 -17 17 -19 -20 -21 -22 27 23 24 -26 -27 -28 -29 -30 -31
leaf_value=0.051807498714170064 0.04520399198651074 0.0086979144336626346 -0.073066218801346991 0.0033925163390608514 0.0011577695027162607 -0.056569136298498371 -0.028749182837421079 -0.038905041210211516 0.0039770880353276463 -0.027416609176195247 -0.0031242545351997733 -0.044529108724904481 0.049965484961645101 0.048027676101078297 0.010248325825173295 -0.042718356801837498 0.046263432412309236 0.0036918653661409135 -0.0039459888167591066 0.067123368216624221 -0.032050575978833082 -0.016781073315491054 0.051097890284917437 -0.18413808280207256 -0.0040705269118483205 -0.04378517083285155 0.055942405664583562 -0.091468834197057397 0.042698139819089299 -0.043401624569374068
leaf_weight=4.4515800937078893 6.3288762001320702 4.2655998319387418 2.7909617274999645 4.4152766363695291 1590.5748280193657 0.39921260904520472 13.919750176370149 13.661867063492535 36.080250009894371 33.49444717541337 698.64866744959727 7.1301231533288947 6.5290456414222708 5.3588183298706999 12.865193776786326 23.364737148862332 8.3010853528976423 55.95088579505682 26.194119123741984 6.9223299520090213 2.6497913477942348 0.9630687441676774 1.6432488625869135 0.91452968772500787 2.7286554025486112 4.9122249633073807 6.1830496862530691 0.24649870209395786 35.097390975803144 0.37293098075315345
leaf_count=315 63 34 17 112 11580 13 80 214 278 258 4915 77 31 27 68 281 44 316 223 75 22 30 111 18 113 51 203 20 3945 36
internal_value=1.54049e-05 0.0251962 -0.000531073 -0.000906684 -0.00122465 0.0146299 0.00164763 -0.0176871 -0.00780066 -0.000676885 -0.00423559 0.000953881 0.00824649 0.00548385 -0.0100181 -0.0353896 0.00303863 0.00919193 -0.0106015 0.0418724 0.0224046 0.0340124 0.0117595 -0.0180727 -0.0492719 -0.0193925 0.0491186 0.0402095 0.0411096 0.0444479
internal_weight=2617.36 55.5957 2561.76 2456.64 2407.37 49.2682 33.3672 77.5221 49.7421 2329.85 732.143 1597.7 105.125 98.5959 26.7849 27.78 93.2371 64.252 28.9851 15.901 8.97867 46.4179 10.1109 5.28643 3.64319 9.17782 6.58226 36.307 36.0605 4.82451
internal_count=23570 4673 18897 18239 17715 524 364 885 492 16830 5173 11657 658 627 148 393 600 360 240 160 85 4588 593 242 131 85 216 3995 3975 351
is_linear=0
shrinkage=0.05


Tree=102
num_leaves=21
num_cat=0
split_feature=0 1 1 6 0 5 0 4 29 1 29 29 5 7 13 4 0 29 0 5
split_gain=3.27576 4.67688 4.2635 3.79633 3.51617 7.57873 6.46263 6.86549 6.36987 5.65695 4.87407 3.22131 4.22349 4.8768 3.98882 3.3614 2.99555 2.44044 1.36184 1.17045
threshold=28.346527099609379 29.160416603088382 28.909821510314945 1.4812499880790713 27.370138168334964 0.46133413910865789 26.51874923706055 4.7854168415069589 35.68836975097657 28.687500000000004 34.40844917297364 34.860479354858406 0.12830014526844027 0.11041666567325593 145.91249847412112 6.2124998569488534 29.464583396911625 36.13434028625489 27.665278434753422 0.58686095476150524
decision_type=2 2 2 2 2 2 2 2 2 2 2 2 2 2 2 2 2 2 2 2
left_child=1 2 4 11 6 9 10 -8 -7 -6 -1 16 13 17 15 -14 -2 -13 -3 -16
right_child=3 18 -4 -5 5 8 7 -9 -10 -11 -12 12 14 -15 19 -17 -18 -19 -20 -21
leaf_value=0.017288501278846111 -0.056305661783115607 0.020476646362815199 -0.060944894561790919 0.064505642698738958 -0.024809374297578839 -0.015165217528951459 0.0067313059415490236 0.043715750462949142 0.018236832676782794 0.048715933888651683 -0.00092333776530321315 0.019983650972423505 0.014610421146871475 -0.081950594711907854 -0.066837846969851511 0.063173924572243342 0.007466173361942878 -0.018399624896593289 0.075239292004379524 -0.0076732609701910459
leaf_weight=37.362849114462733 3.7352190408855668 2.0940386722795656 2.908391886856406 2.9517493844032279 56.516520980279893 24.90152825973928 131.49252698104829 13.871697830036281 33.441764204762876 2.7430369136854997 2199.3216779707 7.0614064140245381 70.132659861352295 2.1794002726674071 1.7571767466142767 3.7539280951023093 3.6320102363824844 10.013791291974483 2.4794983165338635 1.5944462609477339
leaf_count=458 26 31 26 15 465 161 890 73 182 22 20351 39 546 14 30 21 21 167 16 16
internal_value=1.54065e-05 -0.000349935 -0.000442254 0.00859086 -0.000371858 -0.00881165 4.48181e-05 0.0102606 0.00398049 -0.021406 -0.000619117 0.00700173 0.00943487 -0.0115162 0.0146577 0.0170778 -0.0248664 -0.00252631 0.0501657 -0.0386919
internal_weight=2613.95 2507.13 2502.56 106.812 2499.65 117.603 2382.05 145.364 58.3433 59.2596 2236.68 103.86 96.4928 19.2546 77.2382 73.8866 7.36723 17.0752 4.57354 3.35162
internal_count=23570 22675 22628 895 22602 830 21772 963 343 487 20809 880 833 220 613 567 47 206 47 46
is_linear=0
shrinkage=0.05


Tree=103
num_leaves=31
num_cat=0
split_feature=10 29 29 29 29 6 29 11 2 2 9 2 6 10 4 8 5 5 1 10 1 29 2 2 11 6 10 6 6 10
split_gain=3.81104 4.7923 3.02977 19.4884 11.2689 7.85098 5.51936 6.34829 7.06888 5.28134 6.15004 4.91506 6.37693 6.36661 5.37069 4.92702 4.87579 4.79009 4.3843 4.00364 3.78067 3.463 3.07644 2.7852 2.44373 2.36102 2.60482 2.07393 2.64926 3.18995
threshold=3.9930555820465092 38.768741607666023 35.725976943969734 35.699068069458015 35.741001129150398 0.17291666567325595 35.712720870971687 23.194444656372074 2.8867624998092656 -1.3178312778472898 252.72916412353518 2.6290760040283208 3.0187499523162846 97.40277481079103 6.9479167461395273 3.5000000000000004 0.083595979958772673 0.091312047094106688 17.126487731933597 82.236110687255874 8.6630954742431658 34.40844917297364 -2.0713120698928829 5.4515011310577401 1.4270833730697634 0.006250000325962902 1.1388888955116274 0.043750001117587096 0.46458333730697637 1.1388888955116274
decision_type=2 2 2 2 2 2 2 2 2 2 2 2 2 2 2 2 2 2 2 2 2 2 2 2 2 2 2 2 2 2
left_child=1 24 3 16 5 -4 23 8 -8 -7 -11 14 13 -13 18 -16 20 22 -6 -19 -2 -22 -18 -5 -1 26 -3 -26 29 -29
right_child=2 25 4 6 11 9 7 -9 -10 10 -12 12 -14 -15 15 -17 17 19 -20 -21 21 -23 -24 -25 27 -27 -28 28 -30 -31
leaf_value=-0.024325449013044485 0.067635292103731121 -0.031945575854750483 0.11376860292601948 -0.04742635569007117 -0.0031443181513857773 0.068362235229430066 -0.028612976180983313 0.079576500952073859 0.037064178116213563 -0.0043550962026576911 0.067278101107222155 -0.0049948422131841077 -0.053848116732780615 0.080925189838616074 -0.033585736343730341 0.0073323591117270609 0.011523565178978158 -0.0010102109709697331 0.003353416171533639 0.01320189049321234 0.016475427165780133 -0.024781362717066421 0.067344253431407194 0.028371076446701695 0.062060594356944346 -0.039934954211999683 0.04313549682384904 0.034422627076371171 0.066130872305964122 -0.021105834581712155
leaf_weight=1.8653007899411083 1.2982370108366001 2.0053129945881647 2.7391756176948574 29.109671428799633 331.47828148910776 5.2249792441725793 31.451350565999746 1.6727016791701306 4.710578214377164 13.849371157586573 3.8235584944486609 292.4022118053399 6.6569860265590242 2.1720679383724919 20.349830387160186 11.522479308769105 5.8573110019788146 517.70343041280285 1197.341677934397 54.799339609220624 5.916316768154501 36.254599089734256 4.2660301802679879 1.2646096870303143 5.3675262625329223 4.2838943479582667 2.7249718019738793 7.1015787357464415 3.1479989774525157 4.0678979894146323
leaf_count=49 14 27 12 507 4525 22 423 17 62 86 17 3073 96 22 420 132 40 4629 7661 596 45 382 28 15 518 30 18 41 20 43
internal_value=1.47778e-05 0.0175668 -0.000193006 -0.00301713 0.000845796 0.0337694 -0.0283966 -0.0156527 -0.0200576 0.0241995 0.0111428 0.000392465 -0.00545493 -0.0043613 0.00152108 -0.018793 -0.000252203 0.000953021 0.00194458 0.000350156 -0.0164061 -0.0189933 0.0350467 -0.0442706 0.0303716 -0.0130456 0.0113063 0.0355545 0.0256175 0.0141993
internal_weight=2612.43 30.5645 2581.86 694.304 1887.56 25.6371 68.2089 37.8346 36.1619 22.8979 17.6729 1861.92 301.231 294.574 1560.69 31.8723 626.095 582.626 1528.82 572.503 43.4692 42.1709 10.1233 30.3743 21.5503 9.01418 4.73028 19.685 14.3175 11.1695
internal_count=23570 746 22824 6758 16066 137 1024 502 485 125 103 15929 3191 3095 12738 552 5734 5293 12186 5225 441 427 68 522 671 75 45 622 104 84
is_linear=0
shrinkage=0.05


Tree=104
num_leaves=31
num_cat=0
split_feature=30 29 1 30 29 29 29 29 9 30 29 30 0 0 11 30 30 30 29 30 29 2 1 2 29 7 11 11 11 4
split_gain=13.4961 8.13259 3.17304 6.70496 10.6962 13.7503 6.9214 6.78445 10.2736 9.87944 20.4631 7.43292 7.41286 4.95108 9.31645 4.74409 9.735 9.15715 9.53265 9.02011 8.67756 5.81557 4.2957 4.19459 5.49789 2.97762 2.6862 2.51202 6.26262 4.71969
threshold=-120.55100250244139 41.108394622802741 18.392261505126957 -78.96700286865233 36.020755767822273 36.028999328613288 41.841104507446296 35.652334213256843 55.576389312744148 -79.00915145874022 35.885410308837898 -79.08636093139647 3.3368055820465092 16.08124923706055 10.830555438995363 -75.049243927001939 -73.27999114990233 -78.68517684936522 40.186811447143562 -78.705310821533189 41.299394607543952 0.87375774979591381 18.800000190734867 -5.4933619499206534 35.857364654541023 0.13125000149011615 6.8875000476837167 1.1972222328186037 -1.0000000180025095e-35 3.9108333587646489
decision_type=2 2 2 2 2 2 2 2 2 2 2 2 2 2 2 2 2 2 2 2 2 2 2 2 2 2 2 2 2 2
left_child=1 27 3 7 23 -6 -7 8 -2 12 -11 -10 -9 14 22 17 20 19 -19 -15 -17 -18 -4 24 -5 -25 -3 28 -1 -30
right_child=2 26 13 4 5 6 -8 9 11 10 -12 -13 -14 15 -16 16 21 18 -20 -21 -22 -23 -24 25 -26 -27 -28 -29 29 -31
leaf_value=0.038411828504995339 0.20299027464909147 -0.06879923767922573 0.020282274240666188 0.063209059050180635 0.090866118099890508 0.0031169311712546462 -0.028977518171848651 -0.046590023399060709 0.014797154975212843 0.093143523575201559 -0.0019581260531490972 -0.042045145250426956 -0.004252429537268591 -0.00019469274472572439 -0.038498398313696863 0.032248528213913462 -0.01497743292308191 0.0025147225736142113 0.023788717758134847 -0.033150979988048099 -0.05887509021308928 0.027236725088180827 0.081662371799580247 -0.020122507365859358 -0.01455125368597757 -0.040878367189442606 -0.0037190143778444333 0.038252211447095515 -0.11847897269348694 0.05064519157665151
leaf_weight=4.2403952800668776 0.70039595663547416 2.0478422660380584 5.5930169671773893 2.7049683481454876 3.9633762352168551 73.947139114141464 21.736560162622482 10.67289199773222 80.167379978112876 7.9615543149411705 19.535413625650108 6.1956407055258742 330.36325083766133 1594.8631391189992 3.8374775061383835 3.1414431333541897 21.146933577954769 149.06869998574257 81.416461911052465 21.036151684820652 15.519962832331656 13.283421099185942 5.8131668949499726 36.727131355553865 14.237645130604504 32.632010009139776 7.0235790554434061 38.621050599496812 1.410966240800916 0.58295188564807165
leaf_count=167 11 20 27 17 25 468 213 474 996 52 160 60 3150 10768 28 14 132 725 384 124 113 84 30 358 119 365 65 4326 50 45
internal_value=1.26884e-05 0.0247663 -0.000509511 -0.0035528 -0.0115539 -0.000393858 -0.004174 -0.00028722 0.0122661 -0.00325285 0.0255779 0.0107193 -0.00557741 0.000510174 0.028892 0.000282404 -0.0144535 0.000706127 0.0100295 -0.000623725 -0.0435354 0.00130902 0.0515647 -0.0244396 -0.00213645 -0.0298877 -0.0184107 0.0334982 0.00404779 -0.069033
internal_weight=2610.19 53.9268 2556.27 641.545 185.949 99.6471 95.6837 455.597 87.0634 368.533 27.497 86.363 341.036 1914.72 15.2437 1899.48 53.0918 1846.38 230.485 1615.9 18.6614 34.4304 11.4062 86.3018 16.9426 69.3591 9.07142 44.8554 6.23431 1.99392
internal_count=23570 4673 18897 6468 1565 706 681 4903 1067 3836 212 1056 3624 12429 85 12344 343 12001 1109 10892 127 216 57 859 136 723 85 4588 262 95
is_linear=0
shrinkage=0.05


Tree=105
num_leaves=31
num_cat=0
split_feature=30 29 1 0 29 10 6 0 3 5 5 29 0 6 11 5 30 30 29 9 10 9 30 13 11 13 6 30 30 12
split_gain=12.5616 7.62239 3.08464 5.53146 5.74756 5.12016 7.00692 5.07462 11.8325 7.81247 7.04159 6.6063 6.12793 4.49502 4.44775 8.93345 4.57075 11.495 7.62819 3.87569 3.63446 3.44889 2.95953 2.59677 2.54437 2.51157 3.77919 3.28246 5.28791 1.91057
threshold=-120.55100250244139 41.108394622802741 25.100893020629886 26.765277862548832 36.020755767822273 21.458333015441898 0.21458333730697635 24.584028244018558 1.969375014305115 0.85959100723266613 0.26524883508682257 34.40844917297364 23.3881950378418 0.14791666716337207 14.936110973358156 0.62898355722427379 -79.306854248046861 -79.24431991577147 36.112329483032234 244.42360687255862 56.493055343627937 305.89582824707037 -109.12405014038085 101.78333282470705 6.8875000476837167 3.7208334207534794 0.61875000596046459 -121.22849655151366 -120.93849945068358 0.71875000000000011
decision_type=2 2 2 2 2 2 2 2 2 2 2 2 2 2 2 2 2 2 2 2 2 2 2 2 2 2 2 2 2 2
left_child=1 25 3 7 -5 6 19 11 10 -10 -9 13 -13 -2 15 20 18 -18 -16 -4 -7 -8 -21 -6 -3 26 27 -1 -29 -26
right_child=2 24 5 4 23 14 21 8 9 -11 -12 12 -14 -15 16 -17 17 -19 -20 22 -22 -23 -24 -25 29 -27 -28 28 -30 -31
leaf_value=0.035402959370241557 0.00093875875025684953 -0.067752145982567555 0.067407404545144822 -0.025169157592337895 0.022725121703691384 -0.028864114492546247 0.072266379801021921 0.041809374868502371 -0.013059577629396982 -0.086391453377810734 0.00088529373824686424 -0.002457254595157166 0.0063032509194933545 0.049704514036488567 0.03045285634944361 0.034216255967765008 -0.026939116946676406 0.0017952770773926648 0.0038679098160618094 0.031620512472340837 -0.088487119232042985 0.022594181128836849 -0.020928539883522831 0.076756149353309711 -0.022604197593405255 0.039391568595967139 0.051523947631405664 -0.098194794995116505 0.017495393980518668 0.032167697722148593
leaf_weight=2.2311912733130157 8.4013399258255976 1.9773065429180841 1.9069671183824599 3.2390842735767356 4.0336224474012834 9.2024960895068961 7.2584808617830259 14.702679309993981 181.54752129362896 3.7061169594526282 36.870885575190187 1327.6224261359312 234.94078394398093 10.800031804479657 33.657646363601089 4.8659912790171793 37.60570153594017 467.40664736926556 136.06440241634846 3.5224631479941335 3.5388449719175687 6.7390366196632385 11.194428220391268 4.9560676664113998 4.5735945235937834 33.666460938751698 3.5716524976305664 1.9791540903970601 1.9717141245491783 2.4424184411764145
leaf_count=138 186 20 10 22 23 63 34 79 1196 23 240 10957 1536 156 165 32 297 2907 678 143 27 38 63 22 45 3995 336 58 61 20
internal_value=1.07938e-05 0.0242411 -0.000486506 -0.00157849 0.0319368 0.00227881 0.0222867 -0.00180386 -0.00862975 -0.0145266 0.012552 -0.00078186 -0.00114006 0.0283676 0.00139389 -0.0234146 0.00204127 -0.000344427 0.00913998 0.000339437 -0.0454241 0.0483519 -0.00835101 0.0525127 -0.0176556 0.0329189 0.0105775 -0.0130791 -0.0404586 -0.00353697
internal_weight=2606.2 52.4135 2553.78 1830.82 12.2288 722.963 30.6214 1818.59 236.827 185.254 51.5736 1581.76 1562.56 19.2014 692.342 17.6073 674.734 505.012 169.722 16.6239 12.7413 13.9975 14.7169 8.98969 8.99332 43.4202 9.75371 6.18206 3.95087 7.01601
internal_count=23570 4673 18897 14440 67 4457 288 14373 1538 1219 319 12835 12493 342 4169 122 4047 3204 843 216 90 72 206 45 85 4588 593 257 119 65
is_linear=0
shrinkage=0.05


Tree=106
num_leaves=31
num_cat=0
split_feature=30 29 30 30 30 29 30 29 0 30 30 13 29 30 29 9 9 29 7 13 5 30 10 13 6 29 12 11 12 10
split_gain=11.6914 7.14234 2.96413 17.4182 11.5375 45.9813 7.67241 36.4963 15.411 10.0965 17.6364 9.86326 7.6643 15.9161 13.2375 10.1893 10.117 6.33294 6.11781 9.67322 4.73493 3.53281 2.48197 2.44777 3.57273 2.98149 3.86294 2.40928 1.72691 1.70078
threshold=-120.55100250244139 41.108394622802741 -78.72967147827147 -78.749805450439439 -78.715290069580064 36.020755767822273 -78.769439697265611 35.97705268859864 14.588194370269777 -78.96700286865233 -79.00915145874022 69.389583587646499 40.068038940429695 -75.886917114257798 41.947931289672859 197.55554962158206 127.08333206176759 38.768741607666023 0.027083333581686023 89.279167175292983 0.68233004212379467 -78.719924926757798 82.006942749023452 3.7208334207534794 0.61875000596046459 37.822866439819343 -1.0687500238418577 6.8875000476837167 0.71875000000000011 98.576389312744155
decision_type=2 2 2 2 2 2 2 2 2 2 2 2 2 2 2 2 2 2 2 2 2 2 2 2 2 2 2 2 2 2
left_child=1 23 3 6 5 21 9 20 -9 10 -2 -11 16 14 -14 -15 22 -18 -7 -20 -8 -4 -6 24 25 26 -1 -3 -29 -25
right_child=2 27 4 -5 12 18 7 8 -10 11 -12 -13 13 15 -16 -17 17 -19 19 -21 -22 -23 -24 29 -26 -27 -28 28 -30 -31
leaf_value=-0.10158907170479654 -0.0010251712917336369 -0.066771310776889622 -0.053968421663748427 -0.049286857370895824 -0.0528650840893784 0.13696018698212362 -0.040272328535814764 0.0032514103157696194 0.10269733933872907 -0.02563154115132852 0.022020330059722423 -0.004088724422645313 0.028455284474376293 0.015142241491063115 -0.058675373060636242 -0.017621702643578426 0.0025160304902892873 -0.019940708320636078 0.014015357526375768 0.11543755300502941 0.013371160740288849 -0.0049057359948506234 -0.014802662384298143 0.039922790555324411 0.051462862192071857 0.051318079969878042 -0.002623430740712052 -0.021656952230434005 0.030410867987943149 -0.092294173348259179
leaf_weight=1.3825299176387487 1720.5055272364989 1.9077980387955884 7.3747221753001213 18.692258954048157 12.700496748089792 5.4843767127022138 14.487002205103638 5.6093853320926454 12.752935633063315 76.12464694539085 87.228227300569415 175.90989765524864 83.794478118419647 38.307280478999019 4.5983768054284146 62.357547577470541 157.21527780219913 39.227838151156902 4.2077136840671283 5.3276611715555191 5.7448130808770648 7.3019918426871318 6.4621955379843703 32.155568373389542 3.401392272207886 1.4248938602395353 3.438107568304984 4.5359386913478374 2.4540322907269001 0.24508185824379225
leaf_count=71 13584 20 77 167 108 27 114 52 60 749 550 1121 371 201 88 401 854 200 35 20 36 38 44 3975 336 76 110 45 20 20
internal_value=1.10527e-05 0.0237279 -0.000462514 -0.00123446 0.00329993 0.0333812 -0.000806408 0.021281 0.0723183 -0.00122026 8.68388e-05 -0.0105955 0.0010924 0.00844079 0.0239226 -0.00515362 -0.00535117 -0.00196837 0.0948835 0.0706826 -0.0250403 -0.0295586 -0.0400294 0.03234 0.0102311 -0.0122242 -0.0310062 -0.0169696 -0.00337703 0.0389227
internal_weight=2602.36 50.9453 2551.41 2117.05 434.36 29.6965 2098.36 38.5941 18.3623 2059.77 1807.73 252.035 404.663 189.058 88.3929 100.665 215.606 196.443 15.0198 9.53537 20.2318 14.6767 19.1627 42.0476 9.64692 6.24553 4.82064 8.89777 6.98997 32.4007
internal_count=23570 4673 18897 16433 2464 197 16266 262 112 16004 14134 1870 2267 1061 459 602 1206 1054 82 55 150 115 152 4588 593 257 181 85 65 3995
is_linear=0
shrinkage=0.05


Tree=107
num_leaves=28
num_cat=0
split_feature=10 29 2 10 11 5 29 29 29 6 3 3 11 29 3 2 9 3 10 2 6 11 2 29 11 2 29
split_gain=3.30387 4.18243 3.23681 3.04475 4.06356 2.87042 2.68286 18.1882 10.1559 6.96675 6.17344 8.78852 5.44442 5.36463 5.65836 4.7678 4.69949 4.28795 3.73069 2.65072 2.19802 1.48458 1.16815 1.60156 2.6549 0.970747 0.938394
threshold=3.9930555820465092 41.507749557495124 -5.7725932598114005 5.3958332538604745 12.317360877990724 0.019101123325526718 35.725976943969734 35.699068069458015 35.741001129150398 0.17291666567325595 2.2858333587646489 2.8384027481079106 14.085416793823244 35.712720870971687 1.8499305844306948 -1.3178312778472898 106.02083206176759 1.8211805224418642 95.034721374511733 5.4515011310577401 0.068750001490116133 -4.3770833015441886 2.3490812778472905 35.981050491333015 6.0312500000000009 -3.642960667610168 35.975336074829109
decision_type=2 2 2 2 2 2 2 2 2 2 2 2 2 2 2 2 2 2 2 2 2 2 2 2 2 2 2
left_child=1 2 -1 4 22 -4 7 16 9 -8 12 -12 -10 19 -15 -11 18 -18 -5 -9 21 -7 23 25 -25 -2 -22
right_child=3 -3 5 6 -6 20 8 13 10 15 11 -13 -14 14 -16 -17 17 -19 -20 -21 26 -23 -24 24 -26 -27 -28
leaf_value=-0.065456439476490505 -0.042502511762571971 -0.024879809555163779 -0.077262429819300163 -0.022521660485064727 -0.095483804655137394 -0.018643208634803177 0.10688548567073282 -0.046860596503207716 -0.0042542443725103315 0.064921783052214146 -0.006607684993439506 0.001882252605750292 0.007512287413549811 -0.055645739914062388 -0.0056921489684729982 0.010642102840087118 -0.0094094298788557854 0.0027608168580220923 0.038888621710527191 0.026477236083445155 0.030308600834848279 0.060183452476329273 -0.054679016473164033 -0.012059681439181371 0.084778692647546477 -0.0042799350814229599 0.0051935950836187149
leaf_weight=0.95262011140585556 2.9088709726929665 5.0720217749476424 0.62455277098343032 32.421079795341939 1.7362514249980439 0.65341431088746471 2.7800567597150829 27.920772988349203 126.99758718675002 5.2469946593046251 499.88394483411685 781.16688879113644 435.19622248690575 6.9700481519103041 30.366899933665991 17.668868258595463 84.620794892776757 500.14772714534774 2.6773625789210191 1.288983643054961 9.7049411991611105 6.9562284001149175 1.4852173565886904 1.9632205157540741 1.1067837364971636 3.8726572766900045 6.0303095746785393
leaf_count=9 27 29 35 499 14 7 12 507 2392 22 4045 6978 2367 106 396 103 720 4434 34 15 51 558 29 39 46 39 57
internal_value=9.15553e-06 0.0165076 0.0249305 -0.000183513 -0.0242521 0.0285228 -6.03801e-05 -0.00273368 0.000921455 0.0321384 0.000486272 -0.00143064 0.00485427 -0.027574 -0.0150175 0.0230704 -6.69091e-05 0.000999682 -0.0178372 -0.0436243 0.0313529 0.0534149 -0.0133427 -0.00711089 0.022852 -0.0206751 0.0206836
internal_weight=2598.42 29.9941 24.9221 2568.43 13.073 23.9694 2555.35 686.414 1868.94 25.6959 1843.24 1281.05 562.194 66.5467 37.3369 22.9159 619.867 584.769 35.0984 29.2098 23.3449 7.60964 11.3367 9.85153 3.07 6.78153 15.7353
internal_count=23570 746 717 22824 194 708 22630 6711 15919 137 15782 11023 4759 1024 502 125 5687 5154 533 522 673 565 180 151 85 66 108
is_linear=0
shrinkage=0.05


Tree=108
num_leaves=31
num_cat=0
split_feature=30 29 13 6 2 6 13 9 11 13 29 30 4 30 6 6 30 12 30 10 5 29 11 11 4 5 5 29 29 13
split_gain=10.8937 6.69347 3.03039 3.05561 3.02264 9.32953 4.88545 4.94952 8.77573 9.01332 7.92741 8.96885 7.59817 6.78684 3.52431 8.66571 7.4514 7.21879 6.31286 6.88911 5.97675 2.96271 11.4156 3.56344 5.73023 2.79058 3.54636 2.51004 3.7129 2.41607
threshold=-120.55100250244139 40.443843841552741 3.7208334207534794 0.61875000596046459 1.4698369503021242 2.8770833015441899 122.62083435058595 254.5138854980469 17.288194656372074 23.835416793823246 35.725976943969734 -79.26528167724608 6.9479167461395273 -97.627079010009751 0.72291669249534618 0.71458330750465404 -79.269531249999986 -9.3479170799255353 -79.210063934326158 24.777777671813968 0.73066040873527538 35.680410385131843 20.521528244018558 20.609722137451175 2.7935416698455815 0.22616611421108249 0.12537468224763873 37.822866439819343 37.392648696899421 124.8270835876465
decision_type=2 2 2 2 2 2 2 2 2 2 2 2 2 2 2 2 2 2 2 2 2 2 2 2 2 2 2 2 2 2
left_child=1 2 3 27 6 14 7 10 9 -9 11 -2 -12 -10 15 17 -17 -6 19 -16 -20 22 -8 -23 -25 26 -7 28 -1 -24
right_child=4 -3 -4 -5 5 25 21 8 13 -11 12 -13 -14 -15 18 16 -18 -19 20 -21 -22 23 29 24 -26 -27 -28 -29 -30 -31
leaf_value=0.030827546435119091 0.007444135879011742 -0.012958654089684458 0.04014204018723426 0.050403206687104546 0.042980140666521872 -0.057641755268713894 -0.038013859702319658 -0.056888738478539473 0.032143054791749719 0.0028202346090534613 0.0046531628065831108 -0.010019984212452895 -0.025745867289397359 -0.014213546119161494 0.080293498901002305 -0.015646961227478082 0.079209066236746589 -0.001677352199173014 -0.01081521292610628 6.4469748268549114e-05 -0.047717094193284952 0.042699649385439714 -0.00056101833684252039 0.029532834451403533 -0.04280183243542824 -0.054315665976145788 0.031569461395807914 0.050905325785844606 -0.059944208087628237 0.044131315444621649
leaf_weight=1.7276108292862753 105.22720275213942 10.153677487745879 30.332496052840725 2.8105757771991193 9.2648536488413793 1.9969468433409918 10.089438689872624 6.4684619074687353 8.2390585830435139 276.14674776839092 967.27884758263826 243.95045298151672 21.00187466153875 189.39428077451885 2.74535147845745 3.0860132579691708 6.2907897457480413 388.98521180730313 132.69937298633158 105.48752535833046 11.961633102037011 15.519719203934075 4.2678963765501967 8.8079058676958066 3.9728570580482474 11.398859818466006 2.519499558955431 1.2500605648383496 3.2380274031311274 10.375749111175535
leaf_count=109 966 98 3987 332 101 26 81 87 42 2015 5816 2253 274 1288 14 26 53 3167 1125 1029 131 112 22 37 22 127 34 75 72 49
internal_value=7.83857e-06 0.0232363 0.0325737 0.00714069 -0.000443679 -0.00330804 0.000592036 0.000155592 -0.00419849 0.00145362 0.00171904 -0.00475705 0.00400716 -0.012281 -0.00239655 0.000480195 0.0479909 -0.000638444 -0.00703343 0.0020995 -0.0138665 0.015551 0.00290957 0.026599 0.00704785 -0.0411368 -0.00787528 -0.0124215 -0.0283635 0.0311057
internal_weight=2596.69 49.5124 39.3588 9.02627 2547.18 676.436 1870.74 1817.71 480.249 282.615 1337.46 349.178 988.281 197.633 660.521 407.627 9.3768 398.25 252.894 108.233 144.661 53.0336 24.7331 28.3005 12.7808 15.9153 4.51645 6.2157 4.96564 14.6436
internal_count=23570 4673 4575 588 18897 5833 13064 12741 3432 2102 9309 3219 6090 1330 5646 3347 79 3268 2299 1043 1256 323 152 171 59 187 60 256 181 71
is_linear=0
shrinkage=0.05


Tree=109
num_leaves=29
num_cat=0
split_feature=10 29 2 10 11 0 0 0 10 1 9 7 29 11 6 29 12 12 4 2 3 6 11 2 29 11 12 2
split_gain=2.91832 3.76256 2.96256 2.815 3.65773 2.54428 3.90914 5.99442 7.22716 5.02478 7.45034 4.71241 4.63048 3.58838 3.7817 4.80593 3.41982 3.43223 2.87011 2.80847 1.79893 2.35334 1.57151 1.03757 1.44497 2.4777 0.959415 0.900254
threshold=3.9930555820465092 41.507749557495124 -5.7725932598114005 5.3958332538604745 12.317360877990724 28.268054962158207 27.370138168334964 26.51874923706055 72.215278625488295 28.687500000000004 231.92361450195315 0.25624999403953558 34.40844917297364 19.843750000000004 1.0000000180025095e-35 35.79699897766114 -3.2854166030883785 -2.5145833492279048 2.7050000429153447 3.1252717971801762 4.3270833492279062 0.068750001490116133 -7.500694513320922 2.3490812778472905 35.981050491333015 6.0312500000000009 1.0062500238418581 -3.642960667610168
decision_type=2 2 2 2 2 2 2 2 2 2 2 2 2 2 2 2 2 2 2 2 2 2 2 2 2 2 2 2
left_child=1 2 -1 4 23 6 7 12 -9 10 -8 -11 -5 14 19 -16 18 -18 -15 -7 21 22 -4 24 27 -26 -23 -2
right_child=3 -3 20 5 -6 13 9 8 -10 11 -12 -13 -14 16 15 -17 17 -19 -20 -21 -22 26 -24 -25 25 -27 -28 -29
leaf_value=-0.063716629370289268 -0.041428221736163756 -0.023710701865156874 -0.060432872862598602 0.017287070025690122 -0.091151153750051478 -0.031941742383958631 -0.082007818349940489 0.0054454908859155179 0.038034107355594815 0.079077839122993418 -0.010041141750140047 -0.0017253020751237574 -0.00092227099104842951 0.017343230495221889 -0.056246225950184019 -0.0039093104261453361 0.054951780635540015 0.012783365847653631 -0.038836983950740839 0.053445862031239924 -0.030773808626267225 0.0021546028812780105 0.059289202759313653 -0.051829630512590291 -0.011821536093401142 0.082796263082117405 0.028413288715573339 -0.0043363242420857671
leaf_weight=0.93406744860113278 2.8307890128344297 5.0573612935841075 0.28576936572791023 35.489758093375713 1.7276341747492541 1.295534031465652 3.7367210909724227 124.02271775668487 19.717559047043324 2.9337926018051794 95.683866731822491 4.6870767548680305 2145.4375324123539 3.7989073768258077 5.6986244395375278 19.04761958681047 5.1615295857191077 74.120459116995335 5.6612342670559883 3.7515747887082398 1.2724016541615117 5.2781697381287804 6.7120197848416838 1.4917959333397437 1.9575468711555006 1.0701470472849903 10.202535536140202 3.8753759553655964
leaf_count=9 27 29 3 437 14 94 20 847 100 23 672 30 19700 26 43 105 23 405 35 70 20 54 575 29 39 46 56 39
internal_value=6.97347e-06 0.015579 0.0236285 -0.000173718 -0.0234235 -5.56265e-05 -0.000404309 2.58719e-05 0.00991583 -0.00974673 -0.012746 0.0293813 -0.000625954 0.00709745 -0.00791669 -0.0159616 0.0121381 0.0155287 -0.0162767 0.0315279 0.0270636 0.0303375 0.0544001 -0.0130002 -0.00704926 0.0216214 0.0194604 -0.0199935
internal_weight=2592.94 29.7423 24.685 2563.2 12.9533 2550.24 2431.71 2324.67 143.74 107.041 99.4206 7.62087 2180.93 118.535 29.7934 24.7462 88.7421 79.282 9.46014 5.04711 23.7509 22.4785 6.99779 11.2257 9.73386 3.02769 15.4807 6.70616
internal_count=23570 746 717 22824 194 22630 21829 21084 947 745 692 53 20137 801 312 148 489 428 61 164 708 688 578 180 151 85 110 66
is_linear=0
shrinkage=0.05


Tree=110
num_leaves=31
num_cat=0
split_feature=30 29 1 2 30 29 30 30 30 29 10 30 30 9 2 30 29 1 30 30 2 1 5 6 30 7 5 7 6 7
split_gain=10.0633 6.26545 2.87251 2.89879 3.4482 4.71867 2.83791 16.147 10.2157 40.5198 7.0327 10.1536 9.11007 7.73177 7.07646 6.63838 32.2781 10.1946 9.35351 15.7295 10.6397 5.51217 4.21986 3.48694 3.3838 2.46947 1.96868 2.7207 1.06529 1.15246
threshold=-120.55100250244139 40.443843841552741 10.339583396911623 -1.6717132329940794 -121.26300048828124 37.392648696899421 -78.72967147827147 -78.749805450439439 -78.715290069580064 36.020755767822273 37.625000000000007 -78.68517684936522 -75.70598983764647 243.92361450195315 2.7960015535354619 -78.769439697265611 35.97705268859864 21.505357742309574 -78.96700286865233 -79.00915145874022 4.5089156627655038 11.32470226287842 0.68233004212379467 0.42708334326744085 -78.719924926757798 0.064583335071802153 0.39131714403629309 0.035416668280959136 0.15625000000000003 0.55208334326744091
decision_type=2 2 2 2 2 2 2 2 2 2 2 2 2 2 2 2 2 2 2 2 2 2 2 2 2 2 2 2 2 2
left_child=1 2 3 -1 -5 -6 7 15 9 24 14 13 -13 -12 23 18 22 -18 19 -2 -20 -11 -17 -10 -8 -23 -3 -28 -9 -30
right_child=6 26 -4 4 5 -7 8 28 10 21 11 12 -14 -15 -16 16 17 -19 20 -21 -22 25 -24 -25 -26 -27 27 -29 29 -31
leaf_value=0.042064769555033465 -0.00095796866335160012 0.01158937833974058 0.040397316245446215 0.050506119498247931 0.051136636023152306 -0.064351960934262195 -0.053110032719002401 -0.025721203773865442 0.0071641136468023397 0.028331087531826983 -0.039974282565530671 0.013592134029455211 -0.0045573468242040152 0.011439351096845976 -0.075228999835556046 -0.039131577618812932 0.02534313071422676 0.099636019614320878 -0.007407016733161415 0.020725411077902014 -0.048043757016061263 0.12507745900640241 0.011480498473371674 -0.01727678197529026 -0.0046190251256441632 0.080030024809118791 -0.0650178853537903 0.0058214443923254736 -0.062208067049597887 -0.0272628216531016
leaf_weight=4.1098230020143092 1716.1374521185644 4.6601508110761625 27.632522416533902 1.6259211311116812 1.1965009206905941 3.3914923029951751 7.1075263693928719 4.0873589143157032 21.870655016042292 3.0526815969496957 21.335683844983578 192.75669091986492 107.81221739761531 11.125524424016474 4.316964663565158 14.193336680531504 8.2559586241841334 10.477853506803511 232.85521882213652 87.922408808022738 17.304709384217858 6.3404956012964231 5.8019307106733313 43.856422282755375 7.2853977754712123 5.8486101925373077 2.9664580952376127 2.4957508631050587 11.023906495422123 3.0017592199146739
leaf_count=399 13584 40 3802 174 94 106 77 29 124 30 150 1023 632 66 30 114 68 44 1688 550 182 26 36 242 38 26 41 17 108 30
internal_value=6.68942e-06 0.0226687 0.0319898 0.00948625 -0.0120609 -0.0342337 -0.000421634 -0.00117773 0.00326715 0.0316005 0.00118403 0.00421291 0.00708203 -0.0223531 -0.013217 -0.000770931 0.0197372 0.0668953 -0.00115758 9.87895e-05 -0.010218 0.088415 -0.0244457 -0.00914409 -0.0285649 0.103463 -0.0122833 -0.0326505 -0.0481832 -0.0547291
internal_weight=2591.85 48.0786 37.9563 10.3237 6.21391 4.58799 2543.77 2111.06 432.709 29.6347 403.074 333.03 300.569 32.4612 70.044 2092.95 38.7291 18.7338 2054.22 1804.06 250.16 15.2418 19.9953 65.7271 14.3929 12.1891 10.1224 5.46221 18.113 14.0257
internal_count=23570 4673 4575 773 374 200 18897 16433 2464 197 2267 1871 1655 216 396 16266 262 112 16004 14134 1870 82 150 366 115 52 98 58 167 138
is_linear=0
shrinkage=0.05


Tree=111
num_leaves=31
num_cat=0
split_feature=30 29 11 9 7 9 30 29 30 30 30 29 30 12 12 4 3 30 13 0 10 9 30 3 9 10 10 30 9 10
split_gain=9.36571 5.89409 2.84307 3.98098 4.5948 4.12098 3.15454 10.5941 8.09792 6.57421 4.76885 15.7237 9.46547 4.64961 3.86114 3.6795 3.47028 2.92696 2.81771 2.63216 2.61268 4.43635 3.97711 2.12827 6.44835 1.82581 1.66641 1.29914 1.27626 1.21099
threshold=-120.55100250244139 40.443843841552741 -2.2937500476837154 85.055557250976577 0.006250000325962902 211.85417175292972 -84.907409667968736 42.399999618530281 -84.990852355957017 -73.27999114990233 -80.748550415039048 41.042871475219734 -80.06703948974608 -15.441666603088377 2.2437499761581425 1.6168749928474428 3.1525000333786015 -79.234470367431626 3.7208334207534794 23.656250000000004 66.145832061767592 116.66666793823244 -120.93849945068358 4.2459723949432382 273.31944274902349 19.993055343627933 98.576389312744155 -109.12405014038085 243.02082824707034 9.0138888359069842
decision_type=2 2 2 2 2 2 2 2 2 2 2 2 2 2 2 2 2 2 2 2 2 2 2 2 2 2 2 2 2 2
left_child=1 18 3 -2 5 17 8 10 13 -9 11 -8 -12 -4 -11 -15 19 -5 20 -10 21 22 -1 -6 -25 -3 -20 -7 -27 -23
right_child=2 25 6 4 23 27 7 9 16 14 12 -13 -14 15 -16 -17 -18 -19 26 -21 -22 29 -24 24 -26 28 -28 -29 -30 -31
leaf_value=-0.092363369465508063 0.0307284597672281 -0.055293604478346525 0.054712649653342861 0.031001071291809512 -0.062436917933222348 -0.0017029831629746487 0.0082642092506470498 -0.055850390869491666 0.075110721938698208 -0.034977461327342627 0.016965587508268445 -0.043630819633751941 -0.0011494836658851328 -0.03532593915070905 0.037943213899867885 0.0019278129861247514 0.00089507662745663946 -0.018624499491513721 0.04039533215777296 0.028749728525498477 0.050500178846768107 -0.026406834566927429 0.051451295245291032 -0.054736099291894484 0.13057531811669071 -0.029537537628955415 -0.089108894255484253 -0.058796227337348364 0.012678931851635981 0.041685397838457282
leaf_weight=2.065021729562432 4.0784150734543827 1.9451484866440285 4.13650855468586 6.829536368139089 7.5249503990635258 1.3474465571343897 32.810777693986893 14.261599794495853 5.8584799841046351 3.5248081833124152 75.28235999494791 26.293147962540388 1711.8489291742444 6.7003570748493066 3.7430348843336105 614.63777146814391 4.8418859392404547 5.2595441294834062 27.672896414296705 6.4129039943218231 2.4612798308953643 0.85232098586857352 0.6266006361693125 1.9253282090649011 0.62081480165943492 2.6794743314385396 0.25065173674374719 3.8242815327830604 5.394623551517725 2.7915159477852285
leaf_count=96 37 33 24 58 128 14 218 362 29 26 443 331 12559 123 26 4168 26 57 3967 32 283 16 30 159 4 26 20 73 39 163
internal_value=5.24672e-06 0.0221842 -0.000402594 -0.0153521 -0.0222282 -0.00656872 -0.000215541 -0.00125516 0.00280626 -0.0361264 -0.000848521 -0.014822 -0.000386392 0.00187782 0.00257765 0.00152608 0.0367398 0.00941069 0.0314589 0.0508829 0.00678211 -0.010202 -0.0588838 -0.0490668 -0.00955244 -0.0118074 0.0392329 -0.0439211 -0.00133105 0.0257581
internal_weight=2588.5 46.7395 2541.76 31.4103 27.3319 17.2608 2510.35 1867.76 642.588 21.5294 1846.24 59.1039 1787.13 625.475 7.26784 621.338 17.1133 12.0891 36.7203 12.2714 8.79674 6.33546 2.69162 10.0711 2.54614 10.0192 27.9235 5.17173 8.0741 3.64384
internal_count=23570 4673 18897 530 493 202 18367 13965 4402 414 13551 549 13002 4315 52 4291 87 115 4575 61 588 305 126 291 163 98 3987 87 65 179
is_linear=0
shrinkage=0.05


Tree=112
num_leaves=31
num_cat=0
split_feature=30 30 11 11 5 1 30 30 30 10 30 30 3 30 30 30 3 1 7 5 1 3 13 11 11 1 6 4 3 3
split_gain=8.70103 3.50055 2.74613 6.10499 4.60998 2.72371 2.66456 15.0242 9.26949 6.34237 9.24736 8.24778 6.58186 6.05591 8.3663 14.191 10.5425 6.22657 6.41458 5.18961 5.20273 5.75725 4.87836 4.04428 7.03633 5.12588 2.20212 2.30094 1.70682 1.66545
threshold=-120.55100250244139 -121.79750061035155 1.1972222328186037 -1.0000000180025095e-35 0.37430366873741155 5.7788689136505136 -78.72967147827147 -78.749805450439439 -78.715290069580064 37.625000000000007 -78.68517684936522 -75.70598983764647 2.5645139217376713 -78.769439697265611 -78.96700286865233 -79.00915145874022 2.3542361259460454 26.325298309326175 0.052083333954215057 0.74238628149032604 11.32470226287842 2.2910416126251225 4.2395834922790536 17.220832824707035 21.770138740539554 24.294940948486332 0.36875000596046453 3.6793749332427983 2.5484027862548833 1.7691666483879092
decision_type=2 2 2 2 2 2 2 2 2 2 2 2 2 2 2 2 2 2 2 2 2 2 2 2 2 2 2 2 2 2
left_child=1 26 3 -3 -5 -4 7 13 19 23 12 -12 -11 14 15 -2 -16 18 -15 20 22 -22 -8 25 -25 -10 27 29 -6 -1
right_child=6 2 5 4 28 -7 8 -9 9 10 11 -13 -14 17 16 -17 -18 -19 -20 -21 21 -23 -24 24 -26 -27 -28 -29 -30 -31
leaf_value=-0.028165412308146676 -0.00092252260591280458 0.035926112043164114 -0.12809374987109995 0.050736436883385277 -0.18193128806523418 0.03742906772305804 0.056046655306569049 -0.047148006033863106 -0.017090633708315175 -0.038747941048456615 0.013000181509835125 -0.004279770863865013 0.0081386738660731428 0.037524030199960298 0.0020746965687228735 0.019596767324298152 -0.01870261008866882 0.072397841232480151 -0.0066957680901417035 -0.027067346420674876 0.026983397458806724 0.080197136578024991 -0.045444615350638935 0.01643144594832284 -0.042402231389752409 -0.080887335281212558 0.051259483442211928 -0.063275049079359477 -0.067819897410362734 0.017690463850498449
leaf_weight=3.2002490563318116 1713.7642745100893 3.4234188860282302 0.25073889596387999 0.50626626890152593 0.67920528538525082 28.261056478135288 1.8879768941551507 17.579057157039642 38.489672844763845 20.246685195714235 192.79573391284794 107.59067725203931 11.875074066221712 13.855947326868771 107.75208372995257 88.618518307805061 140.87162208091468 4.7629515975713721 20.095253836363554 3.4860400669276705 12.361875273287298 8.6321440637111646 3.175439964979887 21.128014218062166 6.6915389373898497 3.4290682300925246 1.6780025796033431 1.7198856733739365 0.63318557199090719 5.1933142165653408
leaf_count=106 13584 144 19 42 16 3926 18 167 236 133 1023 632 83 88 639 550 1231 19 155 38 63 47 31 105 36 19 130 64 31 195
internal_value=4.62764e-06 0.0216654 0.0298583 -0.00340228 -0.0774336 0.0359734 -0.000383915 -0.00111711 0.00319433 0.00120894 0.00408425 0.00681095 -0.0214145 -0.000729886 -0.00109969 8.6358e-05 -0.00969784 0.0188615 0.0113509 0.0302263 0.0378912 0.0488634 -0.00760195 -0.0125004 0.00227997 -0.0223094 -0.00178744 -0.0105889 -0.126876 0.000206802
internal_weight=2584.63 45.5453 33.7539 5.24208 1.81866 28.5118 2539.09 2107.3 431.79 402.246 332.508 300.386 32.1218 2089.72 2051.01 1802.38 248.624 38.7142 33.9512 29.5435 26.0574 20.994 5.06342 69.7383 27.8196 41.9187 11.7915 10.1134 1.31239 8.39356
internal_count=23570 4673 4178 233 89 3945 18897 16433 2464 2267 1871 1655 216 16266 16004 14134 1870 262 243 197 159 110 49 396 141 255 495 365 47 301
is_linear=0
shrinkage=0.05


Tree=113
num_leaves=31
num_cat=0
split_feature=30 29 3 9 1 30 29 9 29 30 9 6 29 30 3 9 6 30 30 10 5 30 0 29 3 29 29 10 29 13
split_gain=8.14262 6.91681 3.96451 8.16224 3.61187 6.43586 5.88553 4.08815 3.25454 7.96397 6.36197 6.48534 6.27167 7.64102 6.72149 7.28268 6.03263 4.41807 4.09353 4.02167 8.08154 8.03882 3.86144 3.06812 4.52121 2.77128 2.6502 2.63237 2.41869 2.03672
threshold=-117.08349990844725 38.513755798339851 1.5793055295944216 301.42361450195318 24.294940948486332 -121.56400299072264 44.164724349975593 304.81250000000006 35.468124389648445 -109.12405014038085 162.15972137451175 0.53125000000000011 35.514999389648445 -79.063835144042955 1.9513194561004641 267.75694274902349 1.3604166507720949 -97.627079010009751 -112.49425125122069 56.770833969116218 0.39384433627128607 -78.014999389648423 26.679166793823246 36.797445297241218 1.4375000000000002 40.376539230346687 34.492685317993171 98.576389312744155 41.108394622802741 2.4458333253860478
decision_type=2 2 2 2 2 2 2 2 2 2 2 2 2 2 2 2 2 2 2 2 2 2 2 2 2 2 2 2 2 2
left_child=1 2 3 23 5 7 25 28 9 -2 26 17 13 22 -15 -16 -13 -12 -14 20 -20 -21 -10 -1 -25 -7 -11 29 -3 -4
right_child=8 4 27 -5 -6 6 -8 -9 12 10 11 16 18 14 15 -17 -18 -19 19 21 -22 -23 -24 24 -26 -27 -28 -29 -30 -31
leaf_value=0.051107790247512108 0.044363476183686468 0.051822158705021173 0.0087653265564389855 -0.27116885913046695 0.045001087699054455 -0.16351330229667832 -0.0063415076859457868 -0.045422713025327743 0.057717946213881426 -0.003253407776517836 -0.048322034433946053 0.015696169911567619 -0.03235111131718392 0.044011222310510238 -0.024423285399289014 0.031990337078484428 -0.015131612845142342 -0.012550569779844617 -0.0027932923307492814 -0.0042735658927521066 0.0053629792464585163 0.0079465539715079282 0.01530505629634786 0.015021768384131563 -0.098770218268595236 -0.062812799601142069 -0.054716909564079423 -0.16611342803611698 -0.00090745314654882149 0.041188761555779996
leaf_weight=2.2818929215427479 6.9558281600475302 3.86466829525307 5.7393481899052849 0.27978659328073252 2.8934471691027275 1.3426646958105277 2.519971638917923 2.9974930039606997 12.511063657701017 3.2745175361633292 10.777152977883814 40.537910263985395 9.9878030717372877 7.5797143280506125 20.823395006358627 7.8879705369472495 26.078455373644829 43.360644239932299 552.80624846136197 924.33008447801694 673.9788682134822 157.51390522299334 9.3975346237421018 2.7168909467291087 1.2861398556269703 1.3910538507625458 10.598421156406401 0.16160485986620088 4.9734832011163235 31.0278045758605
leaf_count=158 51 252 395 30 136 30 14 68 64 20 65 278 46 34 132 38 198 327 3854 7286 4459 821 41 200 107 16 127 15 48 4260
internal_value=3.75998e-06 0.0176902 0.0288777 -0.00692593 -0.00665992 -0.0154068 -0.0614616 0.00503631 -0.000442027 -0.00780656 -0.010502 -0.00681793 -3.33462e-06 0.016208 0.00213153 -0.00892458 0.00362795 -0.0196716 -0.000410255 -0.000272069 0.00168765 -0.00249435 0.0395252 0.0048374 -0.0215386 -0.112272 -0.0425697 0.0352424 0.0221497 0.0361275
internal_weight=2581.88 63.4762 43.4935 6.56471 19.9828 17.0893 5.25369 11.8356 2518.4 141.583 134.627 120.754 2376.82 58.1997 36.2911 28.7114 66.6164 54.1378 2318.62 2308.63 1226.79 1081.84 21.9086 6.28492 4.00303 2.73372 13.8729 36.9288 8.83815 36.7672
internal_count=23570 5729 5165 495 564 428 60 368 17841 1066 1015 868 16775 309 204 170 476 392 16466 16420 8313 8107 105 465 307 46 147 4670 300 4655
is_linear=0
shrinkage=0.05


Tree=114
num_leaves=31
num_cat=0
split_feature=30 29 3 9 12 0 4 4 29 29 30 11 30 29 30 11 30 29 13 30 29 30 30 30 29 0 29 3 9 30
split_gain=7.55276 6.46068 3.76997 8.52857 3.3968 4.90133 5.82549 3.42598 3.08809 2.95914 7.61289 6.23943 5.83099 5.63548 6.74681 7.73098 7.27745 4.99096 6.92561 3.72118 11.3783 3.69307 3.78064 19.1358 9.14058 3.32988 2.93907 3.69778 2.91656 2.69086
threshold=-117.08349990844725 38.513755798339851 1.5793055295944216 315.11805725097662 -1.2395833134651182 17.371527671813968 1.7327083349227907 2.4743750095367436 39.408555984497077 35.468124389648445 -79.056720733642564 4.8027777671813974 -109.12405014038085 35.514999389648445 -79.063835144042955 12.998610973358156 -78.89247894287108 34.40844917297364 101.00208282470705 -78.675731658935533 34.967180252075202 -112.49425125122069 -82.924999237060533 -80.495098114013658 37.413198471069343 26.679166793823246 36.797445297241218 1.4375000000000002 162.15972137451175 -118.89915084838866
decision_type=2 2 2 2 2 2 2 2 2 2 2 2 2 2 2 2 2 2 2 2 2 2 2 2 2 2 2 2 2 2
left_child=1 2 3 26 5 -3 -7 -6 -8 10 11 -2 -13 14 25 -16 -17 18 -12 -19 -21 -15 24 -24 -23 -11 -1 -28 -14 -9
right_child=9 4 -4 -5 7 6 8 29 -10 13 17 12 28 21 15 16 -18 19 -20 20 -22 22 23 -25 -26 -27 27 -29 -30 -31
leaf_value=0.051039738625820931 -0.039743964652533229 0.020299869224105142 0.034691992888657312 -0.28077982783416905 -0.023229507539241884 0.071414938261169056 -0.14935418126705935 0.046965215036664676 -0.054722318934636208 0.053672145924802198 0.057656379003869045 0.057461523097750301 -0.034934712459500583 -0.030723445827079577 -0.043699415409223896 -0.0069954328010891527 0.044196418833444093 -0.051121347482358206 -0.030980093046086444 -0.037775964940276192 0.08404275740450079 -0.025229655710970179 -0.03163252194269759 -0.00052575833483687283 0.0045292847895891507 0.014494972895451853 0.014432147454924339 -0.085654232152406543 0.0030492472792640469 -0.056879352882379108
leaf_weight=2.2658930094912639 9.10055313259363 3.3275153432041424 35.679440270643681 0.27154355356469739 3.9892249954864365 0.78640706557780493 1.0914945118129251 5.7555574693251401 4.1018781941384077 12.774314045906069 3.8117023408412916 4.7736792042851439 5.3843547999858847 9.9909870326518995 7.3631849512457839 17.167732656002045 11.656238034367563 17.272685028612614 5.2243762761354446 10.535159759223463 2.3431884795427314 27.032495582476258 50.955439682118595 1662.1075425418094 567.5765031510964 9.425846651196478 2.6872663090471178 1.4055333109572528 82.297763660550117 0.69966081529855717
leaf_count=165 70 103 4670 23 87 12 74 239 45 64 19 38 43 46 57 100 47 219 43 117 13 165 706 12319 3230 41 200 107 504 4
internal_value=4.09537e-06 0.0172356 0.0282581 -0.00636481 -0.0063755 -0.0283406 -0.0554071 0.0131981 -0.0746112 -0.000420814 -0.00746519 -0.000241677 0.00364659 -3.54573e-06 0.0153382 0.00202562 0.0137062 -0.0261855 0.00640956 -0.035954 -0.0156113 -0.000390039 -0.000258711 -0.00145104 0.00317636 0.0370381 0.00535389 -0.0199391 0.000716741 0.0357098
internal_weight=2578.86 62.0614 42.3097 6.63024 19.7517 9.3073 5.97978 10.4444 5.19337 2516.79 140.743 101.556 92.4558 2376.05 58.3873 36.1872 28.824 39.1871 9.03608 30.151 12.8783 2317.66 2307.67 1713.06 594.609 22.2002 6.35869 4.0928 87.6821 6.45522
internal_count=23570 5729 5165 495 564 234 131 330 119 17841 1066 655 585 16775 309 204 147 411 62 349 130 16466 16420 13025 3395 105 472 307 547 243
is_linear=0
shrinkage=0.05


Tree=115
num_leaves=31
num_cat=0
split_feature=30 29 2 2 7 5 11 0 9 29 30 29 11 30 12 2 6 2 2 30 3 3 2 6 29 5 29 11 30 11
split_gain=7.00114 4.95844 2.74266 7.37791 5.67983 5.7896 6.53142 7.6883 5.06389 8.44967 12.5136 10.0645 6.28501 5.25933 4.65857 6.48122 6.16871 5.48794 7.08913 6.55432 5.2627 4.516 4.17213 2.64243 2.73403 2.50734 2.32021 2.48848 2.28417 2.16613
threshold=-120.55100250244139 41.108394622802741 0.95458075404167186 0.85666406154632579 1.0729166865348818 0.21407466381788257 21.422916412353519 21.977777481079105 240.86805725097659 35.725976943969734 -79.26528167724608 35.743635177612312 23.31875038146973 -78.719924926757798 -0.41874998807907099 2.1220626831054692 1.6812499761581423 1.0769022107124331 1.8141951560974123 -78.910125732421861 1.6027083396911623 1.8392360806465151 2.4382505416870122 1.5354166626930239 39.09523010253907 0.56303647160530101 41.89190864562989 10.498610973358156 -78.83605575561522 1.1972222328186037
decision_type=2 2 2 2 2 2 2 2 2 2 2 2 2 2 2 2 2 2 2 2 2 2 2 2 2 2 2 2 2 2
left_child=1 29 3 8 14 22 7 -7 9 10 -2 -11 13 -10 15 16 -4 19 -19 -16 -17 -5 -6 24 -23 -8 -3 -28 -24 -1
right_child=2 26 4 21 5 6 25 -9 12 11 -12 -13 -14 -15 17 20 -18 18 -20 -21 -22 23 28 -25 -26 -27 27 -29 -30 -31
leaf_value=3.2635626533652726e-05 0.010450620489508726 -0.057243590405795054 -0.018258600440353278 -0.010656167811321756 0.054853472420898546 -0.03147542958555434 -0.026521360074006808 0.0093589456032921459 -0.0063203335784324417 0.03858081814046483 -0.012969387251952003 0.0039293693359496147 0.05274921546330287 0.0083038639556405058 -0.035779841957090219 -0.041336312191411373 0.021141346574246853 0.010451723667893721 -0.0022626599675174878 0.022148525710802697 0.00052073976202772509 0.023134736283779687 -0.018075077776862337 -0.016115334123552282 0.054967695388287233 -0.078576469526958764 -0.032077900147784097 0.031875932137422194 0.037960838408825345 0.034058067998307739
leaf_weight=5.5879972530528894 83.824218826834112 2.2924247793853265 114.25467947917059 10.077333434484897 4.1488163070753208 29.123007847461849 3.6293719038367254 19.078420430421829 442.73234682483599 21.545927319675684 178.47167053259909 764.12069273926318 4.8753293156623831 71.392753087449819 18.769850515760485 7.7579435827210537 10.880492479540406 192.09575577639043 255.38999383151531 6.5999618358910075 234.50147169269621 30.017475359141827 7.6510595362633458 3.3319719592109314 8.7000687429681403 6.3792266175150871 2.8754495270550251 3.2292121462523937 2.3856440410017958 28.708541901316494
leaf_count=262 762 43 1018 57 39 394 22 103 3288 120 1713 4728 22 397 146 74 71 1239 2173 35 2087 179 88 26 59 40 23 19 17 4326
internal_value=3.85573e-06 0.0200828 -0.000334744 0.000900812 -0.0025267 -0.0159647 -0.0229448 -0.0153129 0.000285207 0.0022855 -0.00548485 0.00487964 -0.00375377 -0.00428958 -0.00136888 -0.00559255 -0.0148328 0.00191278 0.00319534 -0.0207098 -0.000819661 0.0194063 0.012678 0.0266108 0.0302878 -0.0597 -0.0143539 0.00175207 -0.00475579 0.0285142
internal_weight=2574.43 42.6936 2531.74 1619.09 912.646 72.3955 58.21 48.2014 1566.96 1047.96 262.296 785.667 519 514.125 840.25 367.395 125.135 472.856 447.486 25.3698 242.259 52.1268 14.1855 42.0495 38.7175 10.0086 8.39709 6.10466 10.0367 34.2965
internal_count=23570 4673 18897 11351 7546 703 559 497 11030 7323 2475 4848 3707 3685 6843 3250 1089 3593 3412 181 2161 321 144 264 238 62 85 42 105 4588
is_linear=0
shrinkage=0.05


Tree=116
num_leaves=31
num_cat=0
split_feature=30 29 30 0 30 29 29 3 4 29 30 1 2 3 4 30 30 29 30 0 6 13 7 0 30 30 29 30 6 30
split_gain=6.53614 6.13706 5.19908 7.1004 4.67022 9.51097 4.45718 3.5172 3.05196 7.04037 12.9671 2.73594 5.34569 5.72403 8.50321 9.34897 8.30362 8.01004 6.4073 4.33317 8.04211 7.44206 4.07334 4.58251 4.02404 9.05082 8.15827 7.00802 8.51719 7.12837
threshold=-117.08349990844725 37.392648696899421 -120.99900054931639 21.604166984558109 -120.90349960327147 37.773715972900398 40.443843841552741 2.2231249809265141 1.6168749928474428 36.759901046752937 -120.55100250244139 18.392261505126957 -5.4933619499206534 3.4994443655014043 3.5752083063125615 -76.040576934814439 -72.710048675537095 35.695158004760749 -75.886917114257798 16.08124923706055 1.4479166865348818 61.718750000000007 1.0895833373069765 16.627778053283695 -75.049243927001939 -73.27999114990233 41.299394607543952 -78.68517684936522 0.66041669249534618 -78.705310821533189
decision_type=2 2 2 2 2 2 2 2 2 2 2 2 2 2 2 2 2 2 2 2 2 2 2 2 2 2 2 2 2 2
left_child=1 8 6 4 7 -6 -3 -4 9 -1 -11 12 22 14 18 -16 17 -15 -14 20 21 -13 23 -2 27 26 -26 29 -29 -21
right_child=11 2 3 -5 5 -7 -8 -9 -10 10 -12 19 13 16 15 -17 -18 -19 -20 24 -22 -23 -24 -25 25 -27 -28 28 -30 -31
leaf_value=0.051200351384105336 0.0065236624461919874 0.031689596633352017 -0.22749474943122727 0.026568349089197175 0.03914155323439486 -0.09669703329045673 -0.012110789096235048 -0.065852486336769919 0.041544420220385368 0.050584362821747386 -0.31740360137907708 0.013672570365845481 -0.0073592737449362129 0.014761019253000413 0.0025740366732623404 0.049338679108395123 0.09498859460157405 -0.02269042374645739 -0.049930003568387574 -5.6553492650522101e-05 -0.030235291829556761 0.097584101774812346 -0.040294488167730007 0.065749715420906393 0.031145236261770792 0.0017649211846007728 -0.057499197215062109 0.021760551112073652 0.0016762217447887371 -0.02985591961978842
leaf_weight=1.4733988153748243 107.91171035915613 15.717862863792108 0.62904146988876142 3.9533317789901048 2.3054476792458427 2.9215860436670482 9.2125733718276006 0.72371719754301012 21.938049828866497 0.50818277895450592 0.45261267758905877 6.0232360288500768 211.15724393073469 16.811178293079138 161.81336430180818 11.443095982074736 1.6788076907396305 94.711173033807427 9.2249383032321912 1572.9157216828316 4.331187777221202 4.7074877694249153 4.4831221103668204 3.3679438680410376 3.1445345580577877 34.214420437812805 14.868238292634485 82.555949404835701 146.38532458990812 20.327930398285389
leaf_count=99 736 2256 30 154 173 33 96 43 2768 63 14 31 1842 201 1486 56 8 1387 62 10353 29 21 39 14 14 216 113 388 721 124
internal_value=2.90145e-06 0.0163349 0.00306012 -0.0263928 -0.0582134 -0.0367837 0.015504 -0.141017 0.0356507 -0.0174663 -0.122768 -0.000386114 -0.00326068 -0.00547487 -0.00262541 0.00566271 -0.0153834 -0.0170449 -0.00914123 0.000561087 0.0272724 0.0504839 0.00643364 0.00831617 0.000346448 -0.0133377 -0.0420243 0.00073866 0.00891861 -0.000436759
internal_weight=2571.91 59.8358 35.4636 10.5331 6.57979 5.22703 24.9304 1.35276 24.3722 2.43419 0.960795 2512.08 622.603 506.84 393.639 173.256 113.201 111.522 220.382 1889.47 15.0619 10.7307 115.763 111.28 1874.41 52.2272 18.0128 1822.18 228.941 1593.24
internal_count=23570 5729 2785 433 279 206 2352 73 2944 176 77 17841 5831 5042 3446 1542 1596 1588 1904 12010 81 52 789 750 11929 343 127 11586 1109 10477
is_linear=0
shrinkage=0.05


Tree=117
num_leaves=31
num_cat=0
split_feature=10 29 10 11 29 0 0 3 3 1 3 0 3 29 29 6 12 29 13 11 6 6 10 29 13 5 11 5 0 2
split_gain=2.58611 3.24834 2.66262 3.29735 2.46346 10.4857 9.59183 9.15965 8.64099 7.78553 7.36382 6.38695 4.83243 4.50152 6.25506 6.11372 2.26487 2.40171 2.2495 1.76691 2.07104 2.55301 2.59377 1.21805 3.05394 0.702798 0.47471 0.228821 0.013912 2.62157e-05
threshold=3.9930555820465092 38.768741607666023 5.3958332538604745 7.8722221851348886 39.408555984497077 23.620138168334964 22.457638740539554 1.8499305844306948 3.8220138549804692 23.560119628906254 2.927847266197205 24.034027099609379 7.6397917270660409 39.211111068725593 39.185613632202156 0.95624998211860668 -1.0687500238418577 41.947931289672859 10.572916507720949 1.4270833730697634 0.043750001117587096 0.46458333730697637 1.1388888955116274 35.741001129150398 11.941666603088381 0.57396805286407482 12.317360877990724 0.68233004212379467 11.32569456100464 5.1153595447540292
decision_type=2 2 2 2 2 2 2 2 2 2 2 2 2 2 2 2 2 2 2 2 2 2 2 2 2 2 2 2 2 2
left_child=1 19 3 18 12 6 8 9 -6 -7 -8 -9 13 14 -4 -15 17 -3 -2 25 27 22 -22 28 -25 -1 -5 29 -20 -21
right_child=2 16 4 26 5 7 10 11 -10 -11 -12 -13 -14 15 -16 -17 -18 -19 23 20 21 -23 -24 24 -26 -27 -28 -29 -30 -31
leaf_value=0.015715779770034993 -0.060466493555313264 -0.022043984104268222 -0.0010155068046776088 -0.045333408572945461 0.0055253476681829013 0.00030364157663354658 -0.026969936356173636 0.032499381091272837 -0.012229211123161894 0.068028564454653759 0.0051279277503727015 0.0041061447103812286 0.065802154883476738 -0.0041009757858356246 0.029061724851296794 -0.046142785823074739 -0.039949897051555973 0.048587428614213224 -0.025144789413718196 0.050184850937977525 0.028017025038200735 0.060719569831472954 -0.022056034040797073 0.095179780263997954 -0.0028116226975476617 -0.049567083271823555 -0.087632237885501896 0.074042194959598448 -0.018629366489232597 0.051072553455225135
leaf_weight=0.69709093100391939 1.7732266141101707 2.511778355576098 1795.2364898661617 1.0891438773833209 356.68325439328328 6.2573632895946529 55.062192022800446 24.383160395547748 84.828844961244613 13.185838890261946 26.453100610524416 105.51813678210601 2.7039691656827918 26.491757208947092 17.454102633520961 12.837831356562672 3.7648454084992391 2.3108061943203211 1.5400313138961776 1.9566111981403111 7.3046126938424987 3.225325937382876 4.0037393704988062 1.0075766146183012 3.7705200756900012 1.0089654945768414 1.6964795440435407 1.9902187581174073 1.750668244436383 0.086862341500818618
leaf_count=28 21 32 17434 39 2271 35 364 132 1259 63 159 569 11 167 86 80 31 12 15 479 41 20 43 5 73 21 14 34 27 5
internal_value=3.13931e-06 0.0148859 -0.000165986 -0.0230684 -5.15445e-05 0.00254124 -0.000795303 0.0142263 0.00211412 0.0462328 -0.0165536 0.00943571 -0.000991477 -0.001089 -0.000725898 -0.0178241 -0.0108879 0.0118 -0.00947557 0.0258032 0.0302776 0.0214803 0.0102886 0.00173037 0.0178522 -0.0228926 -0.0710939 0.0619752 -0.0216786 0.0502226
internal_weight=2568.58 28.8609 2539.72 12.6276 2527.1 672.372 523.027 149.344 441.512 19.4432 81.5153 129.901 1854.72 1852.02 1812.69 39.3296 8.58743 4.82258 9.84202 20.2734 18.5674 14.5337 11.3084 8.0688 4.7781 1.70606 2.78562 4.03369 3.2907 2.04347
internal_count=23570 746 22824 194 22630 4852 4053 799 3530 98 523 701 17778 17767 17520 247 75 44 141 671 622 104 84 120 78 49 53 518 42 484
is_linear=0
shrinkage=0.05


Tree=118
num_leaves=31
num_cat=0
split_feature=30 29 30 30 29 29 29 30 29 29 29 30 2 29 29 29 30 29 29 4 11 29 30 1 30 29 29 11 11 11
split_gain=5.99915 4.4106 2.64653 9.48788 13.7004 13.7585 8.84817 8.78948 18.2243 8.32088 10.78 6.62792 6.4674 5.96433 6.63153 6.12831 6.87321 5.15946 5.15559 6.4284 5.3155 4.98778 4.9138 4.82115 4.50015 3.72624 2.22692 2.27225 2.06344 5.10887
threshold=-120.55100250244139 41.108394622802741 -80.06703948974608 -80.495098114013658 41.268846511840827 36.13434028625489 40.93249702453614 -83.395496368408189 37.980018615722663 41.317014694213874 41.693527221679695 -79.927204132080064 2.1220626831054692 35.468124389648445 35.038000106811531 35.514999389648445 -79.063835144042955 42.399999618530281 39.408555984497077 7.1310417652130136 23.616666793823246 35.284490585327156 -78.818157196044908 18.231548309326175 -78.867374420166001 40.405790328979499 41.89190864562989 10.498610973358156 1.1972222328186037 -1.0000000180025095e-35
decision_type=2 2 2 2 2 2 2 2 2 2 2 2 2 2 2 2 2 2 2 2 2 2 2 2 2 2 2 2 2 2
left_child=1 28 3 7 5 -5 -7 18 21 23 -11 25 -10 14 24 16 -15 -17 20 -20 -2 -9 -16 -6 -13 -4 -3 -28 29 -1
right_child=2 26 11 4 9 6 -8 8 12 10 -12 13 -14 15 22 17 -18 -19 19 -21 -22 -23 -24 -25 -26 -27 27 -29 -30 -31
leaf_value=0.035279754146465468 -0.0010301487678368566 -0.056870342531079511 -0.057642433777565609 0.046849507221502079 0.020129146965486781 -0.065501738893745817 0.0088495273100782212 0.01435356484754198 -0.037624603299394405 -0.017424149491429335 0.059648686464840464 0.004358383796075312 0.0082170228810821404 0.037845859097667661 -0.042745976337145997 -0.00079571407534602357 0.0021173985937058032 -0.029541078690639003 0.009169442708167691 -0.027169180583106103 -0.07169786838018076 0.08220559336037303 0.018708049628924427 0.072717955394751885 -0.028568435159895385 0.013156021880761776 -0.030690370426204081 0.030647660520652827 0.033037847270715584 -0.065188286105597168
leaf_weight=3.5505070011131465 386.09810048341751 2.1859156526625139 7.9884487614035589 7.4336210489273098 5.9520916864275959 9.7669969052076357 6.7785450704395762 7.2522263899445516 43.697279186919332 11.308398954570295 7.5765643045306197 40.026014503091574 9.3381726387888175 21.573865562677383 23.754021309316162 1571.2085073050112 35.79426272213459 15.766843422316013 258.84504774073139 12.770901485811917 2.6794493794441214 4.3229189217090607 3.7688936963677397 16.274489030241966 14.008701980113981 2.4219754785299301 2.8337217941880226 3.2318587470799685 26.955317099811509 1.9659953615628172
leaf_count=167 2923 43 67 32 27 77 42 36 541 72 46 281 231 100 278 11638 204 251 1471 274 14 20 38 68 147 19 23 19 4326 95
internal_value=3.04736e-06 0.019041 -0.000303827 0.00209518 0.0203815 -0.0096545 -0.0350408 0.000453436 -0.0171473 0.0379006 0.0134971 -0.00139547 -0.0295531 -0.00115555 -0.0143535 -0.000500948 0.0155534 -0.0010813 0.00217543 0.00746086 -0.00151719 0.039694 -0.0343307 0.0586351 -0.00417802 -0.0411712 -0.0136015 0.00199172 0.0273359 -0.000525488
internal_weight=2567.13 40.7233 2526.41 790.095 65.0907 23.9792 16.5455 725.004 64.6106 41.1115 18.885 1736.31 53.0355 1725.9 81.5576 1644.34 57.3681 1586.98 660.393 271.616 388.778 11.5751 27.5229 22.2266 54.0347 10.4104 8.2515 6.06558 32.4718 5.5165
internal_count=23570 4673 18897 5874 364 151 119 5510 828 213 118 13023 772 12937 744 12193 304 11889 4682 1745 2937 56 316 95 428 86 85 42 4588 262
is_linear=0
shrinkage=0.05


Tree=119
num_leaves=31
num_cat=0
split_feature=30 29 30 13 7 6 29 3 29 29 13 6 30 2 6 8 7 29 1 29 5 13 3 30 29 29 5 29 30 4
split_gain=5.57825 5.91597 4.69981 5.98231 4.23025 5.17169 3.99725 2.8911 5.937 13.5069 3.25593 2.76553 3.56262 2.55764 8.73804 4.22226 8.34673 5.29226 10.4945 8.86483 4.92658 3.92968 4.00538 5.00691 3.53329 11.581 8.82605 6.67831 12.046 4.50023
threshold=-117.08349990844725 37.392648696899421 -120.99900054931639 79.847915649414077 0.41458332538604742 0.081250000745058074 40.443843841552741 1.5265277624130251 36.759901046752937 36.978399276733406 1.0000000180025095e-35 0.006250000325962902 -118.89915084838866 1.4698369503021242 2.8770833015441899 4.5000000000000009 0.093750000000000014 45.061439514160163 18.509820938110355 41.408981323242195 0.083595979958772673 122.62083435058595 1.9410416483879092 -97.627079010009751 35.725976943969734 35.690526962280281 0.73545852303504955 35.743635177612312 -79.022460937499986 1.4585416316986086
decision_type=2 2 2 2 2 2 2 2 2 2 2 2 2 2 2 2 2 2 2 2 2 2 2 2 2 2 2 2 2 2
left_child=1 7 6 4 5 -4 -3 8 -1 -10 -11 12 -5 21 15 17 20 19 -19 -15 -17 24 -23 -24 25 -2 -27 28 -26 -29
right_child=13 2 3 11 -6 -7 -8 -9 9 10 -12 -13 -14 14 -16 16 -18 18 -20 -21 -22 22 23 -25 27 26 -28 29 -30 -31
leaf_value=0.05103053987233324 -0.00014763629389656931 0.030495911029426406 -0.038656891610229165 0.03365277253598966 0.031479391634925129 -0.14255156427335841 -0.011662844112117833 0.042293415519580081 -0.39449066017708595 -0.11882345166530249 0.051051005192253002 0.086423004452229418 -0.086695445377679065 -0.0034703465004951397 -0.040523387601414246 -0.02065700092163723 0.031515039269193516 -0.052911865462752339 0.062793957901079916 -0.027775427597566911 0.0031033823097919438 -0.010962191225484662 -0.020118331324566682 0.029316002234218305 0.0067360319855309858 -0.029323958463105156 0.01775113924864823 -0.047895762541242719 0.075134157483477709 0.0011364873896491609
leaf_weight=1.9080345395486831 403.83452742360532 14.816494547529148 3.5003812841605377 1.9377507574390618 1.1517021358013151 1.8209049920551477 9.0607707649469358 19.727146515157074 0.28088059742003668 0.44053720962256171 0.78416202450171113 1.184192596003413 0.9008029401302341 374.86303550191224 15.171690915711222 24.966019660234451 23.682713289745152 2.6973177567124349 7.1662973612546921 41.688097777310759 172.91793608851731 12.158579394221304 6.0370869413018218 33.798027098178864 27.26555747538805 61.656029811128974 11.874525289982556 4.6968941837549201 8.4266336560249311 1272.8662366648205
leaf_count=140 3102 2256 114 135 97 65 96 2670 32 9 93 17 5 2972 175 202 142 134 38 520 1284 72 35 157 170 902 119 26 34 7757
internal_value=1.62917e-06 0.0153975 0.00223993 -0.0256461 -0.0554044 -0.0742089 0.0144978 0.0349417 -0.00754351 -0.0817749 -0.0100546 0.0222377 -0.00453922 -0.000351746 -0.00301449 -0.00213627 0.00346293 -0.00504563 0.0311529 -0.00590278 0.000105655 0.00060657 0.0141571 0.0218241 0.000213106 -0.00347079 -0.0217218 0.00155219 0.0228843 0.000956223
internal_weight=2563.28 57.5138 34.373 10.4957 6.47299 5.32129 23.8773 23.1408 3.41361 1.50558 1.2247 4.02275 2.83855 2505.77 663.153 647.981 221.567 426.415 9.86362 416.551 197.884 1842.61 51.9937 39.8351 1790.62 477.365 73.5306 1313.26 35.6922 1277.56
internal_count=23570 5729 2785 433 276 179 2352 2944 274 134 102 157 140 17841 5467 5292 1628 3664 172 3492 1486 12374 264 192 12110 4123 1021 7987 204 7783
is_linear=0
shrinkage=0.05


Tree=120
num_leaves=31
num_cat=0
split_feature=30 29 13 9 10 29 10 7 30 30 30 10 30 9 9 3 0 3 0 10 9 29 5 13 6 13 30 0 10 30
split_gain=5.21524 3.8912 2.51464 5.68192 7.10838 6.34167 18.2028 10.918 6.0763 5.72273 12.2361 7.17313 5.20588 5.13199 4.70694 7.80137 4.85167 8.84236 8.1488 4.51772 3.87568 2.13454 2.36332 2.01051 2.95983 2.45003 2.61525 1.63014 1.55234 1.54795
threshold=-120.55100250244139 41.108394622802741 82.772914886474624 197.55554962158206 65.812500000000014 41.191854476928718 63.062500000000007 0.022916667163372043 -109.12405014038085 -76.660556793212876 -78.943847656249986 69.576389312744155 -72.423046112060533 203.02082824707034 154.40277862548831 4.648750066757203 24.584028244018558 2.850972175598145 24.963193893432621 86.597225189208999 153.78472137451175 41.89190864562989 0.42822523415088659 3.7208334207534794 0.61875000596046459 3.1458333730697636 -121.22849655151366 7.4090278148651132 98.576389312744155 -122.51169967651366
decision_type=2 2 2 2 2 2 2 2 2 2 2 2 2 2 2 2 2 2 2 2 2 2 2 2 2 2 2 2 2 2
left_child=1 23 3 8 5 7 -7 -5 27 10 -10 -11 14 -6 15 20 17 -16 -18 -15 -4 -3 -23 24 25 26 -1 -2 29 -25
right_child=2 21 12 4 13 6 -8 -9 9 11 -12 -13 -14 19 16 -17 18 -19 -20 -21 -22 22 -24 28 -26 -27 -28 -29 -30 -31
leaf_value=0.050898802900972741 -0.0065447708596902123 -0.056486198618377663 -0.0026691632390309955 0.00065520883525010227 -0.068887819257755431 0.00026856284034440986 0.076002043252203971 -0.019495904151789874 0.0034278530268268717 0.037413731255753695 -0.015428604018367251 0.00050508458745928146 -0.046193502447295906 -0.019908800201874809 0.0015247685517050082 -0.082761179811984387 -0.013256269705001104 0.015690832441877724 0.0014038042949976299 0.052666799813535538 -0.035670123480863923 0.033430830123541415 -0.029182588769466219 -0.035034942932283604 0.051491968785416044 -0.12651210079405828 -0.026365188859365698 0.052256888137412916 -0.090283283146593729 0.03781838663084662
leaf_weight=1.5210246848873792 1.4050638498738388 2.0716644171625358 63.795460466295481 151.15496929129586 5.2250097854994229 148.14868371794 8.3831674188841117 121.04761429317296 362.10994778200984 22.835749827325344 112.84262086451054 31.081969337537885 5.8117228969931594 58.367548237089068 380.21898582205176 3.588076524436473 108.26854421803728 155.08833230799064 761.397536017932 2.2260403679683796 10.338619515299795 3.0354766547679901 2.9930213782936335 0.75461775204167381 2.4422311913222075 0.44701173529028881 3.9121845480985957 7.3145829453133047 0.2485873312689354 21.577358037699014
leaf_count=122 24 43 452 1434 67 1221 71 1071 3194 110 1025 167 43 613 2443 19 724 858 4820 16 73 16 26 30 336 29 106 452 20 3945
internal_value=1.85455e-06 0.0181454 -0.000278889 -0.00217541 -0.00604323 -0.00369452 0.00432452 -0.00830593 0.00138278 0.000700219 -0.0010522 0.016137 0.00103617 -0.0213424 0.0012213 -0.0107564 0.0018839 0.00562894 -0.000421293 -0.0172426 -0.00727142 -0.0127017 0.0023446 0.0262309 0.00522391 -0.0139926 -0.00473517 0.0427817 0.0339734 0.0353566
internal_weight=2559.65 39.0032 2520.65 1032.14 494.553 428.734 156.532 272.203 537.59 528.87 474.953 53.9177 1488.51 65.8186 1482.7 77.7222 1404.97 535.307 869.666 60.5936 74.1341 8.10016 6.0285 30.903 8.32245 5.88022 5.43321 8.71965 22.5806 22.332
internal_count=23570 4673 18897 9465 4493 3797 1292 2505 4972 4496 4219 277 9432 696 9389 544 8845 3301 5544 629 525 85 42 4588 593 257 228 476 3995 3975
is_linear=0
shrinkage=0.05


Tree=121
num_leaves=31
num_cat=0
split_feature=30 6 7 30 0 30 5 10 2 2 6 12 12 2 10 2 6 13 9 11 13 30 30 5 13 11 5 7 30 10
split_gain=4.83713 3.2017 3.28143 2.51889 3.75523 2.55275 4.16741 2.59944 2.41489 6.54385 5.16821 5.50987 7.56581 9.99781 7.53551 5.44797 5.18021 5.13981 4.62018 5.55419 5.19635 5.02028 8.57657 6.45495 4.16525 4.66957 4.89682 3.34197 2.08179 1.58299
threshold=-120.55100250244139 0.61875000596046459 0.56041666865348827 -121.79750061035155 12.44374990463257 -121.96850204467772 0.19309312850236895 51.006944656372077 0.95458075404167186 0.85666406154632579 4.4395833015441903 -0.41874998807907099 0.19375000149011615 2.8867624998092656 45.576387405395515 2.1220626831054692 2.4562499523162846 69.389583587646499 240.86805725097659 23.31875038146973 23.835416793823246 -78.96700286865233 -79.00915145874022 0.69600629806518566 120.99375152587892 18.609027862548832 0.3787550032138825 0.20208333432674411 -121.56400299072264 98.576389312744155
decision_type=2 2 2 2 2 2 2 2 2 2 2 2 2 2 2 2 2 2 2 2 2 2 2 2 2 2 2 2 2 2
left_child=1 2 3 5 28 7 -7 -1 9 18 11 15 13 -13 -14 17 -17 -10 21 20 -20 22 -2 -23 25 27 -27 -11 -5 -3
right_child=8 29 -4 4 -6 6 -8 -9 10 24 -12 12 14 -15 -16 16 -18 -19 19 -21 -22 23 -24 -25 -26 26 -28 -29 -30 -31
leaf_value=-0.027204811912974459 0.0032631456899547928 0.050623812584216193 -0.20574404852164366 0.050982661312881421 0.037373115494915517 -0.25038547076898016 -0.016482932975789812 0.028512953684804877 -0.034372914494355714 0.020153167869912631 -0.048697079290345613 0.0046597424501166841 0.007363121412851387 0.054288462119878436 -0.0057602391545379184 -0.0012655383430715868 -0.055196846080671241 -0.009770477770260003 -0.045421757481418468 0.049413491398306246 -0.0034510559862314509 0.00023381529460627851 0.026665882367374952 -0.018608440661433807 0.05449629010791484 -0.043054526108856239 0.010200842846297964 0.070308782571891049 -0.018724123288394273 -0.066827792651277446
leaf_weight=4.5580024595838022 658.64942403836176 7.5445671298075458 0.17473491840064426 1.2916135226842014 13.179926490411161 0.28005284117535012 0.59505740692839026 3.8711784249171615 26.295249419752508 17.075267401523892 5.9702396052889517 31.395687026903033 182.68346321815625 14.994640839751808 272.63019338715822 258.11229868326336 4.5306686055846503 110.18646355113015 7.4843499115668228 4.9015729874372473 503.51880720537156 289.0117575651966 41.622966621536762 53.936081764288247 6.9023985564708701 5.637178152799609 18.423685418441892 4.1232736138626924 6.2734515764750602 0.2982195634394883
leaf_count=212 4894 1244 14 146 2470 25 40 121 435 116 53 212 1209 124 2325 2358 64 766 87 22 3598 1797 252 380 33 38 105 29 377 24
internal_value=1.4476e-06 0.0176916 0.010305 0.0115613 0.0212562 -0.0100545 -0.0913364 -0.00161592 -0.000265981 0.000895607 -0.00233 -0.00202271 0.00146508 0.0207011 -0.000494812 -0.00640689 -0.00219587 -0.0145105 0.000312785 -0.00355767 -0.00406578 0.00222685 0.00465416 -0.00272954 0.0183163 0.0127985 -0.00227627 0.0299088 -0.00682281 0.0461578
internal_weight=2556.15 38.0668 30.224 30.0493 20.745 9.30429 0.87511 8.42918 2518.09 1611.29 906.799 900.829 501.704 46.3903 455.314 399.125 262.643 136.482 1559.12 515.905 511.003 1043.22 700.272 342.948 52.1618 45.2594 24.0609 21.1985 7.56507 7.84279
internal_count=23570 4673 3405 3391 2993 398 65 333 18897 11351 7546 7493 3870 336 3534 3623 2422 1201 11030 3707 3685 7323 5146 2177 321 288 143 145 523 1268
is_linear=0
shrinkage=0.05


Tree=122
num_leaves=31
num_cat=0
split_feature=30 29 3 1 30 11 10 5 29 11 30 1 29 30 29 30 11 29 0 12 29 6 6 12 10 10 6 4 3 0
split_gain=4.51493 10.0118 7.58201 9.23705 9.78777 5.24454 4.65497 4.5426 4.35425 6.23327 6.13421 4.6738 6.56867 5.42304 4.61393 5.0821 6.86181 6.59748 3.97378 3.45988 3.0568 2.91899 6.69377 5.49407 2.91598 11.5536 16.7048 6.41677 9.08594 2.87427
threshold=-109.12405014038085 37.392648696899421 2.9022916555404668 24.034225463867191 -120.99900054931639 8.8312501907348651 15.479166507720949 0.34173248708248144 35.468124389648445 4.5215277671813974 -79.056720733642564 23.123214721679691 34.40844917297364 -77.440124511718736 35.514999389648445 -79.063835144042955 12.998610973358156 35.483499526977546 24.815972328186039 5.0062499046325692 35.571500778198249 0.53958335518836986 0.79375001788139354 3.3229167461395268 27.812500000000004 24.777777671813968 1.0000000180025095e-35 4.5097918510437021 4.0772917270660409 28.346527099609379
decision_type=2 2 2 2 2 2 2 2 2 2 2 2 2 2 2 2 2 2 2 2 2 2 2 2 2 2 2 2 2 2
left_child=1 24 3 4 18 -4 -6 19 9 -2 21 12 -12 -13 15 -10 -17 -18 -3 -7 -16 23 -23 -11 25 27 -27 -1 -29 -22
right_child=8 2 5 -5 6 7 -8 -9 14 10 11 13 -14 -15 20 16 17 -19 -20 -21 29 22 -24 -25 -26 26 -28 28 -30 -31
leaf_value=0.047617090714466064 -0.052843169043287258 0.012326097706646248 0.038070892682771612 0.044234608248865895 -0.0079384683025691127 0.03542367181636711 -0.060245423349770282 -0.096431472932769879 0.032474648216932071 -0.021297563384096968 0.054445520606165011 -0.047249806514815779 -0.022164887470324399 0.025909787506193674 -0.025992739525974057 -0.041905339201276426 0.030697967511411479 -0.019663379867783728 -0.17614270550219757 -0.24135888503762712 -0.00046959906214164666 0.045708928670105176 -0.00041289253702573426 0.02362584848635263 0.04674208416594839 -0.4476105494647844 0.051958146954804031 -0.182246243250585 0.057799961885184409 0.0090837053765253084
leaf_weight=7.3484391875099391 7.7184516489505759 14.446874768007543 15.53342274669558 6.1061027359683058 6.0375331230461624 1.9006272356491534 14.393745214212684 1.474886078154668 22.700889587402344 27.379253163933754 3.8627808988094321 19.643039356917143 10.149994999170302 2.9080269075930145 11.478497579693792 7.0675697773694983 18.621428430080417 9.992992237210272 0.28520379727706391 0.12003876804374147 2182.4766561328433 9.7280148416757566 41.117208875715733 9.0574591308832151 19.037971939425915 0.32104429951869029 0.34950949950143695 0.79713911563158013 0.77986273099668324 81.680340990424156
leaf_count=853 70 1100 622 417 67 328 219 98 105 188 19 236 120 23 76 57 86 61 32 26 15833 51 263 45 1985 35 33 49 43 430
internal_value=9.91821e-07 0.011069 -0.000491677 -0.012531 -0.0223883 0.0256189 -0.0447885 -0.0297151 -0.000398227 -0.00924837 -0.0065314 -0.0237241 -0.00104636 -0.0378157 0.000100638 0.0139798 0.0022133 0.0131103 0.00867746 0.0189813 -0.000255439 0.000670917 0.00841141 -0.0101305 0.035414 0.0129396 -0.187223 0.0279775 -0.063538 -0.00012496
internal_weight=2554.52 88.9324 60.2984 41.2695 35.1634 19.029 20.4313 3.49555 2465.58 131.564 123.846 36.5638 14.0128 22.5511 2334.02 58.3829 35.682 28.6144 14.7321 2.02067 2275.64 87.2819 50.8452 36.4367 28.634 9.59599 0.670554 8.92544 1.577 2264.16
internal_count=23570 5907 2909 1835 1418 1074 286 452 17663 1015 945 398 139 259 16648 309 204 147 1132 354 16339 547 314 233 2998 1013 68 945 92 16263
is_linear=0
shrinkage=0.05


Tree=123
num_leaves=31
num_cat=0
split_feature=30 29 3 1 30 11 12 0 5 29 11 30 1 29 30 29 30 11 30 3 29 29 13 11 29 29 30 30 3 7
split_gain=4.1686 9.47663 6.90794 8.42889 8.78778 4.78698 4.3216 4.11698 3.9952 3.97008 5.83763 5.68337 4.40628 5.88477 5.10975 4.16117 4.51726 6.30563 6.18681 2.91192 5.22519 15.2148 3.04151 2.88944 2.8679 12.2005 16.2869 11.7876 5.69784 5.3806
threshold=-109.12405014038085 37.392648696899421 2.9022916555404668 24.034225463867191 -120.99900054931639 8.8312501907348651 -2.6604166030883785 25.035416603088382 0.34173248708248144 35.468124389648445 4.5215277671813974 -79.056720733642564 23.123214721679691 34.40844917297364 -77.440124511718736 35.514999389648445 -79.063835144042955 12.998610973358156 -78.89247894287108 1.5265277624130251 36.759901046752937 36.875450134277351 1.0000000180025095e-35 9.1187500953674334 45.319818496704109 43.474496841430671 -94.668254852294908 -89.672775268554673 3.3588889837265019 0.018750000745058063
decision_type=2 2 2 2 2 2 2 2 2 2 2 2 2 2 2 2 2 2 2 2 2 2 2 2 2 2 2 2 2 2
left_child=1 19 3 4 7 -4 -6 -3 23 10 -2 -12 13 -13 -14 16 -11 -18 -19 20 -1 -22 -23 -7 25 -17 -27 29 -29 -26
right_child=9 2 5 -5 6 8 -8 -9 -10 15 11 12 14 -15 -16 24 17 18 -20 -21 21 22 -24 -25 27 26 -28 28 -30 -31
leaf_value=0.051012050908305476 -0.051681817003239663 0.011847353999670827 0.036720720303635615 0.042980142992575604 -0.012535654452697755 -0.20171116422516652 -0.060050704840768521 -0.18832322201018983 -0.089387043913246936 0.030599555226448499 0.00063622975175066073 0.050837431654807502 -0.046485454079845799 -0.021391345636229218 0.024286148320576986 8.7879054190842599e-06 -0.040774178753945393 -0.0066320902115914572 0.040803252695771973 0.04088722700050771 -0.4203482746937901 -0.10780369226214265 0.050912023625200753 0.034685112974308895 -0.0099512159934146849 0.033483860218131788 -0.044734989434520402 0.016790859498168484 -0.04943845459313799 0.042516372055710343
leaf_weight=1.7310814561788022 7.5028126426041117 14.412346388213333 15.305248641408982 5.9735255944542578 7.6124870742205557 0.13888951204717148 12.885917553212492 0.26153426500968713 1.5106094130314884 22.882509052753448 87.209218684583902 3.9283155947923651 18.984512664377689 9.9951968193054181 2.9462987333536175 2193.0964169530198 6.9046433866024008 17.071573175489902 11.507326856255533 24.378011144930497 0.26504035806283344 0.46707106847316004 0.85330734844319522 1.8649047047365455 6.2570392061024931 8.4662234634160978 31.109686793759465 5.1416210420429698 8.8154319664463383 22.306509014684707
leaf_count=140 70 1106 622 417 84 27 202 26 98 105 547 19 236 120 23 15321 57 100 47 2724 15 9 110 327 39 36 506 41 286 110
internal_value=1.86194e-06 0.0107164 -0.000455897 -0.0119331 -0.0212594 0.024637 -0.0424051 0.00827969 -0.0279877 -0.000379302 -0.00886391 -0.00625343 -0.0230113 -0.00101305 -0.0369776 9.54252e-05 0.0132779 0.0021076 0.0124678 0.0349072 -0.00904918 -0.0746286 -0.00523212 0.0182997 -0.000242748 -0.000487728 -0.0280021 0.0126206 -0.0250403 0.031023
internal_weight=2551.79 87.66 59.9655 41.1458 35.1723 18.8197 20.4984 14.6739 3.5144 2464.13 130.566 123.064 35.8543 13.9235 21.9308 2333.56 58.3661 35.4835 28.5789 27.6945 3.3165 1.58542 1.32038 2.00379 2275.19 2232.67 39.5759 42.5206 13.9571 28.5635
internal_count=23570 5907 2909 1835 1418 1074 286 1132 452 17663 1015 945 398 139 259 16648 309 204 147 2998 274 134 119 354 16339 15863 542 476 327 149
is_linear=0
shrinkage=0.05


Tree=124
num_leaves=31
num_cat=0
split_feature=9 2 2 0 5 5 0 11 0 6 3 7 12 4 0 5 10 29 6 6 29 10 7 11 6 9 6 2 4 12
split_gain=2.25167 5.13626 5.24565 5.24916 5.40632 6.60418 4.91499 5.61994 13.6513 12.2807 7.49331 7.49318 7.1871 7.29459 7.03594 6.49405 5.06973 8.22717 9.64261 10.8861 5.30383 5.29722 5.57819 4.95643 4.87323 8.96465 6.41448 4.61922 4.23005 3.82067
threshold=234.02082824707034 -5.1223990917205802 -4.8566122055053702 12.195138931274416 0.69199478626251232 0.70546621084213268 23.3881950378418 20.609722137451175 26.250694274902347 1.0645833611488345 2.3972916603088383 1.310416638851166 -4.785416603088378 3.7722916603088383 24.519444465637211 0.11658335104584695 41.506944656372077 41.60673904418946 0.90625000000000011 0.056250000372529037 34.40844917297364 38.465276718139656 0.28125000000000006 19.431249618530277 0.19791667163372043 135.569450378418 1.8229166865348818 -3.746260285377502 4.0035417079925546 1.7895833253860476
decision_type=2 2 2 2 2 2 2 2 2 2 2 2 2 2 2 2 2 2 2 2 2 2 2 2 2 2 2 2 2 2
left_child=6 -2 -3 -4 27 -6 16 8 9 15 -11 12 -9 -14 -13 -8 17 21 19 -19 -18 22 -1 -10 25 -22 -26 -5 -23 -16
right_child=1 2 3 4 5 -7 7 11 23 10 -12 14 13 -15 29 -17 20 18 -20 -21 24 28 -24 -25 26 -27 -28 -29 -30 -31
leaf_value=-0.0029412537069368645 -0.043638979466795895 0.085536938913343866 -0.037342204367860919 0.026157028224038256 0.037861999812833148 0.0035059513525763659 0.049413935350846212 -0.034531230007627006 -0.099853273428966993 0.094384659800054269 0.032296484979544807 0.0078694367487257885 0.0019106073705357489 0.028069397743719023 -0.029732735168768384 0.0069769607463609114 0.05074042910678285 0.071519723591587217 0.10393845284195589 -0.009869527414840016 0.0048964702565479738 0.049355900940349057 0.036220071228217465 -0.017356466181370368 0.0014768403758799896 -0.027466640940021009 -0.010295816454655889 -0.0031771108781797827 0.0079579926623465965 -0.086271277871601659
leaf_weight=146.34799426491372 7.204024245729669 1.7368271127343167 10.084871690021826 13.611284805461763 14.940007441444321 219.4885640880093 9.7563952081836742 11.373865209519861 3.2000676991883656 6.5276116207242039 19.016821939498186 8.6560981571674365 155.16814287006855 32.176972106099129 8.1654132977128011 118.63702168362215 4.6600840529426923 6.4125831574201646 4.1560843726620069 11.434254061430691 36.986638090573251 10.006311770761387 9.6956668610218895 4.223848327063024 495.85980947618373 50.770232457434759 150.92133447248489 956.41939054662362 16.097498567774892 4.7126117050647727
leaf_count=1531 51 7 316 94 102 1498 65 86 25 33 103 48 943 197 57 746 135 28 22 71 478 120 112 28 4961 697 1880 8989 123 24
internal_value=1.9873e-06 -0.00154464 -0.00129532 -0.00141949 -0.00111871 0.00569544 0.00143016 0.00621815 0.0133071 0.0165009 0.0481625 0.00102462 0.00406051 0.00640344 -0.0269909 0.0102017 -0.000506731 0.00646806 0.0353477 0.0193746 -0.00243302 0.00297948 -0.000507991 -0.0529166 -0.00277036 -0.0138267 -0.00127022 -0.0027655 0.023827 -0.0504226
internal_weight=2548.45 1223.48 1216.28 1214.54 1204.46 234.429 1324.96 381.615 161.362 153.938 25.5444 220.253 198.719 187.345 21.5341 128.393 943.348 204.15 22.0029 17.8468 739.198 182.147 156.044 7.42392 734.538 87.7569 646.781 970.031 26.1038 12.878
internal_count=23570 11057 11006 10999 10683 1600 12513 2355 1000 947 136 1355 1226 1140 129 811 10158 2007 121 99 8151 1886 1643 53 8016 1175 6841 9083 243 81
is_linear=0
shrinkage=0.05


Tree=125
num_leaves=31
num_cat=0
split_feature=30 29 1 30 30 30 29 29 30 29 9 9 29 30 29 0 30 13 29 1 5 10 30 2 30 2 5 0 9 13
split_gain=3.94408 3.59762 2.4286 2.38681 13.8456 9.13506 34.4529 6.26082 12.699 10.8841 8.84927 8.22949 7.38209 5.62656 28.5039 11.3748 6.7738 11.0506 6.14407 4.11388 3.65359 3.17719 3.01927 2.30366 2.51257 3.76235 1.61771 1.75878 1.30911 11.462
threshold=-120.55100250244139 40.443843841552741 10.339583396911623 -78.72967147827147 -78.749805450439439 -78.715290069580064 36.020755767822273 40.068038940429695 -75.886917114257798 41.947931289672859 113.33333206176759 197.55554962158206 38.768741607666023 -78.769439697265611 35.97705268859864 14.588194370269777 -78.876529693603501 45.893751144409187 35.981050491333015 11.32470226287842 0.68233004212379467 82.006942749023452 -78.719924926757798 -1.6717132329940794 -121.26300048828124 -0.53564956784248341 0.39131714403629309 17.188194274902347 346.22221374511724 62.504167556762702
decision_type=2 2 2 2 2 2 2 2 2 2 2 2 2 2 2 2 2 2 2 2 2 2 2 2 2 2 2 2 2 2
left_child=1 2 23 4 13 6 22 10 9 -9 21 -10 -12 16 20 -16 18 -18 -2 -8 -15 -7 -5 -1 -25 -26 -3 -28 -4 -30
right_child=3 26 28 5 -6 7 19 8 11 -11 12 -13 -14 14 15 -17 17 -19 -20 -21 -22 -23 -24 24 25 -27 27 -29 29 -31
leaf_value=0.038915617065457375 0.0025296365841224037 0.011572930946586957 0.039086208240518089 -0.051677822538004403 -0.045966713350405003 -0.058801066823890351 0.029252832829743787 0.025775193141590609 0.013834134407142982 -0.057744807391128153 0.0029917022498137766 -0.015805012267287956 -0.021096968940594651 -0.037787244583016154 0.0022615611666737209 0.087155711149195486 -0.044047246076516403 -0.0050045145943662947 -0.0031368998317785122 0.094316476227693069 0.009333825859204373 -0.010104360733550531 -0.0049113733572618426 0.050396881329097948 -0.10361483757237827 -0.0029044636768019751 0.0059018206535081455 -0.055475811809600199 -0.37292832305033585 0.050206611158610942
leaf_weight=3.0011316682212055 985.48344333749264 4.2678247392177564 17.43157859728672 6.5737594962120056 16.929123010486364 9.6888957284390909 3.0220626816153517 82.748142752796412 38.133059239014983 4.0937702385708681 157.03150935471058 60.697637494653463 39.88263077288866 13.847916645929219 5.598891235888007 13.363476425409315 22.639980311039835 90.850071474909782 929.61358854314312 12.390174828469751 5.85210221633315 5.1193210557103148 7.2657177597284335 1.157851919531822 1.3077834562864152 3.1880470400210488 1.9601852949708698 2.884991267696023 0.18868728540837665 1.0543462065979836
leaf_count=399 8502 40 3506 77 167 89 30 371 201 88 874 401 206 114 52 60 302 622 6578 52 36 37 38 174 77 123 26 32 23 273
internal_value=1.5157e-06 0.0163324 0.0254041 -0.000235513 -0.000933002 0.00317173 0.0301384 0.00118675 0.00788844 0.021838 -0.00469037 -0.00436898 -0.00188717 -0.000564211 0.0183308 0.0620896 -0.000924328 -0.0127931 -0.000220976 0.0815587 -0.0237894 -0.0419662 -0.0271255 0.00350992 -0.0152844 -0.0321999 -0.0108732 -0.0306446 0.0355511 -0.0140235
internal_weight=2547.27 36.4424 27.3294 2510.83 2084.18 426.647 29.2517 397.395 185.673 86.8419 211.722 98.8307 196.914 2067.25 38.6624 18.9624 2028.59 113.49 1915.1 15.4122 19.7 14.8082 13.8395 8.65481 5.65368 4.49583 9.113 4.84518 18.6746 1.24303
internal_count=23570 4673 4575 18897 16433 2464 197 2267 1061 459 1206 602 1080 16266 262 112 16004 924 15080 82 150 126 115 773 374 200 98 58 3802 296
is_linear=0
shrinkage=0.05


Tree=126
num_leaves=31
num_cat=0
split_feature=30 6 13 0 0 4 11 11 4 30 3 11 13 30 30 30 3 2 6 12 0 0 5 3 3 30 3 2 10 5
split_gain=3.6774 4.76246 5.46841 4.57995 4.53318 4.11625 7.28888 5.01071 3.56859 3.13305 4.97964 6.77806 6.54852 5.58013 4.7255 4.04363 6.58142 11.6309 4.12488 11.4637 6.54524 5.86934 6.44645 4.60304 3.78324 8.62269 5.2126 3.32579 2.83734 2.46783
threshold=-109.12405014038085 0.61875000596046459 98.568748474121108 25.035416603088382 25.845138549804691 3.3693749904632573 9.1187500953674334 8.3326392173767108 1.5547916889190676 -101.70369720458983 2.4931249618530278 4.2791666984558114 114.28541564941408 -104.80995178222655 -106.62485122680663 -97.264274597167955 5.5785417556762704 4.4207816123962411 1.122916638851166 -4.6020832061767569 19.764583587646488 27.370138168334964 0.19309312850236895 5.5785417556762704 2.3104165792465214 -86.35467147827147 2.4467360973358159 -5.4933619499206534 37.090276718139656 0.35314023494720465
decision_type=2 2 2 2 2 2 2 2 2 2 2 2 2 2 2 2 2 2 2 2 2 2 2 2 2 2 2 2 2 2
left_child=1 2 3 5 -5 6 -1 -7 -4 10 14 29 13 -13 28 18 24 27 21 -20 -21 22 -11 -23 25 -17 -26 -18 -2 -12
right_child=9 -3 8 4 -6 7 -8 -9 -10 15 11 12 -14 -15 -16 16 17 -19 19 20 -22 23 -24 -25 26 -27 -28 -29 -30 -31
leaf_value=-0.019585423196534751 0.02118793250368186 0.036516641905153906 -0.14680198853339177 -0.1372809290720147 0.014144566836737347 0.035167299944909809 0.030232007999990665 -0.029492535806212056 0.04057979593390227 0.052968208672263199 -0.059553103016817634 0.059946676384982592 -0.040964834022225907 -0.0048203522058618154 -0.065500351662145059 0.021348256772875364 0.049531373977160925 0.072214733379414933 0.06267556828792166 -0.086253699217443164 -0.011526288374829996 -0.025139201027016264 0.01382635479383533 0.031553128491652351 -0.0097345377813781268 0.0010558252343837169 -0.00067070573825098439 -0.041276234705471648 -0.040247309688417915 -0.014014837029345681
leaf_weight=30.260768755804747 3.8044424019753933 14.302144730230792 0.25992479175329108 1.1981561686843627 0.84128407994285215 14.049403125653045 9.6946993395686132 3.8083695920649907 11.312139508081598 13.342129513621328 4.2706947922706631 8.4182639420032501 3.6401545777916899 5.4974164962768564 7.3703856468200666 56.128342979587615 1.0565603747963965 2.7177714467979959 4.6061869710683849 3.562276944518092 16.51591981947422 13.443112649023535 49.714692145586014 4.8802347630262366 181.34963241405785 777.61266065388918 1265.8600530186668 22.075452146818861 3.7141855359077454 9.8069166596978885
leaf_count=1298 21 1558 13 29 46 644 928 439 952 59 35 36 22 27 47 275 5 35 19 18 79 70 230 21 1356 5240 9429 555 23 61
internal_value=7.25467e-07 0.0101806 0.00490704 -0.00117627 -0.0748168 0.0014215 -0.00749784 0.0213779 0.0363709 -0.000354114 -0.0132062 -0.00198354 0.0187419 0.0343603 -0.0370502 -0.000106312 -0.000545216 -0.0256325 0.00943942 -0.00846411 -0.0247844 0.01487 0.0221083 -0.0100398 -0.000260904 0.00242193 -0.00180649 -0.0371286 -0.00916094 -0.0278297
internal_weight=2545.11 85.7269 71.4247 59.8527 2.03944 57.8132 39.9555 17.8578 11.5721 2459.39 46.5225 31.6334 17.5558 13.9157 14.889 2412.87 2306.8 25.8498 106.065 24.6844 20.0782 81.3802 63.0568 18.3233 2280.95 833.741 1447.21 23.132 7.51863 14.0776
internal_count=23570 5907 4349 3384 75 3309 2226 1083 965 17663 272 181 85 63 91 17391 16895 595 496 116 97 380 289 91 16300 5515 10785 560 44 96
is_linear=0
shrinkage=0.05


Tree=127
num_leaves=31
num_cat=0
split_feature=30 29 9 11 29 13 29 2 6 13 9 11 13 29 30 30 5 3 30 8 7 5 29 1 29 30 29 30 30 2
split_gain=3.43298 3.3951 3.95059 7.01113 3.57231 3.34191 2.8247 2.28048 7.37514 3.57138 3.81986 8.05122 7.67988 6.56568 6.2156 5.93297 5.89646 3.46671 4.04278 3.44049 7.61691 4.65723 4.5955 8.81825 8.0507 3.43917 2.94717 2.73256 3.44453 2.65943
threshold=-120.55100250244139 37.392648696899421 349.33334350585943 9.8263888359069842 37.413198471069343 3.7208334207534794 41.108394622802741 1.4698369503021242 2.8770833015441899 122.62083435058595 254.5138854980469 17.288194656372074 23.835416793823246 35.725976943969734 -79.26528167724608 -97.627079010009751 0.59102994203567516 1.9194444417953493 -97.627079010009751 4.5000000000000009 0.093750000000000014 0.083595979958772673 45.061439514160163 18.509820938110355 41.408981323242195 -78.867374420166001 33.398300170898445 -79.11110687255858 -79.135944366455064 2.3021739721298222
decision_type=2 2 2 2 2 2 2 2 2 2 2 2 2 2 2 2 2 2 2 2 2 2 2 2 2 2 2 2 2 2
left_child=1 2 -1 -4 5 -3 -6 9 19 10 13 12 -12 14 -2 -13 -15 -11 26 22 21 -21 24 -24 -9 -20 -19 28 -10 -22
right_child=7 4 3 -5 6 -7 -8 8 27 17 11 15 -14 16 -16 -17 -18 18 25 20 29 -23 23 -25 -26 -27 -28 -29 -30 -31
leaf_value=0.046408645791474003 0.0059233683518063272 -0.10517177094191819 0.050116922762508259 -0.57113114165631496 0.022938403182346381 0.05021012298557781 -0.013510416371242279 -0.0030778564762310025 -0.034488865155665481 -0.0095296962786209326 -0.054787172197343775 0.030669074429913137 0.0031322681034348094 0.0064128990510379626 -0.0087463701843040944 -0.013173936549349091 -0.0019366968092471395 -0.070729983880584088 0.035905943958609354 -0.020303165822657669 0.05041457855510937 0.0027749366378873393 -0.052646139640874223 0.057734712356326934 -0.026481236279798783 -0.003200628221639309 0.0054731228042026337 -0.054920687384418632 0.05417194158485486 0.016253338434468759
leaf_weight=9.0073612274136359 103.80043071741238 1.2696397644467676 0.12180566345341581 0.072414287365972996 16.544089733622972 0.47570014209486533 7.8318372070789328 374.51846356363967 4.0040542152710259 12.385861974209545 5.8463605768047264 8.0499371043406409 271.87906975205988 669.312736407388 237.23454677313566 186.19976443611085 309.09445332549512 1.7751790136098851 26.491385862231251 24.980308801401407 9.4479208015836793 175.06076583638787 2.4252500901930016 7.1255339868366718 40.744261489249766 7.1365754231810596 4.4481801497749984 9.0152887841686589 1.5080891698598851 14.350953589659182
leaf_count=1907 966 19 47 12 2498 105 85 3086 56 101 87 42 2015 4103 2253 1288 1987 11 123 247 46 1471 134 38 520 34 54 109 22 104
internal_value=1.30094e-06 0.0154802 0.0415978 -0.181513 0.00627988 -0.0628217 0.0112276 -0.000216806 -0.00273126 0.000687668 0.000311883 -0.00354851 0.00191301 0.00169278 -0.00428136 -0.011357 0.00377513 0.0135748 0.0207557 -0.00194217 0.00307437 -0.000106962 -0.00458545 0.0297055 -0.00537412 0.0276067 -0.0162634 -0.0379644 -0.0102318 0.029815
internal_weight=2542.16 35.3228 9.20158 0.19422 26.1213 1.74534 24.3759 2506.84 663.181 1843.65 1791.42 471.975 277.725 1319.44 341.035 194.25 978.407 52.2372 39.8513 648.653 223.84 200.041 424.814 9.55078 415.263 33.628 6.22336 14.5274 5.51214 23.7989
internal_count=23570 4673 1966 59 2707 124 2583 18897 5833 13064 12741 3432 2102 9309 3219 1330 6090 323 222 5646 1868 1718 3778 172 3606 157 65 187 78 150
is_linear=0
shrinkage=0.05


Tree=128
num_leaves=31
num_cat=0
split_feature=30 6 6 1 7 12 3 3 11 11 11 10 4 3 30 5 30 0 30 0 10 1 0 11 30 10 4 4 3 0
split_gain=3.1785 2.92395 2.98941 2.28616 5.07367 3.74519 2.95582 2.90493 5.66529 3.63881 3.36425 2.80917 2.49967 4.02481 3.28279 2.36205 2.25609 3.05614 2.53689 4.29817 2.26716 1.9685 2.38388 1.72592 1.6679 1.61222 1.59371 1.58873 1.08758 0.884775
threshold=-120.55100250244139 0.61875000596046459 0.58958330750465404 5.5369048118591317 0.44791665673255926 3.6354167461395268 7.6397917270660409 6.4727084636688241 11.159722328186037 18.836805343627933 -2.6854166984558101 64.520832061767592 4.6006250381469735 4.9754166603088388 -78.719924926757798 0.47135105729103094 -121.79750061035155 12.44374990463257 -121.96850204467772 14.425694465637209 51.006944656372077 3.9068452119827275 3.3368055820465092 -2.6854166984558101 -121.56400299072264 98.576389312744155 3.4210417270660405 4.4310417175292978 2.9459028244018559 27.665278434753422
decision_type=2 2 2 2 2 2 2 2 2 2 2 2 2 2 2 2 2 2 2 2 2 2 2 2 2 2 2 2 2 2
left_child=1 2 16 4 5 12 7 10 -9 -10 15 -12 14 -14 -2 -5 18 24 20 -20 -1 22 -6 -7 -18 -3 -25 -19 -24 -8
right_child=3 25 -4 6 21 23 29 8 9 -11 11 -13 13 -15 -16 -17 17 27 19 -21 -22 -23 28 26 -26 -27 -28 -29 -30 -31
leaf_value=-0.0276286080758292 -0.015188424253993194 0.050040326213497903 -0.19257897675887525 -0.056152695408863834 -0.049700283366479914 -0.060483142583532871 0.059603006509573397 0.038326272878393602 -0.064504974556648262 0.016081621423796204 0.0013609920045870904 -0.0022299497957361304 0.045129110714842519 -0.054554901050049245 0.039993110725954073 -0.0052446233886466404 0.05093283102939259 0.04217106241254296 -0.27363506521685615 -0.021931209214572804 0.025592933226875128 -0.054704193648129132 0.049415539903481527 0.018374220409979779 -0.015674051778789569 -0.070819874213954456 -0.038095349825567303 -0.015085548144439943 -0.015331322334830878 0.015006483465278154
leaf_weight=4.3194967168383283 12.017865889705716 6.3752669061068437 0.184620535466819 4.4836058588698489 2.4508107132278365 2.9903744957409799 2.5743677578866473 2.5890150163322678 6.3125806152820569 1.8002832755446432 1613.5331385075115 822.13249088544399 7.1931257466785592 1.1784890785347668 3.4744304222986164 4.6329676574096084 1.1027121345978228 10.066914948751217 0.23923843493685382 0.58273364650085568 3.7279844072181731 7.4751916765235364 1.3809118419885638 2.2822458762675506 6.3648934776429149 0.2884118822403251 2.7610086635686457 1.3773036347702134 1.2229921654798088 1.9580991417169569
leaf_count=212 156 1244 22 50 145 115 36 25 84 10 11430 6207 92 145 22 59 146 2166 29 35 119 150 8 19 374 24 98 302 38 8
internal_value=1.12232e-06 0.0150456 0.00795347 -0.000206901 -0.0114481 -0.00085795 -3.88739e-06 -7.835e-05 -0.0260715 -0.0466224 3.54333e-05 0.000148909 0.00908266 0.0310964 -0.00281296 -0.0302816 0.00928611 0.0190439 -0.01152 -0.0951907 -0.0029738 -0.0384075 -0.014307 -0.0303866 -0.00583847 0.0448094 -0.0125409 0.0352803 0.0190055 0.0403366
internal_weight=2539.07 34.6296 27.9659 2504.44 44.4274 31.8975 2460.02 2455.48 10.7019 8.11286 2444.78 2435.67 23.8639 8.37161 15.4923 9.11657 27.7813 18.9118 8.86945 0.821972 8.04748 12.5299 5.05471 8.03363 7.46761 6.66368 5.04325 11.4442 2.6039 4.53247
internal_count=23570 4673 3405 18897 988 647 17909 17865 119 94 17746 17637 415 237 178 109 3383 2988 395 64 331 341 191 232 520 1268 117 2468 46 44
is_linear=0
shrinkage=0.05


Tree=129
num_leaves=31
num_cat=0
split_feature=29 29 6 10 11 6 4 1 4 4 10 2 13 2 7 3 2 4 29 29 6 11 11 4 4 29 29 6 7 10
split_gain=2.00187 11.1315 13.2942 5.2245 5.44949 4.80034 7.3555 10.0383 4.59128 5.37017 4.412 4.17861 4.16142 4.44711 4.00923 3.78306 3.68764 3.67463 3.64017 7.48005 8.81322 7.30206 6.99189 6.68909 6.47934 4.60106 6.02015 4.71765 8.71989 4.00843
threshold=43.474496841430671 45.061439514160163 1.7687500119209292 35.895833969116218 9.0270829200744647 0.10208333283662797 4.196458339691163 19.272024154663089 3.6464582681655888 5.7022917270660409 49.270833969116218 1.6892727613449099 59.812500000000007 -0.7867106795310973 0.072916667908430113 7.6397917270660409 1.5789467096328738 6.0270831584930429 39.408555984497077 39.747600555419929 0.056250000372529037 16.290972709655765 16.962499618530277 2.4193749427795415 4.2393751144409189 39.211111068725593 39.185613632202156 0.95624998211860668 0.20208333432674411 3.9930555820465092
decision_type=2 2 2 2 2 2 2 2 2 2 2 2 2 2 2 2 2 2 2 2 2 2 2 2 2 2 2 2 2 2
left_child=15 2 3 12 14 8 7 -7 11 -10 16 -3 -2 -14 -5 18 -8 -12 25 21 22 24 -21 -22 -20 26 29 -27 -29 -1
right_child=1 5 -4 4 -6 6 10 -9 9 -11 17 -13 13 -15 -16 -17 -18 -19 19 20 23 -23 -24 -25 -26 27 -28 28 -30 -31
leaf_value=0.020980381461384937 -0.04963532203894009 -0.071189231740739753 0.062434855029617688 -0.063810187742538285 -0.06540640130161364 0.01129406152146825 0.035700315431911087 0.083785367233950775 0.046369467343598168 -0.039412416133562132 -0.058845138952292958 -0.0041174036163519464 0.063406085669564238 -0.014272006327005564 0.028412141923810887 0.048099178043622341 -0.036194205574249287 0.00014911507345335447 0.019622675072413904 0.031260540610766892 0.014097761698514989 0.033443695033585623 -0.030056044261169469 -0.0027371662754832916 -0.035135498695958479 -0.0057845034717379732 0.028690659166081458 -0.10370333070807276 -0.014834965837881223 -0.0010415271846231139
leaf_weight=20.905628910055384 5.0635092216543844 4.8457201234996337 3.7463296772912136 1.8845156957395399 16.93827098980546 13.432988992892207 7.6052448460832256 7.4099808521568766 4.7135062348097554 2.9766563316807151 4.9740396030247194 4.4589871875941753 2.5205093622207633 6.8502982407808295 3.1456614246126264 4.1295254500582805 2.3300477601587772 5.6241312336642295 13.418635969515892 37.028199693188071 69.206660573836416 38.541379138827324 5.3167695738375178 400.25316234258935 9.0427789269015175 26.802697859704494 17.488979612477124 4.0175420111045232 8.8206076440401358 1784.1034825618844
leaf_count=690 56 28 49 70 170 79 79 34 28 33 64 25 14 63 96 73 51 180 92 262 387 197 35 2705 60 173 88 25 55 17609
internal_value=9.19358e-07 -0.00698664 -0.0272516 -0.0364815 -0.0518356 0.00695205 0.0161415 0.0370658 -0.0154209 0.0131656 -0.00509821 -0.0390472 -0.0131132 0.00662143 -0.00613822 0.000283165 0.0188394 -0.0275387 0.000202071 0.00368775 0.00171515 0.0202376 0.0235617 -0.000255401 -0.00242251 -0.00087015 -0.000503602 -0.0177223 -0.0426452 -0.000786469
internal_weight=2537.6 98.5204 40.1491 36.4028 21.9684 58.3713 41.3764 20.843 16.9949 7.69016 20.5335 9.30471 14.4343 9.37081 5.03018 2439.08 9.93529 10.5982 2434.95 572.808 511.805 61.0028 42.345 469.46 22.4614 1862.14 1822.5 39.6408 12.8381 1805.01
internal_count=23570 1119 518 469 336 601 487 113 114 61 374 53 133 77 166 22451 130 244 22378 3738 3389 349 297 3092 152 18640 18387 253 80 18299
is_linear=0
shrinkage=0.05


Tree=130
num_leaves=31
num_cat=0
split_feature=30 29 3 1 30 11 10 29 29 6 8 9 2 6 29 29 13 2 5 5 29 30 29 29 30 3 10 10 11 11
split_gain=2.87726 8.79244 5.68278 7.24781 7.01741 4.23511 4.08656 3.63431 5.84809 4.27565 5.42024 4.11743 8.31357 6.86316 3.56855 9.54554 8.57458 6.06353 5.73053 4.75223 4.11685 16.0618 10.3672 8.30605 19.3373 5.75129 3.53023 9.12797 10.1165 11.8263
threshold=-109.12405014038085 37.32044982910157 2.9022916555404668 24.034225463867191 -120.99900054931639 8.8312501907348651 15.479166507720949 35.435970306396491 35.016698837280281 0.11041666567325593 4.5000000000000009 245.14582824707034 -0.023731884546577927 0.53125000000000011 35.633329391479499 35.630987167358406 92.758331298828139 1.8900620937347414 0.44311843812465673 0.66408208012580883 35.725976943969734 -79.302604675292955 35.699068069458015 35.741001129150398 -79.022460937499986 2.2858333587646489 27.812500000000004 24.777777671813968 6.4937500953674325 8.4368052482604998
decision_type=2 2 2 2 2 2 2 2 2 2 2 2 2 2 2 2 2 2 2 2 2 2 2 2 2 2 2 2 2 2
left_child=1 26 3 4 -3 -4 -6 8 9 -2 -11 -10 -13 -14 15 16 19 -18 -17 -9 21 -16 -23 24 -22 -25 27 -1 -29 -30
right_child=7 2 5 -5 6 -7 -8 14 11 10 -12 12 13 -15 20 18 17 -19 -20 -21 23 22 -24 25 -26 -27 -28 28 29 -31
leaf_value=0.024688965000562335 -0.026490652690350103 0.0070463970022675128 0.033732838540254807 0.040845621051004068 -0.0038017315698661795 -0.02791669162125688 -0.052475414736474338 -0.0078395704652409384 -0.039317276945140776 -0.0039538615638605532 0.029070481010016025 -0.064130699850201187 -0.01561249331567406 0.06108102932195017 0.071158383720801591 0.01928150747471916 0.01759501260509273 -0.012547186739701194 0.081384514100572888 -0.05376904869938226 -0.012714026175292246 -0.0026870688355391656 -0.024636975336249579 0.0045632558694063642 0.074056839511606506 -0.0016856523341553114 0.048207354701908775 0.05238540157745887 -0.6139835895117588 -0.089080687173714798
leaf_weight=7.6987825328251365 14.009254891425369 14.221095921238883 14.657730107661338 5.6671914751641443 6.0604127137921777 3.4394535907777017 14.950082089286296 41.726580142974854 21.613485999405384 52.911531962454319 16.237827200442553 4.5155564397573498 7.2243017666041833 4.8926477134227753 6.7713331803679457 9.0628320276737195 82.41185425594449 20.919907532632351 6.2945115268230429 6.5106376558542243 13.42324423789978 305.82780177146196 65.27652782946825 524.54042203724384 12.308163419365883 1235.4789329702035 15.957042726688085 0.33201727387495328 0.18743920931592584 0.25100703840143979
leaf_count=859 98 1184 645 452 80 471 267 309 237 382 87 45 60 29 32 56 423 131 32 62 84 2870 1039 2985 53 8649 1888 19 7 35
internal_value=5.26273e-07 0.00913227 -0.00131256 -0.0116352 -0.020077 0.0220161 -0.0384356 -0.00031016 -0.00874422 -0.00130206 0.003801 -0.0249258 -0.00622439 0.0153552 0.000129192 0.00717312 0.0033672 0.0114926 0.0447357 -0.0140387 -0.000414256 -0.00515556 -0.00654801 0.000589032 0.0287913 0.000176716 0.0343593 0.00826796 -0.155817 -0.313481
internal_weight=2535.38 83.4223 58.996 40.8988 35.2316 18.0972 21.0105 2451.96 121.405 83.1586 69.1494 38.246 16.6325 12.1169 2330.55 166.926 151.569 103.332 15.3573 48.2372 2163.63 377.876 371.104 1785.75 25.7314 1760.02 24.4263 8.46925 0.770464 0.438446
internal_count=23570 5907 3099 1983 1531 1116 347 17663 938 567 469 371 134 89 16725 1013 925 554 88 371 15712 3941 3909 11771 137 11634 2808 920 61 42
is_linear=0
shrinkage=0.05


Tree=131
num_leaves=31
num_cat=0
split_feature=30 30 29 29 10 6 2 4 29 29 30 29 2 5 29 10 4 4 30 11 30 3 29 29 30 29 29 30 11 30
split_gain=2.7399 7.92507 12.4545 11.7619 8.41878 14.6587 8.71627 8.45698 9.03023 8.362 8.0702 16.2912 11.2579 12.56 8.04247 6.53952 8.73841 6.01849 5.97763 5.38266 4.83014 11.7439 4.93219 5.09446 6.907 4.80456 7.9762 7.15234 4.1173 3.57648
threshold=-80.06703948974608 -80.495098114013658 41.268846511840827 36.13434028625489 64.062500000000014 0.46458333730697637 -2.6611930131912227 4.3210415840148935 41.317014694213874 40.93249702453614 -83.395496368408189 41.042871475219734 1.4005434513092043 0.36544454097747808 35.642248153686531 69.201389312744155 2.6958333253860478 3.6093750000000004 -79.927204132080064 23.616666793823246 -79.690834045410142 2.8035416603088383 35.468124389648445 35.112148284912116 -78.818157196044908 35.633329391479499 35.630987167358406 -79.273685455322251 12.240277767181398 -84.990852355957017
decision_type=2 2 2 2 2 2 2 2 2 2 2 2 2 2 2 2 2 2 2 2 2 2 2 2 2 2 2 2 2 2
left_child=1 10 3 -3 5 17 -7 8 -6 -5 19 12 14 -14 -12 -13 -17 -4 -2 29 21 -20 23 28 -25 26 -24 -27 -22 -1
right_child=18 2 4 9 7 6 -8 -9 -10 -11 11 15 13 -15 -16 16 -18 -19 20 -21 22 -23 25 24 -26 27 -28 -29 -30 -31
leaf_value=0.0020657335439105994 -0.039590139659351764 0.042371218814796371 0.084948252575429345 -0.064378519503452081 0.075487960096818532 0.049558081581707547 -0.043425243700507432 0.12317952129495689 -0.016087971242685156 0.008505438141154828 0.029167506445989262 -0.054250747923709208 0.13581302024475631 0.0041320716271585067 -0.030578022502955455 0.098433949253998565 -0.029207198502518378 0.013051776005309627 0.071087150114807221 -0.067545060839982449 -0.045852820186978817 -0.059391539944664423 0.0040477879240380125 -0.050243784066567425 0.029469911129851735 -0.016514208962178978 0.041652545517386633 -0.00059697869407635646 -0.0016204284282564083 0.020778394666313458
leaf_weight=655.4156591425417 10.043881654739378 7.3966873139143017 7.500895097851755 9.3672118335962313 7.2995199859142286 3.4133111387491217 9.6339337676763517 4.3972091451287261 4.2648514583706856 6.7865694202482691 9.2816634774208122 24.002983866259456 3.3176496997475615 3.9871239215135574 14.327734231948851 1.7027229219675044 6.3098674472421408 4.7566715702414513 6.427213426679371 2.7306728661060324 5.8605762310326091 2.3569647027179599 141.83430121093988 15.416407003998758 3.2989786192774764 74.341661300510168 15.657696634531019 1393.0795853366144 51.427766479551792 26.569445364177227
leaf_count=9156 86 32 32 77 29 14 67 20 29 42 44 420 25 32 122 11 174 22 37 14 85 52 836 208 35 651 88 10538 407 185
internal_value=5.40898e-07 0.0023934 0.019165 -0.00984769 0.0357223 0.017786 -0.0190997 0.0641578 0.0417155 -0.0337583 0.000939399 -0.0161959 0.00969343 0.0639383 -0.00709001 -0.0411946 -0.0020827 0.0570481 -0.00112992 0.00251424 -0.000903984 0.0360772 -0.00109497 -0.0135443 -0.0361926 -0.000512664 0.00778642 -0.00140337 -0.00614539 0.00279476
internal_weight=2532.21 812.462 64.8169 23.5505 41.2664 25.3048 13.0472 15.9616 11.5644 16.1538 747.646 62.9297 30.9142 7.30477 23.6094 32.0156 8.01259 12.2576 1719.75 684.716 1709.7 8.78418 1700.92 76.0037 18.7154 1624.91 157.492 1467.42 57.2883 681.985
internal_count=23570 10547 364 151 213 135 81 78 58 119 10183 828 223 57 166 605 185 54 13023 9355 12937 89 12848 735 243 12113 924 11189 492 9341
is_linear=0
shrinkage=0.05


Tree=132
num_leaves=31
num_cat=0
split_feature=30 29 30 30 30 29 29 29 29 29 2 12 29 30 29 0 30 30 2 7 1 5 7 1 1 11 30 30 4 10
split_gain=2.62701 3.30734 2.31007 12.8427 8.26608 30.7828 5.75077 14.6107 12.9762 11.582 7.01266 6.11849 5.63146 5.08254 25.559 9.89901 6.2107 17.5058 8.48673 4.08213 7.47307 3.38319 2.90769 2.2007 4.3053 6.20641 2.16516 3.83394 1.94014 4.65319
threshold=-120.55100250244139 40.443843841552741 -78.72967147827147 -78.749805450439439 -78.715290069580064 36.020755767822273 41.720960617065437 41.947931289672859 41.455064773559577 40.068038940429695 -1.4258928894996641 6.6395833492279062 45.750160217285163 -78.769439697265611 35.97705268859864 14.588194370269777 -78.970527648925767 -79.00915145874022 4.5089156627655038 0.027083333581686023 22.755655288696293 0.68233004212379467 0.035416668280959136 12.319940567016603 12.18392848968506 1.1972222328186037 -121.26300048828124 -121.21049880981444 3.9593750238418584 28.277777671813968
decision_type=2 2 2 2 2 2 2 2 2 2 2 2 2 2 2 2 2 2 2 2 2 2 2 2 2 2 2 2 2 2
left_child=1 23 3 13 5 22 8 11 9 -6 -10 -8 -9 16 21 -16 17 -2 -18 -7 -21 -15 -4 24 26 -26 -1 -28 -25 -30
right_child=2 -3 4 -5 6 19 7 12 10 -11 -12 -13 -14 14 15 -17 18 -19 -20 20 -22 -23 -24 28 25 -27 27 -29 29 -31
leaf_value=0.041485530992112357 -0.00081194350065310413 -0.012356539767016428 -0.0057574190750623875 -0.044934226996887663 -0.0042689159425358036 0.11023667345464 0.024319717937124747 -0.039114159630094458 0.011942242032404654 0.016844249278607403 -0.041100375957824786 0.082989756522140135 0.057915911083577354 -0.036686284679591945 0.0023692258175501192 0.081498655992515129 -0.0057243604284382358 0.024806038525642504 -0.042833146196296593 0.0084462061528349942 0.096633902660208923 0.008763570281266753 -0.052466899120361427 0.046912451799921574 -0.35402493575034771 0.050169746669812124 -0.15953790173798296 0.0041270432115366627 -0.069253417642349199 0.050223175431744232
leaf_weight=3.951476130867376 1685.157388585154 8.857989718206225 7.6262164786458033 16.410504773259163 210.78689837269485 5.7913134340196839 35.141063008457422 12.3984361984767 7.9936918765306464 93.888201855123043 28.261575594544411 5.0870559141039839 1.700461834669112 13.555948631837966 5.5767331235110786 13.568997763097284 245.19421594729647 69.433225686196238 16.440384712070227 4.3448703438043577 5.3730218410491943 5.8664350956678382 5.9167449772357941 10.575221002451142 0.19677956914529282 0.18357057264074683 0.38012361549772311 6.1006668636109689 1.3362025752430775 2.0890070563182235
leaf_count=735 13584 98 45 167 1206 27 176 157 44 450 202 22 10 114 52 60 1809 428 183 35 20 36 70 2537 6 47 58 449 287 456
internal_value=-1.97463e-06 0.0138708 -0.000189154 -0.0008777 0.00317188 0.0289131 0.00127985 0.0163882 -0.00112766 0.00223728 -0.0294053 0.0317389 -0.0274114 -0.000525844 0.0174538 0.05845 -0.000869775 0.00020182 -0.00805617 0.0770077 0.0572052 -0.0229584 -0.0261642 0.0232336 0.00628964 -0.158946 0.012314 -0.00547254 0.0363196 0.00361437
internal_weight=2529.18 33.671 2495.51 2071.2 424.31 29.0522 395.257 54.327 340.93 304.675 36.2553 40.2281 14.0989 2054.79 38.5681 19.1457 2016.23 1754.59 261.635 15.5092 9.71789 19.4224 13.543 24.813 10.8126 0.38035 10.4323 6.48079 14.0004 3.42521
internal_count=23570 4673 18897 16433 2464 197 2267 365 1902 1656 246 198 167 16266 262 112 16004 14012 1992 82 55 150 115 4575 1295 53 1242 507 3280 743
is_linear=0
shrinkage=0.05


Tree=133
num_leaves=31
num_cat=0
split_feature=30 30 30 0 11 4 4 4 6 10 6 30 5 7 12 11 30 3 30 4 9 6 11 4 30 30 30 5 6 10
split_gain=2.50174 7.19621 7.42551 11.0716 9.07523 10.4058 7.61225 6.66323 12.1526 8.64993 7.59418 5.52295 5.11675 5.13872 4.90778 4.7247 4.32617 10.4647 3.86032 11.9572 4.61431 3.41404 6.98831 4.79652 3.28373 11.334 7.50484 3.1636 1.13013 0.933863
threshold=-80.06703948974608 -80.495098114013658 -82.924999237060533 23.716667175292972 14.603472232818605 2.2691665887832646 2.8502082824707036 4.2127082347869882 1.4479166865348818 76.263889312744155 2.497916698455811 -79.927204132080064 0.1741714030504227 0.16875000298023227 -1.4854166507720945 23.616666793823246 -79.690834045410142 2.8035416603088383 -79.311107635498033 3.0168750286102299 214.04166412353518 0.2937499880790711 21.199305534362797 7.1310417652130136 -78.72967147827147 -78.749805450439439 -78.715290069580064 0.48767988383769995 1.5937500000000002 73.284721374511733
decision_type=2 2 2 2 2 2 2 2 2 2 2 2 2 2 2 2 2 2 2 2 2 2 2 2 2 2 2 2 2 2
left_child=1 2 15 4 5 -4 14 8 12 -9 -10 27 -3 -14 -5 21 17 -13 19 20 -18 22 -1 -23 25 -20 -26 -2 -8 -6
right_child=11 7 3 6 29 -7 28 9 10 -11 -12 16 13 -15 -16 -17 18 -19 24 -21 -22 23 -24 -25 26 -27 -28 -29 -30 -31
leaf_value=-0.0028787826452407773 -0.054016149576009753 -0.028457408023654741 0.10607496928285415 0.085834745218675665 -0.058953053127122734 -0.018269699229616979 -0.052790899748939107 0.003869996676047799 -0.062600178105497395 0.10409937243838048 0.018991649392557486 0.06579007498148054 0.048497591227336261 0.012402624032428283 0.016191398224239328 -0.062518683118991072 0.049850662777640255 -0.058915473172886861 -0.0015364977523523132 -0.058140674269022079 -0.022558973302199824 0.0064337275658038727 0.057031189243208436 -0.022987927536073413 0.027622226297086036 -0.043958414527523838 0.0012157605968702372 0.013457702785959383 -0.0068532527228831229 -0.031708023124983123
leaf_weight=266.74178070819471 7.5523641929030401 4.1590215489268294 1.8749580830335641 4.0333544090390214 16.829835703596476 16.393404126632959 2.7837283313274375 3.9127205945551378 7.6455657109618169 4.7851822823286057 4.5484671741724014 6.5968689769506437 19.085625149309635 20.400441002100706 6.7854634225368509 2.799044430255889 5.2664870172739047 2.2581216357648373 1237.90716498252 10.914343702141194 3.7788177579641342 401.95025987015106 4.9580677151679984 14.347076967824249 28.876606912352145 15.947894340381024 394.42860366590321 2.256169781088829 2.5794398784637451 3.8680799147114149
leaf_count=5051 68 28 11 23 229 353 23 26 55 23 24 37 91 117 37 14 26 52 10045 118 28 4025 26 329 197 167 2267 18 17 45
internal_value=-2.52782e-06 0.00228682 0.000901017 -0.0167548 -0.031192 -0.00550769 0.0180098 0.0183045 0.0119637 0.0590115 -0.0321658 -0.00108394 0.024293 0.0298492 0.0421551 0.00231054 -0.000868843 0.0339888 -0.00105072 -0.02291 0.0196004 0.00257429 -0.00178553 0.00541975 -0.000790574 -0.00207607 0.00301713 -0.0384957 -0.030697 -0.0538614
internal_weight=2526.26 810.482 745.944 55.1483 38.9663 18.2684 16.182 64.537 55.8391 8.6979 12.194 1715.78 43.6451 39.4861 10.8188 690.796 1705.97 8.85499 1697.12 19.9596 9.0453 687.997 271.7 416.297 1677.16 1253.86 423.305 9.80853 5.36317 20.6979
internal_count=23570 10547 10183 738 638 364 100 364 315 49 79 13023 236 208 60 9445 12937 89 12848 172 54 9431 5077 4354 12676 10212 2464 86 40 274
is_linear=0
shrinkage=0.05


Tree=134
num_leaves=31
num_cat=0
split_feature=30 29 3 1 30 0 12 30 29 29 6 7 30 7 7 2 29 30 5 30 3 0 3 10 10 10 3 3 29 0
split_gain=2.49109 8.18773 5.17261 6.51522 6.05975 4.02324 3.76707 3.74183 3.17177 5.3166 3.87074 5.08381 4.79995 3.38893 7.5758 4.63056 3.11499 7.34287 6.2194 5.10326 7.14395 5.28654 3.02064 2.84643 6.70402 7.77709 4.79621 15.4752 2.84605 2.63209
threshold=-109.12405014038085 37.392648696899421 2.9022916555404668 24.034225463867191 -120.99900054931639 25.078472137451175 -3.4645833969116206 -122.51169967651366 35.435970306396491 35.016698837280281 0.11041666567325593 0.027083333581686023 -78.867374420166001 0.80208334326744091 0.63124999403953563 0.72726449370384227 35.514999389648445 -79.063835144042955 0.37430366873741155 -76.923053741455064 1.9586111307144167 21.977777481079105 2.9022916555404668 27.812500000000004 24.777777671813968 25.944443702697757 3.9871528148651127 4.1184027194976816 35.571500778198249 24.21805572509766
decision_type=2 2 2 2 2 2 2 2 2 2 2 2 2 2 2 2 2 2 2 2 2 2 2 2 2 2 2 2 2 2
left_child=1 23 3 4 5 -3 -6 -4 9 10 29 22 -13 14 15 -11 17 18 -10 20 -19 -21 -12 24 26 -26 -1 -28 -18 -2
right_child=8 2 7 -5 6 -7 -8 -9 16 13 11 12 -14 -15 -16 -17 28 19 -20 21 -22 -23 -24 -25 25 -27 27 -29 -30 -31
leaf_value=0.040086858054717102 -0.060963511138856868 0.0094091737931398141 -0.091546070289057077 0.039361300325408383 -0.0051495174463559602 -0.19462409305649064 -0.051569199580357786 0.025413363772770415 0.065909502283151747 -0.044038231751071182 0.046563237678969388 0.0032918408065161445 -0.035890139105437216 -0.054558425224397557 0.070969706068123875 -0.003037569211279205 -0.025246023142245128 0.019601110056293468 0.013988425398320898 -0.015489690456048795 -0.034051492318891104 0.050101607244877423 0.0022006676668918628 0.0454009016684708 -0.32289744352442784 -0.017005606762060307 -0.36315392958166764 0.056664157323526157 -6.8136543575325064e-05 -0.011990435562203363
leaf_weight=6.8679943298921007 3.76099058240652 13.512782295583744 0.71258092578500765 5.3685409068129948 6.3365459546912488 0.24600837402977127 14.086976453429086 16.953792295302264 8.7651183903217333 13.915494110435253 9.4171191565692407 43.462969958782196 9.5302545763552171 7.2708183974027625 2.2862819805741301 13.633000526577232 11.280290700495241 9.6542157083749789 16.865857526659966 5.1671726033091527 17.362533371895552 7.5761722326278687 6.4757337346673003 15.78866953239776 0.30620569572783995 0.64649348915554583 0.3213861195836214 0.69248567032627761 2244.9458341097925 10.142728403210638
leaf_count=888 29 1108 14 417 64 24 222 1060 36 152 51 267 115 83 15 121 76 55 81 35 149 30 36 1985 25 43 19 38 16263 69
internal_value=-4.13352e-06 0.00857654 -0.00179819 -0.0118457 -0.019888 0.00576104 -0.0371672 0.0206958 -0.000291761 -0.00822198 -0.00117316 0.00368396 -0.00375461 -0.0239493 -0.0164898 -0.0237481 0.00011778 0.0108759 0.0317441 -0.00257661 -0.0148792 0.0235056 0.0284872 0.0326844 0.00995813 -0.115322 0.025101 -0.0764135 -0.000194017 -0.0252378
internal_weight=2523.35 81.8405 57.2172 39.5509 34.1823 13.7588 20.4235 17.6664 2441.51 119.895 82.7898 68.8861 52.9932 37.1056 29.8348 27.5485 2321.62 65.3911 25.631 39.7601 27.0167 12.7433 15.8929 24.6232 8.83457 0.952699 7.88187 1.01387 2256.23 13.9037
internal_count=23570 5907 2909 1835 1418 1132 286 1074 17663 938 567 469 382 371 288 273 16725 386 117 269 204 65 87 2998 1013 68 945 57 16339 98
is_linear=0
shrinkage=0.05


Tree=135
num_leaves=31
num_cat=0
split_feature=30 29 9 30 30 29 30 5 29 11 4 0 7 12 5 7 4 29 11 7 7 5 1 1 11 4 4 0 13 2
split_gain=2.3037 3.00906 2.16873 6.33989 10.1612 6.66323 8.64964 6.15451 5.14591 5.80744 6.86696 5.09205 6.42381 5.06492 4.83486 6.86736 5.79682 5.06314 5.01598 4.81898 3.8609 3.06183 2.08757 3.34878 1.99577 1.93295 3.22079 3.26258 1.92459 1.88604
threshold=-120.55100250244139 40.443843841552741 234.02082824707034 -96.966995239257798 -96.901752471923814 42.151927947998054 -89.672775268554673 0.68468907475471508 43.175634384155281 6.8875000476837167 5.0835416316986093 12.195138931274416 0.79375001788139354 -1.7270833253860471 0.44311843812465673 1.5354166626930239 2.103958368301392 41.556880950927741 14.603472232818605 0.17291666567325595 0.16875000298023227 0.47532616555690771 12.319940567016603 12.18392848968506 10.830555438995363 3.9593750238418584 3.9758332967758183 25.779861450195316 3.7208334207534794 5.1153595447540292
decision_type=2 2 2 2 2 2 2 2 2 2 2 2 2 2 2 2 2 2 2 2 2 2 2 2 2 2 2 2 2 2
left_child=1 22 3 8 13 7 -7 -6 9 10 -2 12 29 -5 15 17 18 -13 -16 -11 -18 -15 23 24 28 -24 -27 -28 -1 -4
right_child=2 -3 11 4 5 6 -8 -9 -10 19 -12 14 -14 21 16 -17 20 -19 -20 -21 -22 -23 25 -25 -26 26 27 -29 -30 -31
leaf_value=0.0010874255675527419 0.010134348260498121 -0.01183699058814359 -0.058322882183100361 -0.067489165980505181 0.0032736783423114469 0.0063600098221731627 -0.042300669968322754 -0.0063147470905592406 0.050728691937989262 0.039887042863695897 -0.042874088119365591 -0.0026060989792489903 0.076164555922870525 0.011463472939818727 -0.041789946067461788 -0.072714014076815464 0.0070276064660917265 -0.018376028756759005 -0.0055663371778342397 0.0082095435820769124 -0.0024503223767650024 -0.037309330372376485 0.04668475695908253 -0.12900417023333396 -0.16012571244869911 -0.26245864860990747 0.024190372915988467 -0.19126722634964077 0.050237916630623325 0.015314011783666624
leaf_weight=7.2734556137584132 17.207216432783756 8.7893705647438747 8.2071555275469983 7.4497866481542614 946.18879006803036 16.83435530308634 19.960564821725711 203.31635904591531 8.7215271294116956 19.200567125808448 9.4731965167447907 566.83652763278224 1.123062319587915 5.7520004957914335 11.386783020570872 3.6598534062504759 327.50318670715205 55.919154922477901 59.465325336437672 32.040143326390535 159.91451045218855 7.3038662523031235 9.9259152588201669 0.44123432715423483 0.16624626843258816 0.11064200545661096 3.0691008388530467 0.18637185241095711 2.7427427228540182 0.97260900586843568
leaf_count=588 271 98 218 38 6946 124 533 1535 35 185 77 4246 14 27 127 25 2191 474 395 353 1036 35 2537 53 28 10 682 51 626 12
internal_value=-3.44223e-06 0.0131803 -0.000176714 0.00124207 0.000304111 0.000907315 -0.0200375 0.00157775 0.0143065 0.0102298 -0.00868692 -0.0017124 -0.0367116 -0.0345926 -0.00140802 -0.00442346 0.0019755 -0.00402213 -0.0113879 0.0200795 0.00391804 -0.0158216 0.0223746 0.00585086 0.0116945 0.0355812 0.00283915 0.0118557 0.0145463 -0.0505209
internal_weight=2521.14 32.7051 2488.44 1293.45 1206.81 1186.3 36.7949 1149.51 86.6427 77.9211 26.6804 1194.99 10.3028 20.5057 1184.69 626.416 558.27 622.756 70.8521 51.2407 487.418 13.0559 23.9157 10.6237 10.1824 13.292 3.36611 3.25547 10.0162 9.17976
internal_count=23570 4673 18897 10159 9238 9138 657 8481 921 886 348 8738 244 100 8494 4745 3749 4720 522 538 3227 62 4575 1295 1242 3280 743 733 1214 230
is_linear=0
shrinkage=0.05


Tree=136
num_leaves=31
num_cat=0
split_feature=30 30 29 29 29 10 6 2 30 29 2 5 4 29 4 30 2 11 30 3 29 29 30 29 30 30 11 29 29 30
split_gain=2.29331 6.58216 10.6739 10.7526 7.83468 7.08727 12.6351 7.66281 6.81013 22.1954 8.99373 9.72863 6.0308 7.73656 5.20901 5.11219 4.92978 4.20154 3.90326 9.23827 4.1267 4.55363 6.67008 4.28039 4.16343 4.03735 3.75561 3.60265 3.22804 6.31237
threshold=-80.06703948974608 -80.495098114013658 41.268846511840827 36.13434028625489 40.93249702453614 64.062500000000014 0.46458333730697637 -2.6611930131912227 -82.924999237060533 37.980018615722663 2.1220626831054692 0.3047557026147843 4.3210415840148935 41.317014694213874 3.6093750000000004 -79.927204132080064 -5.7725932598114005 23.616666793823246 -79.690834045410142 2.8035416603088383 35.468124389648445 35.112148284912116 -78.818157196044908 35.514999389648445 -79.063835144042955 -79.028789520263658 12.240277767181398 40.405790328979499 39.408555984497077 -109.12405014038085
decision_type=2 2 2 2 2 2 2 2 2 2 2 2 2 2 2 2 2 2 2 2 2 2 2 2 2 2 2 2 2 2
left_child=1 8 3 -3 -5 6 14 -8 17 -10 16 -12 13 -7 -4 27 -11 28 19 -17 21 26 -23 24 -22 -25 -20 -2 29 -1
right_child=15 2 5 4 -6 12 7 -9 9 10 11 -13 -14 -15 -16 18 -18 -19 20 -21 23 22 -24 25 -26 -27 -28 -29 -30 -31
leaf_value=0.018193071241656804 -0.054878850563061347 0.040243219673684535 0.077960942835515148 -0.063491353273584558 0.0075511882955269245 0.070297126506147098 0.045590408050107223 -0.041868879703782613 0.050579579073941186 0.024990008985954139 0.077827129181609514 -0.031532482544224055 0.10718017740817276 -0.014856161187652352 0.011306413351427669 0.06088160038294288 -0.047507051509871376 -0.058308218834745976 -0.044759389820224975 -0.05850126499055186 0.029849987389391892 -0.049215564680727422 0.029891932584548826 -0.0037920642098160269 0.0021655518009541671 0.0013181910017102823 -0.0013743863046367557 0.016531915943853368 0.0065821737200785621 -0.0024997472433246786
leaf_weight=41.018633202766068 7.2423974350094777 7.3734012246131924 7.5972481817007083 9.0016972497105581 6.8218957446515551 7.3450218290090579 3.4129653722047797 9.4086463600397092 10.121040761470793 2.5227051749825469 3.5603539398871344 4.7426143784541637 4.5819354578852645 4.1884278804063797 4.7724000960588455 6.7507272027432901 33.272493806667626 2.8561475276947013 5.5269149616360655 2.1323567244689912 22.277047961950302 14.459696523845198 3.2665896303951731 699.54537256318145 34.788602992892265 863.70056810718961 51.173262190073729 2.3358011618256569 280.53354048985057 363.05350078456104
leaf_count=5546 67 32 32 77 42 29 14 67 44 22 50 148 20 29 22 37 474 14 85 52 100 208 35 6277 204 5532 407 19 2039 1846
internal_value=-3.11042e-06 0.00219597 0.0175158 -0.00962569 -0.0328634 0.0327579 0.0161928 -0.0185882 0.000863612 -0.0161967 -0.0315226 0.0153615 0.0586522 0.0393733 0.0522446 -0.00103794 -0.0423977 0.00220914 -0.000833139 0.0322241 -0.00100641 -0.0125185 -0.0346377 -0.00047762 0.0129729 -0.000968625 -0.00560339 -0.0374642 0.00246161 -0.000399154
internal_weight=2519.38 806.185 64.5036 23.197 15.8236 41.3066 25.1913 12.8216 741.681 54.2192 44.0982 8.30297 16.1154 11.5334 12.3696 1713.2 35.7952 687.462 1703.62 8.88308 1694.74 74.4265 17.7263 1620.31 57.0657 1563.25 56.7002 9.5782 684.606 404.072
internal_count=23570 10547 364 151 119 213 135 81 10183 738 694 198 78 58 54 13023 496 9445 12937 89 12848 735 243 12113 304 11809 492 86 9431 7392
is_linear=0
shrinkage=0.05


Tree=137
num_leaves=31
num_cat=0
split_feature=30 30 29 2 9 10 29 30 10 12 9 10 30 30 30 29 6 29 29 11 30 1 9 12 6 29 30 29 11 30
split_gain=2.14095 8.23507 10.4282 7.76935 7.06655 8.29498 5.52641 5.45195 5.81418 4.3796 3.39335 5.19763 3.45883 3.29695 16.7091 12.2366 13.5001 12.4855 10.0446 9.40903 9.05342 8.88602 8.16709 7.24534 5.8389 5.64549 7.78902 5.6733 6.16937 5.20698
threshold=-86.35467147827147 -85.705905914306626 38.592149734497077 -1.0000000180025095e-35 267.75694274902349 50.159723281860359 43.175634384155281 -85.615661621093736 72.673610687255874 -0.66458335518836964 343.63195800781256 34.118055343627937 -78.72967147827147 -96.901752471923814 -96.908473968505845 42.151927947998054 1.4062500000000002 39.670738220214851 45.061439514160163 13.061805725097658 -89.672775268554673 19.603868484497074 236.56944274902347 2.7645833492279057 1.2604166865348818 41.806915283203132 -109.12405014038085 39.211111068725593 3.8937499523162846 -87.300792694091783
decision_type=2 2 2 2 2 2 2 2 2 2 2 2 2 2 2 2 2 2 2 2 2 2 2 2 2 2 2 2 2 2
left_child=13 2 -2 9 5 -5 7 8 -3 -4 12 -12 -9 14 25 17 18 19 -17 21 -20 -15 -18 -21 -16 27 -27 28 -1 -19
right_child=1 6 3 4 -6 -7 -8 10 -10 -11 11 -13 -14 15 24 16 22 29 20 23 -22 -23 -24 -25 -26 26 -28 -29 -30 -31
leaf_value=-0.017867031835024524 -0.095793955160320354 0.044989091139672581 -0.01880603291224537 0.057109460408664485 -0.095757556463835852 -0.050492859985572451 -0.028423455369527763 -0.0017259666091455632 -0.022591126496621653 0.04573118738459106 -0.0041797262593160208 0.059466078447852538 0.0034571447472740305 -0.0012320460388879537 -0.054550447635168309 -0.049387622735312671 -0.0045822690026312771 0.020272308504210759 0.026656963534497747 0.019860884969215311 -0.044638030484271916 -0.069129738737200935 0.086512144579132755 -0.010315243341687364 -0.0040154683951119608 -0.002532456086656627 0.034324914657047803 -0.01248749667809549 0.0076403156469564901 0.058251322559271596
leaf_weight=27.559731431887485 4.7010392323136356 12.714521549642088 4.7208839841187 2.6927550979889876 4.0040336698293677 5.3487693178467453 17.441105365287513 1455.8977213429753 4.2453313991427413 5.9318840466439777 6.9629064500331861 5.9480229467153549 413.23613157309592 15.148692175745966 18.062833040952686 22.202874178532511 5.1947873518802208 17.371525600552559 11.954651616513727 85.17914242297411 7.0958378026261952 7.0666901916265479 4.6746362447738647 25.952269844710827 8.3620968759059888 27.058078162372112 30.482619732618332 70.11548391263932 169.50905602483544 18.782878201454878
leaf_count=989 28 62 24 17 30 47 447 11776 23 28 44 27 2329 73 87 224 66 87 76 435 187 35 35 128 37 145 133 537 5325 89
internal_value=-4.63502e-06 -0.000795737 -0.0280134 -0.0139754 -0.0414849 -0.0144615 -0.000406607 -0.00014929 0.0280726 0.0171309 -0.00040361 0.0251417 -0.000580062 0.00268485 -0.000324643 0.00747483 -0.0139665 0.0139417 -0.026534 0.00687566 0.000101335 -0.0228302 0.0385645 0.0128139 -0.0385588 0.00278671 0.016993 -0.000272751 0.00407316 0.0400031
internal_weight=2515.62 1943.85 27.3994 22.6983 12.0456 8.04152 1916.45 1899 16.9599 10.6528 1882.04 12.9109 1869.13 571.774 351.15 220.624 51.1228 169.501 41.2534 133.347 19.0505 22.2154 9.86942 111.131 26.4249 324.725 57.5407 267.184 197.069 36.1544
internal_count=23570 14882 174 146 94 64 14708 14261 85 52 14176 71 14105 8688 7253 1435 588 847 487 671 263 108 101 563 124 7129 278 6851 6314 176
is_linear=0
shrinkage=0.05


Tree=138
num_leaves=31
num_cat=0
split_feature=30 30 29 4 6 2 3 30 29 3 1 5 2 3 2 3 5 12 10 6 0 5 2 30 30 2 30 2 12 12
split_gain=2.04622 13.0732 9.66636 6.39186 6.10459 6.21368 5.2575 5.77845 6.8339 6.44483 6.91502 6.38414 8.48763 6.48747 5.3593 3.81029 3.70712 6.37116 6.77235 6.68007 6.65257 5.53282 11.0381 6.47256 4.41754 11.7345 10.9319 4.32355 4.18688 3.59349
threshold=-75.70598983764647 -76.269851684570298 39.79341125488282 3.4331250190734868 1.1062499880790713 -0.42406831681728357 1.8760417103767397 -73.27999114990233 41.693527221679695 2.0636805295944218 14.750892639160158 0.53486531972885143 -0.12488354369997977 2.4467360973358159 0.87375774979591381 3.3718750476837163 0.78713691234588634 -8.7208333015441877 56.493055343627937 1.6479166746139529 26.250694274902347 0.76805487275123607 0.43549430370330816 -79.213623046874986 -76.80580902099608 1.9315088391304018 -77.269069671630845 -1.4561723470687864 -3.7437499761581416 -2.6604166030883785
decision_type=2 2 2 2 2 2 2 2 2 2 2 2 2 2 2 2 2 2 2 2 2 2 2 2 2 2 2 2 2 2
left_child=1 16 -3 4 -4 -6 -2 8 11 -9 -11 13 -13 -8 -12 29 21 27 19 -19 -20 24 28 -24 26 -26 -1 -18 -23 -5
right_child=6 2 3 15 5 -7 7 9 -10 10 14 12 -14 -15 -16 -17 17 18 20 -21 -22 22 23 -25 25 -27 -28 -29 -30 -31
leaf_value=-0.00017606871959608396 -0.050855932896892934 0.071607393450669438 0.020195910242155942 0.075823088847949763 0.012558862084080278 -0.062470918686874592 -0.058657925495534752 0.076563610535961446 -0.049152502822823636 0.065709481098951153 -0.015966846676000609 0.043905387951098121 -0.011071597486119064 -0.0088225685898780208 0.025502637025703351 0.00079883597466763883 0.013543792571238285 -0.0031299857988480043 -0.026199099693960094 0.049512697701382981 0.006935992087768056 -0.040736433119774686 0.078317620823782741 0.0085278868192027561 -0.026386703633697647 0.030000403780783221 0.024581414457299562 0.096223369781186438 0.0094589778283196875 0.027384995172473271
leaf_weight=2000.8144766893238 6.2536598220467559 9.0394459068775159 13.746630132198336 6.6469547748565683 4.9195159524679184 6.2845614999532682 8.1646951213479024 3.4473753273487082 10.604477673768995 4.2201763540506354 23.213458087295294 12.072626590728762 16.775943279266357 32.625082671642303 11.726694818586109 5.9060567989945403 5.3934079785831273 86.562751734629273 68.155810822267085 6.4771349332295349 19.476722325198352 5.3301176493987468 9.3630986888892931 5.1493837274610987 42.329984942451119 11.798421166837214 45.604712899541482 2.2370180059224358 18.832737407647073 9.0316587835550308
leaf_count=20062 42 34 59 25 21 32 51 22 85 23 145 54 91 186 77 28 47 732 706 43 94 46 97 32 227 58 235 26 151 39
internal_value=-4.14258e-06 0.000327995 0.0242941 0.0151036 -0.00213193 -0.0295266 -0.00613498 -0.00385848 -0.0117603 0.011023 0.00525331 -0.00606626 0.0119353 -0.0187979 -0.00204876 0.0350268 -0.000244249 -0.00696999 -0.00886007 0.000534827 -0.0188347 0.000347777 0.0190876 0.0535545 2.7403e-06 -0.014096 0.000375655 0.037783 -0.0016137 0.0479203
internal_weight=2512.2 2383.1 55.5748 46.5354 24.9507 11.2041 129.104 122.851 80.2428 42.6077 39.1603 69.6383 28.8486 40.7898 34.9402 21.5847 2327.53 188.303 180.672 93.0399 87.6325 2139.22 38.6753 14.5125 2100.55 54.1284 2046.42 7.63043 24.1629 15.6786
internal_count=23570 22794 238 204 112 53 776 734 467 267 245 382 145 237 222 92 22556 1648 1575 775 800 20908 326 129 20582 285 20297 73 197 64
is_linear=0
shrinkage=0.05


Tree=139
num_leaves=31
num_cat=0
split_feature=2 2 10 9 11 6 12 12 3 10 6 2 1 12 6 10 7 12 9 6 6 3 9 29 29 29 7 12 10 7
split_gain=2.06743 5.89891 5.11035 5.9557 4.69103 4.36806 4.93173 5.77286 7.95729 5.98853 7.74897 5.51554 5.0069 6.48557 4.71371 5.69064 4.62433 4.463 4.21348 4.16506 3.98175 5.87292 3.95002 6.52586 7.63603 6.09015 6.25723 5.62167 4.91177 6.2131
threshold=0.95458075404167186 0.76903465390205394 76.618057250976577 212.72222137451175 20.332638740539554 4.4395833015441903 -0.53124999999999989 0.19375000149011615 2.850972175598145 45.576387405395515 1.747916638851166 2.1220626831054692 20.406845092773441 -1.4854166507720945 2.4562499523162846 95.923610687255874 0.27291667461395269 -0.14791666716337201 266.91667175292974 0.010416666977107527 0.44374999403953558 3.5166667699813847 240.86805725097659 35.725976943969734 35.743635177612312 35.654365539550788 1.6729166507720949 1.7895833253860476 67.951389312744155 1.5354166626930239
decision_type=2 2 2 2 2 2 2 2 2 2 2 2 2 2 2 2 2 2 2 2 2 2 2 2 2 2 2 2 2 2
left_child=1 22 3 4 -3 6 11 8 17 10 -9 12 19 -14 15 -13 -11 -8 -10 -2 -5 -22 23 25 -25 -1 -27 -26 29 -24
right_child=5 2 -4 20 -6 -7 7 9 18 16 -12 14 13 -15 -16 -17 -18 -19 -20 -21 21 -23 28 24 27 26 -28 -29 -30 -31
leaf_value=0.0012679015450559425 -0.10960216850285925 -0.0073876820212376536 0.037273850478558267 0.03300827447201559 -0.083283528637449519 -0.045452384646036452 0.021818076110150408 0.0037924006790542686 0.066065758618396586 0.0022849667203562124 0.041861126897041308 -0.0019356160662122102 -0.0026897710311110747 -0.03277873058780114 -0.053774883732196022 0.045043370780956583 -0.010810631351704299 -0.014618539686553696 0.017347079435676118 -0.028166050705542751 0.012218161864130897 -0.048454745484673885 -0.0016620749665850047 0.033610423703384282 0.006624004994139442 -0.017651777216997924 0.03933798172519936 -0.0025405149151278023 -0.024548485467816065 -0.07157759498376616
leaf_weight=156.722166367108 1.6716795135289455 8.1384635338326898 18.406823842320591 18.526809171773493 2.7152362316846839 5.7254383205436161 16.374789076973684 168.3664617765462 9.9499273640103656 123.12866610265337 14.52023304090835 246.68849585088901 83.106735300389118 22.828542035771534 4.2549146944656959 6.6190108603332183 148.97530598868616 17.265171773731709 8.0113967587240023 25.838765204418451 31.098413024330512 4.5752406343817702 466.50723427941557 21.759859122335911 501.47224099526647 92.007029745727777 5.0825276039540759 251.13517163763754 25.793142737122253 3.1994082108139983
leaf_count=1472 151 88 141 192 17 55 158 1492 90 1307 111 2716 623 178 78 79 1466 180 82 594 178 36 4555 120 3954 1074 50 2110 206 17
internal_value=-4.42201e-06 0.00107131 0.0140143 0.00743308 -0.0263743 -0.0019183 -0.00164061 0.00161545 0.0174647 -0.000182038 0.00681486 -0.00585917 -0.0141093 -0.0091738 -0.0015847 -0.000708039 -0.0048848 0.00311757 0.0443355 -0.0331145 0.014203 0.0044367 0.000362346 0.00212965 0.00441018 -0.00482816 -0.0146684 0.00356593 -0.00330486 -0.0021383
internal_weight=2510.47 1607.14 83.461 65.0542 10.8537 903.326 897.6 506.592 51.6013 454.991 182.887 391.008 133.446 105.935 257.562 253.308 272.104 33.64 17.9613 27.5104 54.2005 35.6737 1523.68 1028.18 774.367 253.812 97.0896 752.607 495.5 469.707
internal_count=23570 14210 652 511 105 9360 9305 4886 510 4376 1603 4419 1546 801 2873 2795 2773 338 172 745 406 214 13558 8780 6184 2596 1124 6064 4778 4572
is_linear=0
shrinkage=0.05


Tree=140
num_leaves=31
num_cat=0
split_feature=30 30 29 29 29 29 29 9 30 29 2 29 10 30 11 11 30 3 29 29 30 29 29 30 13 29 9 6 11 4
split_gain=2.02098 5.95525 9.49883 9.84151 7.45179 6.41078 8.79512 7.64323 6.118 20.2525 8.37959 8.32823 4.77378 4.69986 3.96546 3.71344 3.49031 8.32941 3.72251 4.33496 11.4104 3.89234 7.47562 6.02172 3.56299 3.42729 3.37051 3.09537 6.44327 4.1459
threshold=-80.06703948974608 -80.495098114013658 41.268846511840827 36.13434028625489 40.93249702453614 41.317014694213874 41.60673904418946 212.72222137451175 -82.924999237060533 37.980018615722663 2.1220626831054692 41.042871475219734 69.201389312744155 -79.927204132080064 14.603472232818605 23.616666793823246 -79.690834045410142 2.8035416603088383 35.468124389648445 35.112148284912116 -78.675731658935533 35.633329391479499 35.630987167358406 -79.273685455322251 57.989582061767585 40.405790328979499 230.90972137451175 0.2937499880790711 21.199305534362797 7.1310417652130136
decision_type=2 2 2 2 2 2 2 2 2 2 2 2 2 2 2 2 2 2 2 2 2 2 2 2 2 2 2 2 2 2
left_child=1 8 3 -3 -5 14 -7 -8 15 -10 12 -12 -11 25 -4 27 17 -15 19 24 -21 22 -20 -23 -18 -2 -6 28 -1 -29
right_child=13 2 5 4 26 6 7 -9 9 10 11 -13 -14 16 -16 -17 18 -19 21 20 -22 23 -24 -25 -26 -27 -28 29 -30 -31
leaf_value=-0.002911485481857982 -0.053918191866286991 0.03844289414709158 0.020003940115523238 -0.06262600515794868 0.038366615552285141 -0.043641025123798506 0.081476295737345994 0.0031328595972065819 0.048152846558418359 -0.052563652315205801 0.060830875180506339 -0.039111458569630608 -0.010455830305629864 0.056768195992651142 0.064507420762238615 -0.054404781588774723 -0.044077371088458508 -0.058172907325720238 0.0033752622422106361 -0.046049270268613801 0.10214128132128081 -0.01526296259287324 0.039571619164751576 -0.00051652176698776706 -0.0011670878383590608 0.015878764655902679 -0.032355152222241362 0.0059646562815975183 0.05573047861972389 -0.021634347246866609
leaf_weight=264.08951372490264 6.9881492108106595 7.3568739145994213 7.6154235973954227 8.6502116061747056 3.8256494030356398 5.4937894418835667 4.8705867249518624 8.6284763664007169 10.097960010170935 25.418103330768645 4.4792567864060384 3.8988045090809464 9.1554025197401625 6.8740289807319623 14.605252444744108 2.8991103619337073 5.3441405743360511 2.0451013324782252 141.74868104234338 15.824262950569393 1.415140751749276 72.870360535103828 15.860620275139807 1385.2734451887663 51.039628710597754 2.3503561206161976 3.0104681923985481 398.71112924045883 4.7687149345874777 14.088098168373106
leaf_count=5051 67 32 35 77 21 36 26 56 44 366 36 162 130 37 60 14 86 52 836 236 7 651 88 10538 406 19 21 4025 26 329
internal_value=-5.22922e-06 0.00206575 0.0166893 -0.00917278 -0.0317929 0.0310238 0.00969389 0.0313999 0.000795779 -0.0155621 -0.0305415 0.0143218 -0.0414131 -0.000977468 0.0492553 0.00206343 -0.000782956 0.0304129 -0.000947656 -0.0119429 -0.0338847 -0.000446647 0.00701779 -0.00125347 -0.00523419 -0.0363514 0.00722238 0.00230359 -0.00187136 0.00502275
internal_weight=2509.3 801.663 64.0567 22.8432 15.4863 41.2135 18.9929 13.4991 737.606 53.0495 42.9516 8.37806 34.5735 1707.63 22.2207 684.557 1698.3 8.91913 1689.38 73.6232 17.2394 1615.75 157.609 1458.14 56.3838 9.33851 6.83612 681.657 268.858 412.799
internal_count=23570 10547 364 151 119 213 118 82 10183 738 694 198 496 13023 95 9445 12937 89 12848 735 243 12113 924 11189 492 86 42 9431 5077 4354
is_linear=0
shrinkage=0.05


Tree=141
num_leaves=31
num_cat=0
split_feature=9 2 3 5 8 6 5 4 0 8 9 11 2 10 13 3 3 3 0 6 7 4 10 11 7 5 0 9 2 10
split_gain=1.98577 4.47058 4.24266 4.22629 6.89202 6.02353 5.41673 5.52486 4.22147 7.07717 6.20319 6.50274 7.30653 4.35006 5.15456 4.57115 4.45826 9.92531 5.40479 4.34995 12.7236 6.271 4.21359 6.77798 12.1233 5.45555 4.09642 6.13592 4.01424 3.78943
threshold=234.02082824707034 -6.6497280597686759 1.3286111354827883 0.69199478626251232 4.5000000000000009 2.3562500476837163 0.70546621084213268 6.0270831584930429 23.3881950378418 1.0000000180025095e-35 229.14582824707034 17.750694274902347 1.0564829111099245 41.506944656372077 21.118749618530277 1.4009027481079104 3.4220833778381352 3.8833333253860478 13.108333110809328 1.8229166865348818 1.6520833373069765 2.8664582967758183 85.631942749023452 20.460416793823246 0.94374999403953563 0.24565017968416217 25.190972328186039 162.15972137451175 4.8051371574401864 33.395833969116218
decision_type=2 2 2 2 2 2 2 2 2 2 2 2 2 2 2 2 2 2 2 2 2 2 2 2 2 2 2 2 2 2
left_child=8 -2 -3 4 5 -4 -5 -8 13 22 11 -11 -13 14 -1 -15 18 -18 -16 20 -17 -21 23 24 -10 -25 27 -24 -28 -6
right_child=1 2 3 6 29 -7 7 -9 9 10 -12 12 -14 15 16 19 17 -19 -20 21 -22 -23 26 25 -26 -27 28 -29 -30 -31
leaf_value=-0.006390539667100301 -0.071031511660764643 -0.033564301473526181 -0.0075126556198512138 0.034577829728788964 -0.004208240867113292 0.01074387037964307 0.0018389705862821082 0.056836051268276039 -0.0017682859863604003 0.05026304878061541 0.037768002043014212 0.00063744928763582271 0.02500055306125288 0.039278545416091659 0.04547198675219899 -0.0013062285021821253 -0.036267932482498703 0.019706591079742323 0.011792847840097058 -0.030529112153716138 0.088891168366191833 -0.0050477224285867678 0.044058906513454829 0.001008949604773942 0.059434274427302328 -0.021750926638582493 0.0063686758418018911 -0.015652646516049955 0.069070945325889213 0.0063265951483381187
leaf_weight=59.113982153823599 2.3053623030427834 10.126397719373925 530.42070778063498 14.495068612508474 129.90691617270932 49.387667497387156 213.68031834706198 4.6662074138876042 39.213808130472898 9.1849538555834425 21.675745320040733 117.87315345183015 41.647399682551622 6.5568580687977365 13.580912581877781 566.30270896991715 14.290662519168107 17.764105335343629 96.957098047132604 30.463999144732952 3.9370555218774816 116.40755197103135 6.218681298196322 47.72288966178894 10.195016480982302 58.73296145349741 4.5646426528692228 13.961257219314573 5.7908026129007339 248.93112348136492
leaf_count=817 21 97 4179 104 2483 371 1496 48 270 75 116 700 230 180 104 6035 97 134 855 306 56 1574 32 318 54 377 27 115 41 2258
internal_value=-6.69881e-06 -0.00147046 -0.001337 -0.00106311 -0.0025307 -0.00595758 0.00497922 0.00301429 0.00134663 0.00580817 0.0125887 0.00935364 0.00699813 -0.000469951 0.00602339 -0.00227983 0.0111698 -0.00524798 0.0159307 -0.00265981 -0.000683487 -0.0103331 -0.00111722 -0.00444459 0.0108602 -0.0115479 0.015867 0.00274816 0.041432 0.00271411
internal_weight=2506.08 1203.92 1201.61 1191.49 958.646 579.808 232.842 218.347 1302.16 376.781 190.381 168.706 159.521 925.375 201.707 723.668 142.593 32.0548 110.538 717.111 570.24 146.872 186.4 155.865 49.4088 106.456 30.5354 20.1799 10.3554 378.838
internal_count=23570 11057 11036 10939 9291 4550 1648 1544 12513 2355 1121 1005 930 10158 2007 8151 1190 231 959 7971 6091 1880 1234 1019 324 695 215 147 68 4741
is_linear=0
shrinkage=0.05


Tree=142
num_leaves=31
num_cat=0
split_feature=30 29 3 1 30 11 10 10 10 10 4 3 5 30 29 3 10 9 2 11 29 30 4 29 9 2 3 11 4 9
split_gain=2.00898 7.51198 4.73555 5.93319 5.50429 3.88696 3.78358 3.32603 5.83425 5.45728 5.31364 5.94648 3.30643 3.06435 16.6282 6.37623 3.9112 3.64182 4.90839 4.40472 3.44156 14.8636 13.2406 9.97384 4.11042 4.03345 3.12205 3.32431 4.71602 2.96227
threshold=-109.12405014038085 37.32044982910157 2.9022916555404668 24.034225463867191 -120.99900054931639 8.8312501907348651 15.479166507720949 27.812500000000004 24.777777671813968 25.944443702697757 4.5097918510437021 4.0772917270660409 0.34173248708248144 -101.70369720458983 40.443843841552741 3.3588889837265019 33.187500000000007 336.84028625488287 1.2974896430969241 12.535416603088381 41.806915283203132 -94.668254852294908 4.6856250762939462 41.799581527709968 334.72221374511724 -1.00789338350296 2.3747221231460576 4.4062500000000009 3.4331250190734868 272.60417175292974
decision_type=2 2 2 2 2 2 2 2 2 2 2 2 2 2 2 2 2 2 2 2 2 2 2 2 2 2 2 2 2 2
left_child=1 7 3 4 -3 -4 -6 8 10 -10 -1 -12 -7 14 26 -16 -17 20 19 -19 23 29 -23 24 -15 -25 -2 -28 -29 -22
right_child=13 2 5 -5 6 12 -8 -9 9 -11 11 -13 -14 17 15 16 -18 18 -20 -21 21 22 -24 25 -26 -27 27 28 -30 -31
leaf_value=0.046085862359972772 -0.062253557214093536 0.0058293797605834348 0.031340245571643166 0.038071578187251459 -0.0014810887608281986 0.016572686816481341 -0.048470054331552048 0.047430237276895659 -0.25940996669971594 -0.017389457383646011 -0.13788127008013759 0.056202451987014672 -0.08380204373589574 0.00010777096758731174 0.056010511518872409 0.024851001641890309 -0.036720861723556451 -0.020358199280803249 0.060995505471546765 0.047275658667042871 0.04519166974556027 -0.0037732194705464733 -0.038440270798767447 0.012651196445557407 -0.060083074420716844 0.060173527467581915 -0.047838038536371266 0.038442954000822462 -0.036003205712682229 0.0057469861491368859
leaf_weight=5.6111310623819026 9.1134372837841529 13.711432720301671 14.183223019936124 5.2894503196002907 6.0163302096771103 1.8142644561594345 14.878443431342019 13.926975986454634 0.36614355584606506 0.64016541955061257 0.94316446827724554 0.67862287862226367 1.497764599509537 2182.6737290122546 8.2137451618909854 5.7218564301729185 4.695983037352562 6.853346914052965 5.6920682936906806 3.7107269316911697 13.974777966737749 101.38990759896114 37.815986072644591 8.5367169529199618 2.8400752991437903 9.361267536878584 8.7937063444405812 3.7103367522358877 4.9860425889492035 7.2183493822813025
leaf_count=773 63 1184 645 452 80 365 267 1888 20 41 46 40 106 15314 37 25 23 43 27 16 59 807 1004 36 15 38 75 20 29 32
internal_value=-7.1328e-06 0.00781112 -0.00173731 -0.0112484 -0.0187868 0.0199515 -0.0349403 0.0325331 0.00735214 -0.105448 0.0230459 -0.0566686 -0.0288187 -0.000263595 -0.0131554 0.0230689 -0.00290335 -1.85757e-05 0.0235662 0.00339881 -0.00018077 -0.00725189 -0.0131907 0.000333977 2.9553e-05 0.037507 -0.0385248 -0.0261606 -0.00424052 0.0317569
internal_weight=2504.86 79.5571 57.3909 39.8957 34.6062 17.4953 20.8948 22.1662 8.23923 1.00631 7.23292 1.62179 3.31203 2425.3 45.2351 18.6316 10.4178 2380.07 16.2561 10.5641 2363.81 160.399 139.206 2203.41 2185.51 17.898 26.6035 17.4901 8.69638 21.1931
internal_count=23570 5907 3099 1983 1531 1116 347 2808 920 61 859 86 471 17663 272 85 48 17391 86 59 17305 1902 1811 15403 15329 74 187 124 49 91
is_linear=0
shrinkage=0.05


Tree=143
num_leaves=31
num_cat=0
split_feature=2 2 10 9 11 5 2 6 12 12 9 2 10 10 2 3 12 10 5 3 4 2 29 29 3 9 12 12 29 29
split_gain=2.01059 5.27514 4.58129 5.37276 4.41571 4.20001 5.85261 3.99601 4.35182 5.43611 5.04761 8.81434 4.66571 6.35669 7.25674 6.67558 4.95725 4.09471 4.0048 3.94998 6.63622 5.23398 4.89619 4.93027 4.63871 9.90622 9.07908 6.60375 12.377 8.32689
threshold=0.95458075404167186 0.76903465390205394 76.618057250976577 212.72222137451175 20.332638740539554 0.32776972651481634 0.85666406154632579 4.4395833015441903 -0.66458335518836964 -0.74791666865348805 343.63195800781256 2.1669125556945805 44.701387405395515 33.395833969116218 4.5089156627655038 4.9754166603088388 13.218750000000002 95.923610687255874 0.45693300664424902 2.9183334112167363 3.6464582681655888 0.75199273228645336 35.79699897766114 35.86003494262696 2.6792360544204716 219.77082824707034 11.360416889190676 1.9583333134651186 35.654365539550788 35.725976943969734
decision_type=2 2 2 2 2 2 2 2 2 2 2 2 2 2 2 2 2 2 2 2 2 2 2 2 2 2 2 2 2 2
left_child=1 19 3 4 -3 6 -5 8 9 10 17 -12 13 15 -15 -10 -14 -2 -18 24 22 -22 -21 -24 27 26 -26 29 -29 -1
right_child=7 2 -4 5 -6 -7 -8 -9 12 -11 11 -13 16 14 -16 -17 18 -19 -20 20 21 -23 23 -25 25 -27 -28 28 -30 -31
leaf_value=-0.0065745995165032451 -0.0051085985577293061 -0.0070062361535853353 0.035209410194053985 -0.041511659512911019 -0.08155124953066567 0.025537947204644654 0.013574189915424943 -0.043981924279834189 -0.0062116018813649252 -0.047553959283180132 -0.28808255923974646 -0.036385358378246434 -0.0015708115630788432 0.021003936244692198 -0.01672654409518708 0.045540244656103457 0.03594788265794828 0.030030763043315634 -0.073402160311657028 0.0048314650515067165 0.00081204351367145241 0.067590397525220711 0.083222295671262908 0.022754585759370061 -0.0018830057211083927 -0.024389645712647675 0.075358340023767581 0.012075716666898663 -0.013294169443841415 0.0066096890971511918
leaf_weight=167.76619388000108 357.54260904993862 8.1051230744924379 18.552534519927576 6.8273079738719415 2.6315627694129935 30.848132700659335 16.414798970567062 5.6052850515115997 83.328968876041472 7.6085213869810095 0.39323278982192222 3.0129084952641279 316.57508181710728 91.115328399697319 14.815966747002674 6.7349086578469715 1.0525627345778037 8.4871873150113952 4.0941860168240964 48.802984131500125 437.61440368928015 2.9540805649012318 3.6639234125614157 42.171407573623583 75.367068799445406 64.285346864257008 4.0066079795360556 64.523924014531076 188.58324200718198 418.51519467227627
leaf_count=1673 3928 88 141 74 17 204 128 55 962 112 22 112 3125 659 130 59 26 107 63 439 3961 22 18 329 718 565 20 468 1834 3511
internal_value=-6.38037e-06 0.00105633 0.013301 0.00703117 -0.0252772 0.0134442 -0.00260713 -0.00189681 -0.00163316 -0.00571919 -0.00485761 -0.0654433 0.00134262 0.00742398 0.0157268 -0.00234164 -0.00236218 -0.00429382 -0.051039 0.000383878 0.00384026 0.0012598 0.015853 0.0275882 -0.0014979 -0.00980016 0.00201597 -7.69908e-05 -0.00682669 0.00283697
internal_weight=2502 1601.63 83.3795 64.8269 10.7367 54.0902 23.2421 900.367 894.761 377.044 369.436 3.40614 517.717 195.995 105.931 90.0639 321.722 366.03 5.14675 1518.25 535.207 440.568 94.6383 45.8353 983.048 143.659 79.3737 839.389 253.107 586.281
internal_count=23570 14210 652 511 105 406 202 9360 9305 4281 4169 134 5024 1810 789 1021 3214 4035 89 13558 4769 3983 786 347 8789 1303 738 7486 2302 5184
is_linear=0
shrinkage=0.05


Tree=144
num_leaves=31
num_cat=0
split_feature=30 7 13 0 4 0 4 3 30 3 3 11 30 0 30 30 3 2 3 5 2 0 11 6 11 30 30 5 13 10
split_gain=1.91216 3.86243 3.75761 3.73549 3.69306 3.58878 2.99738 6.48787 2.77413 4.38251 5.77729 4.4746 4.13805 4.62702 4.12099 2.80556 4.80597 9.63939 4.10145 7.81242 4.80434 4.75942 7.50677 6.6364 4.23324 3.52717 9.62494 6.7389 3.21557 2.51639
threshold=-109.12405014038085 0.61041668057441723 98.568748474121108 25.035416603088382 1.5064583420753481 25.845138549804691 4.9052083492279062 3.7865277528762822 -101.70369720458983 2.4931249618530278 3.4347223043441777 4.0534722805023202 -104.80995178222655 21.163194656372074 -106.62485122680663 -97.264274597167955 5.5785417556762704 4.4207816123962411 3.3718750476837163 0.42095914483070379 -0.10002588108181952 24.519444465637211 6.6430556774139413 0.010416666977107527 16.897916793823246 -97.004226684570298 -96.966995239257798 0.32776972651481634 115.79375076293947 37.090276718139656
decision_type=2 2 2 2 2 2 2 2 2 2 2 2 2 2 2 2 2 2 2 2 2 2 2 2 2 2 2 2 2 2
left_child=1 2 3 6 -4 -5 7 -1 9 14 11 -11 -12 -14 29 18 25 28 19 20 -10 22 -20 -23 -21 27 -27 -17 -18 -2
right_child=8 -3 4 5 -6 -7 -8 -9 15 10 12 -13 13 -15 -16 16 17 -19 21 24 -22 23 -24 -25 -26 26 -28 -29 -30 -31
leaf_value=0.0017440667473993653 0.020402222874037416 0.041301658414025035 -0.16449964005720874 -0.12075723817177171 0.036312845620989576 0.015821062494805374 0.052933652221673115 -0.10944259369546372 0.059490292251917723 -0.016496768156253706 0.0041433417474770785 0.046945442242803254 -0.078495335561606372 -0.0070692785368087641 -0.06249265922503594 -0.037473217533631496 -0.029284331380226458 0.065799369102199232 -0.01811723255738094 -0.046405244827626868 -0.0061926108244071236 -0.058183701948170977 0.038818596734387728 0.0091616800384341814 0.0033845822201919104 0.032078775533273297 -0.00021215585091367202 0.0018921336228107299 -0.11594003998853041 -0.038700425892750488
leaf_weight=54.540762296761386 3.6451009549200535 7.698679134482517 0.23422927828505535 1.2347109746187919 10.161940495716406 0.7878980190725996 2.7078880020417264 1.3443469218909729 5.3251567035913467 4.2770086098462361 9.0629413276910782 7.9369406253099442 4.6439281962811947 4.4306884407997131 7.0901435613632184 18.21974903345108 20.300963659537963 2.7364935949444762 7.2528868466615668 11.506363317370417 5.8340529650449771 4.0859012231230727 28.687753155827522 34.939503043889999 6.7872323691844931 23.323707848787308 2180.5359320607968 26.957274213433266 1.1301375478506077 3.5597377270460129
leaf_count=3332 21 1165 9 29 957 46 283 86 24 34 50 39 33 25 47 91 554 35 35 56 30 23 129 166 33 110 15972 127 6 23
internal_value=-6.77546e-06 0.00766282 0.00401589 -0.000747375 0.0317885 -0.0675538 0.00155876 -0.000930589 -0.000255995 -0.0126041 -0.00185333 0.0247296 -0.0197545 -0.0436215 -0.0354304 -2.41253e-05 -0.000392236 -0.0225703 0.00798966 -0.00781985 0.0251512 0.0142009 0.0273288 0.00211072 -0.0279324 -0.000153916 0.000129583 -0.0139838 -0.033854 -0.00879898
internal_weight=2500.98 78.7105 71.0118 60.6156 10.3962 2.02261 58.593 55.8851 2422.27 44.6465 30.3515 12.2139 18.1376 9.07462 14.295 2377.62 2273.2 24.1676 104.419 29.4528 11.1592 74.966 35.9406 39.0254 18.2936 2249.04 2203.86 45.177 21.4311 7.20484
internal_count=23570 5907 4742 3776 966 75 3701 3418 17663 272 181 73 108 58 91 17391 16895 595 496 143 54 353 164 189 89 16300 16082 218 560 44
is_linear=0
shrinkage=0.05


Tree=145
num_leaves=31
num_cat=0
split_feature=30 30 30 10 30 2 1 4 10 4 7 2 12 3 30 2 30 0 1 12 1 10 30 10 29 1 3 30 30 29
split_gain=1.86384 15.6209 9.33838 8.00367 6.56629 7.72083 5.99003 7.11924 3.75298 6.04877 3.71212 3.48108 5.21137 3.46292 3.38087 3.37046 5.52984 3.33365 14.0015 7.39108 5.63261 4.72203 4.66801 4.33932 3.54564 5.49378 4.018 3.17616 9.8678 3.557
threshold=-79.26528167724608 -79.273685455322251 -79.281692504882798 85.243057250976577 -79.248573303222642 0.43549430370330816 25.158332824707035 3.4881249666213994 38.826387405395515 4.1437499523162851 0.064583335071802153 4.321545124053956 8.1604170799255389 3.3210417032241826 -96.908473968505845 4.0432066917419442 -86.99761581420897 25.779861450195316 26.182440757751468 3.1770832538604741 26.041070938110355 68.798610687255874 -79.025478363037095 81.729167938232436 35.692842483520515 27.188690185546879 1.9793750047683718 -79.042778015136705 -79.070907592773423 35.221244812011726
decision_type=2 2 2 2 2 2 2 2 2 2 2 2 2 2 2 2 2 2 2 2 2 2 2 2 2 2 2 2 2 2
left_child=1 2 11 8 5 -2 7 10 9 -3 -7 15 14 -9 -13 -1 -17 18 20 -20 21 -6 -21 27 25 -25 -26 28 -19 -29
right_child=4 3 -4 -5 17 6 -8 13 -10 -11 -12 12 -14 -15 -16 16 -18 23 19 22 -22 -23 -24 24 26 -27 -28 29 -30 -31
leaf_value=0.0020463880132600815 -0.046589421830911942 -0.061118318914401386 -0.036297101375837935 0.118512051299345 0.0010007431259176417 0.015538528269820795 -0.040169016122857087 -0.057206424058726127 0.04561006576300531 0.049500469186326085 0.099991326352690105 0.0042605690718752502 -0.059499132335163768 0.031380519150784096 -0.017108294082457703 0.056277733498336403 -0.022139660634534611 0.001893597289809865 -0.068104936781378064 -0.039997361993595881 0.053096029287407399 -0.0058540801284670384 0.011186232984338107 0.10201911977373597 -0.034841426728325707 0.016713205503949301 0.029237088101902772 -0.028249417709890604 -0.038476046828700761 0.0081780837064595376
leaf_weight=824.44994800712448 16.98799004778266 2.4609742239117685 16.685274612158537 3.1004013270139685 782.17083451198414 2.2395517230033857 5.3554368168115607 2.6631249152123928 13.006102029234169 2.482328861951828 3.1053794883191586 41.235929428832605 4.7204271487426004 1.8833169303834436 33.585993204731494 6.9398616002872586 3.3254334714729321 113.50431627780199 11.138014901429417 9.5943926759064215 4.7962398976087561 370.1132392201107 8.3154199421405774 3.2948922589421299 3.5544637218117696 4.4180720075964928 7.8474543243646622 6.9732790663838378 17.466815937310457 171.88088031113148
leaf_count=10444 178 22 172 22 6063 25 54 33 106 22 30 556 43 24 304 101 48 897 81 80 23 2970 42 21 36 27 35 74 133 904
internal_value=-5.66415e-06 0.00173509 0.000771993 0.0443287 -0.00107668 -0.023407 0.00242276 0.025483 0.031515 -0.00556999 0.0646052 0.00144851 -0.00854604 -0.0205102 -0.00533147 0.00240091 0.0308745 -0.000601574 -0.00183669 -0.0361227 -0.000975956 -0.00120102 -0.0162331 0.00385213 0.0269725 0.0531549 0.00926108 0.0024257 -0.00349025 0.00675783
internal_weight=2499.3 951.993 930.943 21.0498 1547.3 32.2348 15.2468 9.89137 17.9494 4.9433 5.34493 914.258 79.5423 4.54644 74.8219 834.715 10.2653 1515.07 1186.13 29.0478 1157.08 1152.28 17.9098 328.94 19.1149 7.71296 11.4019 309.825 130.971 178.854
internal_count=23570 11840 11668 172 11730 344 166 112 150 44 55 11496 903 57 860 10593 149 11386 9259 203 9056 9033 122 2127 119 48 71 2008 1030 978
is_linear=0
shrinkage=0.05


Tree=146
num_leaves=31
num_cat=0
split_feature=1 7 6 3 9 7 10 3 6 12 1 7 6 0 10 0 3 4 7 9 5 11 0 11 6 3 29 29 4 6
split_gain=1.83993 5.38009 5.95627 10.8945 6.30626 5.67576 5.08756 4.76156 4.54334 4.38162 4.34049 7.14773 5.50081 4.26667 5.46632 4.93562 8.8956 7.7469 6.65 7.78828 6.31226 5.70413 4.58467 6.86244 10.4764 4.14888 3.23629 5.04651 3.26706 2.8007
threshold=25.100893020629886 1.2229166626930239 0.96458330750465404 3.4038194417953496 172.89582824707034 0.77291664481163036 28.277777671813968 3.2738194465637211 0.46041667461395269 2.2104166746139531 26.425297737121586 0.86041668057441723 0.99791666865348827 26.765277862548832 30.902777671813968 24.584028244018558 1.969375014305115 2.4608333110809331 0.20208333432674411 168.31944274902347 0.85959100723266613 20.103472709655765 24.21805572509766 21.611110687255863 1.872916638851166 2.7944444417953496 34.40844917297364 35.630987167358406 4.3210415840148935 1.6270833611488345
decision_type=2 2 2 2 2 2 2 2 2 2 2 2 2 2 2 2 2 2 2 2 2 2 2 2 2 2 2 2 2 2
left_child=13 2 4 10 8 6 -6 9 -2 25 12 -12 -4 15 -15 22 18 -18 21 -20 -19 -17 26 24 -24 29 28 -28 -1 -3
right_child=1 7 3 -5 5 -7 -8 -9 -10 -11 11 -13 -14 14 -16 16 17 20 19 -21 -22 -23 23 -25 -26 -27 27 -29 -30 -31
leaf_value=0.03362851516276423 0.057696748608181275 -0.038233025038633878 0.069045147530978193 0.047382339668509778 0.015433540780001757 -0.062471653767357499 -0.0025419021953843233 0.010585082824063249 -0.003265379871728669 -0.082355658988716607 0.0024991380381253789 -0.045131730230158151 0.0097644822829170592 -0.0092923854924970364 0.05842506104509574 0.0086246013836641534 -0.05419670951710498 -0.0091305993874258029 0.019769501486295506 -0.046849478940966 -0.080668356742599756 0.052439739745467097 0.0071757578476652822 -0.055689572163310788 0.061397138506722661 -0.061420175171666619 -0.012253947286239346 -8.8153463489258537e-05 -0.026405262162228139 0.015115758468502112
leaf_weight=12.224191578570752 7.9286375343799573 3.8910848870873505 4.0289480984210959 17.672264970839024 43.746167924022302 3.7556114047765723 392.88469563238323 8.9845325425267202 4.973421941511333 3.7083655931055537 57.329383622854948 9.1309544965624792 136.29929583892226 5.3079498732695338 6.7953243590891361 20.920550624956377 10.767194443964398 166.20735175255686 8.6487275436520594 8.9037084057927114 3.1418612524867049 11.517686289735137 48.218550635850988 3.4162752404808989 10.927558809518812 4.5910307094454756 90.848249300732277 1381.1457896642387 2.7819877159781745 6.6896321326494217
leaf_count=281 35 25 19 89 873 21 2577 46 25 24 354 62 828 51 46 155 95 1210 51 76 17 59 350 33 57 29 1342 14652 51 37
internal_value=-7.43457e-06 0.00215522 0.00304048 0.00970148 -0.000257935 -0.00126738 -0.000740938 -0.019377 0.0341974 -0.0336352 0.00648126 -0.00404484 0.0114665 -0.000859103 0.0287272 -0.00106032 -0.0078933 -0.0130725 0.0107673 -0.0140239 -0.0104578 0.0241818 -4.56294e-05 0.0132136 0.0171934 -0.0217266 -0.000603484 -0.000839 0.0224989 -0.00450339
internal_weight=2497.39 705.614 677.749 224.461 453.289 440.386 436.631 27.8646 12.9021 18.8801 206.789 66.4603 140.328 1791.77 12.1033 1779.67 230.107 180.116 49.9907 17.5524 169.349 32.4382 1549.56 62.5624 59.1461 15.1717 1487 1471.99 15.0062 10.5807
internal_count=23570 5044 4883 1352 3531 3471 3450 161 60 115 1263 416 847 18526 97 18429 1663 1322 341 127 1227 214 16766 440 407 91 16326 15994 332 62
is_linear=0
shrinkage=0.05


Tree=147
num_leaves=31
num_cat=0
split_feature=30 30 4 7 5 1 3 10 5 29 3 30 12 30 29 3 10 30 29 30 29 29 30 5 5 0 5 4 10 29
split_gain=1.79504 11.7698 8.63609 5.13923 5.56931 5.13847 5.0364 5.02033 4.51858 4.25294 4.17802 4.14421 7.35199 5.05082 3.72126 5.22371 4.44367 3.2912 15.1356 11.0877 14.8996 7.18698 6.87946 9.33895 8.18752 6.6651 5.18581 5.4259 3.31476 6.67822
threshold=-75.70598983764647 -76.269851684570298 3.4331250190734868 0.67708334326744091 0.17185990512371066 21.996130943298343 1.8618749976158144 80.951389312744155 0.51556551456451427 40.068038940429695 3.2831250429153447 -73.27999114990233 5.7625000476837167 -75.049243927001939 39.408555984497077 3.3210417032241826 84.409721374511733 -76.80580902099608 40.443843841552741 -76.589794158935533 37.118564605712898 36.112329483032234 -77.269069671630845 0.6685987412929536 0.53169137239456188 21.229166984558109 0.6685987412929536 3.3318749666213994 50.159723281860359 41.705129623413093
decision_type=2 2 2 2 2 2 2 2 2 2 2 2 2 2 2 2 2 2 2 2 2 2 2 2 2 2 2 2 2 2
left_child=1 17 5 6 -5 -3 -2 11 -7 -4 -11 13 -13 -8 15 -6 -16 22 19 21 -21 -19 28 24 -24 -25 27 -20 -1 -30
right_child=3 2 9 4 14 8 7 -9 -10 10 -12 12 -14 -15 16 -17 -18 18 26 20 -22 -23 23 25 -26 -27 -28 -29 29 -31
leaf_value=0.0018781527741267069 -0.06564134235956702 -0.025313461531640293 0.068526880878157517 -0.044708793090162763 -0.056413502112537664 -0.0021053195690078608 -0.0055402077052272881 -0.058120736285689638 0.050447195555256591 0.046551369979861396 -0.00321151369705281 -0.0021969380453923998 0.064924854523806502 -0.039555101231606431 0.051743603696540089 0.021352060030562933 0.0010287822970172383 -0.063824886523724353 -0.019095859266946964 0.07827732241549322 -0.027604289184402539 -0.016342443691273141 0.013163990054880063 -0.081527322478207154 0.060888914392906959 0.0094365423021470392 0.076028750991223359 0.051478522051187414 -0.0010409345094624467 -0.015438853660328589
leaf_weight=951.83355506695807 4.1127284765243521 10.084523461759092 10.089546531438829 3.8451008275151279 3.3289481699466723 9.8014642298221606 43.501167923212051 4.9424596950411788 7.0197512358427039 11.307481124997141 6.7273987606167784 24.562133528292183 4.8921546153724185 14.56837249919772 11.445549443364145 6.1468609962612391 6.9372493773698798 17.503941047936678 6.0730457752943021 5.1964422911405554 9.2137544304132444 14.630241919308899 29.343862113077193 3.5973555902019125 12.953954418189822 4.5745613276958466 4.5461877989582709 4.9377648355439305 1161.57910647057 86.538165908539668
leaf_count=9801 32 49 39 26 17 43 230 34 28 47 32 162 30 113 58 34 40 114 28 20 45 72 157 30 54 22 20 24 10988 1181
internal_value=-7.24434e-06 0.000304885 0.0231581 -0.00576781 0.0116993 0.00290709 -0.0115017 -0.00909366 0.0198257 0.0425317 0.0279887 -0.00632511 0.00895153 -0.0140738 0.0194849 -0.00596777 0.032605 -0.000238945 -0.0115939 -0.0258647 0.0105775 -0.0422068 7.43998e-05 0.0183262 0.02778 -0.0306066 0.0311024 0.012553 -0.000344321 -0.00203921
internal_weight=2495.83 2367.55 55.0302 128.283 31.7037 26.9057 96.579 92.4663 16.8212 28.1244 18.0349 87.5238 29.4543 58.0695 27.8586 9.47581 18.3828 2312.52 62.1014 46.5444 14.4102 32.1342 2250.42 50.4697 42.2978 8.17192 15.557 11.0108 2199.95 1248.12
internal_count=23570 22794 238 776 175 120 601 569 71 118 79 535 192 343 149 51 98 22556 323 251 65 186 22233 263 211 52 72 52 21970 12169
is_linear=0
shrinkage=0.05


Tree=148
num_leaves=31
num_cat=0
split_feature=2 2 0 1 1 5 11 12 2 12 29 29 1 11 3 29 2 2 2 12 4 11 4 3 3 4 5 12 13 12
split_gain=1.77821 4.69888 4.31288 4.8592 3.77919 4.46359 4.08641 3.75854 9.55817 6.47299 6.00513 7.55028 5.21784 5.98522 5.15804 5.12469 5.11087 4.99129 5.80647 4.81465 4.40665 5.46264 4.85149 3.555 7.33034 6.25097 6.13902 6.48507 6.10873 6.85326
threshold=0.95458075404167186 0.76903465390205394 13.929166793823244 19.031845092773441 22.486011505126957 0.3047557026147843 14.838194370269777 -4.6020832061767569 4.9183359146118173 -4.3312501907348624 35.680410385131843 39.670738220214851 20.955654144287113 19.977083206176761 2.3373612165451054 40.703229904174812 4.8051371574401864 4.5953156948089608 4.1177020072937021 -4.1979165077209464 2.648749947547913 23.05555629730225 2.9210417270660405 2.8384027481079106 2.6792360544204716 3.6793749332427983 0.063775800168514266 1.9583333134651186 36.314582824707038 9.0583333969116229
decision_type=2 2 2 2 2 2 2 2 2 2 2 2 2 2 2 2 2 2 2 2 2 2 2 2 2 2 2 2 2 2
left_child=1 23 -3 -4 6 -6 -5 8 14 12 -10 -12 -9 -14 -2 -13 -15 18 -16 -11 21 -21 -22 24 26 -25 -1 -28 29 -26
right_child=7 2 3 4 5 -7 -8 9 10 19 11 15 13 16 17 -17 -18 -19 -20 20 22 -23 -24 25 28 -27 27 -29 -30 -31
leaf_value=-0.041224611327735847 0.0022477446506132771 -0.057362044688102354 0.062445437787851776 0.01751845672825084 -0.0050200852054384454 0.02324034959734889 -0.053714288955928141 -0.031159337253200976 0.078667828992128389 -0.037613455235187221 -0.015910268613097783 0.077206395306142817 0.084579526546151973 -0.025915055531286493 -0.019884637063409927 0.0083953606250393407 0.044765394413520739 -0.047981163304952577 0.017388830372958155 0.0076468986003100526 -0.016622784873543087 -0.03152522553870845 -0.0012378024069973886 0.012954164410911462 -0.00055713599723125878 0.00060807920831940857 0.0032817931364005912 -0.0063392259306579981 -0.020539088325664853 0.091105472677421195
leaf_weight=8.9712135413428751 38.101015275693499 2.1494272768031797 4.9414692833088329 3.7242372403852624 19.607047971338034 48.618628377793357 4.3827143646776676 3.0877343541942563 3.6072100978344706 8.8606911308597756 13.209606935735794 5.0502479430288059 5.1013031399343189 4.0146938711404783 81.867832172079943 5.8285366757772863 7.0470689684152603 13.185063378186895 11.977040947182102 188.27437106368598 57.992068940657191 9.341554217040537 440.19474869722035 132.69751881610136 12.591778264846651 450.89792127849068 576.75390811695252 251.53975573997013 77.744978395057842 2.4332128767855457
leaf_count=199 488 90 77 34 137 276 38 47 34 98 151 22 34 28 983 54 49 172 118 1781 665 50 4586 1134 193 4106 5020 2267 623 16
internal_value=-7.3958e-06 0.000993075 0.0125455 0.0143943 0.0112837 0.0151187 -0.0209908 -0.00178919 -0.00841417 -0.000207548 0.0185028 0.00949319 0.0283977 0.0397752 -0.0135508 0.0403394 0.019113 -0.0191748 -0.0151276 -0.000989018 -0.000522624 0.00579518 -0.00302871 0.000356365 -0.00156313 0.00341532 -8.55346e-05 0.000360041 -0.0148986 0.0142871
internal_weight=2493.79 1597.05 83.4235 81.2741 76.3326 68.2257 8.10695 896.741 172.827 723.914 27.6956 24.0884 19.2508 16.1631 145.131 10.8788 11.0618 107.03 93.8449 704.663 695.803 197.616 498.187 1513.63 930.035 583.595 837.265 828.294 92.77 15.025
internal_count=23570 14210 652 562 485 413 72 9360 2022 7338 261 227 158 111 1761 76 77 1273 1101 7180 7082 1831 5251 13558 8318 5240 7486 7287 832 209
is_linear=0
shrinkage=0.05


Tree=149
num_leaves=31
num_cat=0
split_feature=9 0 6 0 8 29 0 9 10 13 3 5 7 6 7 7 10 11 7 5 11 11 0 6 7 6 3 4 10 13
split_gain=1.83766 3.90066 5.6692 3.82663 5.93754 5.79982 9.06873 5.2812 5.1722 4.37266 3.82556 4.01024 5.78241 4.6592 4.21821 8.57566 3.67473 5.78136 10.4028 5.03579 3.59805 3.54281 4.69703 3.50245 9.90037 5.56278 5.50558 5.02742 4.94998 10.1273
threshold=234.02082824707034 12.317360877990724 1.9645833373069765 23.3881950378418 1.0000000180025095e-35 35.88811111450196 27.370138168334964 229.96527862548831 42.354166030883796 107.8583335876465 1.3286111354827883 0.44311843812465673 1.5354166626930239 1.9104166626930239 0.16875000298023227 0.20208333432674411 85.631942749023452 20.460416793823246 0.94374999403953563 0.24565017968416217 21.128472328186039 22.438194274902347 25.190972328186039 1.8229166865348818 1.6520833373069765 2.3229167461395268 3.5572916269302373 2.5235416889190678 77.77777481079103 96.356250762939467
decision_type=2 2 2 2 2 2 2 2 2 2 2 2 2 2 2 2 2 2 2 2 2 2 2 2 2 2 2 2 2 2
left_child=3 2 -2 23 16 8 7 -7 -6 -10 -3 12 13 -12 20 -16 17 18 -5 -19 -13 22 -18 24 -1 28 27 -27 29 -25
right_child=1 10 -4 4 5 6 -8 -9 9 -11 11 14 -14 -15 15 -17 21 19 -20 -21 -22 -23 -24 25 -26 26 -28 -29 -30 -31
leaf_value=0.0006154811421812856 -0.040555900918912528 -0.031997648268797356 0.0819466294271715 -0.001452847999875206 -0.057215170511332139 0.018133437159702941 -0.057278025788713105 0.055482598828800848 -0.013460474674608017 0.012450811055375122 -0.0046161583803994459 0.0036618452796242 -0.066193558956328502 0.010208446855773462 -0.037493085846657614 -0.0004665230642251193 -0.010290484751900111 0.0015319732875667914 0.055621909893002412 -0.020417733559347236 0.020228972527422569 0.046844805337646456 0.036312916431882301 -0.013843195670138635 0.0779941036101921 -0.022898961387732238 -0.023195707041376992 0.0097153062742853062 -0.036174756409200925 0.10071578886003124
leaf_weight=743.33485768618993 10.863737897481768 9.956042842473833 1.0343546112999309 38.954861101694405 3.5959375426173201 97.068462916649878 3.7544667820911846 10.487374835647641 23.925262189935893 50.96653818199411 566.58464293205179 334.37379271606915 3.6677794754505149 58.470810016617179 17.344369316939265 158.95119510358199 15.53923255950213 47.52099820971489 10.041621372103689 58.052149139344692 36.333933874964714 6.7983946204185477 8.2915837839245778 31.253942826762795 4.1569170230068258 13.893353946506975 21.58040689281188 79.024322878569365 25.10026680235751 2.0561070442199698
leaf_count=8021 342 92 12 270 40 517 24 52 174 314 6066 2744 25 389 116 1084 121 318 54 377 187 38 56 400 57 128 404 732 406 10
internal_value=-8.29415e-06 -0.00142016 -0.0299062 0.00129696 0.00555442 0.0117693 0.0191088 0.0217752 0.00136056 0.00417308 -0.00113431 -0.000872955 -0.0035967 -0.00322939 0.00225771 -0.00410928 -0.000814794 -0.00395002 0.0102444 -0.0105376 0.00528563 0.0150071 0.00592449 -0.000437652 0.0010458 -0.00685067 -0.000445166 0.00483871 -0.019407 -0.00677189
internal_weight=2492.98 1197.58 11.8981 1295.4 374.997 189.798 111.31 107.556 78.4877 74.8918 1185.68 1175.73 628.723 625.055 547.003 176.296 185.199 154.57 48.9965 105.573 370.708 30.6292 23.8308 920.4 747.492 172.908 114.498 92.9177 58.4103 33.31
internal_count=23570 11057 354 12513 2355 1121 593 569 528 488 10703 10611 6480 6455 4131 1200 1234 1019 324 695 2931 215 177 10158 8078 2080 1264 860 816 410
is_linear=0
shrinkage=0.05


Tree=150
num_leaves=31
num_cat=0
split_feature=30 30 29 29 29 10 6 2 30 29 2 5 4 29 10 4 30 29 29 30 30 30 2 10 29 2 30 3 30 4
split_gain=1.82904 5.41377 8.28096 8.9126 7.0979 5.69978 10.3752 6.73958 5.34907 18.0929 8.0085 7.74252 4.9454 6.32904 4.6409 4.54887 4.27385 3.84364 3.14698 5.75311 10.0246 5.57408 10.2591 4.91349 3.98807 3.13375 3.11535 5.54166 3.29289 11.0214
threshold=-80.06703948974608 -80.495098114013658 41.268846511840827 36.13434028625489 40.93249702453614 64.062500000000014 0.46458333730697637 -2.6611930131912227 -82.924999237060533 37.980018615722663 2.1220626831054692 0.3047557026147843 4.3210415840148935 41.317014694213874 69.201389312744155 3.6093750000000004 -79.927204132080064 40.443843841552741 39.408555984497077 -109.12405014038085 -101.70369720458983 -84.990852355957017 -1.2053183317184446 56.770833969116218 37.32044982910157 -0.70243272185325611 -79.690834045410142 2.7579860687255864 -79.311107635498033 3.0168750286102299
decision_type=2 2 2 2 2 2 2 2 2 2 2 2 2 2 2 2 2 2 2 2 2 2 2 2 2 2 2 2 2 2
left_child=1 8 3 -3 -5 6 15 -8 18 -10 14 -12 13 -7 -11 -4 17 -2 19 24 -21 23 -23 -20 -1 -6 27 -18 29 -28
right_child=16 2 5 4 25 12 7 -9 9 10 11 -13 -14 -15 -16 -17 26 -19 21 20 -22 22 -24 -25 -26 -27 28 -29 -30 -31
leaf_value=0.031931849661745143 -0.053264662248957151 0.036762706238686341 0.070783049176173993 -0.061704583481146748 0.039854169897288433 0.062622922309608975 0.042127996285214624 -0.040274983682630765 0.045566050558820272 -0.051733619944783572 0.066993332392796909 -0.029953326964554456 0.095726620921352631 -0.014480088953590204 -0.0097316601430639058 0.0083836365560483357 0.052228008440191348 0.02339129908121499 0.0084188568601405306 -0.03401254202672168 -0.00063965845629475359 0.095081499747248985 0.012933579552014005 -0.0068262040063576382 3.2254102440187118e-05 -0.028106718124283961 0.01889802738669176 -0.037640718637942751 -0.00066809817854016735 -0.056878948268417412
leaf_weight=21.288338578655384 6.9271743409335595 7.3164479285478619 7.5978205502033251 8.24455453827977 3.5421403422951698 7.3726358711719531 3.4112192690372458 9.1027144864201528 10.008143976330755 24.172685417113826 3.8127162582240981 4.478675288381055 4.6797696501016608 4.1652081683278084 9.0346640555653703 4.7445037215948105 6.5708164460957033 2.1405985876917839 176.19346474250779 24.103813095018268 338.57631964609027 4.7230606451630619 19.459780187578872 75.501710187643766 18.152535402914509 3.2549434565007678 9.01106706261635 2.3214269012678415 1661.7730972063728 10.264210256282238
leaf_count=2808 69 32 32 77 17 29 14 67 44 366 50 148 20 29 130 22 35 17 1121 177 1683 25 193 700 2738 25 54 54 12676 118
internal_value=-8.57844e-06 0.00197428 0.015985 -0.00850122 -0.0305182 0.0293138 0.0142688 -0.0178125 0.000756016 -0.0147777 -0.0293307 0.0146267 0.0523728 0.0347884 -0.0403062 0.0467961 -0.000933989 -0.0351687 0.0019361 -0.000885414 -0.00285763 0.00604875 0.0289776 0.00384575 0.0172502 0.0073095 -0.000750295 0.0287667 -0.000906431 -0.0214537
internal_weight=2491.95 792.938 63.432 22.3581 15.0416 41.0739 24.8563 12.5139 729.506 51.5069 41.4987 8.29139 16.2176 11.5378 33.2073 12.3423 1699.01 9.06777 677.999 402.121 362.68 275.878 24.1828 251.695 39.4409 6.79708 1689.94 8.89224 1681.05 19.2753
internal_count=23570 10547 364 151 119 213 135 81 10183 738 694 198 78 58 496 54 13023 86 9445 7406 1860 2039 218 1821 5546 42 12937 89 12848 172
is_linear=0
shrinkage=0.05


Tree=151
num_leaves=31
num_cat=0
split_feature=9 2 2 2 30 12 6 12 29 3 30 30 29 3 30 5 2 2 12 6 13 9 2 3 9 5 2 29 5 13
split_gain=1.70877 4.63414 4.09708 4.89256 9.83742 5.8792 4.84604 5.86003 4.16689 4.02183 3.89989 9.56974 6.67261 6.60808 5.93223 5.34799 5.1355 5.07322 4.87636 6.4946 5.84194 4.81511 6.70081 4.67703 6.51453 4.4246 3.85335 3.77605 3.50877 3.49706
threshold=245.74305725097659 6.5248706340789804 5.0036361217498788 3.4854166507720952 -79.118217468261705 5.3437500000000009 0.66875001788139354 1.5187500119209292 35.659040451049812 2.5415972471237187 -78.72967147827147 -76.80580902099608 41.806915283203132 3.3372222185134892 -78.749805450439439 0.80283012986183178 -1.6717132329940794 0.76903465390205394 8.1604170799255389 2.6520833969116215 52.822917938232429 297.68750000000006 1.2974896430969241 2.388541698455811 286.11805725097662 0.20345357805490497 0.76903465390205394 40.703229904174812 0.25793790817260748 67.693748474121108
decision_type=2 2 2 2 2 2 2 2 2 2 2 2 2 2 2 2 2 2 2 2 2 2 2 2 2 2 2 2 2 2
left_child=1 2 3 29 5 -5 9 8 -8 -4 14 16 13 15 18 -13 -12 -15 19 25 -21 27 -23 26 -25 -2 -18 -20 -6 -1
right_child=10 -3 6 4 28 -7 7 -9 -10 -11 11 12 -14 17 -16 -17 23 -19 21 20 -22 22 -24 24 -26 -27 -28 -29 -30 -31
leaf_value=-0.001606002220918952 -0.0088929136205179397 -0.038424887603389642 0.022954947243573019 0.013847599274812321 -0.0063909174152380751 -0.079634329148787583 0.079216400369948287 -0.060285672547411642 0.0027139684507989934 0.078098870635692333 0.070182980621697116 -0.022255526317765926 0.048283193062536839 -0.015521805153502446 -0.050293992098018284 0.032405046911562568 0.016804572028936111 0.049966966905004934 -0.020717464089730086 0.081827052805325193 0.013134908030478315 0.034646500206354965 -0.031975279224228999 -0.012885180239354213 0.035450342723537427 -0.00013811591326755277 0.057812253777907933 -0.064984363573321394 -0.045802371621330933 0.0035030255767861361
leaf_weight=566.20736676815432 189.35717096261214 7.391738890670239 14.43441446288489 25.32554202130996 7.8723488710820702 1.8015541778877366 2.0409139469265964 3.3452409370802334 13.918822027044369 4.2889706867281339 4.9276676997542372 50.223999708890915 5.29535974189639 4.9981865510344488 6.5310326442122451 4.9125976860523215 14.023233041167261 7.24228161200881 27.698798842029646 3.9352872623130706 14.498131588101385 8.601342511828987 6.7254147841595104 19.969539255835119 10.709310468286274 606.76126543583814 9.6849613785743696 5.8317529980558893 19.981907044537365 820.02674919157289
leaf_count=7368 2728 85 149 539 65 39 18 41 145 48 25 286 37 25 75 23 77 35 274 31 101 60 103 136 55 5286 44 77 235 5360
internal_value=-9.43668e-06 0.00106617 0.0012635 0.000836063 -0.0137919 0.00763931 0.0174629 -0.000115048 0.012497 0.0355868 -0.00160539 0.00640322 -0.00576006 -0.0100075 -0.00282046 -0.0173853 0.0213057 0.0232257 -0.00246136 -0.00154109 0.0277998 -0.0178041 0.00541272 0.0168772 0.00398769 -0.00222045 0.0335565 -0.0284165 -0.0346637 0.00141624
internal_weight=2488.56 1486.64 1479.24 1441.22 54.9814 27.1271 38.0284 19.305 15.9597 18.7234 1001.93 131.987 72.6724 67.3771 869.94 55.1366 59.3147 12.2405 863.409 814.552 18.4334 48.8573 15.3268 54.387 30.6788 796.118 23.7082 33.5306 27.8543 1386.23
internal_count=23570 14092 14007 13606 878 578 401 204 163 197 9478 743 406 369 8735 309 337 60 8660 8146 132 514 163 312 191 8014 121 351 300 12728
is_linear=0
shrinkage=0.05


Tree=152
num_leaves=31
num_cat=0
split_feature=30 30 29 7 29 29 30 29 2 30 10 3 3 29 30 1 1 29 2 30 29 3 1 11 29 30 30 2 7 29
split_gain=1.73935 4.90274 7.55872 8.25408 5.37858 7.45253 5.05731 12.3205 7.75018 6.47703 6.17862 6.98718 5.0133 4.7733 3.96258 3.92873 3.64606 3.61682 3.46437 3.18084 5.43143 6.05888 3.066 3.02511 2.91942 5.52141 4.40409 3.27708 3.25665 3.23226
threshold=-80.06703948974608 -80.495098114013658 41.268846511840827 0.018750000745058063 41.317014694213874 41.60673904418946 -83.395496368408189 41.042871475219734 1.4005434513092043 -81.036109924316392 69.201389312744155 2.1366666555404668 2.7408334016799931 39.046882629394538 -79.927204132080064 24.807737350463871 18.231548309326175 40.443843841552741 -1.5527433156967161 -84.990852355957017 37.459806442260749 3.609027743339539 24.376487731933597 23.616666793823246 42.399999618530281 -73.27999114990233 -79.690834045410142 0.70570650696754467 0.40625000000000006 35.468124389648445
decision_type=2 2 2 2 2 2 2 2 2 2 2 2 2 2 2 2 2 2 2 2 2 2 2 2 2 2 2 2 2 2
left_child=1 6 3 -3 16 -6 19 8 13 -10 -9 -12 -7 -8 17 18 -4 -2 -5 23 22 -22 -21 -1 26 -26 27 -16 -27 -28
right_child=14 2 4 15 5 12 7 10 9 -11 11 -13 -14 -15 24 -17 -18 -19 -20 20 21 -23 -24 -25 25 28 29 -29 -30 -31
leaf_value=0.0015286252239865503 -0.052430568274714019 0.04473398920075581 0.010943123141099189 0.0018202737087339559 -0.041784364534586907 -0.014751855362832252 0.019043149713170018 -0.051962639565760131 0.085455993805159683 -0.0099984559324600639 0.14201369796714108 -0.015333084915849183 0.049759984155837239 -0.027741885617177178 0.0072341671660189344 0.016317388031346341 0.057043251476018755 0.021811668207985847 -0.056730008648379238 -0.049416710380675945 0.044988620424651488 -0.03055034635475878 0.018429530352820044 -0.049218624051040452 -0.055803229375350816 -0.021437205938698398 -0.011077166089629106 0.071509519971542174 0.048638297822174215 -0.00025940092787164591
leaf_weight=640.93869616207667 6.697069723159073 5.5047307014465359 5.8351700305938747 3.5345969907939461 5.3063691332936314 4.5293592736124983 10.051541671156889 20.119982352945957 5.0317334905266762 2.7475468106567851 0.78818172216415305 6.7296116801444441 8.9865756668150407 11.913805415853856 4.3606127202510825 4.1226547062396994 16.186917662620544 2.1726521030068398 8.8574757166206819 3.7758673354983356 16.164574166294191 3.1761282410006961 2.9788870811462402 2.9501984417438498 6.7697791301179677 3.9513646177947503 72.1761265527457 3.6371210645884275 2.8566006682813168 1594.9184866705909
leaf_count=9156 69 31 27 23 36 27 51 420 33 24 4 181 55 115 26 21 68 17 76 27 92 51 15 14 199 32 735 21 20 11904
internal_value=-1.03863e-05 0.00192734 0.0153238 -0.00828954 0.0280538 0.00842788 0.00076953 -0.0134766 0.00885613 0.0517426 -0.0375117 0.00116349 0.0281413 -0.00633263 -0.000912426 -0.0259635 0.0448281 -0.0342448 -0.0400297 0.00198967 0.0191029 0.0325836 -0.0194961 0.00129611 -0.000737348 -0.0238288 -0.000550176 0.0364646 0.00796625 -0.000727751
internal_weight=2487.77 790.231 62.8638 22.0195 40.8444 18.8223 727.367 57.3824 29.7446 7.77928 27.6378 7.51779 13.5159 21.9653 1697.54 16.5147 22.0221 8.86972 12.3921 669.984 26.0955 19.3407 6.75475 643.889 1688.67 13.5777 1675.09 7.99773 6.80797 1667.09
internal_count=23570 10547 364 151 213 118 10183 828 223 57 605 185 82 166 13023 120 95 86 99 9355 185 143 42 9170 12937 251 12686 47 52 12639
is_linear=0
shrinkage=0.05


Tree=153
num_leaves=31
num_cat=0
split_feature=0 30 30 29 0 29 30 10 10 29 29 30 30 29 6 29 29 30 9 4 6 29 30 29 5 12 30 9 7 3
split_gain=1.70245 1.69281 7.42743 9.26787 6.53699 9.11359 4.6519 5.26572 4.27424 4.04784 3.60404 3.51886 14.7368 9.59063 12.1714 11.3962 8.89839 7.51063 6.96236 6.72483 5.08877 4.20295 6.73308 5.33777 2.98476 2.87314 2.56751 0.48536 0.419192 0.241458
threshold=-1.002083361148834 -86.35467147827147 -85.705905914306626 38.592149734497077 21.977777481079105 40.405790328979499 -85.615661621093736 72.673610687255874 60.534723281860359 43.175634384155281 43.95331001281739 -96.901752471923814 -96.908473968505845 42.151927947998054 1.4062500000000002 39.670738220214851 45.061439514160163 -95.704093933105455 236.56944274902347 3.6989583969116215 1.2604166865348818 41.806915283203132 -109.12405014038085 39.211111068725593 0.45693300664424902 -2.6062500476837154 -78.72967147827147 100.23611068725587 0.18958333134651187 3.7865277528762822
decision_type=2 2 2 2 2 2 2 2 2 2 2 2 2 2 2 2 2 2 2 2 2 2 2 2 2 2 2 2 2 2
left_child=27 11 3 -3 8 -6 7 24 -5 26 -11 12 21 15 16 17 -15 -13 -16 -17 25 23 -23 -2 -4 -14 -8 -1 -29 -30
right_child=1 2 6 4 5 -7 9 -9 -10 10 -12 13 20 14 18 19 -18 -19 -20 -21 -22 22 -24 -25 -26 -27 -28 28 29 -31
leaf_value=-0.0016176908603343185 0.0039196193798254767 -0.090468444549352434 0.019461954723231461 0.040130291807093509 -0.070950572824139066 0.012924922401798329 -0.0013119616668278266 -0.021685302570792625 -0.036818220258547259 -0.050729816554683074 -0.003076211546665094 0.028431660558778778 -0.078251991132893217 -0.046963562799184816 -0.0029506635214676408 0.065233775209411149 0.00078686590257136604 -6.9763191146196625e-05 0.081734305274060379 0.020656600507803963 -0.004131315807507893 -0.0034774832844501726 0.031176820084367025 -0.012228588300783896 0.06814888626193738 -0.036660575520699311 0.0031760305976602059 -0.074567481406293518 0.019759934491579201 -0.051620211437593905
leaf_weight=0.49673826992511694 192.77796947781462 4.7034243866801289 6.7886443515308219 6.6615259931422788 7.6965722069144231 5.5914038643240929 1453.4115702279378 4.3579782689921549 2.4752419679425657 7.5394927202723911 8.3751615583896619 29.879655621945858 6.4115057885646847 20.712130301166326 5.0136291109956783 14.029877364635466 18.445351880276576 102.08865685015917 4.7045145491138101 21.312953185290098 8.3301262557506544 26.722564484924078 29.478592604398727 69.66810346278362 5.8697575777769089 11.784030154347422 408.17080119904131 1.1414994914084671 0.2196035087108611 0.25727226561866701
leaf_count=8 6313 28 37 46 41 27 11834 28 30 189 220 154 33 190 64 66 253 517 35 110 37 145 133 535 33 54 2323 44 4 39
internal_value=-1.1262e-05 2.69336e-05 -0.000678685 -0.0266558 -0.0132716 -0.0356569 -0.000306709 0.0257184 0.0192842 -0.000542583 -0.0256519 0.0024424 -0.000690499 0.00744452 -0.0120402 0.0131365 -0.0244705 0.0063834 0.038045 0.0383522 -0.0364981 0.00229029 0.0146994 -0.000367033 0.0420383 -0.051316 -0.000327924 -0.0448503 -0.0581199 -0.0187493
internal_weight=2485.12 2483 1921.64 27.1282 22.4247 13.288 1894.51 17.0164 9.13677 1877.5 15.9147 561.36 345.173 216.187 48.8756 167.311 39.1575 131.968 9.71814 35.3428 26.5257 318.647 56.2012 262.446 12.6584 18.1955 1861.58 2.11511 1.61838 0.476876
internal_count=23570 23475 14836 172 144 68 14664 98 76 14566 409 8639 7250 1389 542 847 443 671 99 176 124 7126 278 6848 70 87 14157 95 87 43
is_linear=0
shrinkage=0.05


Tree=154
num_leaves=31
num_cat=0
split_feature=30 6 6 29 9 12 2 4 1 7 12 3 1 5 1 4 3 5 1 11 2 3 11 10 10 29 2 9 29 9
split_gain=1.69208 2.66635 3.72954 2.65669 2.62172 3.26953 2.38862 1.93374 1.83622 4.87884 3.4327 2.54349 2.19881 6.61781 3.35057 2.18864 3.60844 2.36048 1.97301 1.96369 3.0043 2.44919 1.92979 1.61062 1.59886 1.34463 1.06565 0.755398 0.510882 0.406089
threshold=-120.55100250244139 0.61875000596046459 0.59791669249534618 40.443843841552741 127.08333206176759 -1.9354166388511655 0.76903465390205394 4.4310417175292978 5.5369048118591317 0.44791665673255926 6.6395833492279062 7.6397917270660409 5.7788689136505136 0.37171608209609991 5.6741073131561288 4.834583282470704 4.9754166603088388 0.93450316786766063 3.9068452119827275 -2.6854166984558101 -6.6497280597686759 6.4727084636688241 -1.920138895511627 47.354166030883796 98.576389312744155 38.365810394287116 -8.3707818984985334 282.63888549804693 47.750186920166023 100.23611068725587
decision_type=2 2 2 2 2 2 2 2 2 2 2 2 2 2 2 2 2 2 2 2 2 2 2 2 2 2 2 2 2 2
left_child=1 2 3 4 5 -1 27 -6 9 10 15 12 13 -10 -15 17 -17 -2 22 20 -14 -21 -11 -24 26 -13 -3 -5 -28 -12
right_child=8 24 -4 6 7 -7 -8 -9 11 18 29 25 19 14 -16 16 -18 -19 -20 21 -22 -23 23 -25 -26 -27 28 -29 -30 -31
leaf_value=-0.06589847110529716 -0.0081475723002412542 -0.049901839893674312 -0.24085558867590529 -0.067700738914442934 0.036064030952515418 0.020193552949617763 0.0067618667123530863 -0.020109272596336304 0.073284424378121063 -0.053574767203462118 0.00067964935781156754 0.069763801942834394 0.042826521695816133 -0.035295549217609003 0.016907236689193157 0.044048059345437651 -0.054561511873872565 0.049935083097861474 -0.054520644481991391 1.0704273802479771e-05 -0.036960304555963455 -0.025147482547999301 -0.058970624263148891 0.030828623618829827 -0.07241174690718695 0.013982582978907407 0.050585258218664421 -0.020244195674943039 0.12177219341975154 -0.055273680554424526
leaf_weight=1.8911999000702051 18.576890947762887 0.2576299353968351 0.15362278302200039 2.0975354053080077 11.273743741330689 2.645417979685603 4.3574987649917603 1.7730121887288977 4.0858791992068317 1.8189018387347458 0.36593906767666284 1.895609214901923 1.4095178572461007 4.3794591184705469 10.309808070771396 6.1806400818750253 1.0915798393543807 1.9310687147080887 7.0548069346696138 2366.962567584822 7.2403150806203467 9.7136575076729041 0.63395871664397274 2.3513416694477201 0.28459515399299551 2.5120216775685549 4.7333901817910364 1.3970404881983993 0.26620894670486439 2.8479291251860559
leaf_count=136 214 9 16 34 2567 235 37 361 38 76 6 8 11 48 88 90 172 14 150 17463 99 118 16 99 24 36 1234 19 1 151
internal_value=-1.03687e-05 0.0115732 0.00476348 0.00624695 0.0170454 -0.015696 -0.0179343 0.0284303 -0.000157474 -0.0104166 1.90893e-05 2.50606e-05 -4.45117e-05 0.0169994 0.00134349 0.00567881 0.0292465 -0.0026784 -0.0376909 -0.000178666 -0.0239588 -9.21192e-05 -0.0129769 0.0117588 0.0430169 0.0379727 0.0492656 -0.0487288 0.0543757 -0.0489027
internal_weight=2482.49 31.1309 25.5891 25.4354 17.5834 4.53662 7.85207 13.0468 2451.36 42.8531 30.994 2408.51 2404.1 18.7751 14.6893 27.7802 7.27222 20.508 11.859 2385.33 8.64983 2376.68 4.8042 2.9853 5.54182 4.40763 5.25723 3.49458 4.9996 3.21387
internal_count=23570 4673 3405 3389 3299 371 90 2928 18897 988 647 17909 17865 174 136 490 262 228 341 17691 110 17581 191 115 1268 44 1244 53 1235 157
is_linear=0
shrinkage=0.05


Tree=155
num_leaves=31
num_cat=0
split_feature=2 1 0 9 0 30 13 30 9 0 30 30 6 30 30 30 3 30 29 6 29 9 12 30 30 4 30 2 29 2
split_gain=1.63181 4.95484 4.52923 3.89703 4.47205 4.03257 8.89441 4.77408 3.36039 3.67175 3.3877 5.88131 8.77332 4.16007 6.7795 4.57562 4.0353 3.35708 8.17713 4.76813 5.48657 4.31274 4.04249 3.14207 2.40103 3.82892 1.19976 0.0395185 0.0043649 0.0028003
threshold=-1.3178312778472898 26.830060005187992 4.9256944656372079 81.409721374511733 7.226388931274415 -79.261032104492173 28.683333396911625 -79.290195465087876 95.770832061767592 1.1034722328186037 -96.901752471923814 -96.966995239257798 1.4312499761581423 -82.058330535888658 -81.036109924316392 -84.990852355957017 2.9183334112167363 -86.99761581420897 43.175634384155281 1.2020833492279055 39.670738220214851 245.74305725097659 9.554166793823244 -73.27999114990233 -76.269851684570298 5.6337499618530282 -106.62485122680663 -1.639298617839813 41.89190864562989 -2.0565476417541499
decision_type=2 2 2 2 2 2 2 2 2 2 2 2 2 2 2 2 2 2 2 2 2 2 2 2 2 2 2 2 2 2
left_child=1 8 26 4 -4 7 -7 -6 9 -1 11 16 -13 15 -15 -12 -10 19 22 21 -21 -5 -19 -20 25 -11 -2 29 -28 -3
right_child=2 27 3 17 5 6 -8 -9 10 24 13 12 -14 14 -16 -17 -18 18 23 20 -22 -23 -24 -25 -26 -27 28 -29 -30 -31
leaf_value=0.048862183718722169 0.056256410305605756 0.05717744248031769 0.083979395123871522 0.010026803625560996 0.025489413386761941 -0.034418667010414149 0.032238381899152908 0.14394676726657582 -0.014360133273458631 -0.016900917027409878 0.010070556753462542 -0.050597748248998833 0.028566350612460181 -0.063106442766424603 0.0025675971931608914 0.049614304906412693 0.0082396151510787091 -0.001142139372131724 -0.048231919240626177 0.0080403539702690024 0.043675730114183853 -0.0036173596480471417 -0.014900513770899973 0.0003368663905243319 -0.052350379394596504 0.02732019037288785 -0.053386035551202839 0.070953744458388993 -0.050441811223324119 0.061630013505862648
leaf_weight=2.4168200194835654 0.26891701528802503 0.67162231192924082 2.3475131615996387 83.063479277072474 3.6143666455755064 9.1440117210149783 11.05498308688402 1.11232282221317 31.74916721007321 36.152947728522122 90.068854855373502 14.261482596397402 4.6380270421504965 3.9586481414735308 535.86900174990296 7.9619997050613156 52.270525897154585 1244.7184739690274 13.207063150126489 50.758337324601598 13.721239292528479 191.30058181204367 55.782030471600592 4.4526515342295161 3.8148684427142134 5.6616174827795467 2.8722543688490978 1.6194518195698027 2.2410459977108985 0.74462042830418818
leaf_count=16 4 25 23 1694 469 132 71 8 1009 624 445 70 20 44 3668 46 539 9399 299 583 95 2972 528 38 23 138 85 34 451 18
internal_value=-1.01602e-05 0.00186277 -0.000887909 -0.000741571 0.0180051 0.0117916 0.00206298 0.0533658 0.00161741 -0.0111967 0.00244852 -0.00596915 -0.0311705 0.00380673 0.002086 0.0132823 -0.000300325 -0.00105013 -0.00219118 0.00338876 0.0156236 0.000513399 -0.00173227 -0.035986 -0.0143778 -0.0109135 -0.0466819 0.0656188 -0.0520956 0.0595185
internal_weight=2481.52 791.86 1689.66 1684.28 27.2732 24.9257 20.199 4.72669 788.824 48.0463 740.778 102.919 18.8995 637.859 539.828 98.0309 84.0197 1657 1318.16 338.844 64.4796 274.364 1300.5 17.6597 45.6294 41.8146 5.38222 3.03569 5.1133 1.41624
internal_count=23570 6719 16851 16311 703 680 203 477 6642 801 5841 1638 90 4203 3712 491 1548 15608 10264 5344 678 4666 9927 337 785 762 540 77 536 43
is_linear=0
shrinkage=0.05


Tree=156
num_leaves=26
num_cat=0
split_feature=0 6 1 0 6 6 30 1 0 2 30 12 0 30 1 30 30 30 6 29 3 30 30 11 13
split_gain=1.6336 3.32638 3.14222 3.55451 4.59182 5.18645 7.69271 5.91192 3.47366 6.12217 4.67847 4.06366 3.52933 7.89297 2.97764 2.64911 5.43712 6.17979 5.30648 3.43059 4.51228 3.57111 3.36199 1.31351 0.805989
threshold=28.268054962158207 1.4812499880790713 29.160416603088382 27.450694084167484 1.5812500119209292 0.59791669249534618 -79.035778045654283 27.642559051513675 26.51874923706055 -0.42406831681728357 -78.987926483154283 7.4229166507720956 26.250694274902347 -97.084445953369126 26.708036422729496 -96.901752471923814 -79.306854248046861 -79.213623046874986 0.38958333432674414 33.547899246215827 1.2925000190734866 -104.80995178222655 -79.294250488281236 20.981250762939457 131.51249694824222
decision_type=2 2 2 2 2 2 2 2 2 2 2 2 2 2 2 2 2 2 2 2 2 2 2 2 2
left_child=2 15 3 8 5 6 -5 -7 12 10 -10 -11 14 -14 -1 19 24 22 -19 -2 -21 -22 -18 -4 -17
right_child=1 -3 23 4 -6 7 -8 -9 9 11 -12 -13 13 -15 -16 16 17 18 -20 20 21 -23 -24 -25 -26
leaf_value=-0.0004388810899168639 -0.062755189611942097 0.061986255631233236 0.069165714988073709 -0.029794408401756844 -0.06854680039727612 0.001500541757799449 0.0077517172363724962 0.073045090107624569 0.02095031218465003 0.0054537364610835332 0.082895374587701451 -0.041611143610192719 -0.073201864864951269 -0.0069462797830756682 0.015068858795477242 0.052685159684309993 -0.0049241317790400989 0.021238187658070035 -0.0078713072309561701 -0.30458964861672772 0.055493125599686194 -0.0074969954847207004 -0.068255157549756973 0.01062620093262256 0.025033252960229676
leaf_weight=2040.0190391828073 2.642135031521323 2.5737921223044387 2.2650073434924702 37.759191504330374 3.2450101077556601 23.522158570587639 21.359493739902973 3.2915058061480513 12.552094537881205 130.94054057472385 4.0256993621587744 4.7527768835425368 5.0428803866961962 41.378447260707617 31.430760183022358 6.6669857203960401 4.2290043234825134 38.232596311718225 26.512470472604036 0.12348748743534343 2.4803732617292615 24.234759300947186 4.1539630591869336 1.6609104126691816 4.3576751053333282
leaf_count=20258 18 15 37 353 24 141 130 18 113 900 17 30 62 289 204 36 24 201 163 1 349 122 30 9 26
internal_value=-1.03749e-05 0.00577729 -0.00029497 -0.000369342 -0.0101612 -0.00795644 -0.016229 0.010283 1.53093e-05 0.00730952 0.0359929 0.00380525 -0.000509131 -0.0141438 -0.000203577 0.00450416 0.00902274 0.00408803 0.00931813 -0.00839412 -0.00304253 -0.00164866 -0.0363062 0.0443998 0.0417553
internal_weight=2479.45 116.207 2363.25 2359.32 89.1774 85.9323 59.1187 26.8137 2270.14 152.271 16.5778 135.693 2117.87 46.4213 2071.45 113.633 84.1527 73.128 64.7451 29.4808 26.8386 26.7151 8.38297 3.92592 11.0247
internal_count=23570 985 22585 22539 666 642 483 159 21873 1060 130 930 20813 351 20462 970 480 418 364 490 472 471 54 46 62
is_linear=0
shrinkage=0.05


Tree=157
num_leaves=21
num_cat=0
split_feature=30 12 30 30 9 0 2 2 2 11 1 7 12 3 2 30 29 3 2 9
split_gain=1.57992 8.34478 4.78789 8.81606 4.68917 4.5437 8.42225 5.14458 4.3296 2.19599 1.80863 5.04773 2.97635 2.35107 2.06542 2.00189 1.23365 0.937515 0.0263059 0.0249601
threshold=-72.423046112060533 1.2104166746139529 -73.27999114990233 -73.47448348999022 244.42360687255862 18.559027671813968 0.43549430370330816 -1.2053183317184446 1.5476967096328738 15.563194751739504 5.5369048118591317 0.44791665673255926 6.6395833492279062 7.6397917270660409 0.95458075404167186 -79.107582092285142 38.365810394287116 2.3284027576446538 -0.17314958572387693 230.90972137451175
decision_type=2 2 2 2 2 2 2 2 2 2 2 2 2 2 2 2 2 2 2 2
left_child=2 9 3 10 -3 -4 7 -7 -8 -2 11 12 -1 14 -12 -13 -15 -5 -19 -11
right_child=1 4 5 17 -6 6 8 -9 -10 19 13 15 -14 16 -16 -17 -18 18 -20 -21
leaf_value=0.0052461785615172873 -0.012213157582517625 -0.0084989366974245664 0.056664998087222911 -0.028602115086008059 0.065998025593885387 0.01281802468468015 0.078469152637617529 -0.058146894302958142 0.010427629118198566 -0.06802760487481127 0.0012824616828983335 -0.011458314099186876 -0.046736001599409077 0.067595535156245862 -0.0017787694260555159 -0.055212462901828734 0.013935840148024027 -0.066118438543492447 -0.059232242959774563 -0.061683328884172085
leaf_weight=28.123723629629243 2.9586410038173216 5.5671986564993841 6.7546333037316826 3.253260772675274 3.4037885628640652 5.1628571525216129 4.5316828861832601 5.0538749098777762 4.8296910226345062 2.6810222789645195 1511.1136987516657 4.1566910825204104 3.0525732311652964 1.8687824755907048 867.22640758112539 7.0448048380203527 2.5093881012871861 2.5380240604281425 3.0576933920383453 3.6759917326271534
leaf_count=506 19 36 35 27 26 28 21 33 30 19 13363 214 166 8 8786 134 36 19 31 33
internal_value=-9.66752e-06 -0.0146521 9.91659e-05 -0.00013026 0.0197668 0.0213051 0.00910558 -0.0222859 0.0433654 -0.0477975 5.15149e-05 -0.0101872 0.000156433 0.000233616 0.000166229 -0.038976 0.03684 -0.0499464 -0.0623556 -0.064359
internal_weight=2478.56 18.2866 2460.28 2433.95 8.97099 26.3327 19.5781 10.2167 9.36137 9.31566 2425.1 42.3778 31.1763 2382.72 2378.34 11.2015 4.37817 8.84898 5.59572 6.35701
internal_count=23570 133 23437 23290 62 147 112 61 51 71 23213 1020 672 22193 22149 348 44 77 50 52
is_linear=0
shrinkage=0.05


Tree=158
num_leaves=24
num_cat=0
split_feature=0 2 5 13 30 13 30 10 5 4 5 5 3 13 30 30 10 2 3 0 4 2 4
split_gain=1.5793 1.71008 4.81673 3.18728 9.03745 5.04263 4.17335 4.81231 3.6805 2.89996 4.89705 3.06604 2.47623 2.46307 5.01977 2.64735 2.10914 0.704799 0.922841 0.33398 0.000807288 4.27394e-06 6.71287e-07
threshold=-1.002083361148834 -7.5524585247039786 0.10818644985556604 16.031250000000004 -78.934486389160142 15.268750190734865 -78.577270507812486 70.548610687255874 0.048986589536070831 5.5831248760223398 0.71980217099189769 0.49936333298683172 7.6397917270660409 23.056249618530277 -79.022460937499986 -78.769439697265611 18.173610687255863 -5.9878363609313956 2.7188194990158085 12.317360877990724 4.6654167175292978 0.67241200804710399 6.774583339691163
decision_type=2 2 2 2 2 2 2 2 2 2 2 2 2 2 2 2 2 2 2 2 2 2 2
left_child=17 2 -2 4 5 8 16 -8 -3 10 11 -4 13 14 -5 -15 -6 -1 -19 -7 -20 -22 -23
right_child=1 3 9 12 6 19 7 -9 -10 -11 -12 -13 -14 15 -16 -17 -18 18 20 -21 21 22 -24
leaf_value=-0.081581979152555301 0.053126262885806533 0.052481942140974451 -0.0080239979428313301 0.027457311431120447 0.0028839506412517073 -0.052226785400414172 0.014384172722314301 -0.043146507044777495 5.9949546277291826e-05 0.036158242720823568 -0.056622952453111434 0.027902781042507652 0.038854243976214391 -0.00073717132048235008 -0.0099045720242552995 0.0036805820741762441 -0.03882505584083986 0.038981238100188248 -0.053737959318392037 -0.087970028798327438 -0.050694531922394641 -0.050414330005110058 -0.050222764311393511
leaf_weight=0.77971645444631565 5.6267515569925299 3.4276685183867803 16.699474748689688 23.184482675627805 3.3680174238979808 2.2044206343125547 11.332838037516924 5.3513025257270774 144.53096728492528 5.644582822918891 3.7161005251109591 9.215840404853223 4.1783195715397587 1772.0274358340539 14.684121716767548 419.37218355946243 30.290213136235252 0.42275254195555934 0.49494067998602986 0.92894109548069526 0.10719563160091639 0.076467554783448577 0.11377255734987557
leaf_count=6 25 70 133 660 30 49 112 57 3140 32 31 57 35 16070 118 2390 441 10 12 25 15 14 38
internal_value=-9.9734e-06 2.58584e-05 0.0101646 -0.000144459 -0.00616814 -5.48905e-05 -0.0245158 -0.00406833 0.00127438 0.00331196 -0.00294504 0.00475206 0.000398816 0.000326739 0.0129697 0.000108262 -0.0346514 -0.0444805 -0.0206735 -0.0628235 -0.0525008 -0.050442 -0.0502998
internal_weight=2477.78 2475.78 40.9028 2434.88 201.434 151.092 50.3424 16.6841 147.959 35.276 29.6314 25.9153 2233.45 2229.27 37.8686 2191.4 33.6582 1.99485 1.21513 3.13336 0.792376 0.297436 0.19024
internal_count=23570 23475 278 23197 3924 3284 640 169 3210 253 221 190 19273 19238 778 18460 471 95 89 74 79 67 52
is_linear=0
shrinkage=0.05


Tree=159
num_leaves=27
num_cat=0
split_feature=29 2 9 29 29 6 6 0 11 11 1 5 11 3 29 1 3 10 2 10 10 10 12 2 5 2
split_gain=1.54782 2.93767 2.8057 2.60627 8.98111 4.40218 3.97609 4.39883 4.87173 4.28256 6.07032 5.93791 4.03745 3.75203 3.35805 2.49793 2.34051 1.97101 2.71511 2.12462 1.89477 1.88435 2.02207 1.86814 1.09469 0.0757517
threshold=48.108736038208015 -3.746260285377502 261.32638549804693 45.319818496704109 44.524425506591804 1.7687500119209292 0.052083333954215057 15.060416698455812 9.0270829200744647 13.656250000000002 20.525297164916996 0.78307628631591808 8.9340276718139666 2.927847266197205 45.061439514160163 20.832737922668461 7.6397917270660409 3.9930555820465092 -6.1219849586486808 5.3958332538604745 34.118055343627937 67.423610687255874 10.752083301544191 4.5953156948089608 0.5667785406112672 -1.08680123090744
decision_type=2 2 2 2 2 2 2 2 2 2 2 2 2 2 2 2 2 2 2 2 2 2 2 2 2 2
left_child=3 -2 24 4 16 14 12 8 13 11 -11 -9 -5 -8 20 -16 17 18 -1 -19 -6 23 -23 -18 -3 -10
right_child=1 2 -4 6 5 -7 7 9 25 10 -12 -13 -14 -15 15 -17 21 19 -20 -21 -22 22 -24 -25 -26 -27
leaf_value=-0.076997011544798488 0.051208036704351347 -0.030298432020524582 -0.0019319815485093058 0.017480281249302419 -0.025235156938954798 0.04609262656208362 -0.069855867213906644 0.061765883843530017 -0.070132959719913054 -0.023804202818813208 0.055885805538995449 -0.012301975361476059 -0.057126144114885646 0.044375547138697645 -0.040176021914360927 0.036416855760630099 0.098669025976762512 -0.022076162692573641 0.016790277519923055 2.9059386460132979e-05 -0.063476644706555854 -0.070617299897283561 0.080899247015947112 0.021335870049641846 -0.080023301201408964 -0.054508197875683576
leaf_weight=0.79645432345569389 1.2930953204631794 2.0186791073065233 4.5988316526636481 3.5142290997318915 4.802910481579608 1.6216046004556108 0.91007757373154063 12.463442367501559 1.3716393113136294 6.7339517129585129 3.7042429856956005 3.4563100486993781 3.7468326687812805 3.4209936221595854 2.0622567567042998 2.2001872528344393 1.4388470882549875 10.920237879734485 24.812233605189249 2364.1823049961822 9.948424694593994 0.68394723930396117 0.32475593662820756 1.7079333644360302 2.4503636155277491 1.7854933254420755
leaf_count=8 6 33 27 24 39 22 7 79 9 63 18 18 33 141 46 11 32 188 728 21747 137 54 7 11 37 45
internal_value=-1.01712e-05 -0.0192952 -0.0293491 7.08354e-05 -0.000140751 -0.0329861 0.0125553 0.0197579 -0.0140604 0.0293655 0.0044757 0.0456851 -0.0210179 0.0203724 -0.0397304 -0.00064033 0.000141084 7.61876e-05 0.0138734 -7.25759e-05 -0.0510255 0.0376331 -0.021836 0.056696 -0.0575624 -0.0612965
internal_weight=2476.97 10.361 9.06787 2466.61 2425.5 20.6354 41.1072 33.8462 7.4882 26.3579 10.4382 15.9198 7.26106 4.33107 19.0138 4.26244 2404.87 2400.71 25.6087 2375.1 14.7513 4.15548 1.0087 3.14678 4.46904 3.15713
internal_count=23570 103 97 23467 23030 255 437 380 202 178 81 97 57 148 233 57 22775 22671 736 21935 176 104 61 43 70 54
is_linear=0
shrinkage=0.05


Tree=160
num_leaves=29
num_cat=0
split_feature=10 7 12 10 11 12 11 7 13 29 12 9 4 29 9 9 7 9 7 13 13 13 12 0 5 12 29 10
split_gain=1.5282 5.74713 10.3061 4.53518 5.92123 8.25609 7.90372 4.53433 4.19446 3.94245 3.93824 3.74709 6.97765 9.86926 5.18979 4.56612 5.15795 4.66316 3.29405 2.618 6.38613 5.49733 1.16864 1.13498 1.08689 0.972008 0.440474 0.000303998
threshold=64.520832061767592 2.0187499523162846 -0.71041664481163014 63.868055343627937 19.04374980926514 1.7354166507720949 21.072221755981449 1.7062500119209292 134.79792022705081 35.791999816894538 13.870833396911623 230.90972137451175 3.0914583206176762 41.191854476928718 291.38890075683599 227.8888854980469 0.72708335518836986 221.10416412353518 0.34791666269302374 21.118749618530277 8.8375000953674334 23.056249618530277 3.1187499761581425 13.622222423553469 0.27777157723903662 9.0583333969116229 40.405790328979499 76.840278625488295
decision_type=2 2 2 2 2 2 2 2 2 2 2 2 2 2 2 2 2 2 2 2 2 2 2 2 2 2 2 2
left_child=1 3 -3 7 5 9 -6 19 10 -5 11 15 13 -13 -14 17 -17 -2 -8 20 -1 -21 -4 24 -12 -24 -7 -26
right_child=8 2 22 4 6 26 18 -9 -10 -11 23 12 14 -15 -16 16 -18 -19 -20 21 -22 -23 25 -25 27 -27 -28 -29
leaf_value=0.0007607431904810202 0.00031048061906649861 0.055697052782035107 -0.037645797754757376 -0.025655363197924077 0.10173306784304746 -0.039541278090052867 0.057437859519501158 0.049212358435077264 0.062328365269282204 0.03607998344888836 0.048436856514947807 -0.0039726116212796753 -0.02349882820561151 0.056189704993939993 0.026795420512611769 0.03454008076455669 -0.02504565262303439 -0.01944164548072147 -0.0011812404428952492 0.035035030241828066 -0.021762158038342472 0.00096530224463419172 -0.10059647078516239 -0.075769895424363146 -0.050875068106348169 -0.057028490555376336 -0.070091636062396254 -0.052907230529185695
leaf_weight=111.81267618876882 581.28887052752543 2.3446621485054493 2.8012769985944015 3.4662433248013285 4.1426968351006499 2.1755717287305734 3.7564406245946866 4.8078946339664972 2.5452080594841382 10.184158326592295 0.42644547112286024 106.46061611874029 69.318618228891864 7.2830555234104386 5.5391087257303289 17.72585267433897 4.5677958365995428 31.500075840391219 6.6202525235712528 11.938866999349555 43.801231799647212 1430.9300879539223 2.4465208118781447 2.2835008800029755 0.38084730948321521 2.6853635108564049 2.57788454182446 0.35611108224838972
leaf_count=1791 6077 23 19 40 20 37 16 38 20 91 5 805 621 42 33 128 33 241 41 166 707 12451 17 14 25 31 23 15
internal_value=-1.01416e-05 0.000871607 -0.0364006 0.00110573 0.0194754 0.00064136 0.0433483 0.000728513 -0.00175997 0.0204035 -0.00195718 -0.00173399 -0.00792241 -0.000120393 -0.0197773 0.000103789 0.0223314 -0.000704866 0.0200393 0.000582684 -0.00557886 0.00124721 -0.0636203 -0.0552906 -0.0150943 -0.0777986 -0.0561093 -0.051857
internal_weight=2476.17 1646.49 10.2778 1636.21 32.9232 18.4039 14.5194 1603.29 829.676 13.6504 827.131 823.684 188.601 113.744 74.8577 635.083 22.2936 612.789 10.3767 1598.48 155.614 1442.87 7.93316 3.4469 1.1634 5.13188 4.75346 0.736958
internal_count=23570 15511 90 15421 268 191 77 15153 8059 131 8039 7980 1501 847 654 6479 161 6318 57 15115 2498 12617 67 59 45 48 60 40
is_linear=0
shrinkage=0.05


Tree=161
num_leaves=31
num_cat=0
split_feature=30 30 4 7 6 1 6 10 2 10 4 0 3 4 10 30 0 11 30 0 1 30 30 11 0 7 1 7 6 11
split_gain=1.63931 10.483 7.56004 4.69884 6.36644 4.6593 4.13226 3.84276 4.20864 3.69221 3.19746 6.7496 5.04105 3.67217 3.0932 6.10622 5.76734 8.12977 5.05142 12.4503 13.7366 6.11474 6.02837 4.50959 5.45501 4.33301 3.93932 3.5653 2.93863 3.26179
threshold=-75.70598983764647 -76.269851684570298 3.4331250190734868 0.67708334326744091 1.1895833611488345 21.996130943298343 0.085416667163372054 80.951389312744155 2.6290760040283208 61.812500000000007 4.2393751144409189 25.343750000000004 2.8111805915832524 2.9527083635330205 64.520832061767592 -78.856933593749986 6.8756945133209237 9.9854164123535174 -78.72967147827147 18.661806106567386 20.406845092773441 -77.440124511718736 -78.739860534667955 -0.3763888925313949 11.738194465637209 1.935416638851166 7.6827380657196054 0.006250000325962902 1.5062500238418581 19.343750000000004
decision_type=2 2 2 2 2 2 2 2 2 2 2 2 2 2 2 2 2 2 2 2 2 2 2 2 2 2 2 2 2 2
left_child=1 14 5 4 6 -3 -2 8 -8 -7 11 12 13 -5 18 23 26 -18 22 21 -21 -20 25 27 -25 -1 -17 -16 -6 -30
right_child=3 2 -4 10 28 9 7 -9 -10 -11 -12 -13 -14 -15 15 16 17 -19 19 20 -22 -23 -24 24 -26 -27 -28 -29 29 -31
leaf_value=0.00055726776528317891 -0.033874843123371544 -0.023905217283824838 0.040304113231945486 0.046382634727494251 -0.06593658865858161 0.0024617606430080707 0.0070811502585519355 -0.051523632350979391 -0.038521139267432461 0.052249452218740479 -0.010317878610947916 -0.0353884221152631 0.071572132513446393 -0.014321003456807063 0.085082611351786713 0.010812100783963762 -0.047316371799505021 -0.0096634950901104185 0.0020639348838278298 0.071393260482325721 0.012614039165878605 -0.039078394375164555 -0.05918552051420356 0.014307825761384327 -0.0017035436270169298 -0.033816261504992201 0.098075948318128991 -0.053197372627567935 -0.0082231038196586281 -0.061570539337790442
leaf_weight=1379.569303563796 10.325474362820385 10.035924620926382 27.668236546218395 4.7961424812674611 5.8889245390892055 11.069402083754541 56.505608610808849 3.4093535840511313 5.5570889180526128 5.6114665865898123 11.181558083742855 3.9898950010538092 6.4475601464509955 5.1843179687857628 0.50609592255204816 4.9173152865841976 16.086345763877034 131.73645993694663 22.048468685476109 11.110276207327841 94.338210495188832 15.29660284006968 4.2680443897843352 59.034636205760762 537.85734564508311 9.2294701901264471 1.7548033781349657 5.9045346220955253 9.8256263434886915 4.0448177531361571
leaf_count=13894 70 49 118 22 45 48 323 25 47 23 72 20 29 32 35 64 182 838 191 50 489 126 50 1281 4991 85 16 264 65 26
internal_value=-1.02139e-05 0.000289227 0.0219854 -0.00553962 -0.0110668 0.00301441 -0.00447741 0.000158801 0.00299792 0.0192104 0.0111746 0.0229447 0.0371121 0.0148503 -0.000225213 -0.00283923 -0.0117086 -0.0137609 0.00106455 0.0100209 0.0188071 -0.014788 0.000146495 -0.00056796 -0.000119965 0.000328833 0.033763 -0.0422807 -0.036344 -0.02378
internal_weight=2475.2 2348.04 54.385 127.156 95.5569 26.7168 75.7975 65.4721 62.0627 16.6809 31.5995 20.4179 16.428 9.98046 2293.66 757.798 154.495 147.823 1535.86 142.794 105.448 37.3451 1393.07 603.303 596.892 1388.8 6.67212 6.41063 19.7594 13.8704
internal_count=23570 22794 238 776 601 120 465 395 370 71 175 103 83 54 22556 7671 1100 1020 14885 856 539 317 14029 6571 6272 13979 80 299 136 91
is_linear=0
shrinkage=0.05


Tree=162
num_leaves=31
num_cat=0
split_feature=9 2 2 6 4 12 2 0 30 7 1 9 0 11 0 2 3 30 30 4 2 3 11 30 11 2 6 1 7 11
split_gain=1.57425 4.25234 3.76283 4.34595 6.0897 5.6015 4.32325 8.95256 6.76829 5.22253 3.67759 6.23281 3.5783 6.08707 3.97671 3.52965 3.12575 3.03835 8.49475 10.2379 7.28526 7.10897 8.01819 5.45508 4.53468 4.43928 4.22928 6.04317 5.81233 7.89951
threshold=245.74305725097659 6.5248706340789804 5.0036361217498788 0.66875001788139354 3.2252084016799931 0.94791665673255932 3.4854166507720952 25.190972328186039 -96.966995239257798 0.59375000000000011 14.231547355651857 131.56944274902347 23.3881950378418 20.25625038146973 23.328472137451175 5.4515011310577401 3.9479861259460454 -78.72967147827147 -76.80580902099608 3.8952083587646489 1.3710532784461977 2.452361106872559 20.03055572509766 -78.749805450439439 22.438194274902347 -1.6717132329940794 2.6520833969116215 17.554166793823246 0.2520833313465119 21.199305534362797
decision_type=2 2 2 2 2 2 2 2 2 2 2 2 2 2 2 2 2 2 2 2 2 2 2 2 2 2 2 2 2 2
left_child=1 2 6 10 -5 -6 12 8 -8 -9 11 -4 14 -14 -1 -12 -3 23 25 21 -21 22 -20 26 -23 -19 28 -28 29 -2
right_child=17 16 3 4 5 -7 7 9 -10 -11 15 -13 13 -15 -16 -17 -18 18 19 20 -22 24 -24 -25 -26 -27 27 -29 -30 -31
leaf_value=-0.00013529215191664901 -0.0029560816454153138 -0.059743103748569538 0.033076690512328595 0.071595948714236371 0.0066725643414248031 -0.058389244507565941 0.064663313206502343 -0.039787632846600231 -0.029872918432307161 0.036824898717870827 0.061594628053637426 0.13679578348711682 0.012174542708954961 0.00040599596698699073 -0.032435452771532022 -0.00032935523452019627 0.011189870608274692 0.064601794407977031 0.019945833385302935 -0.009492281220410629 0.05552599252712162 -0.041122825144455651 -0.040970278102053337 -0.049323239965327677 0.020467140924205554 0.015406594488734313 0.074674484340641695 0.0065504494878956586 -0.011321990380014716 0.012699425055624481
leaf_weight=903.44872775895055 582.10949377366342 4.9174188394099465 5.2547729464713511 2.5709465071558979 12.127407818101348 4.5491570429876438 1.9929032523650665 2.7819369807839385 37.886595887248404 11.100136779248713 3.1494987104088059 1.9996599256992338 178.06003201846033 286.93699038494378 9.6307391027221438 8.5436894129961711 2.2700563780963421 5.0090399384498587 18.565663397312168 7.6165496110916164 9.9193986319005472 25.235091503709558 7.6187654733657828 6.2086658366024485 3.3900773227214804 54.26165592414327 4.0819293800741461 16.077247679233551 162.47169672208838 93.521292578428984
leaf_count=9745 6618 66 50 21 124 59 238 25 544 71 30 23 1104 1797 82 94 19 25 106 40 48 161 36 75 15 312 31 121 1316 574
internal_value=-1.06961e-05 0.00102515 0.00121273 0.0167011 -3.28136e-05 -0.0110755 0.000799565 -0.0131105 -0.0251486 0.0214719 0.0336999 0.0616665 0.00134222 0.00491249 -0.000475979 0.0163495 -0.03734 -0.00154688 0.0055303 -0.00596723 0.027286 -0.0166064 0.00222135 -0.00262438 -0.0338287 0.0195641 -0.00228656 0.0203445 -0.00283092 -0.000789035
internal_weight=2473.31 1477.22 1470.03 38.1951 19.2475 16.6766 1431.84 53.7616 39.8795 13.8821 18.9476 7.25443 1378.08 464.997 913.079 11.6932 7.18748 996.087 131.616 72.3455 17.5359 54.8096 26.1844 864.47 28.6252 59.2707 858.262 20.1592 838.102 675.631
internal_count=23570 14092 14007 401 204 183 13606 878 782 96 197 73 12728 2901 9827 124 85 9478 743 406 88 318 142 8735 176 337 8660 152 8508 7192
is_linear=0
shrinkage=0.05


Tree=163
num_leaves=31
num_cat=0
split_feature=30 30 30 30 3 5 2 4 10 0 6 0 9 8 2 0 4 3 30 30 5 3 10 4 30 0 10 7 2 9
split_gain=1.5052 12.5481 8.34221 5.88134 6.10945 5.45404 8.21546 5.00395 9.09156 6.16045 3.72695 3.33637 5.58169 6.38513 4.60581 4.28143 7.70216 6.72776 8.00905 5.7692 4.86487 3.10695 3.07001 5.29292 6.64776 6.37639 3.48243 7.08221 2.96065 2.5717
threshold=-79.26528167724608 -79.273685455322251 -79.281692504882798 -79.24431991577147 2.0406249761581425 0.73769187927246105 1.2781314849853518 2.7756249904632573 65.451389312744155 6.6402776241302499 0.93541666865348827 6.5298612117767343 130.52777862548831 1.5000000000000002 -1.0000000180025095e-35 8.405555725097658 2.9118750095367436 3.4832638502120976 -76.660556793212876 -77.195240020751939 0.40456041693687445 2.2500694990158085 78.715278625488295 4.3485417366027841 -98.462085723876939 19.202083587646488 75.756942749023452 0.33958333730697637 -7.1034290790557852 237.25694274902347
decision_type=2 2 2 2 2 2 2 2 2 2 2 2 2 2 2 2 2 2 2 2 2 2 2 2 2 2 2 2 2 2
left_child=1 2 22 4 -2 6 10 8 -6 -9 -3 12 13 14 -5 16 -13 20 -19 -18 -17 -15 26 24 -24 -25 28 -28 -1 -11
right_child=3 5 -4 11 7 -7 -8 9 -10 29 -12 15 -14 21 -16 17 19 18 -20 -21 -22 -23 23 25 -26 -27 27 -29 -30 -31
leaf_value=0.027673425712432878 -0.060062773423169291 -0.028497276393477228 -0.035013073297864156 -0.047032139081682842 -0.041651149802340463 0.092402551770053562 0.077894511084092524 0.04103024593257984 0.069233707965462535 -0.045672976521554554 0.027209417592682035 -0.040670552768120004 -0.051076257197096422 -0.018258401029771627 0.02781534853896421 -0.0029867489573545056 0.015469918322731972 -0.022582016971105137 0.0059568400002322514 0.075357384848473152 0.0031674993039782157 0.027547905264307511 0.029456366532634927 -0.010861715896776276 -0.019756872090792913 0.040527169247602426 -0.040896781193736902 0.034862488625595274 0.0013909730165722429 -0.0094742158864167658
leaf_weight=10.865404416806994 7.6753364428877822 5.022378504276281 16.091347953304648 10.233288485556839 3.0871919728815582 3.9162980429828158 5.5549647584557524 3.3799890652298954 4.6074047274887562 12.770652789622547 7.4654617682099342 5.5841941051185122 8.3724789866246265 5.2210097182542112 2.5719583886675563 582.01054641976953 38.21829991042614 70.143088761717081 37.849086701869965 4.4943697005510321 716.35138492286205 12.722871942445634 7.7203992559807366 13.093003934132868 61.71732225921005 11.200012246146796 3.7166306031867888 18.148301387787797 774.44361802283674 7.9677395820617667
leaf_count=86 80 44 172 167 34 26 42 43 38 145 60 58 180 69 44 4464 314 783 201 21 4881 118 693 587 397 68 69 226 9370 90
internal_value=-1.14622e-05 0.00156509 0.000670634 -0.00097693 -0.0200231 0.0389171 0.0273077 -0.010363 0.024745 -0.0215636 0.00480522 -0.000473439 -0.0148825 -0.00502754 -0.0319989 -8.59194e-05 0.0145518 -0.000588606 -0.0125797 0.0217715 0.000408764 0.01422 0.00130799 -0.00725732 -0.0142851 0.0128305 0.00230261 0.0219848 0.00175461 -0.0317653
internal_weight=2472.22 938.955 916.996 1533.26 39.4883 21.9591 18.0428 31.813 7.6946 24.1184 12.4878 1493.77 39.1216 30.7491 12.8052 1454.65 48.2969 1406.35 107.992 42.7127 1298.36 17.9439 900.905 93.7307 69.4377 24.293 807.174 21.8649 785.309 20.7384
internal_count=23570 11840 11668 11730 430 172 146 350 72 278 104 11300 578 398 211 10722 393 10329 984 335 9345 187 11496 1745 1090 655 9751 295 9456 235
is_linear=0
shrinkage=0.05


Tree=164
num_leaves=29
num_cat=0
split_feature=13 13 29 2 2 1 0 11 6 30 5 29 5 1 2 5 12 12 5 6 3 29 30 2 29 2 6 3
split_gain=1.51715 3.19625 2.16738 2.29628 1.61807 4.49248 4.08753 3.63145 4.39144 5.16067 4.31169 6.51155 4.91827 3.62947 2.76719 4.22053 3.31689 2.63934 5.32628 2.73665 1.41428 3.09261 1.13233 0.0293357 0.00327738 0.00165262 0.000886264 2.83748e-05
threshold=140.58125305175784 145.91249847412112 37.700534820556648 3.5825181007385258 -1.3178312778472898 26.830060005187992 4.9256944656372079 13.656250000000002 1.4062500000000002 -96.901752471923814 0.10271408781409265 40.784446716308601 0.14688047021627429 19.686904907226566 -1.2974767088890073 0.57396805286407482 -1.3062499761581419 9.0583333969116229 0.14688047021627429 0.027083333581686023 4.1184027194976816 39.309597015380866 -106.62485122680663 -1.639298617839813 41.89190864562989 -2.0565476417541499 0.18124999850988391 3.3210417032241826
decision_type=2 2 2 2 2 2 2 2 2 2 2 2 2 2 2 2 2 2 2 2 2 2 2 2 2 2 2 2
left_child=4 20 3 -3 5 7 22 10 9 -9 11 -1 -12 -10 15 16 -8 19 -19 -16 21 -2 -6 25 26 -7 -24 -26
right_child=1 2 -4 -5 6 23 14 8 13 -11 12 -13 -14 -15 17 -17 -18 18 -20 -21 -22 -23 24 -25 27 -27 -28 -29
leaf_value=0.023598666463015602 -0.07972063992700984 -0.025874702680032349 -0.063782458226950459 0.069366149957056852 0.05589714828508105 0.056981341299205006 -0.018317737096418794 -0.010996614906092479 -0.023702017257105551 0.012142524775254782 -0.031479586478303498 -0.034565704330100054 -0.0023497926910313735 0.0011670065015016245 -0.0079446953649014249 0.023789937035876219 -0.084771298400863004 0.021540149177584341 -0.015380410168917761 0.00032952613529218996 0.065519552777285273 0.063243706787676865 -0.054754670725048804 0.069033842275207632 -0.051129297978350391 0.06053705661454846 -0.052576810790436662 -0.050369024349147362
leaf_weight=30.674381256569177 0.61318715184461126 1.5158985565649352 1.3715837395284323 1.0864675373304633 0.25688774231821287 0.61628997325897217 4.5653945144731551 27.346715315710753 16.222737095318735 202.73545076884329 15.146497721434569 5.70709304511547 334.47526357800234 153.39956907555461 107.20110832061619 3.0483538741245866 3.189623019192366 11.51613423344679 64.369329678593203 1473.7716288083466 3.382967546582222 0.98742088722065091 0.60701367957517449 1.545017658616415 0.13105153851211104 0.69563923962414287 2.0271779894828796 1.931589313666336
leaf_count=442 45 29 18 23 4 23 45 173 114 1219 221 34 3476 963 2739 21 25 123 630 12589 17 9 12 34 12 18 73 439
internal_value=-1.2887e-05 0.0205272 -0.0129197 0.0138876 -8.76431e-05 0.00177949 -0.000967916 0.00155192 0.00489238 0.00939229 -0.0019071 0.0144745 -0.00361177 -0.00121148 -0.000833201 -0.0260563 -0.04565 -0.000668736 -0.00977746 -0.000231524 0.047198 0.00847458 -0.0463193 0.064365 -0.0519099 0.0588667 -0.0530787 -0.0504173
internal_weight=2470.14 8.95753 3.97395 2.60237 2461.18 788.565 1672.62 785.708 399.704 230.082 386.003 36.3815 349.622 169.622 1667.66 10.8034 7.75502 1656.86 75.8855 1580.97 4.98358 1.60061 4.95372 2.85695 4.69683 1.31193 2.63419 2.06264
internal_count=23570 141 70 52 23429 6717 16712 6642 2469 1392 4173 476 3697 1077 16172 91 70 16081 753 15328 71 54 540 75 536 41 85 451
is_linear=0
shrinkage=0.05


Tree=165
num_leaves=31
num_cat=0
split_feature=3 6 0 11 29 1 3 6 7 1 2 11 30 30 11 7 0 11 0 11 3 10 29 1 0 6 5 10 5 5
split_gain=1.51978 5.91216 6.00795 5.73389 5.37687 9.01991 9.22626 7.47681 6.54315 4.83947 5.62899 3.60556 3.29147 3.28602 3.18547 8.3 7.14272 6.87392 9.8222 6.42879 5.40078 5.23571 7.35006 4.46066 4.45286 6.84442 4.05819 3.69457 5.67623 3.43912
threshold=1.7691666483879092 2.3562500476837163 22.457638740539554 11.552083492279055 35.898796081542976 25.715179443359379 1.6596527695655825 0.91458335518836986 0.26041665673255926 21.71339321136475 2.3021739721298222 22.438194274902347 -80.182350158691392 -79.08282089233397 22.438194274902347 1.185416638851166 26.064582824707035 21.635416030883793 26.064582824707035 21.361804962158207 2.2750694751739506 74.284721374511733 39.09523010253907 26.182440757751468 26.460416793823246 0.46041667461395269 0.59897175431251537 81.270832061767592 0.1047484762966633 0.19703882187604907
decision_type=2 2 2 2 2 2 2 2 2 2 2 2 2 2 2 2 2 2 2 2 2 2 2 2 2 2 2 2 2 2
left_child=1 3 -3 9 7 6 -6 8 -5 -1 -11 -7 -9 -4 17 16 -16 19 20 27 -19 22 -21 -22 -20 -26 -18 29 -29 -2
right_child=14 2 13 4 5 11 -8 12 -10 10 -12 -13 -14 -15 15 -17 26 18 24 21 23 -23 -24 -25 25 -27 -28 28 -30 -31
leaf_value=-0.031195434019153385 -0.0036014607592748543 0.0090398935626585519 -0.076393215785438395 -0.0069831085640738493 0.033722471211677832 -0.0070771237034046629 -0.0041608042426312794 0.051583007215283229 -0.043279141189242552 0.072512068173157959 -0.074570288245727603 -0.058774836658306011 0.0039209035018064869 -0.027091139845810693 0.037450582726193497 -0.04345433434517923 0.0027133612640469857 -0.060177041164739389 0.050694525415006977 0.012359320384605965 -0.013635353014191538 0.03339664521126387 -0.060197715878261497 -0.064526060706322899 0.019009180753269288 -0.017087139162885113 0.051624220684532998 0.013309590508996275 -0.0097444234760612689 0.0019927317039894928
leaf_weight=23.394394621951509 342.10329754033592 6.8103169829119024 5.9456190839409837 40.357749208807945 41.732091125799343 11.339477106928827 26.138668542145751 3.8725522523745886 17.934672980336472 2.4380307581741358 0.88722848147153843 4.8003883957862845 56.052480153739452 7.8313368260860416 22.146925810724497 7.1413057744503012 76.725816007703543 10.649076476693152 4.2803057096898547 28.26078836992383 34.29392003826797 26.498899698257446 3.9821994081139556 4.9241553843021384 22.270762890577316 32.005661923438311 4.4890685603022566 31.547647339873947 173.74736030888744 1395.100391486194
leaf_count=791 4199 54 49 330 280 73 174 20 179 88 22 23 360 44 120 46 483 79 24 201 264 155 21 35 139 243 21 286 2251 12516
internal_value=-1.24117e-05 -0.0037121 -0.0293774 -0.00140425 0.00147197 0.0111433 0.0191327 -0.00540094 -0.0181502 -0.0231729 0.0332683 -0.0224533 0.00700099 -0.0483681 0.000403414 0.00867871 0.0122806 -3.00414e-05 -0.0122918 0.00063428 -0.0285995 0.0169307 0.0033981 -0.0200251 0.00159592 -0.00227606 0.00541686 0.000141471 -0.00620172 0.000891081
internal_weight=2469.7 249.535 20.5873 228.948 202.228 84.0106 67.8708 118.217 58.2924 26.7197 3.32526 16.1399 59.925 13.777 2220.17 110.503 103.362 2109.66 108.424 2001.24 49.8672 58.7419 32.243 39.2181 58.5567 54.2764 81.2149 1942.5 205.295 1737.2
internal_count=23570 2487 147 2340 1439 550 454 889 509 901 110 96 380 93 21083 670 624 20413 784 19629 378 377 222 299 406 382 504 19252 2537 16715
is_linear=0
shrinkage=0.05


Tree=166
num_leaves=31
num_cat=0
split_feature=30 29 29 0 9 30 29 10 0 30 9 12 13 1 5 9 29 29 30 12 3 29 7 0 7 5 13 5 8 3
split_gain=1.54695 2.57495 2.79047 4.30186 2.36977 4.94408 2.15348 1.59859 3.95628 4.90831 4.1571 6.11391 6.23064 4.82347 4.30177 3.15527 4.49244 13.7223 6.60805 5.91706 5.25537 4.68717 4.40691 4.21901 4.92373 3.94694 3.16512 2.93884 5.88049 2.06015
threshold=-120.55100250244139 37.392648696899421 37.413198471069343 10.333333492279055 349.33334350585943 -120.59299850463866 40.443843841552741 68.409721374511733 26.51874923706055 -78.769439697265611 230.90972137451175 4.3229165077209482 91.764583587646499 27.112500190734867 0.77739989757537853 234.02082824707034 35.684564590454109 35.686880111694343 -79.281692504882798 1.9583333134651186 2.6050693988800053 35.630987167358406 1.5354166626930239 12.195138931274416 0.79375001788139354 0.48767988383769995 21.118749618530277 0.37430366873741155 1.5000000000000002 2.4611805677413945
decision_type=2 2 2 2 2 2 2 2 2 2 2 2 2 2 2 2 2 2 2 2 2 2 2 2 2 2 2 2 2 2
left_child=1 4 3 -3 -1 -6 -4 15 10 27 13 12 -12 14 -9 16 18 -18 21 -19 -20 -2 23 24 -17 -24 -25 28 -10 -13
right_child=7 2 6 -5 5 -7 -8 8 9 -11 11 29 -14 -15 -16 22 17 19 20 -21 -22 -23 25 26 -26 -27 -28 -29 -30 -31
leaf_value=0.044818697818103125 -0.005402583523362493 -0.11350493558790847 0.020774921003310309 0.051754603603412511 0.050904087704602544 -0.37386267183597283 -0.011373566350220079 0.00020502823422330059 0.0042048452820350598 0.047931383364926111 -0.0033972167133185503 0.029295312408529839 -0.032108756700907203 -0.060044095604408099 -0.015821106429717787 -0.048881743230928754 0.09255122974852599 0.0080297453856312522 -0.025256036402130807 -0.0025239697265525313 -0.0014945827862902501 0.027669208678433484 -0.084951403781713175 -0.057623066993312377 0.066305878027945978 -0.0062573182730764109 -0.00044372069642951344 0.01127022184542973 -0.080295026481613935 -0.0059329595191066169
leaf_weight=6.4512582649476853 21.287292575929314 1.1570400376804197 13.402403929387221 0.59695887903217215 0.19420853909105062 0.10583922523073841 8.5208420837298018 462.72079322056379 7.5337040387094003 7.5964591875672332 34.427700365195051 9.6038662102073449 41.882847138680518 3.5119522884488097 46.038693728391081 7.816537795821203 4.4463088661432257 384.14706025761552 43.220200583338737 202.99207406502683 50.412497306242585 21.568975359201431 2.949601635336875 2.4258913025259963 1.0526724583469329 3.4653375148773193 1032.7971614152193 36.579798158723861 2.8332454115152359 7.3081200406886628
leaf_count=1907 309 19 2485 105 51 8 98 3900 55 33 310 52 357 23 454 209 39 2681 404 1543 511 148 21 35 13 27 7504 195 23 51
internal_value=-1.25666e-05 0.0111915 0.00342469 -0.0572602 0.0384301 -0.0989287 0.00827987 -0.000152368 -0.00225382 0.0106439 -0.00341566 -0.0131275 -0.0191555 -0.00164831 -0.00124521 0.000627487 0.00315715 0.00504368 -0.00501965 0.004381 -0.0124627 0.011242 -0.00112575 -0.000871904 -0.0352103 -0.042441 -0.000577712 0.00461044 -0.0188886 0.0140722
internal_weight=2469.05 30.4286 23.6772 1.754 6.75131 0.300048 21.9232 2438.62 660.037 54.5432 605.494 93.2225 76.3105 512.271 508.759 1778.58 728.074 591.585 136.489 587.139 93.6327 42.8563 1050.51 1044.09 8.86921 6.41494 1035.22 46.9467 10.3669 16.912
internal_count=23570 4673 2707 124 1966 59 2583 18897 5453 306 5147 770 667 4377 4354 13444 5635 4263 1372 4224 915 457 7809 7761 222 48 7539 273 78 103
is_linear=0
shrinkage=0.05


Tree=167
num_leaves=31
num_cat=0
split_feature=30 30 4 30 4 7 6 5 6 12 0 2 9 9 2 30 5 30 7 12 7 10 10 5 2 30 5 12 30 2
split_gain=1.50184 9.38544 6.58989 4.52523 5.58057 4.29415 5.8862 4.08741 3.85381 8.5022 5.18654 4.97607 3.70797 4.29415 3.41573 3.34793 3.2526 5.12016 6.7698 5.19124 6.83027 5.85997 4.69414 4.21768 8.7514 5.40726 3.79872 3.68523 3.51599 9.18393
threshold=-75.70598983764647 -76.269851684570298 3.4331250190734868 -75.886917114257798 3.2318749427795415 0.67708334326744091 1.1895833611488345 0.26524883508682257 0.87291666865348827 2.122916698455811 18.227777481079105 -1.2705486416816709 208.06944274902347 144.65277862548831 -0.17314958572387693 -73.27999114990233 0.78713691234588634 -79.070907592773423 0.14791666716337207 1.2854166626930239 0.010416666977107527 22.763889312744144 65.034721374511733 0.76805487275123607 0.43549430370330816 -79.213623046874986 0.80890768766403209 -3.7437499761581416 -76.80580902099608 1.9315088391304018
decision_type=2 2 2 2 2 2 2 2 2 2 2 2 2 2 2 2 2 2 2 2 2 2 2 2 2 2 2 2 2 2
left_child=1 16 3 4 -3 6 8 -7 10 -10 15 -12 13 14 -9 -2 23 19 26 20 -18 -21 -20 28 27 -26 -19 -25 -1 -30
right_child=5 2 -4 -5 -6 7 -8 12 9 -11 11 -13 -14 -15 -16 -17 17 18 22 21 -22 -23 -24 24 25 -27 -28 -29 29 -31
leaf_value=0.00037569440136300087 -0.061365658118767798 0.031346056921216663 0.038157499980427168 -0.029235627796853483 -0.032819718252382397 -0.024126785034026803 -0.035191033538889444 0.030451663463903818 -0.0093345792299353112 0.07563494297339049 0.025603440761526222 -0.011257774142867792 -0.017328586803544044 0.049797257683919523 -0.034542487214094746 -0.0061201660391518968 -0.018314041537979643 -0.033000578647639847 -0.012379337297201299 0.030202970801486581 0.016544177099256593 -0.021691892227323709 -0.051795462649432779 -0.039359443806323322 0.070025645675865375 0.0061020795515240719 0.0062524464460346069 0.0084726351311651214 -0.023655135476159522 0.026611909068418118
leaf_weight=2012.7985971755697 7.0128672560676932 14.46809938549996 27.297077089548111 7.6629719436168662 4.424869403243064 6.6662402600049999 19.414003025740385 4.6894638165831566 8.370879799127577 4.5411885157227507 11.961438059806822 39.03102258592844 5.26106422394514 11.410554736852644 3.5531993303448015 4.5033623017370683 18.837448767735623 7.9877077825367442 13.248430654406549 6.375604673055931 55.329151150537655 37.063481558463536 17.572105810046196 5.1391559359617558 9.3632392592262459 5.115709973499178 26.989357109181583 18.605364292161539 41.51599210454151 11.632652627304195
leaf_count=20297 53 62 118 37 21 43 136 23 53 22 60 245 30 53 26 32 254 55 107 48 496 371 151 46 97 32 166 151 227 58
internal_value=-1.25179e-05 0.000274087 0.020906 0.00317304 0.016318 -0.00532092 -0.0106388 0.0106483 -0.00431877 0.0205493 -0.00945563 -0.00261114 0.0199529 0.029933 0.00243436 -0.0397622 -0.000211621 -0.00659771 -0.0177668 -0.000348872 0.0076906 -0.0140752 -0.0348522 0.000345002 0.0168024 0.0474401 -0.00271176 -0.00187992 4.05131e-05 -0.0126532
internal_weight=2467.84 2341.43 53.853 26.5559 18.893 126.415 94.8348 31.5805 75.4208 12.9121 62.5087 50.9925 24.9143 19.6532 8.24266 11.5162 2287.57 183.403 65.7976 117.606 74.1666 43.4391 30.8205 2104.17 38.2235 14.4789 34.9771 23.7445 2065.95 53.1486
internal_count=23570 22794 238 120 83 776 601 175 465 75 390 305 132 102 49 85 22556 1648 479 1169 750 419 258 20908 326 129 221 197 20582 285
is_linear=0
shrinkage=0.05


Tree=168
num_leaves=31
num_cat=0
split_feature=30 30 29 29 10 10 2 2 30 29 2 10 3 30 0 1 29 30 29 30 29 3 0 30 1 29 30 9 2 7
split_gain=1.42603 4.26151 6.7684 13.3551 5.58346 7.33515 11.8822 4.89276 4.28403 11.5141 6.78992 5.95587 5.62367 5.61151 4.38836 3.83779 3.66411 3.63225 3.3939 2.93419 5.05416 5.3924 2.85687 2.61765 12.8767 3.43469 2.47498 5.06007 3.85385 5.30208
threshold=-80.06703948974608 -80.495098114013658 40.93249702453614 36.13434028625489 61.631944656372077 41.756944656372077 -1.2053183317184446 -1.9070781469345091 -83.395496368408189 41.042871475219734 1.4005434513092043 69.201389312744155 2.1366666555404668 -81.036109924316392 18.559027671813968 22.415178298950199 41.317014694213874 -79.927204132080064 40.443843841552741 -84.990852355957017 37.459806442260749 3.609027743339539 24.3256950378418 -85.110637664794908 23.981845855712894 39.670738220214851 -79.690834045410142 250.20139312744143 -1.3178312778472898 0.889583319425583
decision_type=2 2 2 2 2 2 2 2 2 2 2 2 2 2 2 2 2 2 2 2 2 2 2 2 2 2 2 2 2 2
left_child=1 8 3 -3 5 16 -7 -6 19 10 14 -11 -13 -12 -10 -9 -4 18 -2 23 22 -22 -21 25 -25 -1 27 28 -19 -30
right_child=17 2 4 -5 7 6 -8 15 9 11 13 12 -14 -15 -16 -17 -18 26 -20 20 21 -23 -24 24 -26 -27 -28 -29 29 -31
leaf_value=-0.00092826688041494111 -0.051547139294609717 0.033889130073040667 0.074840251239327582 -0.060702054846714287 -0.0025368646707152119 0.029983843546940267 -0.049184189979019285 0.076376553343230638 0.031030512453757493 -0.051356220393958076 0.079096714767444509 0.12204657777410553 -0.014263077620763601 -0.0096228485436260433 -0.019460134875830145 0.01971155012424983 0.014577974123020266 0.062165900969700184 0.020402363533884166 -0.048566630236608878 0.043328897838141131 -0.028770277286542686 0.017501426933240794 -0.035813858803653807 0.054148735230887271 0.0069780102435297257 -0.00080509814088055513 0.082797682952675727 -0.069997550428337413 0.041461682076447938
leaf_weight=407.28954221692402 6.4253926128149015 7.2137535214424116 4.9899712055921572 7.7301763705909252 4.151186719536784 9.7800101041793841 9.1961841955780965 9.8571499045938236 5.9264201242476764 19.055352489813234 5.1749163679778576 0.855556920170783 6.5466392984380946 2.7186257615685454 15.714946836233137 4.2878914400935164 5.1009357273578644 1.8142386451363561 2.2002751156687737 3.6806041598320034 15.852428867947312 3.1005896362476042 2.945832148194313 17.63684127479792 5.1358734220266333 207.27590686455369 1667.6829261726234 2.6975496006198227 2.6080517915543151 1.8057031419593839
leaf_count=7477 69 32 20 77 21 42 73 48 50 420 33 4 181 24 116 22 29 9 17 27 92 51 15 98 24 1571 12848 23 38 19
internal_value=-1.24888e-05 0.00175332 0.0142973 -0.0150409 0.0235539 0.00993382 -0.00838232 0.0451921 0.000666144 -0.0126147 0.00884522 -0.0365706 0.0014918 0.0485407 -0.00563343 0.0591993 0.0443778 -0.000831056 -0.0331939 0.00178789 0.0183923 0.0315339 -0.0191956 0.00112147 -0.0155248 0.0017383 -0.000664558 0.0255945 0.000817925 -0.0243987
internal_weight=2466.45 781.217 62.3073 14.9439 47.3633 29.0671 18.9762 18.2962 718.91 55.9925 29.5349 26.4575 7.4022 7.89354 21.6414 14.145 10.0909 1685.23 8.62567 662.918 25.5795 18.953 6.62644 637.338 22.7727 614.565 1676.61 8.92554 6.22799 4.41375
internal_count=23570 10547 364 109 255 164 115 91 10183 828 223 605 185 57 166 70 49 13023 86 9355 185 143 42 9170 122 9048 12937 89 66 57
is_linear=0
shrinkage=0.05


Tree=169
num_leaves=31
num_cat=0
split_feature=29 4 4 3 30 29 5 5 13 0 10 4 3 29 29 7 7 30 5 0 29 30 5 3 29 9 0 4 29 2
split_gain=1.45369 2.55738 3.17559 2.43289 2.28952 5.61125 3.25576 9.48745 2.92811 4.05198 6.27739 3.25524 3.22683 2.36408 4.26294 3.1549 6.626 2.78261 3.13643 2.61298 2.44458 5.49288 5.31363 4.07982 2.69593 2.51277 2.35079 2.13061 2.02427 0.652996
threshold=48.108736038208015 2.308333277702332 4.5097918510437021 4.3270833492279062 -109.12405014038085 36.759901046752937 0.077688049525022521 0.068793851882219328 83.756248474121108 17.371527671813968 15.479166507720949 1.5064583420753481 2.8780554533004765 35.435970306396491 35.016698837280281 0.80208334326744091 0.63124999403953563 -78.867374420166001 0.62898355722427379 26.842361450195316 35.514999389648445 -79.063835144042955 0.37430366873741155 1.9586111307144167 35.571500778198249 284.54859924316412 25.035416603088382 6.4435417652130136 45.319818496704109 -3.2168607711791988
decision_type=2 2 2 2 2 2 2 2 2 2 2 2 2 2 2 2 2 2 2 2 2 2 2 2 2 2 2 2 2 2
left_child=4 -2 -3 -4 5 6 7 -1 9 12 -11 -10 -7 14 17 16 -16 18 -6 -19 21 22 -15 -23 25 -22 -13 -5 -26 -8
right_child=1 2 3 27 13 8 29 -9 11 10 -12 26 -14 20 15 -17 -18 19 -20 -21 24 23 -24 -25 28 -27 -28 -29 -30 -31
leaf_value=0.05233537174960106 -0.062218038855886185 0.025189924954909598 -0.091820974777952633 0.038795019037173008 -0.0038207944823482076 -0.0060641745707814346 0.010368658611945789 -0.22564637546498192 -0.14158899833984478 0.030631581101723423 -0.047134259658107712 0.045465413496828484 0.029232220544362697 0.059002134532442213 -0.02189232845972873 -0.052953986380836482 0.066314080134427397 -0.032298806358804839 0.019781682537867558 0.035109900475473792 -0.046799414453723376 0.022763965403503575 0.011234987930916996 -0.012913667008939249 -0.00019085407985558554 0.00093634774921627401 0.0029855939113166922 -0.061085017572875537 0.012056109122482105 0.047225321099752526
leaf_weight=0.96493606118019559 2.5493192262947542 4.1528665414080024 1.3577777112368496 1.1806892752647402 48.602579358965158 19.25934402237181 1.3325754726538424 0.45012568437959999 0.29720885865390201 3.4867989707272491 10.146441602963021 7.0181478564627451 9.7549568987451476 8.8492912948131579 25.530960232019428 6.612792855128645 2.3227772861719123 10.425404090434311 19.813419178128242 1.6675710231065739 5.9588635079562646 11.426497060805557 17.018761642277241 26.82171730324626 2158.5647828603396 5.1302401572465897 6.0766886941273697 0.97472444106824685 34.276331126689911 12.242198407766407
leaf_count=138 14 23 12 13 300 1517 122 23 5 264 455 550 818 36 273 83 15 132 120 15 44 63 81 206 15787 32 690 41 398 1300
internal_value=-1.30593e-05 -0.0188355 -0.00440882 -0.0393968 6.52922e-05 0.00891127 0.0360838 -0.0360896 0.00164298 -0.00476163 -0.0272451 0.0220388 0.0058029 -0.000198375 -0.00719293 -0.0219074 -0.0145366 -0.000893535 0.00301453 -0.0230034 0.000156204 0.00978033 0.0275758 -0.00225512 -0.000123779 -0.024715 0.0257526 -0.00637288 5.78379e-07 0.0436073
internal_weight=2464.27 10.2154 7.66606 3.51319 2454.05 71.0294 14.9898 1.41506 56.0396 42.6475 13.6332 13.392 29.0143 2383.02 114.976 34.4665 27.8537 80.509 68.416 12.093 2268.05 64.1163 25.8681 38.2482 2203.93 11.0891 13.0948 2.15541 2192.84 13.5748
internal_count=23570 103 89 66 23467 5882 1583 161 4299 3054 719 1245 2335 17585 938 371 288 567 420 147 16647 386 117 269 16261 76 1240 54 16185 1422
is_linear=0
shrinkage=0.05


Tree=170
num_leaves=31
num_cat=0
split_feature=29 30 7 29 6 11 3 12 0 0 6 1 3 11 6 9 3 30 29 5 5 30 29 3 5 5 5 30 30 2
split_gain=1.47774 8.82397 5.45463 5.5205 7.56397 8.53121 4.62311 4.45752 3.91185 5.46733 4.28709 3.635 5.53201 5.23067 3.25783 3.71204 2.72134 2.41944 4.92605 3.02931 7.0357 2.94048 10.4657 9.62087 2.33168 4.79352 2.34303 2.30846 7.48899 2.11767
threshold=43.474496841430671 -89.672775268554673 0.018750000745058063 45.061439514160163 1.560416638851166 9.2715277671813983 3.8527778387069707 -5.6645832061767569 20.187500000000004 15.060416698455812 1.1729166507720949 17.050892829895023 2.2009028196334843 9.1944441795349139 0.30208334326744085 257.02777099609381 7.6397917270660409 -109.12405014038085 36.759901046752937 0.077688049525022521 0.068793851882219328 -99.428070068359361 41.806915283203132 2.3747221231460576 0.90791922807693493 0.92393413186073314 0.78713691234588634 -120.45205307006835 -112.49425125122069 1.9595755934715273
decision_type=2 2 2 2 2 2 2 2 2 2 2 2 2 2 2 2 2 2 2 2 2 2 2 2 2 2 2 2 2 2
left_child=16 2 7 4 5 -4 8 -2 9 -3 -11 13 -13 -5 15 -9 17 18 19 20 -1 22 23 -19 26 -26 -23 29 -29 -20
right_child=1 6 3 11 -6 -7 -8 14 -10 10 -12 12 -14 -15 -16 -17 -18 21 27 -21 -22 24 -24 -25 25 -27 -28 28 -30 -31
leaf_value=0.052243432271017888 0.038081402728910384 -0.062296916088204438 0.024677619080074154 0.045737774624776198 0.060220333674266949 -0.069450185342734325 -0.055188509702688709 -0.065241523447904737 -0.058684128411708794 -0.00042369007030914089 0.078369313882623776 -0.0099628459800376774 0.054053573404300427 -0.04092610052264143 0.019679954449883449 -0.016111215366178027 0.042334715614089004 -0.063296662495147968 0.0043584223216154147 0.043127815234523678 -0.17343628792355875 0.00044445929993737314 0.039203393577456266 -0.009047808215688671 0.048118397678747218 0.0031817214033577077 -0.0062983603048530155 -0.053873541545235874 0.012165667040644571 0.040573957327300264
leaf_weight=0.91945026791654416 3.4430845389142659 2.713554602116349 4.0069174028467369 3.14333507139236 2.8665699288249007 6.0295719765126705 11.004930088529361 5.7318402091041269 3.6294465418905011 7.3537493273615819 2.255943676456809 4.3525573015213039 15.021993309259413 3.9029001705348492 3.6477417666465035 11.67681299895048 3.8309319280087939 9.6765562910586578 19.377709515800234 13.053557035396805 0.55310148349963129 2066.9352866518311 9.3691919296979886 52.593047378584743 7.6250060375314197 26.769855602411553 137.39941961038858 6.6799366201739767 12.014040388166908 5.0986031373031429
leaf_count=138 22 44 27 26 20 46 538 55 45 81 17 20 64 24 22 68 73 69 2872 1422 23 14966 45 297 40 171 984 155 59 1137
internal_value=-1.22922e-05 -0.00627289 0.00385819 0.0153957 -0.0114119 -0.0318711 -0.0302587 -0.0146606 -0.0130609 0.000376115 0.0180735 0.0284877 0.0396721 -0.00226523 -0.0232848 -0.0322875 0.000227323 0.000159204 0.0102726 0.0354588 -0.0325236 -9.33559e-05 -0.010065 -0.017478 0.000225733 0.0131437 2.41695e-05 0.00179785 -0.0114322 0.0119024
internal_weight=2462.68 90.7809 63.8233 39.3238 12.9031 10.0365 26.9576 24.4995 15.9527 12.3232 9.60969 26.4208 19.3746 7.04624 21.0564 17.4087 2371.9 2368.06 57.6964 14.5261 1.47255 2310.37 71.6388 62.2696 2238.73 34.3949 2204.33 43.1703 18.694 24.4763
internal_count=23570 1119 394 227 93 73 725 167 187 142 98 134 84 50 145 123 22451 22378 5806 1583 161 16572 411 366 16161 211 15950 4223 214 4009
is_linear=0
shrinkage=0.05


Tree=171
num_leaves=31
num_cat=0
split_feature=9 2 2 6 4 12 2 30 12 5 5 4 10 10 13 6 5 2 30 2 2 2 30 1 4 4 5 5 4 6
split_gain=1.38435 3.98987 3.42044 3.96325 5.41011 5.15171 3.9044 8.22374 5.2439 3.14015 3.13798 4.84838 4.12091 4.16651 6.02498 4.06643 8.27203 5.87017 5.63712 3.96181 5.54883 5.46361 3.80496 3.80007 5.80245 3.76036 3.5808 4.34742 3.37139 3.36033
threshold=245.74305725097659 6.5248706340789804 5.0036361217498788 0.66875001788139354 3.2252084016799931 0.94791665673255932 3.4854166507720952 -79.118217468261705 5.3437500000000009 0.25793790817260748 0.19510152190923694 2.103958368301392 75.423610687255874 66.145832061767592 98.568748474121108 1.9645833373069765 0.31110821664333349 -2.3030278682708736 -79.142883300781236 -0.7867106795310973 0.13008540123701098 0.53440734744071972 -78.762928009033189 25.100893020629886 4.5097918510437021 2.4472916126251225 0.20055922865867618 0.44311843812465673 1.7327083349227907 1.0062500238418581
decision_type=2 2 2 2 2 2 2 2 2 2 2 2 2 2 2 2 2 2 2 2 2 2 2 2 2 2 2 2 2 2
left_child=1 2 6 -4 -5 -6 -1 8 -8 -9 19 12 13 14 -12 26 18 -18 -17 29 23 22 -22 25 -25 -21 -13 -28 -23 -2
right_child=10 -3 3 4 5 -7 7 9 -10 -11 11 15 -14 -15 -16 16 17 -19 -20 20 21 28 -24 24 -26 -27 27 -29 -30 -31
leaf_value=0.0012585010169044923 0.016787802573841867 -0.036780093574680248 0.032034907184052969 0.066557609620070943 0.0059789054388284081 -0.057387343705031395 0.012799112383760644 -0.0056610090757616546 -0.079249814052453599 -0.043709079800089742 -0.031654635855447234 0.04233623505294376 -0.05592205062045566 0.049765699720321147 -0.0012788716133031383 0.10910360953402487 -0.05519795697914133 0.011250086407094149 0.025395911236792242 -0.06616334420367885 0.028715496320082159 0.071803526535098028 -0.022388909433856578 -0.035262888930806251 -0.12726569887184491 -0.0068535317734642531 -0.0053054188312099508 0.0033081587481112343 -0.010853300050998127 -0.0088758331126896333
leaf_weight=1371.8495520076249 29.135942661785521 6.9691163627430788 19.072553972480819 2.6194495507515994 12.112940561491998 4.3628767088521263 24.7555221230723 7.6814925521612194 1.6503867638530199 18.442491258960217 23.752203164505772 5.0257173955906174 4.8662582794204345 2.9521445494610807 52.202730451070238 3.4631524924188852 3.5829230799572533 45.946325082331896 4.7973426021635515 3.154617594904269 16.546408360125501 1.2463103234767903 4.6703353226184836 9.7133580539375526 2.0808935761451712 17.486611962551251 239.64583085302729 376.84080426685978 121.42446070129517 22.687140541616827
leaf_count=12728 598 85 197 21 124 59 539 65 39 235 289 59 53 25 418 19 29 321 39 59 151 5 33 118 12 287 2329 2933 1558 143
internal_value=-1.17802e-05 0.000962219 0.00114206 0.0159134 -0.00018892 -0.0108008 0.000746248 -0.0126315 0.00704599 -0.0325214 -0.00145576 8.25076e-05 -0.0112666 -0.0085127 -0.0107778 0.00148211 0.0141687 0.00644327 0.0604898 -0.00660079 -0.0101728 -0.00596155 0.0174661 -0.0288546 -0.0514952 -0.0159179 0.000302484 -4.0183e-05 -0.0100135 0.00555276
internal_weight=2460.74 1469.52 1462.55 38.1678 19.0953 16.4758 1424.38 52.5299 26.4059 26.124 991.222 763.075 83.7733 78.9071 75.9549 679.302 57.7897 49.5292 8.2605 228.146 176.323 143.888 21.2167 32.4355 11.7943 20.6412 621.512 616.487 122.671 51.8231
internal_count=23570 14092 14007 401 204 183 13606 878 578 300 9478 6514 785 732 707 5729 408 350 58 2964 2223 1747 184 476 130 346 5321 5262 1563 741
is_linear=0
shrinkage=0.05


Tree=172
num_leaves=31
num_cat=0
split_feature=13 13 29 10 9 2 30 30 3 29 6 2 9 2 29 9 29 9 13 6 6 4 30 12 13 2 3 4 4 3
split_gain=1.37569 2.96338 1.91978 2.33353 1.45587 3.67359 3.24277 6.79499 6.30069 6.69644 6.0566 5.61606 5.45642 5.10499 4.8912 9.50156 7.31823 4.43219 3.54282 3.13525 9.07835 5.31068 4.69303 8.3581 5.46669 4.50303 3.01428 1.9886 1.43113 1.34729
threshold=140.58125305175784 145.91249847412112 37.700534820556648 27.812500000000004 245.74305725097659 6.5248706340789804 -79.028789520263658 -79.056720733642564 2.3683333396911626 35.838500976562507 2.6520833969116215 2.3917572498321538 322.02777099609381 6.2567675113677987 41.507749557495124 249.53472137451175 40.57173156738282 297.68750000000006 93.345832824707045 1.1729166507720949 0.889583319425583 1.7327083349227907 -79.26528167724608 0.50208333134651195 16.031250000000004 4.8051371574401864 3.9479861259460454 2.2518750429153447 3.4881249666213994 4.1184027194976816
decision_type=2 2 2 2 2 2 2 2 2 2 2 2 2 2 2 2 2 2 2 2 2 2 2 2 2 2 2 2 2 2
left_child=4 29 3 -3 5 19 7 10 14 12 17 27 -10 -11 16 -16 -8 -6 -12 20 25 -22 23 -21 -24 -1 -7 -9 -13 -2
right_child=1 2 -4 -5 6 26 8 11 9 13 18 28 -14 -15 15 -17 -18 -19 -20 22 21 -23 24 -25 -26 -27 -28 -29 -30 -31
leaf_value=-0.00074264273055924706 0.0081998656973107705 -0.028396248284871931 -0.05931666815566812 0.06822754036216791 -0.005552385210780812 -0.058858052762163118 0.010035970425443866 -0.0090416455010258936 0.0053410554338129083 -0.012018749433340225 0.059090401941405905 -0.0056486828059091852 0.055389123534506701 0.051744915572706607 0.04869735411006415 -0.051593498765873505 0.057798565362470904 0.0039813833347401495 0.0067016940526796638 0.014892233110293002 0.071579806441285074 0.011004356252258114 -0.023632593910949698 -0.006860040682181285 -0.0031148608564289934 0.017446757187956411 0.01191101527410892 -0.045470193635432095 0.036229414483652828 0.064468992718414261
leaf_weight=671.03027158463374 1.5825910087442006 1.4404050492448739 1.4039017015602437 1.1036279523978008 462.57388850895222 4.5922703780233851 121.13872535899282 4.6425527185201672 40.616432867944241 114.93948007631116 6.1302864151075465 7.8248895816504938 6.289219267666339 3.2271082662045947 3.3860205933451635 7.8061509318649769 8.5885196179151517 165.53145052085165 6.8142817467451096 95.01644929125905 3.6837298140162593 203.50367300177459 35.94553517899476 82.50850200036075 335.20536775700748 35.843282125424594 2.2378959693014622 19.405751001089811 2.7595314122736454 3.245199978351593
leaf_count=6579 54 40 18 12 4316 66 655 34 294 813 47 59 28 20 20 66 38 2726 42 1282 28 1742 496 1070 2429 381 19 157 22 17
internal_value=-1.207e-05 0.0197491 -0.0123809 0.0135202 -8.28173e-05 0.000913109 -0.00157372 -0.00350759 0.00269661 -0.00393254 -0.00234215 -0.0250799 0.0120516 -0.0102774 0.010462 -0.021252 0.0131981 -0.00303985 0.0315119 0.00108394 0.0028774 0.0120814 -0.00190387 0.0047824 -0.00510198 0.000179683 -0.0356707 -0.0384376 0.00526962 0.0460235
internal_weight=2460.02 8.77573 3.94793 2.54403 2451.24 1469.57 981.674 675.683 305.992 165.072 641.05 34.6327 46.9057 118.167 140.919 11.1922 129.727 628.105 12.9446 1462.74 914.061 207.187 548.676 177.525 371.151 706.874 6.83017 24.0483 10.5844 4.82779
internal_count=23570 141 70 52 23429 14092 9337 7403 1934 1155 7131 272 322 833 779 86 693 7042 89 14007 8730 1770 5277 2352 2925 6960 85 191 81 71
is_linear=0
shrinkage=0.05


Tree=173
num_leaves=31
num_cat=0
split_feature=1 2 10 6 11 5 5 7 2 9 0 1 0 3 10 11 7 30 2 9 0 11 6 12 30 2 11 0 11 30
split_gain=1.42612 5.10048 5.83408 7.25282 3.82856 6.31859 6.75577 4.06062 8.28368 4.4465 3.78631 5.10426 4.22838 6.75996 6.03602 8.90164 5.52974 12.5782 4.74781 4.05247 3.7111 5.79405 8.31021 3.45104 3.12196 3.04069 4.61948 3.00885 2.87466 2.71335
threshold=25.100893020629886 -1.9416278600692747 19.993055343627933 0.13125000149011615 15.347916603088381 0.62561148405075084 0.51210764050483715 0.76041665673255932 3.2928700447082524 172.89582824707034 26.765277862548832 24.864880561828617 24.584028244018558 1.969375014305115 29.583333015441898 19.843750000000004 0.17708332836627963 -79.273685455322251 -0.39662267267704004 261.32638549804693 24.21805572509766 21.611110687255863 1.872916638851166 -5.6645832061767569 -79.063835144042955 -2.0290760993957515 21.254861831665043 27.253472328186039 16.962499618530277 -75.202808380126939
decision_type=2 2 2 2 2 2 2 2 2 2 2 2 2 2 2 2 2 2 2 2 2 2 2 2 2 2 2 2 2 2
left_child=10 25 3 23 5 6 -4 9 -9 -6 12 27 20 16 15 -15 19 -18 -16 -14 29 22 -22 -3 -25 26 28 -12 -2 -1
right_child=1 2 4 -5 7 -7 -8 8 -10 -11 11 -13 13 14 18 -17 17 -19 -20 -21 21 -23 -24 24 -26 -27 -28 -29 -30 -31
leaf_value=-3.1368290716252966e-05 0.016004528020908029 -0.13922007504500972 -0.023420350063913815 0.056357692458902646 0.031286040926067085 0.027449966022779177 -0.11619342711311552 -0.016069611445741313 0.039014786941458747 0.0014997235327122262 0.033011305279940499 0.081615649368335916 0.034305428709244405 -0.050854908295083059 0.0043148476304929184 0.030483213623701662 -0.097869675538519593 0.0075669513681362061 -0.014442660302528233 -0.0038937649929518324 0.0065779836762847243 -0.054500083396828131 0.055149919656147066 0.017869752207925926 -0.043874547594481061 0.054949350969768045 -0.0013591525113257482 -0.026395437431867216 0.068054741128802484 -0.0099862160012415459
leaf_weight=1387.8749196896097 5.6896629544207844 0.42774165375158091 12.204371289815755 10.482324582524596 12.829023852944372 4.8728434698423362 2.3382980630267403 65.607246968895197 7.6174892485141745 536.18854461354204 4.9756194131914508 3.1760593086946747 21.010741794016216 18.478127308888364 49.871136690489948 4.1123397946357718 3.5191811621189144 14.415334839373825 104.26474649191368 10.369789641350506 47.799095064750873 3.1107357069849959 10.794774502515791 9.9776685191900452 2.5757754296064403 5.4712967583909622 17.776072040200233 3.7286837053252384 4.9696128088980913 72.001656046137214
leaf_count=15839 90 19 189 64 59 43 20 410 34 3361 43 22 123 194 323 23 26 105 782 87 350 33 57 559 18 38 115 32 25 487
internal_value=-1.23465e-05 0.0018982 0.000933884 0.0254223 3.84154e-05 -0.0218262 -0.0383372 0.000720645 -0.0103392 0.00219575 -0.000771383 0.0273601 -0.000962621 -0.00734359 -0.0119112 -0.0360482 0.00902491 -0.0131222 -0.00837361 0.0216824 -1.46835e-05 0.0119961 0.0155264 0.000441967 0.00520076 0.0208145 0.0142466 0.00756309 0.0402716 -0.000522345
internal_weight=2458.53 699.028 665.121 23.4635 641.658 19.4155 14.5427 622.242 73.2247 549.018 1759.5 11.8804 1747.62 226.041 176.726 22.5905 49.315 17.9345 154.136 31.3805 1521.58 61.7046 58.5939 12.9812 12.5534 33.9066 28.4353 8.7043 10.6593 1459.88
internal_count=23570 5044 4776 660 4116 252 209 3864 444 3420 18526 97 18429 1663 1322 217 341 131 1105 210 16766 440 407 596 577 268 230 75 115 16326
is_linear=0
shrinkage=0.05


Tree=174
num_leaves=31
num_cat=0
split_feature=3 6 30 1 5 29 30 12 30 5 12 4 9 5 4 3 10 10 12 10 29 5 29 2 30 11 3 1 30 29
split_gain=1.41465 5.18962 5.11732 4.92968 4.19649 3.84611 6.10129 3.65938 3.57158 3.43276 3.02543 2.88152 4.69014 4.8285 4.08231 6.88799 5.9776 6.87194 5.91695 5.77053 7.44814 6.20557 4.74526 4.57126 4.08086 4.81061 3.92148 3.87501 3.6048 2.91847
threshold=1.7691666483879092 2.3562500476837163 -79.01702499389647 15.782738208770754 0.1828102841973305 35.79699897766114 -84.907409667968736 5.4895834922790536 -77.195240020751939 0.67042431235313427 0.82291665673255932 2.6347916126251225 111.5902786254883 0.038434801623225219 2.8952082395553593 2.1366666555404668 79.576389312744155 91.673610687255874 2.5479166507720952 58.743055343627937 40.93249702453614 0.84548583626747142 35.670007705688484 1.164997458457947 -76.660556793212876 19.62430572509766 2.1550694704055791 16.793750762939457 -76.660556793212876 38.240348815917976
decision_type=2 2 2 2 2 2 2 2 2 2 2 2 2 2 2 2 2 2 2 2 2 2 2 2 2 2 2 2 2 2
left_child=1 3 10 9 -5 6 -6 -7 -4 -1 -3 12 -2 -14 16 18 19 29 22 21 -21 -13 -16 -19 27 -26 -17 -15 -28 -18
right_child=11 2 8 4 5 7 -8 -9 -10 -11 -12 14 13 24 15 26 17 23 -20 20 -22 -23 -24 -25 25 -27 28 -29 -30 -31
leaf_value=-0.039763665729117562 -0.029763137674728258 -0.037214376452368775 0.024267021769360891 0.028952265477571033 0.04907360506027765 0.0066987902007837833 -0.01204934175047106 -0.04524302967777441 -0.035425759921485687 0.012238550424484284 -0.10039173136896487 -0.013934840341102983 -0.06902326482949124 0.023459996514768371 -0.021864131447618115 -0.052008833927595012 -0.034879018919241854 -0.029752232180712226 -0.031468261523276829 -0.0005235521267312552 0.040551137326630654 0.046689440108790614 0.045635643207656257 0.064577503644261902 -0.0014505302951940352 -0.048872226716165701 -0.0006651191703691573 0.0050929604673307406 0.0075839703134970848 -0.082548518014169181
leaf_weight=13.056328400503846 10.034018323756753 7.7113702800124901 5.5693664029240608 12.355079896864479 4.2966943678911766 107.657918486977 81.995396811515093 3.5011666044592848 4.5555757135152799 4.1925738139543673 2.5123562449589372 114.95609027321916 2.2023193666245779 31.175356788793579 3.0242663780227366 3.6131917426828286 10.257887208601462 2.5779983769170931 3.7875289269722989 93.779333554208279 12.508847286924718 4.3820307652931652 18.724510099738836 2.5594178159954026 22.456349324434999 7.0196437910199156 1351.3167016470106 364.12822416296694 146.82692536246032 4.673727005487307
leaf_count=444 184 77 34 121 108 799 643 23 21 202 15 1311 61 550 38 46 153 25 36 737 76 43 152 22 133 40 13673 2961 803 39
internal_value=-1.1602e-05 -0.0035971 -0.0277869 -0.00142922 0.000683229 -0.00108564 -0.00900588 0.00506278 -0.00259091 -0.0271238 -0.0527394 0.000389785 0.00402633 0.00482038 -0.00050657 0.000455722 -0.00648838 -0.0326381 0.0262056 -0.00416242 0.00431045 -0.0117087 0.0362495 0.0172421 0.00520323 -0.0127439 1.78634e-05 0.00654146 0.00014334 -0.0498
internal_weight=2457.41 247.404 20.3487 227.055 209.806 197.451 86.2921 111.159 10.1249 17.2489 10.2237 2210 437.016 426.982 1772.99 1527.29 245.695 20.069 25.5363 225.626 106.288 119.338 21.7488 5.13742 424.78 29.476 1501.76 395.304 1498.14 14.9316
internal_count=23570 2487 147 2340 1694 1573 751 822 55 646 92 21083 3929 3745 17154 14748 2406 239 226 2167 813 1354 190 47 3684 173 14522 3511 14476 192
is_linear=0
shrinkage=0.05


Tree=175
num_leaves=28
num_cat=0
split_feature=0 2 9 2 29 9 10 5 9 0 3 13 30 29 29 12 13 0 12 0 7 2 3 29 3 2 3
split_gain=1.33598 1.40676 5.77699 5.37596 5.17297 4.31964 3.78141 3.57265 6.01608 4.73748 3.5565 3.17881 4.91452 4.23694 3.96153 3.40351 3.30046 3.26956 2.83837 2.72134 1.56679 0.655456 0.862966 0.263213 0.000477317 1.92579e-05 3.99468e-07
threshold=-1.002083361148834 -5.4933619499206534 237.25694274902347 -4.8566122055053702 41.372816085815437 77.923610687255874 45.576387405395515 0.46133413910865789 125.44444656372072 17.253472328186039 2.230555653572083 16.031250000000004 -78.934486389160142 40.186811447143562 35.650003433227546 -15.441666603088377 40.491666793823249 9.3583331108093279 -14.577083110809324 18.154167175292972 0.15625000000000003 -5.9878363609313956 2.7188194990158085 38.441310882568366 3.3588889837265019 -0.12488354369997977 5.9328472614288339
decision_type=2 2 2 2 2 2 2 2 2 2 2 2 2 2 2 2 2 2 2 2 2 2 2 2 2 2 2
left_child=21 2 5 4 10 20 -4 9 -9 -7 19 12 14 -14 -5 16 -13 -17 -12 -3 -2 -1 -23 -22 -24 -26 -27
right_child=1 3 6 11 -6 7 -8 8 -10 -11 18 15 13 -15 -16 17 -18 -19 -20 -21 23 22 24 -25 25 26 -28
leaf_value=-0.078049581581220634 0.023250706363550529 0.014426213255710385 -0.08322434548000654 0.016958583044220668 0.026543042578344313 -0.0020257334948034725 -0.0016260401563534658 0.00089491951132339648 0.035344605935316985 0.062544388365759013 -0.0071023589233761841 0.0083266009318817037 -0.033514821504693391 0.0071537684050894702 -0.0068784165776152387 0.044823648640308182 0.088627830567964527 0.00032760480118416741 -0.055819461134989236 -0.032467160220553924 -0.039889084184609985 0.040083844106104771 -0.053265752211537544 -0.070752500232250201 -0.051100548850111741 -0.050339383810013773 -0.050185453828674877
leaf_weight=0.76263081282377232 0.68817662820219938 6.4045017228927481 2.9447088313754639 22.049999920651317 5.0470772907137862 56.441497374791652 2.7417827765457332 23.75847778795287 27.161344026681036 2.9912438094615927 3.9639232233166721 3.2034932259703046 26.224108722060919 8.4737706107553077 83.190605895593762 4.1363808612804851 2.1306411623954773 2152.1472597317188 12.166545984451657 5.985107371583581 1.0488957556663083 0.40607052436098345 0.39423625729978085 2.0235193916596472 0.10641815420240153 0.070717037655413262 0.10432797693647444
leaf_count=6 9 62 29 343 26 429 13 200 164 14 49 61 392 111 2473 30 8 18826 99 50 67 10 10 20 11 16 42
internal_value=-1.17361e-05 2.02231e-05 0.00530453 -0.00025088 -0.0201162 0.00775556 -0.0438811 0.00955138 0.0192709 0.00122407 -0.0283733 3.88476e-05 -0.00726433 -0.0235829 -0.00188409 0.00051164 0.0404017 0.000412961 -0.0438477 -0.00822679 -0.0449419 -0.0425499 -0.0175232 -0.060216 -0.0521429 -0.0505701 -0.0502476
internal_weight=2456.77 2454.92 119.8 2335.12 33.5672 114.113 5.68649 110.353 50.9198 59.4327 28.5201 2301.56 139.938 34.6979 105.241 2161.62 5.33413 2156.28 16.1305 12.3896 3.76059 1.8444 1.08177 3.07242 0.675699 0.281463 0.175045
internal_count=23570 23475 945 22530 286 903 42 807 364 443 260 22244 3319 503 2816 18925 69 18856 148 112 96 95 89 87 79 69 58
is_linear=0
shrinkage=0.05


Tree=176
num_leaves=31
num_cat=0
split_feature=30 6 6 2 30 30 9 10 10 13 12 13 2 12 9 12 13 9 2 10 5 0 30 30 2 30 30 10 1 9
split_gain=1.32364 2.34541 3.58273 2.01212 2.10741 2.33941 2.00511 1.58064 1.51196 3.65907 9.71595 8.21727 7.0143 4.17392 3.08757 5.1505 4.82682 3.98437 3.38449 2.88517 8.29575 5.34733 7.67949 4.75556 3.27345 2.83702 10.4197 6.69806 6.09289 5.88371
threshold=-120.55100250244139 0.61875000596046459 0.60625001788139354 3.1947335004806523 -121.79750061035155 -121.96850204467772 273.31944274902349 98.576389312744155 68.409721374511733 109.6395835876465 -4.1979165077209464 109.9187469482422 2.9309653043746953 -5.2354166507720938 230.90972137451175 5.6020832061767587 91.764583587646499 229.14582824707034 4.8051371574401864 66.826389312744155 0.50765046477317821 19.083333015441898 -79.192516326904283 -75.70598983764647 0.025129399262368683 -75.886917114257798 -76.589794158935533 62.750000000000007 20.631547927856449 205.79166412353518
decision_type=2 2 2 2 2 2 2 2 2 2 2 2 2 2 2 2 2 2 2 2 2 2 2 2 2 2 2 2 2 2
left_child=1 2 3 4 5 -1 -6 -3 19 14 13 -12 -13 -11 17 16 -16 18 -10 25 21 22 -21 -22 -23 26 -2 -27 -29 -28
right_child=8 7 -4 -5 6 -7 -8 -9 9 10 11 12 -14 -15 15 -17 -18 -19 -20 20 23 24 -24 -25 -26 27 29 28 -30 -31
leaf_value=-0.014900871717934243 0.00015184425489414945 0.048712966223644939 -0.23443214855204211 0.04325266411747071 -0.0011608280173123172 -0.12982821009297182 0.039442202543887299 -0.072839624099228589 -0.0043585127727765599 0.012151446987167438 0.076787835929902182 0.0037976239403517652 0.058297856377467185 -0.06139388560055517 -0.0048383581360370333 0.042663013617864329 -0.032421364773677255 0.039622462092311371 0.011532922511255431 -0.0048490072121788992 -0.018009112937678578 0.034072497129461969 0.10306535437339298 0.057637052896770659 -0.0029406017464258475 -0.013389947377658 0.0629504734181182 -0.018514871556377949 0.057446053062424479 0.015739127673948913
leaf_weight=6.1666125489864498 1589.5356452494161 4.697697438998147 0.156335708219557 3.1106621534563592 10.317421387648212 0.47704509226606262 4.3111233086092389 0.2835979196242987 417.32421196601354 2.6159068569540977 4.3467117212712756 108.81902259960771 6.2424114681780329 7.3487985394895059 34.955900955013931 3.786276357015594 29.034188489429653 5.5283945025876156 36.42958655115217 2.5068481476046145 21.173059137072418 13.208368716761472 4.8153260834515121 2.303677760064601 10.905821759253739 79.913806080818176 8.9103590026497823 4.3090883120894414 6.8148470148444176 25.443916621152312
leaf_count=279 12282 1244 12 501 1311 57 1245 24 3669 15 30 638 36 70 319 31 249 35 361 41 184 99 30 11 86 494 39 28 34 116
internal_value=-1.17223e-05 0.0105119 0.00416215 0.00569195 0.000199398 -0.0231532 0.0108051 0.0417927 -0.000139764 -0.00218924 0.00534551 0.00930378 0.00675442 -0.042087 -0.00403873 -0.0140008 -0.0173536 -0.00256863 -0.00308267 0.000620383 0.0119021 0.0286964 0.0661194 -0.0105863 0.017333 0.000259137 0.000740653 -0.00832993 0.028021 0.0279842
internal_weight=2455.79 29.5205 24.5392 24.3829 21.2722 6.64366 14.6285 4.9813 2426.27 656.431 129.373 119.408 115.061 9.96471 527.059 67.7764 63.9901 459.282 453.754 1769.84 54.9131 31.4364 7.32217 23.4767 24.1142 1714.93 1623.89 91.0377 11.1239 34.3543
internal_count=23570 4673 3405 3393 2892 336 2556 1268 18897 5453 789 704 674 85 4664 599 568 4065 4030 13444 451 256 71 195 185 12993 12437 556 62 155
is_linear=0
shrinkage=0.05


Tree=177
num_leaves=31
num_cat=0
split_feature=29 30 29 29 7 3 0 0 11 3 11 29 3 3 5 5 30 29 30 30 30 29 29 30 11 9 9 3 1 12
split_gain=1.32343 8.04857 4.96023 7.66327 6.30424 4.58484 3.71021 5.05658 3.92218 3.56286 3.24488 4.88044 2.45743 2.28791 2.88714 2.27733 2.18929 4.64718 2.79383 10.0541 8.48917 8.1393 8.07108 5.96181 4.38014 2.71285 3.99721 2.20832 2.97058 1.92284
threshold=43.474496841430671 -89.672775268554673 45.061439514160163 44.764192581176765 0.10208333283662797 3.8527778387069707 20.187500000000004 15.060416698455812 11.552083492279055 3.4659028053283696 13.656250000000002 47.337253570556648 7.6397917270660409 3.388541698455811 0.61516550183296215 0.72780910134315502 -109.12405014038085 37.32044982910157 -96.901752471923814 -96.908473968505845 -86.35467147827147 37.277601242065437 38.240348815917976 -85.705905914306626 16.829861640930179 307.38194274902349 308.71528625488287 3.1689583063125615 25.555654525756839 0.52708330750465404
decision_type=2 2 2 2 2 2 2 2 2 2 2 2 2 2 2 2 2 2 2 2 2 2 2 2 2 2 2 2 2 2
left_child=12 2 3 15 10 6 7 -3 -9 -6 11 -4 16 -5 -15 -2 17 25 19 21 22 -18 -20 -22 -21 -1 -27 28 -19 -29
right_child=1 5 4 13 9 -7 -8 8 -10 -11 -12 -13 -14 14 -16 -17 18 27 20 24 23 -23 -24 -25 -26 26 -28 29 -30 -31
leaf_value=0.041291825283958028 0.032564589157090457 -0.061483177205323772 0.033306581780967279 -0.064698413265167121 0.063849000332817776 -0.054920390153004053 -0.058163049753113275 0.074883773310076465 -0.0003322813453806617 0.017468411701563557 -0.043281911750358733 -0.015959826643736803 0.040360520000359945 0.011494653309390236 -0.063504773094423414 -0.016103884883342471 -0.025361472436474547 -0.011458994360199863 -0.012802811908990823 -0.060595926565411601 -0.024180108514665625 0.0023327102541245855 0.015987589670275883 -0.00012868109441740248 -0.018579747525960474 -0.18881692457887075 0.0092393322865037108 0.041883659202658394 0.051759839348738047 -0.0055777365215290524
leaf_weight=14.015659368480557 6.7633326128125208 2.5826624142937389 8.9804026046767884 6.1343006859533471 7.2394534889608648 10.476802963181397 3.4302193261682978 2.2627624347805959 7.405572984367609 9.6733075059019011 4.0471608564257613 11.418446661438791 3.8056672858074299 3.0756494756788015 2.201808838872239 3.7288577258586884 30.923446090891957 26.779747677675918 29.307848647236824 9.8660813570022601 26.127121396362782 186.77082829922438 143.70212407247163 1860.9101771957939 16.706295847892761 0.2686224221251895 4.9341896728728898 5.0041744345799071 1.9967270452179935 3.7207597922533751
leaf_count=2242 36 44 49 60 32 538 45 13 85 57 23 66 73 29 22 20 214 1860 151 48 142 910 768 14263 76 16 550 420 329 389
internal_value=-1.15113e-05 -0.00598244 0.00366338 -0.0155751 0.0138522 -0.0293107 -0.0122005 0.000668775 0.0172712 0.0373215 -0.0023848 0.00572925 0.000214265 -0.0439329 -0.0197959 0.0152681 0.000149555 0.00985406 -8.93185e-05 -0.0051453 0.000510186 -0.00160125 0.0111105 -0.000461687 -0.03418 0.0298463 -0.000986359 -0.000391425 -0.0070724 0.0216437
internal_weight=2454.26 89.4207 63.2627 21.9039 41.3588 26.158 15.6812 12.251 9.66834 16.9128 24.446 20.3988 2364.84 11.4118 5.27746 10.4922 2361.03 56.7199 2304.31 244.267 2060.05 217.694 173.01 1887.04 26.5724 19.2185 5.20281 37.5014 28.7765 8.72493
internal_count=23570 1119 394 167 227 725 187 142 98 89 138 115 22451 111 51 56 22378 5806 16572 1248 15324 1124 919 14405 124 2808 566 2998 2189 809
is_linear=0
shrinkage=0.05


Tree=178
num_leaves=31
num_cat=0
split_feature=30 30 30 30 10 30 2 30 30 2 6 1 11 5 6 3 9 5 11 12 30 30 3 30 3 5 3 3 5 2
split_gain=1.28801 6.53782 9.55794 6.79859 5.13471 7.34467 5.87595 4.82533 15.5347 7.59867 7.13177 5.92337 12.9639 7.73555 5.89614 5.72638 6.52525 5.25896 7.46664 5.19226 5.07403 10.1914 7.29734 8.72887 5.20651 4.97275 4.47934 3.74186 3.42923 3.33448
threshold=-78.769439697265611 -78.759498596191392 -78.72967147827147 -78.715290069580064 38.020833969116218 -78.68517684936522 2.7960015535354619 -78.970527648925767 -79.00915145874022 4.5089156627655038 1.2395833134651186 20.406845092773441 20.03055572509766 0.76011967658996593 0.38958333432674414 1.6220138669013979 158.31944274902347 0.17856529355049136 12.694444179534914 6.8604166507720956 -79.070907592773423 -79.074466705322251 2.2500694990158085 -79.042778015136705 1.7070139050483706 0.52838641405105602 2.2374305725097661 2.0026388168334965 0.74238628149032604 -1.7780538797378538
decision_type=2 2 2 2 2 2 2 2 2 2 2 2 2 2 2 2 2 2 2 2 2 2 2 2 2 2 2 2 2 2
left_child=7 27 -3 28 6 -6 -5 8 20 11 17 15 13 -13 -14 -9 -17 -10 -19 25 21 24 26 -24 -1 -12 -22 -2 -4 -29
right_child=1 2 3 4 5 -7 -8 9 10 -11 19 12 14 -15 -16 16 -18 18 -20 -21 22 -23 23 -25 -26 -27 -28 29 -30 -31
leaf_value=-0.01066079421210013 0.068285204757437865 -0.031172581591656909 0.032044434689111459 -0.0080769321105156177 -0.019688674152485607 0.0059658599537512728 -0.070901621042645482 0.050493206897115818 0.089063102989403981 -0.041080140921914393 0.029324650746082773 0.017614422251535158 0.016130077989408433 -0.028640950512553005 -0.023758458112561696 -0.0040749255083352377 -0.032770540516112764 -0.0064459030232540187 0.04366959770306502 -0.049434473455684219 0.00050370888254067895 0.042834641402758125 -0.032699253909535139 -0.0057169566601382128 0.00097685167115509996 -0.020349512580978783 0.058661733069277182 0.052826871161463174 -0.02522245770651841 0.008523414351338434
leaf_weight=103.72439764719456 4.2674030885100391 22.17907621152699 25.423274213913832 63.24885002640076 30.933702982962132 284.35353817907162 3.9545386657118788 3.1462756097316733 4.2521877884864798 15.357216563075779 14.927855584770446 84.054468244314194 11.277684234082697 10.127796243876217 51.891906809061766 39.999410640448332 39.251571488799527 10.095070192124693 28.176743514835835 3.9730625525116912 103.33100304380059 14.105303235352038 46.311682505533099 84.963350489735603 1308.729177154426 7.6048703640699378 3.4204096868634215 5.3625142201781335 2.913746563717722 20.418770374730226
leaf_count=1540 19 250 159 372 216 1649 30 16 32 183 82 518 61 66 365 403 380 77 137 35 605 86 414 632 14959 65 21 36 38 124
internal_value=-1.09929e-05 0.00236399 0.00079891 0.00252493 0.000774215 0.00344882 -0.0117738 -0.000563985 0.000380795 -0.00698439 0.0236231 -0.00480037 0.000886799 0.0126404 -0.0166371 -0.015661 -0.0182873 0.0363115 0.0304505 0.00326693 -0.000583057 0.000544559 -0.00734117 -0.0152359 0.000122234 0.0125595 0.00236714 0.024917 0.026156 0.0177385
internal_weight=2451.78 463.055 433.007 410.828 382.491 315.287 67.2034 1988.72 1733.62 255.106 69.0298 239.749 157.352 94.1823 63.1696 82.3973 79.251 42.524 38.2718 26.5058 1664.59 1426.56 238.026 131.275 1412.45 22.5327 106.751 30.0487 28.337 25.7813
internal_count=23570 2893 2714 2464 2267 1865 402 20677 18685 1992 428 1809 1010 584 426 799 783 246 214 182 18257 16585 1672 1046 16499 147 626 179 197 160
is_linear=0
shrinkage=0.05


Tree=179
num_leaves=22
num_cat=0
split_feature=30 12 9 30 30 9 11 4 11 4 12 30 30 30 13 30 5 6 3 2 2
split_gain=1.28082 7.50027 4.27272 4.23176 7.77462 3.61226 4.09388 4.64655 3.85892 2.44802 1.66489 1.55515 9.04001 5.79415 5.01482 4.29563 3.0713 1.17871 0.881292 0.019225 0.0095397
threshold=-72.423046112060533 1.2104166746139529 244.42360687255862 -73.27999114990233 -73.47448348999022 218.74305725097659 16.756944656372074 2.6564583778381352 18.063194274902347 3.8531249761581425 1.0000000180025095e-35 -78.72967147827147 -78.749805450439439 -78.715290069580064 55.760417938232429 -78.769439697265611 0.74238628149032604 0.15625000000000003 2.3284027576446538 -0.17314958572387693 0.37326605618000036
decision_type=2 2 2 2 2 2 2 2 2 2 2 2 2 2 2 2 2 2 2 2 2
left_child=3 9 -3 4 11 8 7 -7 10 20 -5 12 15 16 -15 -1 -13 -14 -6 -20 -2
right_child=1 2 -4 5 18 6 -8 -9 -10 -11 -12 13 17 14 -16 -17 -18 -19 19 -21 -22
leaf_value=-0.0005382627023293059 -0.064561835130032733 -0.0084441023749216061 0.062431314709408936 0.032785846789174088 -0.02757573350864953 0.021147807031100203 0.030835947362408828 -0.063292785620775061 -0.0021956528073665943 -0.0044101704135293537 0.075175057502163217 0.030209974616867349 -0.014903117909535888 -0.011492681156108693 0.0041968466795089514 0.016463503639490572 -0.024247563310828741 -0.048609707547779185 -0.064391448955547367 -0.058268109064278352 -0.060675484461913169
leaf_weight=1986.9893826840562 3.2481982782483119 5.5302710607647878 3.4548680670559406 4.2465674281120318 3.1713168360292894 2.9039681628346425 5.9894717000424862 3.7112473919987679 4.116644710302352 2.5223774313926697 5.0963649675250053 25.61364184552804 3.4274630546569815 62.930205150041729 267.08806469850242 37.859587980434299 2.8802244644612065 10.661903426051138 2.3545270189642906 2.8135485798120499 3.0727931372821331
leaf_count=20677 25 36 26 21 27 17 36 30 20 17 23 159 29 515 1395 262 38 138 19 31 29
internal_value=-1.25332e-05 -0.0133653 0.0188081 8.53591e-05 -0.000131739 0.020124 0.000889225 -0.0262248 0.038137 -0.0460545 0.0559082 3.58995e-05 -0.000498089 0.00307281 0.00120506 -0.000220372 0.0247053 -0.04041 -0.0483252 -0.0610578 -0.0626726
internal_weight=2449.68 17.8285 8.98514 2431.85 2405.79 26.0643 12.6047 6.61522 13.4596 8.84337 9.34293 2397.45 2038.94 358.512 330.018 2024.85 28.4939 14.0894 8.33939 5.16808 6.32099
internal_count=23570 133 62 23437 23290 147 83 47 64 71 44 23213 21106 2107 1910 20939 197 167 77 50 54
is_linear=0
shrinkage=0.05


Tree=180
num_leaves=27
num_cat=0
split_feature=29 6 12 29 29 6 30 9 4 6 30 12 4 4 0 30 12 30 30 0 5 8 2 11 5 2
split_gain=1.24238 2.16953 3.06123 1.95634 7.2592 3.77535 3.66519 6.8135 7.3641 4.21761 4.28953 3.9908 3.23889 4.185 2.6992 2.50166 8.19263 3.75305 7.30439 3.95901 3.24055 2.26646 2.13326 0.633258 0.471474 0.119369
threshold=48.108736038208015 0.73958334326744091 2.7645833492279057 45.319818496704109 44.524425506591804 1.7687500119209292 -89.672775268554673 243.02082824707034 3.5993750095367436 0.068750001490116133 -112.49425125122069 -7.8187499046325675 5.9193749427795419 4.2641665935516366 21.795833587646488 -72.423046112060533 1.2104166746139529 -73.27999114990233 -73.47448348999022 18.559027671813968 0.47532616555690771 1.0000000180025095e-35 -0.26186594367027277 6.3777778148651132 0.31110821664333349 -0.7867106795310973
decision_type=2 2 2 2 2 2 2 2 2 2 2 2 2 2 2 2 2 2 2 2 2 2 2 2 2 2
left_child=3 2 23 4 15 14 9 11 -9 10 -5 -8 13 -11 21 17 24 18 -1 -19 -18 -6 -10 -2 -17 -13
right_child=1 -3 -4 6 5 -7 7 8 22 12 -12 25 -14 -15 -16 16 20 19 -20 -21 -22 -23 -24 -25 -26 -27
leaf_value=0.00020735147074837609 -0.03894964689246224 0.01977869966801743 0.004961130311547577 0.022768051231909631 0.012767960927899821 0.042545366007065058 0.05705830308876543 0.11284936677135199 0.073172266800907687 0.036657981921442498 -0.053184075253398938 -0.070940386341968725 0.067767374101638536 -0.016958875711549439 -0.0066482867879211135 -0.038246350811488618 -0.016436459539459845 0.052489868566123969 -0.047403830389923504 0.0077340266970325304 0.051343671066695323 -0.056662317551158942 -0.05321670215446031 -0.07906165088511001 -0.064749902954429561 -0.055595527126563182
leaf_weight=2330.5698696105392 1.7623662862461045 2.7698891956824809 3.0878870417363942 3.9929635794833302 1.3104454011190743 1.6217204871354614 0.82286183303221871 1.7739103958010676 0.42213634029030855 12.447622366249567 3.4783198563382056 1.9140071626752595 4.6842509340494862 5.1431787456385782 5.1656402423977843 2.4791498593986017 3.4257326051592827 6.6299918517470386 8.0836934745311719 19.397559460252523 3.6340619251132011 11.406793284346348 1.5965439914725716 2.2276903465390205 5.1924779042601585 3.7513557010097447
leaf_count=22439 22 31 27 24 23 22 31 9 6 59 22 13 32 33 32 21 27 35 77 112 21 178 80 23 43 128
internal_value=-1.27095e-05 -0.0177363 -0.0324175 5.88539e-05 -0.000124066 -0.030503 0.0110216 -0.0147145 0.0385253 0.0199165 -0.0125921 -0.045835 0.0308202 0.0209815 -0.0371275 0.000124958 -0.0204157 0.000252921 4.27806e-05 0.0191347 0.0184537 -0.0495079 -0.0267869 -0.0613446 -0.0561851 -0.0607797
internal_weight=2448.79 9.84783 7.07794 2438.94 2398.92 19.5046 40.0272 10.2808 3.79259 29.7463 7.47128 6.48822 22.2751 17.5908 17.8829 2379.41 14.7314 2364.68 2338.65 26.0276 7.05979 12.7172 2.01868 3.99006 7.67163 5.66536
internal_count=23570 103 72 23467 23030 255 437 267 95 170 46 172 124 92 233 22775 112 22663 22516 147 48 201 86 45 64 141
is_linear=0
shrinkage=0.05


Tree=181
num_leaves=30
num_cat=0
split_feature=0 30 30 29 29 10 10 5 30 29 5 30 29 6 30 30 29 29 30 29 30 9 30 7 11 1 6 6 9
split_gain=1.25205 1.25556 3.80949 5.85405 12.6069 4.85911 6.45463 4.20168 3.84363 12.0233 5.5034 3.31855 3.14503 2.45408 5.16255 4.34842 2.235 4.22666 10.0844 3.57905 3.47658 3.39229 2.59795 0.581942 0.344297 0.127839 0.229658 0.00353178 0.00348415
threshold=-1.002083361148834 -80.06703948974608 -80.495098114013658 40.93249702453614 36.13434028625489 64.062500000000014 41.756944656372077 0.67896661162376415 -82.058330535888658 37.980018615722663 0.3047557026147843 -79.927204132080064 40.443843841552741 0.2937499880790711 -85.110637664794908 -85.705905914306626 35.468124389648445 35.112148284912116 -78.675731658935533 35.514999389648445 -78.89247894287108 267.75694274902349 -79.028789520263658 0.46041667461395269 -5.8222222328186026 0.48839284479618078 0.21458333730697635 1.4479166865348818 245.14582824707034
decision_type=2 2 2 2 2 2 2 2 2 2 2 2 2 2 2 2 2 2 2 2 2 2 2 2 2 2 2 2 2
left_child=24 2 8 4 -4 6 -5 -7 13 -10 -11 12 23 14 -2 -15 17 20 -19 21 -13 -18 -21 28 25 26 -1 -6 -3
right_child=1 11 3 5 27 7 -8 -9 9 10 -12 16 -14 15 -16 -17 19 18 -20 22 -22 -23 -24 -25 -26 -27 -28 -29 -30
leaf_value=-0.066710489954524554 -0.00042559402681327518 -0.061254808958548124 0.03303524476113235 0.042100094284447512 -0.060727598094754247 0.024077410755091927 -0.0071672241670029113 0.074500402998400883 0.046560492287119733 -0.0012009687836402783 -0.041801149299473296 0.0040161457909074503 0.018632380797463478 0.0016365914799890324 -0.029939544755293687 0.015308927136926127 0.0059934461948215065 -0.044500988060663445 0.096082160004552622 -0.0029169771579168283 -0.025358124412414813 0.036552991920802164 0.0012117626304254758 -0.025174249285955849 -0.0012478098177540206 -0.072095900107239402 -0.010882299350172988 -0.058353996351712935 -0.058471773664437059
leaf_weight=0.39861517108511157 246.10337438457645 2.3093919679522497 7.1864642053842527 10.121509276330473 5.1228433474898338 11.065664866939189 19.372065849602222 6.5930735878646365 6.8454414159059516 13.725443255156277 21.299139648792334 43.412429995834827 2.2377848923206329 335.61984403373208 15.765812402823938 70.343773766071536 44.708685647696257 14.402994895353912 1.3995768874883641 695.82849684276152 13.116353223100303 11.395822480320929 842.12476278585382 1.6482777483761308 0.38860307005233963 0.59047626238316298 0.34247784700710326 2.2579139955341816 2.192085288465023
leaf_count=14 4946 23 32 49 52 61 119 26 29 159 357 332 17 3903 159 557 249 236 7 6349 169 54 5519 20 36 11 34 25 26
internal_value=-1.28815e-05 1.71048e-05 0.00168618 0.0136009 -0.0141036 0.0221599 0.00974017 0.0429034 0.00065001 -0.0140455 -0.0258907 -0.000751691 -0.0321233 0.00157135 -0.00220248 0.00400568 -0.000593786 -0.00919005 -0.03205 -0.000203725 -0.00279956 0.0122006 -0.000656236 -0.0505924 -0.0426554 -0.0547397 -0.0409109 -0.0600015 -0.0598996
internal_weight=2447.92 2446.2 771.422 61.7195 14.5672 47.1523 29.4936 17.6587 709.703 41.87 35.0246 1674.78 8.38754 667.833 261.869 405.964 1666.39 72.3314 15.8026 1594.06 56.5288 56.1045 1537.95 6.14976 1.72017 1.33157 0.741093 7.38076 4.50148
internal_count=23570 23475 10474 364 109 255 168 87 10110 545 516 13001 86 9565 5105 4460 12915 744 243 12171 501 303 11868 69 95 59 48 77 49
is_linear=0
shrinkage=0.05


Tree=182
num_leaves=31
num_cat=0
split_feature=13 13 29 10 11 2 2 3 4 29 3 5 0 6 1 10 11 6 12 2 10 29 12 1 12 1 12 6 10 29
split_gain=1.24639 2.68254 1.65743 2.17332 1.33707 1.29902 3.80842 3.30394 5.32006 3.54744 3.34967 4.92887 4.55292 3.27906 3.0967 3.07863 3.20365 3.72472 3.02132 7.09109 6.41556 4.73629 4.15301 3.70086 3.60636 2.95695 2.70728 2.64428 1.39564 0.986131
threshold=140.58125305175784 145.91249847412112 37.700534820556648 27.812500000000004 18.609027862548832 0.95458075404167186 0.76903465390205394 2.9183334112167363 4.2127082347869882 35.676872253417976 2.6792360544204716 0.063775800168514266 22.8881950378418 4.4395833015441903 24.864880561828617 76.618057250976577 21.674304962158207 1.3770833611488345 -4.6020832061767569 4.9183359146118173 45.333332061767585 35.640089035034187 -4.3312501907348624 20.955654144287113 -4.1979165077209464 22.486011505126957 -0.16041666269302365 1.4937499761581423 71.006942749023452 35.680410385131843
decision_type=2 2 2 2 2 2 2 2 2 2 2 2 2 2 2 2 2 2 2 2 2 2 2 2 2 2 2 2 2 2
left_child=5 4 3 -3 -2 6 7 10 9 -9 11 -1 -12 18 -10 16 25 -18 19 21 -21 -7 23 -20 -24 -8 27 -17 -15 -28
right_child=1 2 -4 -5 -6 13 15 8 14 -11 12 -13 -14 28 -16 26 17 -19 22 20 -22 -23 24 -25 -26 -27 29 -29 -30 -31
leaf_value=-0.038241307396572707 0.063640980276357423 -0.02703081103343663 -0.054077988567443419 0.067315877667815438 0.0068931080682645132 0.012342416677775289 -0.01210948024480535 -0.0033516914279458267 -0.0031506506468430896 0.012130596314268936 -0.0025213781773184064 6.7558672500845544e-05 -0.021909271986196507 -0.011425022858395709 0.011844257106371124 0.1048365221928473 -0.054015156881356691 0.01231713758189318 -0.028308261974865342 -0.025426333014185478 0.03011348016543422 -0.015474570956304702 -0.033836679043789029 0.031590853018929728 -0.00020626406061535248 0.016365528273484527 -0.0033992490169323349 0.029728852631212679 -0.063436406342008547 0.0260115695960456
leaf_weight=8.4836541449185443 3.1020301008829829 1.4292253953171901 1.4418504296336321 1.0654105091234667 1.559999033808708 17.494207974290475 11.553103256737812 46.201421312754974 251.73488601879217 185.74429307738319 94.887545943725854 815.5333782499074 44.473401489085518 2.2683696560561648 39.886646913830191 2.0208671592408818 4.4751505404710752 4.0151089355349541 3.0402837032452252 6.9910354872699854 20.290604481706396 122.13516564876772 8.0680236839689297 16.985170573578216 666.91744574025506 43.239317076397128 3.9329278038348994 2.7894044604618102 2.9897151755867526 10.351846585283054
leaf_count=199 61 40 18 12 10 193 190 466 2578 1500 951 7268 351 18 224 17 26 23 47 77 183 1566 98 111 6910 272 30 34 37 60
internal_value=-1.32162e-05 0.0189897 -0.0114027 0.0132628 0.0446521 -8.02782e-05 0.000777931 0.000198177 0.00339524 0.00904667 -0.00153933 -0.00032685 -0.00870852 -0.00163337 -0.00109972 0.0112427 0.00593307 -0.0226461 -0.00139322 -0.00743393 0.0158812 -0.0119894 5.74878e-05 0.0224969 -0.000608245 0.0103615 0.0288392 0.0612827 -0.0409984 0.0179141
internal_weight=2445.1 8.59852 3.93649 2.49464 4.66203 2436.5 1569.32 1486.95 523.567 231.946 963.378 824.017 139.361 867.18 291.622 82.3777 63.2827 8.49026 861.922 166.911 27.2816 139.629 695.011 20.0255 674.985 54.7924 19.095 4.81027 5.25808 14.2848
internal_count=23570 141 70 52 71 23429 14189 13537 4768 1966 8769 7467 1302 9240 2802 652 511 49 9185 2019 260 1759 7166 158 7008 462 141 51 55 90
is_linear=0
shrinkage=0.05


Tree=183
num_leaves=31
num_cat=0
split_feature=30 29 29 0 29 6 29 30 0 1 9 4 3 30 2 2 30 30 29 2 6 0 4 1 13 0 4 3 30 7
split_gain=1.20138 2.82646 2.3995 3.6716 2.06776 1.90177 1.58185 3.78467 1.82854 1.44006 4.18727 7.33035 10.6057 5.92222 5.66769 4.82753 3.88402 4.94551 4.54539 4.44309 3.3858 3.30572 10.5021 4.34981 5.54072 3.99521 2.95918 5.8146 3.36165 2.76392
threshold=-120.59299850463866 37.392648696899421 37.413198471069343 10.333333492279055 40.443843841552741 0.006250000325962902 37.905473709106452 -121.78750228881835 22.972222328186039 18.392261505126957 174.99305725097659 3.4331250190734868 3.388541698455811 -79.281692504882798 5.3278467655181894 1.0000000180025095e-35 -72.710048675537095 -78.96700286865233 39.002525329589851 -7.5524585247039786 0.15625000000000003 16.973610877990726 5.1997916698455819 19.394941329956058 61.718750000000007 17.253472328186039 5.2410416603088388 4.4347918033599862 -79.022460937499986 1.7333332896232607
decision_type=2 2 2 2 2 2 2 2 2 2 2 2 2 2 2 2 2 2 2 2 2 2 2 2 2 2 2 2 2 2
left_child=1 -1 3 -3 6 -6 7 -4 -8 10 16 15 13 -13 -14 20 17 18 -2 -19 -12 22 23 24 -11 -23 28 -28 -27 -25
right_child=9 2 4 -5 5 -7 8 -9 -10 21 11 12 14 -15 -16 -17 -18 19 -20 -21 -22 25 -24 29 -26 26 27 -29 -30 -31
leaf_value=0.043547105017445326 0.0083934226615888213 -0.10305522755071586 -0.16259273091674364 0.051830539566384649 -0.054822778751247747 0.001482079889833416 0.050341972621341297 0.011395364773556864 -0.020363803852859096 0.015067410675614602 0.0052702136956931482 0.029413227408572343 -0.019616416102631012 0.0021432793760722112 0.043799618293216956 -0.040158644142157189 0.046987542044305726 0.02728387252628281 -0.0090213352648338772 -0.011530885603509018 -0.018693622652939522 -0.045395643363089461 -0.062887389645924011 -0.038337816218166523 0.071675819196820492 -0.001816606662716 0.024102651725512528 0.00070122826645881717 0.002862152527079144 0.038266387861632715
leaf_weight=5.2019754982902695 183.49545599950943 1.1943237225059444 0.32885474828071881 0.56298708834219713 1.9974469803273658 6.0183662148192525 5.1554220810066909 6.3068153387284855 1.1115509270457549 8.8268048036843627 20.06921467569191 27.460059789009392 63.197779268957675 72.404827788937837 3.7313067447394124 19.632230536080897 4.6150990873575202 8.009840674698351 47.083719310816377 92.698687626514584 55.504990658606403 4.7680830378085366 3.4474928462877861 3.178583323955535 8.470892674289642 1061.2310845108004 38.219032123219222 86.899575804825872 601.51596247777343 1.8703683912754057
leaf_count=1744 2203 19 64 105 38 58 1049 1096 276 51 198 221 1054 651 49 315 24 45 500 905 493 41 26 39 50 7871 215 589 3566 15
internal_value=-1.30441e-05 0.0103072 0.00268174 -0.0534347 0.00739595 -0.0125484 0.0197865 0.00277275 0.0378011 -0.000132111 -0.00226081 -0.0069986 -0.000679949 0.00964175 -0.016081 -0.0180684 0.00143461 0.000800025 0.00483737 -0.00844376 -0.0123299 0.00056781 0.01834 0.0308712 0.0427892 0.000312087 0.000433985 0.00784948 -0.000124017 -0.00996003
internal_weight=2444.21 27.8777 22.6758 1.75731 20.9185 8.01581 12.9026 6.63567 6.26697 2416.33 597.903 262 166.794 99.8649 66.9291 95.2064 335.903 331.288 230.579 100.709 75.5742 1818.43 25.7941 22.3466 17.2977 1792.63 1787.87 125.119 1662.75 5.04895
internal_count=23570 4449 2705 124 2581 96 2485 1160 1325 19121 6658 2981 1975 872 1103 1006 3677 3653 2703 950 691 12463 181 155 101 12282 12241 804 11437 54
is_linear=0
shrinkage=0.05


Tree=184
num_leaves=31
num_cat=0
split_feature=30 30 29 9 7 1 3 6 3 5 2 9 9 1 30 1 2 2 30 29 30 29 12 30 11 9 7 9 3 5
split_gain=1.25456 8.11345 6.62655 5.44286 14.2145 4.64159 5.69797 4.14751 4.08936 3.4478 7.54122 6.41027 9.22191 3.7866 3.98605 4.11277 3.20782 7.19889 2.97523 13.2801 8.08714 13.9256 6.53287 5.64812 8.45588 8.75615 6.06229 4.39805 2.39507 2.38643
threshold=-75.70598983764647 -76.269851684570298 39.79341125488282 205.79166412353518 0.33958333730697637 22.755655288696293 2.4931249618530278 0.64791664481163036 1.8760417103767397 0.30788272619247442 2.0609083175659184 279.67359924316412 261.99305725097662 22.899106979370121 -72.710048675537095 20.406845092773441 -0.7867106795310973 2.0225673913955693 -76.80580902099608 40.443843841552741 -76.589794158935533 37.118564605712898 7.8645834922790536 -78.014999389648423 11.965972423553469 119.68750000000001 0.3770833313465119 257.63194274902349 3.1525000333786015 0.78713691234588634
decision_type=2 2 2 2 2 2 2 2 2 2 2 2 2 2 2 2 2 2 2 2 2 2 2 2 2 2 2 2 2 2
left_child=1 18 -3 5 7 6 -4 -5 -2 13 11 12 -11 14 -10 -16 -15 -18 23 20 22 -22 -20 29 25 -25 -26 -21 -12 -1
right_child=8 2 3 4 -6 -7 -8 -9 9 10 28 -13 -14 16 15 -17 17 -19 19 27 21 -23 -24 24 26 -27 -28 -29 -30 -31
leaf_value=0.00012570874452514912 -0.046612942439249676 0.060121079314369955 -0.025401803722543893 0.045520116283047411 -0.06927983224356303 0.070900603380061739 0.036989471020745998 -0.0050216894929658784 -0.039641079587118017 0.010024634372806155 -0.057010942100175335 0.063518731620972005 -0.061664193402812983 0.040872427258333746 0.037477992609465702 -0.04236165157754794 -0.049587838277542484 0.041365817495856612 -0.047278552222374232 0.05058514440393741 0.072700614534722693 -0.030587873699512647 0.02325433312664436 0.038401279089831319 0.036339548704321066 -0.041338827180995463 0.0017671116980964357 -0.004631769761111861 -0.0096562977527905533 -0.0060868531638938201
leaf_weight=1966.3313551895553 5.6121908426284781 8.4746735990047437 5.4111440256238046 7.8238836377859178 6.2778355032205573 5.1953254491090766 11.304085753858088 8.4353811144828779 17.63421531021595 60.312049835920334 6.0124589763581735 4.9853032641112796 4.8464626893401137 4.411371946334838 4.0400388129055527 2.6850254535675049 5.161321319639681 3.7606824599206448 27.537492940202355 9.350675725610925 5.1060848012566593 9.0416360124945623 3.7272733412683001 4.9147404991090324 34.147181855514646 11.494266314897684 20.16947272978723 5.8701936267316333 4.8032604921609163 167.76666434423532
leaf_count=20228 42 34 26 36 32 23 49 38 128 333 51 27 33 21 28 23 34 20 166 43 20 45 20 28 167 116 114 29 36 1580
internal_value=-1.27158e-05 0.000249625 0.0196022 0.0118766 -0.00537528 0.0296218 0.0167918 0.0192988 -0.00490716 -0.0029345 0.00288114 0.00887339 0.00469245 -0.0154258 -0.0271506 0.0056015 0.00599461 -0.0112503 -0.000202462 -0.011129 -0.0246762 0.0066902 -0.0388699 9.80222e-05 0.0139993 -0.0174555 0.0235017 0.0292898 -0.0359807 -0.000362676
internal_weight=2442.64 2318.38 52.9223 44.4477 22.5371 21.9106 16.7152 16.2593 124.264 118.652 80.9595 70.1438 65.1585 37.6927 24.3593 6.72506 13.3334 8.922 2265.46 60.6334 45.4125 14.1477 31.2648 2204.82 70.7257 16.409 54.3167 15.2209 10.8157 2134.1
internal_count=23570 22794 238 204 106 98 75 74 776 734 480 393 366 254 179 51 75 54 22556 323 251 65 186 22233 425 144 281 72 87 21808
is_linear=0
shrinkage=0.05


Tree=185
num_leaves=31
num_cat=0
split_feature=13 13 12 2 2 12 4 2 29 11 11 9 29 13 2 9 0 9 5 13 29 1 9 9 8 9 6 5 9 11
split_gain=1.12419 2.47606 1.46476 1.39011 4.96916 4.43194 6.74019 3.98703 4.33816 3.80425 3.75626 3.6676 5.91739 5.52275 3.05273 3.78981 4.6162 4.86588 3.75691 3.36009 3.2035 2.16362 2.01142 5.71492 6.21951 5.13289 5.75177 3.30645 3.2274 1.29607
threshold=140.58125305175784 145.91249847412112 -2.1312500238418575 4.5953156948089608 4.8051371574401864 0.60625001788139354 3.1856249570846562 4.7683618068695077 35.670007705688484 17.487500190734867 9.6298608779907244 287.63888549804693 35.686880111694343 133.22917175292972 4.0432066917419442 249.53472137451175 29.464583396911625 253.66666412353518 0.25793790817260748 131.51249694824222 35.723661422729499 25.942857742309574 297.68750000000006 267.75694274902349 4.5000000000000009 298.50694274902349 1.3062499761581423 0.39384433627128607 264.45140075683599 18.609027862548832
decision_type=2 2 2 2 2 2 2 2 2 2 2 2 2 2 2 2 2 2 2 2 2 2 2 2 2 2 2 2 2 2
left_child=3 29 -3 14 7 11 21 8 -5 -10 -8 12 -6 -13 22 18 17 -17 20 -20 -16 -7 23 28 -25 26 -24 -27 -1 -2
right_child=1 2 -4 4 5 6 10 -9 9 -11 -12 13 -14 -15 15 16 -18 -19 19 -21 -22 -23 25 24 -26 27 -28 -29 -30 -31
leaf_value=0.00035497055837626669 0.062717001894019117 -0.059288745154840131 0.0084016553180203315 0.020770140966499859 0.044149536142135029 0.017315143387528813 0.0068423507926372671 -0.056690703788661027 -0.051663694028079001 0.0016014389976104458 -0.033152881180733791 -0.021090844155171644 0.0051589997461090427 0.055435146533940265 -0.012916838345129675 0.09717449843084458 -0.021977109135895748 0.024436341836468128 -0.026533627766792113 0.061529926526226755 0.093875257657133282 -0.031543004971910482 0.01707737510380318 -0.011923890903390941 0.0019180886957636007 -0.0046796758650888351 0.099806132495703262 0.0091809259547907095 0.01417129499418782 0.0063015341541691645
leaf_weight=1658.2947831511265 2.9752396412659419 1.1170372506603601 2.8087100002449006 6.5138309588655892 12.393919017165898 18.183121511014182 7.4460074697853988 6.9629828407196319 7.81079113925807 5.872403085231781 27.745921698398888 17.92275965411682 45.287698976811953 2.7147494052769607 1.2900372520089143 2.5536616211757126 4.7506637065671375 23.073771080235019 11.70848473254591 1.1935953348875035 1.5412103421986101 2.5885036574909455 8.3905185861513001 203.5849329775665 134.94219412223902 79.111851033754647 2.8028543000109485 94.329860872006975 43.373072128393687 1.547622926533222
leaf_count=15261 61 11 59 61 108 197 122 87 164 42 209 224 475 15 19 20 26 221 210 7 26 23 76 1670 1236 1744 14 844 328 10
internal_value=-1.24664e-05 0.0181948 -0.0108591 -7.57072e-05 -0.00455875 -0.000613657 -0.0113594 -0.0240638 -0.0128156 -0.0288039 -0.0246906 0.00706483 0.0135368 -0.0110243 0.000242995 0.0129767 0.0232926 0.0316844 -0.00694122 -0.0183867 0.0452162 0.0112266 -2.09217e-05 -0.000473188 -0.00640626 0.00497656 0.0377929 0.0028587 0.000707129 0.0434129
internal_weight=2440.83 8.44861 3.92575 2432.38 161.443 134.283 55.9636 27.16 20.197 13.6832 35.1919 78.3191 57.6816 20.6375 2270.94 46.1114 30.3781 25.6274 15.7333 12.9021 2.83125 20.7716 2224.83 2040.19 338.527 184.635 11.1934 173.442 1701.67 4.52286
internal_count=23570 141 70 23429 1727 1373 551 354 267 206 331 822 583 239 21702 529 267 241 262 217 45 220 21173 18495 2906 2678 90 2588 15589 71
is_linear=0
shrinkage=0.05


Tree=186
num_leaves=31
num_cat=0
split_feature=30 30 29 29 9 12 12 9 30 29 2 5 29 12 2 1 30 5 30 29 2 29 30 30 30 29 29 6 30 3
split_gain=1.20918 3.52202 5.36627 11.7241 4.60489 7.00491 5.39194 5.05716 3.51247 10.369 5.86896 5.00697 4.20497 3.58535 3.80157 3.32229 3.04195 3.13009 2.74769 4.53145 3.18809 2.34762 20.5142 19.0263 17.6388 8.47078 7.38823 10.97 6.58958 9.20568
threshold=-80.06703948974608 -80.495098114013658 40.93249702453614 36.13434028625489 277.61805725097662 1.7354166507720949 -0.20624999701976773 234.73611450195315 -83.395496368408189 41.042871475219734 1.4005434513092043 0.36544454097747808 40.186811447143562 -0.71041664481163014 -1.3178312778472898 22.209821701049808 -79.927204132080064 0.48767988383769995 -84.990852355957017 39.518049240112312 -0.70243272185325611 36.361949920654304 -78.910125732421861 -76.589794158935533 -76.80580902099608 36.20991516113282 42.026338577270515 1.6270833611488345 -75.886917114257798 2.3626388311386113
decision_type=2 2 2 2 2 2 2 2 2 2 2 2 2 2 2 2 2 2 2 2 2 2 2 2 2 2 2 2 2 2
left_child=1 8 3 -3 6 -6 15 -8 18 10 12 -12 -10 14 -11 -4 17 -2 -1 -20 -21 23 26 24 25 -18 -23 -28 29 -24
right_child=16 2 4 -5 5 -7 7 -9 9 13 11 -13 -14 -15 -16 -17 21 -19 19 20 -22 22 28 -25 -26 -27 27 -29 -30 -31
leaf_value=0.00099899900084209634 -0.049021074316511558 0.031265270586156309 0.055827393250549022 -0.059409777634005949 -0.064437735803179463 0.042652248940127729 0.02267417914444033 -0.036880282495522825 0.014992479626804176 0.02476245459577274 0.081722328339545194 0.0022441317766187258 -0.029708082597361702 -0.056267388881139205 -0.03415087791038296 0.0080660408536282601 0.0001331097229036073 0.022374703403072491 -0.00075340294814325479 0.088553596806119572 0.026372141970220992 -0.033155295418272689 0.025546012771927917 0.062107806753350182 -0.038527503866452206 0.032119861217937314 -0.014071787699576718 0.093859350082244442 -0.0051043249551871415 -0.0010114276905457671
leaf_weight=628.94848404586082 6.140189725905655 7.1813314110040647 16.222222618758678 7.0789203979074955 3.577766850590705 2.6640652716159821 15.24615421518684 4.6524335779249659 11.714079484343534 3.7533251326531163 4.3128184154629698 3.6660628616809845 9.5504654813557845 11.177757397759704 10.125134220230395 4.6947608962655059 1241.7687898911536 2.0469181314110756 14.196922183036806 2.7592795491218558 8.1494242434855533 67.516089668497443 57.339902050793171 12.359466060996054 29.373872492462397 21.048579126596451 14.483671539230274 2.8111992690246543 140.08528040349483 75.721261240076274
leaf_count=9170 68 32 72 77 30 15 72 35 65 36 25 32 101 321 248 31 10204 18 87 13 85 572 272 50 178 124 156 32 854 495
internal_value=-1.26407e-05 0.00162713 0.0131231 -0.0137467 0.0212657 -0.0187308 0.0273823 0.00874992 0.000631999 -0.0115877 0.00863708 0.0452044 -0.00508372 -0.0351922 -0.0182182 0.0451075 -0.000768066 -0.0311709 0.00164648 0.0178671 0.0421005 -0.000618346 -0.00420522 0.000365863 -0.000224683 0.000666263 -0.0256862 0.00347191 0.00246453 0.0104329
internal_weight=2440.37 769.671 61.3177 14.2603 47.0574 6.24183 40.8156 19.8986 708.354 54.2996 29.2434 7.97888 21.2645 25.0562 13.8785 20.917 1670.7 8.18711 654.054 25.1056 10.9087 1662.51 357.957 1304.55 1292.19 1262.82 84.811 17.2949 273.146 133.061
internal_count=23570 10547 364 109 255 45 210 107 10183 828 223 57 166 605 284 103 13023 86 9355 185 98 12937 2381 10556 10506 10328 760 188 1621 767
is_linear=0
shrinkage=0.05


Tree=187
num_leaves=31
num_cat=0
split_feature=10 10 11 12 11 12 29 2 6 6 6 6 6 6 29 29 29 29 3 2 0 29 11 12 3 3 5 12 5 29
split_gain=1.31721 3.76257 4.94085 7.15094 6.17759 3.68045 3.36783 3.11337 2.96243 3.20377 6.3407 5.49852 1.9917 1.78159 1.62118 5.98626 5.60231 4.19594 10.1703 6.069 4.77365 4.66518 6.08924 5.40154 4.18208 5.58688 3.98886 3.225 2.80066 1.25963
threshold=64.520832061767592 63.868055343627937 19.04374980926514 1.7354166507720949 21.072221755981449 13.870833396911623 35.791999816894538 8.1430253982543963 1.0000000180025095e-35 1.2145833373069765 1.3187500238418581 0.90625000000000011 0.85208335518836986 1.3312500119209292 35.725976943969734 35.699068069458015 35.717218399047859 36.13434028625489 3.8833333253860478 5.8905150890350351 17.821527481079105 37.413198471069343 19.431249618530277 0.38958333432674414 2.5245138406753544 2.6965972185134892 0.59897175431251537 -2.7854166030883785 0.29537253081798559 35.038000106811531
decision_type=2 2 2 2 2 2 2 2 2 2 2 2 2 2 2 2 2 2 2 2 2 2 2 2 2 2 2 2 2 2
left_child=1 14 3 6 -4 7 29 8 -2 11 -11 -10 -6 -8 15 24 28 18 19 -16 -20 22 -19 -23 27 -26 -18 -1 -17 -3
right_child=5 2 4 -5 12 -7 13 -9 9 10 -12 -13 -14 -15 17 16 26 21 20 -21 -22 23 -24 -25 25 -27 -28 -29 -30 -31
leaf_value=-0.017854002853520904 -0.052804801602987617 0.0042593733945534657 0.090455701362261665 -0.054148040122176236 0.038636202067545873 -0.054954139768631116 0.01272230960249579 -0.060021896469097336 -0.001810479343487851 -0.030929242581032686 -0.0030470725505093339 0.010169089835330651 -0.005672614036696744 0.054255451411987669 0.0076468749948641196 -0.014424740625208097 -0.025941044527273999 -0.019553201150936506 -0.057695606073743189 -0.049963173403153385 0.023588761303063536 0.0046473184714434191 0.0090375498502545809 -0.0042008730010604078 0.028564442112392514 0.0018594281610806074 0.021001540564363722 -0.0020368054801602957 -0.05447427626959387 -0.056679166172913235
leaf_weight=40.654860827606171 2.7799107157625249 1.7714499123394518 4.2077401727437964 4.531019538990221 5.5755989253520948 3.2259462802903718 5.4349867256823909 2.2618286192882797 345.20597641612403 21.841206099023111 306.952392643434 132.57168182812165 4.6525076851248741 4.9187710527330637 381.05212732660584 6.7597049921751049 8.6833216585218924 64.959363535162993 8.9655897151678783 4.6270322594791642 2.2619443014264098 384.35495446051937 26.107971489429474 312.90281156764831 22.560518520185724 148.49559325736482 9.4506799280643445 155.44315680768341 12.323153005912898 1.6267460417002437
leaf_count=446 123 19 20 61 26 59 53 29 3181 243 3288 1136 31 38 2540 134 121 1908 140 57 13 3367 149 2827 196 1622 94 1389 239 21
internal_value=-1.35646e-05 0.000810237 0.017594 0.000328861 0.0394603 -0.00165373 0.018278 -0.00144188 -0.00127817 -0.00110058 -0.00489924 0.00151356 0.0184812 0.0324535 0.000464777 -0.00226893 -0.0213768 0.00139745 0.00559013 0.00695572 -0.0413197 -0.000713483 -0.0113566 0.000676586 -0.000332051 0.00538154 -0.00147654 -0.00531601 -0.0402876 -0.0249124
internal_weight=2437.16 1622.32 32.7188 18.283 14.4358 814.839 13.752 811.613 809.351 806.571 328.794 477.778 10.2281 10.3538 1589.6 404.371 37.2169 1185.23 396.907 385.679 11.2275 788.325 91.0673 697.258 367.154 171.056 18.134 196.098 19.0829 3.3982
internal_count=23570 15511 269 192 77 8059 131 8000 7971 7848 3531 4317 57 91 15242 4241 588 11001 2750 2597 153 8251 2057 6194 3653 1818 215 1835 373 40
is_linear=0
shrinkage=0.05


Tree=188
num_leaves=31
num_cat=0
split_feature=10 6 30 8 10 30 29 12 11 3 4 13 3 30 11 8 11 30 29 12 10 9 2 11 3 11 30 29 9 6
split_gain=1.21865 6.134 13.3722 7.31642 5.93794 5.68253 4.97478 4.75493 4.51485 4.10011 8.95062 5.67046 3.85426 5.07628 3.41369 3.08879 6.74207 4.32749 2.67901 3.03401 2.33073 1.98404 4.77998 3.85333 8.72265 8.00498 7.00893 4.74389 3.6657 7.15839
threshold=77.77777481079103 0.2937499880790711 -79.217182159423814 1.5000000000000002 78.986110687255874 -97.084445953369126 39.046882629394538 0.19375000149011615 16.453472137451175 2.3373612165451054 2.9118750095367436 19.608332633972172 3.4659028053283696 -79.01702499389647 18.458333015441898 3.5000000000000004 13.959027767181398 -79.294250488281236 35.699068069458015 -2.3520833253860469 84.409721374511733 254.5138854980469 5.8905150890350351 14.085416793823244 5.5785417556762704 14.293750286102297 -78.882755279541001 35.981050491333015 259.76388549804693 1.0854166746139529
decision_type=2 2 2 2 2 2 2 2 2 2 2 2 2 2 2 2 2 2 2 2 2 2 2 2 2 2 2 2 2 2
left_child=21 2 15 4 6 -5 -3 8 -7 11 -11 -6 18 -14 -8 17 -17 20 -4 -20 -2 22 23 26 25 -25 -1 -28 29 -23
right_child=1 3 12 5 9 7 14 -9 -10 10 -12 -13 13 -15 -16 16 -18 -19 19 -21 -22 28 -24 24 -26 -27 27 -29 -30 -31
leaf_value=0.0018021402240714778 -0.0022037402650748159 -0.061412152647495936 0.081094327271678215 0.065659308468942787 0.053237105418671708 -0.052786921769013041 -0.036164863230958848 -0.050062971188171872 -0.008940677334367101 -0.054800820774701366 -0.0019365644374886521 0.0051251799059203722 0.034820112992198858 -0.03514763761744992 0.03734011598868061 0.0067836155046270292 -0.089857396997904987 -0.03765463671919389 0.052312454337965303 0.014314959717318613 0.052811160615167045 -0.023159553349209001 -0.034116316459679316 0.040955311596508087 -0.055584625624437084 0.0040275361657665879 -0.02574594796368538 -0.0044797921999506314 -0.00038211871332798054 0.0095238718448838518
leaf_weight=383.82352485845331 5.1396001984830928 7.4503384891431761 3.73885150253773 1.8251414810074482 6.6257336833514264 6.9923357192892572 3.3143429686315358 13.362366238608955 36.613270694389939 8.4205001111840811 163.04611352330539 80.915585291222669 6.3447023406624794 4.3832307979464513 3.0177076756954193 3.3550944360904387 3.9055205853655934 5.9247170314192799 11.660399831831457 9.5611913576722127 3.0782139033544809 49.151691450737417 9.2322243198286724 14.98298194084782 6.0328281819820395 715.20330197992735 41.805439272895455 70.358667106251232 731.3974858513684 25.416444556089118
leaf_count=5399 46 115 16 58 163 97 35 135 247 95 1999 607 38 30 15 218 26 46 66 63 40 458 110 94 70 4636 495 510 7485 158
internal_value=-1.43241e-05 -0.00258101 0.0125567 -0.00518739 -0.00173936 -0.0211857 -0.0337186 -0.023968 -0.0159716 -3.76738e-05 -0.00453266 0.00876662 0.0312963 0.00623261 -0.0011341 -0.0186905 -0.0452001 -0.0050808 0.0420686 0.035193 0.0184036 0.00047293 0.00172705 0.00199561 0.00429058 0.00478527 -0.00141094 -0.012406 -0.00145881 -0.0120195
internal_weight=2436.08 388.675 57.0915 331.583 272.79 58.7931 13.7824 56.968 43.6056 259.008 171.467 87.5413 35.6884 10.7279 6.33205 21.4031 7.26062 14.1425 24.9604 21.2216 8.21781 2047.4 1241.44 1232.21 736.219 730.186 495.988 112.164 805.966 74.5681
internal_count=23570 4155 589 3566 3029 537 165 479 344 2864 2094 770 213 68 50 376 244 132 145 129 86 19415 11314 11204 4800 4730 6404 1005 8101 616
is_linear=0
shrinkage=0.05


Tree=189
num_leaves=31
num_cat=0
split_feature=30 30 30 30 2 13 4 7 29 6 7 2 12 6 2 30 6 6 2 4 4 6 3 29 6 9 9 9 0 3
split_gain=1.18384 10.3311 7.30555 4.98553 7.38369 5.24393 7.58112 4.12663 5.32446 3.68173 2.99066 2.58882 4.11022 2.82286 2.58863 4.60803 2.65754 2.58059 6.61186 6.52548 6.97378 5.72886 5.63577 5.48352 4.70602 5.33951 4.87791 4.1712 7.95467 3.07564
threshold=-79.26528167724608 -79.273685455322251 -79.281692504882798 -79.248573303222642 0.43549430370330816 105.94166564941408 2.6347916126251225 0.83541664481163036 35.650003433227546 0.43541666865348821 1.0562499761581423 4.321545124053956 8.1604170799255389 0.15625000000000003 4.0432066917419442 -86.99761581420897 0.2937499880790711 1.2395833134651186 1.7414725422859194 3.0539582967758183 3.197708368301392 1.3187500238418581 3.4832638502120976 35.571500778198249 1.0437499880790713 322.02777099609381 108.27083206176759 221.7013854980469 20.187500000000004 3.3718750476837163
decision_type=2 2 2 2 2 2 2 2 2 2 2 2 2 2 2 2 2 2 2 2 2 2 2 2 2 2 2 2 2 2
left_child=1 2 11 4 -2 6 -6 8 9 -3 -8 14 13 -13 16 -16 -1 24 21 -20 -21 23 -23 -19 27 26 -26 29 -29 -5
right_child=3 7 -4 17 5 -7 10 -9 -10 -11 -12 12 -14 -15 15 -17 -18 18 19 20 -22 22 -24 -25 25 -27 -28 28 -30 -31
leaf_value=-0.0024439851964804197 -0.044686647689256266 0.040968942489263346 -0.033529527919539011 0.0052744447280346695 0.11820765231578112 -0.03772899191621433 0.020068101081179957 0.078783912681338553 0.060058788873830073 -0.017316379603133356 -0.056333488064326559 0.0066440790692112841 -0.053758290576232617 -0.013357531975794222 0.052407963181438713 -0.021903580266903887 0.0036943816903373542 0.043401671158646453 -0.05493114850350387 0.042204338045344708 -0.017292468628809021 0.0025594617731543121 -0.020885395581528531 -0.028684955746638985 0.028530828386214319 0.066245127045952076 0.0031859677455741229 -0.020776590426356129 -0.0011020649606962121 -0.0073659446344116197
leaf_weight=262.691848146962 15.752082519233229 4.2765984386205727 15.449119241908191 341.4415081483312 1.8056580126285542 4.8875602260231963 6.405178312212227 4.3086490929126731 6.6649793423712245 7.3934961296617985 1.6010242961347101 31.027418835903518 4.5444299781229338 40.883775098482147 6.34909294731915 3.107016646768896 536.30794035689905 2.91527942568064 10.228662461042402 5.4557078164070836 50.646597773768008 323.920932572335 27.835658773779869 27.745685081230476 23.537982076406479 4.0792112760245791 98.12924370681867 57.974951838026755 451.2997529078275 56.018507375498302
leaf_count=4878 178 34 172 2457 12 54 79 29 45 64 21 455 43 405 101 48 5566 20 122 79 547 2244 226 245 187 18 762 656 3278 545
internal_value=-1.48304e-05 0.00139616 0.000557265 -0.000876355 -0.0209027 0.00458442 0.0256619 0.0347523 0.0244051 0.00404274 0.00478985 0.00115236 -0.0076418 -0.00472747 0.00198403 0.0279912 0.00167623 -0.000464647 -0.00363026 -0.018203 -0.0115067 -0.00110259 0.000704193 -0.0218309 0.000911227 0.00997581 0.00808923 -0.000345855 -0.00334178 0.00349289
internal_weight=2434.69 923.004 900.361 1511.68 30.4515 14.6994 9.81186 22.6437 18.3351 11.6701 8.0062 884.912 76.4556 71.9112 808.456 9.45611 799 1481.23 448.749 66.331 56.1023 382.418 351.757 30.661 1032.48 125.746 121.667 906.735 509.275 397.46
internal_count=23570 11840 11668 11730 344 166 112 172 143 98 100 11496 903 860 10593 149 10444 11386 3483 748 626 2735 2470 265 7903 967 949 6936 3934 3002
is_linear=0
shrinkage=0.05


Tree=190
num_leaves=25
num_cat=0
split_feature=10 7 12 7 13 10 11 12 11 12 29 29 10 10 12 7 29 6 3 6 12 11 5 12
split_gain=1.23496 4.52456 8.81597 4.26693 3.41728 3.39094 4.38491 6.51358 5.48533 3.35481 2.87339 6.70269 6.95749 4.51318 6.0283 4.35216 3.50393 2.22829 6.29848 2.6432 1.17449 0.94952 1.07692 0.720777
threshold=64.520832061767592 2.0187499523162846 -0.71041664481163014 1.7062500119209292 134.79792022705081 63.868055343627937 19.04374980926514 1.7354166507720949 21.072221755981449 13.870833396911623 41.268846511840827 41.806915283203132 65.034721374511733 65.715278625488295 -3.5062500238418575 0.30625000596046453 40.405790328979499 2.2979166507720952 1.8211805224418642 2.2729166746139531 3.1187499761581425 9.7215280532836932 0.15224485844373706 9.0583333969116229
decision_type=2 2 2 2 2 2 2 2 2 2 2 2 2 2 2 2 2 2 2 2 2 2 2 2
left_child=1 3 -3 5 9 17 7 -7 -8 10 13 15 -13 14 -2 -12 -15 19 -19 -1 -4 22 -11 -22
right_child=4 2 20 -5 -6 6 8 -9 -10 21 11 12 -14 16 -16 -17 -18 18 -20 -21 23 -23 -24 -25
leaf_value=0.00012847128503315779 0.011672443687513356 0.052813044402398306 -0.032082061976070393 0.049147092221106227 0.060159403929074699 0.017200428096252909 0.085287709098346917 -0.053135958506408211 0.017554865132827901 0.053820096435760634 0.033745742604010594 0.081848107970299802 -0.012826150588001281 -0.00098709052003476691 -0.030564298887343345 0.006904904746407022 -0.018956004224308712 -0.025519817547605711 0.012747743335733515 -0.050678155119484564 -0.092830568819284143 -0.072464094375300228 -0.05293380459821985 -0.054702993235224706
leaf_weight=1473.4190557196271 11.743487118976189 2.3135029557161033 2.7153841927647573 4.5867258595535523 2.2332396011333904 13.82770812243689 4.2261512205004683 4.319833069574087 10.212006155401467 0.37369657307863169 22.468013118952513 2.0274935176130375 45.26268816110678 621.61158848181367 30.104515639832243 46.07037854893133 28.368241421412677 12.322143443394451 84.4169611959951 2.5643880621064445 2.3806474460288882 2.1183135993778706 0.64225879032164812 2.5860295838210732
leaf_count=14399 109 23 19 38 20 131 20 60 57 2 132 21 705 6207 286 289 231 79 619 18 17 19 38 31
internal_value=-1.58914e-05 0.00078218 -0.0327538 0.000990399 -0.00160599 0.000852804 0.0168176 0.000457584 0.0373807 -0.00177612 -0.00157576 0.00571285 -0.00876714 -0.00279605 -0.0187117 0.0157038 -0.00177134 0.000522025 0.00787341 4.01994e-05 -0.0585228 -0.0534053 -0.0136668 -0.0729785
internal_weight=2432.91 1619.89 9.99556 1609.89 813.024 1605.31 32.5857 18.1475 14.4382 810.791 807.656 115.829 47.2902 691.828 41.848 68.5384 649.98 1572.72 96.7391 1475.98 7.68206 3.13427 1.01596 4.96668
internal_count=23570 15511 90 15421 8059 15383 268 191 77 8039 7980 1147 726 6833 395 421 6438 15115 698 14417 67 59 40 48
is_linear=0
shrinkage=0.05


Tree=191
num_leaves=31
num_cat=0
split_feature=3 3 11 7 12 29 10 29 7 3 30 4 3 5 10 6 12 9 9 1 29 6 10 7 6 7 6 30 30 30
split_gain=1.17496 5.05856 6.56528 4.97307 4.94339 5.22959 4.761 4.57602 4.06332 4.71908 4.45547 3.83431 9.16931 8.49438 5.17597 5.13785 4.95245 4.58773 5.30407 4.22919 5.35555 3.96853 3.39982 3.33068 3.7415 5.43059 4.09623 3.48223 5.84887 5.49339
threshold=2.850972175598145 2.6792360544204716 3.7333333492279057 1.9645833373069765 -3.6020833253860469 35.642248153686531 64.756942749023452 35.514999389648445 1.8520833253860476 2.6619445085525517 -79.24431991577147 3.6885416507720952 3.2738194465637211 0.6685987412929536 18.479166030883793 0.514583319425583 6.2395834922790536 154.40277862548831 301.42361450195318 19.603868484497074 35.690526962280281 0.039583334699273116 48.729166030883796 2.0187499523162846 3.091666698455811 3.1875000000000004 2.7729166746139531 -76.660556793212876 -79.142883300781236 -75.886917114257798
decision_type=2 2 2 2 2 2 2 2 2 2 2 2 2 2 2 2 2 2 2 2 2 2 2 2 2 2 2 2 2 2
left_child=1 3 -3 8 5 -4 7 -6 9 -1 -11 12 13 14 21 22 -16 -15 -19 20 -17 -2 -14 27 26 -26 -25 28 -13 -29
right_child=11 2 4 -5 6 -7 -8 -9 -10 10 -12 23 15 17 16 19 -18 18 -20 -21 -22 -23 -24 24 25 -27 -28 29 -30 -31
leaf_value=-0.00044494150956129493 0.0090894686926570479 0.017196678753240734 0.02839408461742203 0.029103432340139686 0.03893840085445386 -0.034740309116888676 -0.02228214658080066 -0.0040241700195493384 -0.054438181779647613 -0.015477478065875622 0.035411073395637087 0.0022787059576085279 0.061826363193563466 -0.05856429653798452 0.013716610081341844 0.01379699820854275 -0.012391114294416489 0.0071427549666338089 -0.075507172825802576 -0.016492859201020275 0.10104038370843348 -0.077738638422292783 0.17841678974583453 -0.016933696000294256 -0.060452214875237997 0.00021826333834717212 0.045041037251716841 0.032619007005714705 -0.0084493661776909555 0.0017115808162795694
leaf_weight=1319.0727131455787 2.3368177581578484 20.400880516390316 3.6301010684110215 14.641423950903116 6.9214617740362874 34.010757706011645 35.239956449018791 59.291423140326515 3.4436087334761387 5.7597178244031992 16.986111544072628 446.20707797782961 1.4465891744475805 7.0329868164844838 135.2634975531837 3.8194546289741975 20.982107555377297 10.398401792626826 2.3867273773066691 3.0445874184370041 3.260836482513696 3.0124259367585182 1.1012989429291336 8.2245358962100017 8.5061315986094979 6.51203228754457 3.9451382088009259 20.707396057900041 177.62271304556634 47.023970884270966
leaf_count=12333 149 255 45 134 66 328 357 513 30 76 110 4943 40 97 1105 45 224 91 19 23 23 28 13 161 124 94 51 95 1721 277
internal_value=-1.5554e-05 -0.000867357 -0.00929156 0.000120665 -0.0131766 -0.0286516 -0.00743508 0.000466856 -0.000194775 -5.55661e-05 0.022525 0.00140226 0.00763831 0.00476592 0.00855487 0.0487571 0.0102106 -0.0261288 -0.00828633 0.0327865 0.053977 -0.0398078 0.112221 -0.000281679 -0.0174479 -0.0341449 0.00315714 0.000393191 -0.000775892 0.0111609
internal_weight=2432.23 1519.4 159.495 1359.9 139.094 37.6409 101.453 66.2129 1345.26 1341.82 22.7458 912.835 194.086 181.413 161.595 12.6728 156.246 19.8181 12.7851 10.1249 7.08029 5.34924 2.54789 718.749 27.1878 15.0182 12.1697 691.561 623.83 67.7314
internal_count=23570 14247 1564 12683 1309 373 936 579 12549 12519 186 9323 1857 1713 1506 144 1329 207 110 91 68 177 53 7466 430 218 212 7036 6664 372
is_linear=0
shrinkage=0.05


Tree=192
num_leaves=28
num_cat=0
split_feature=0 3 6 30 6 11 29 12 30 5 0 12 12 3 6 8 6 3 29 29 29 11 2 3 3 2 3
split_gain=1.17405 1.15883 4.54359 4.78962 4.33654 4.36305 4.45275 3.23123 3.17271 2.76511 2.68614 4.43404 3.60211 2.52673 4.60183 7.12533 6.05031 3.25481 5.99094 3.61936 1.63306 0.884378 0.537577 0.739684 0.00028033 1.22805e-05 3.44914e-07
threshold=-1.002083361148834 1.7691666483879092 2.3562500476837163 -79.01702499389647 0.92291668057441723 22.438194274902347 35.898796081542976 0.82291665673255932 -77.195240020751939 0.94899520277977001 23.779861450195316 -2.5479166507720943 -2.1312500238418575 2.2858333587646489 0.44374999403953558 2.5000000000000004 0.41041666269302374 2.850972175598145 35.652334213256843 35.628938674926765 36.419198989868171 16.290972709655765 -5.9878363609313956 2.7188194990158085 3.3588889837265019 -0.12488354369997977 5.9328472614288339
decision_type=2 2 2 2 2 2 2 2 2 2 2 2 2 2 2 2 2 2 2 2 2 2 2 2 2 2 2
left_child=22 2 4 7 5 6 -2 20 -5 13 12 -12 -6 14 16 -16 -3 18 -15 -19 -4 -11 -1 -24 -25 -26 -27
right_child=1 9 3 8 10 -7 -8 -9 -10 21 11 -13 -14 17 15 -17 -18 19 -20 -21 -22 -23 23 24 25 26 -28
leaf_value=-0.07449228745986583 -0.014702048677732813 0.0068300160111658265 -0.049868809620468961 0.023092802501509548 -0.052609116427908567 -0.053700621663080261 0.0038753025330766668 -0.10154934203497479 -0.033137253049558967 -0.014639013960883258 0.04803312866507236 0.0078019480865781981 0.0011392128212834429 0.0061956711096876659 0.0050634287161164726 -0.0098429476705842456 0.04241980484972685 -0.0093438183058294072 -0.005452999635909804 0.0023297513225543128 0.0018788267231555735 -0.059487700724518859 0.039743308271753978 -0.052722699650407739 -0.05094846009186247 -0.050313321578442566 -0.050160425041002168
leaf_weight=0.7217911034822464 63.025208565406501 216.90994683525059 5.2114112665876764 5.6025531142950058 3.6402858683140975 4.8086070902645579 66.067459594807588 2.3982990300282836 4.5426285266876203 2.0175537522882214 7.7766491621732703 57.401705347001553 21.694358096923679 137.7031522707548 221.32613666367251 125.69768234551884 12.637458542827515 72.114172337925993 556.23797063709935 837.89592701144284 2.1551028833491728 2.4148805662989616 0.35549437953159102 0.33543341420590878 0.095152031863108277 0.063139983220025897 0.08870681980624795
leaf_count=6 664 2487 55 34 47 31 1024 14 21 26 39 330 205 1190 1652 1054 105 964 5222 8267 22 22 10 10 11 16 42
internal_value=-1.58202e-05 1.29012e-05 -0.00325283 -0.0261444 -0.00122189 -0.00693641 -0.00519447 -0.0511411 -0.00208489 0.000378079 0.00723194 0.0126021 -0.00658378 0.000458274 0.0032971 -0.000335904 0.00878937 -0.000562196 -0.00314148 0.00140467 -0.0347298 -0.0390735 -0.0420544 -0.0170916 -0.0517814 -0.0505031 -0.050224
internal_weight=2430.94 2429.28 244.324 19.91 224.414 133.901 129.093 9.76481 10.1452 2184.95 90.513 65.1784 25.3346 2180.52 576.571 347.024 229.547 1603.95 693.941 910.01 7.36651 4.43243 1.65972 0.937927 0.582432 0.246999 0.151847
internal_count=23570 23475 2486 146 2340 1719 1688 91 55 20989 621 369 252 20941 5298 2706 2592 15643 6412 9231 77 48 95 89 79 69 58
is_linear=0
shrinkage=0.05


Tree=193
num_leaves=29
num_cat=0
split_feature=29 4 4 8 29 29 30 9 4 12 7 11 30 30 12 30 30 0 5 1 4 10 9 13 13 5 11 4
split_gain=1.14988 2.00205 2.78819 2.19151 1.80117 6.56016 3.25531 6.15975 6.17748 4.08386 3.468 6.24476 3.02615 2.31792 7.53136 3.28904 6.5542 3.40495 2.83855 2.20152 1.85708 1.90572 1.66839 1.60091 6.82772 0.47388 0.428403 0.0833417
threshold=48.108736038208015 2.308333277702332 4.5097918510437021 1.5000000000000002 45.319818496704109 44.524425506591804 -89.672775268554673 243.02082824707034 3.5993750095367436 -8.7208333015441877 0.10208333283662797 13.656250000000002 -94.668254852294908 -72.423046112060533 1.2104166746139529 -73.27999114990233 -73.47448348999022 18.559027671813968 0.47532616555690771 21.030059814453129 3.7087500095367436 48.729166030883796 280.39582824707037 68.877082824707045 61.718750000000007 0.31110821664333349 14.184027671813967 4.1437499523162851
decision_type=2 2 2 2 2 2 2 2 2 2 2 2 2 2 2 2 2 2 2 2 2 2 2 2 2 2 2 2
left_child=4 -2 -3 -4 5 13 10 9 -9 -8 11 19 -7 15 25 16 -1 -17 -16 -6 -12 -22 -10 24 -14 -15 -25 -11
right_child=1 2 3 -5 6 12 7 8 22 27 20 -13 23 14 18 17 -18 -19 -20 -21 21 -23 -24 26 -26 -27 -28 -29
leaf_value=0.00019218455271240793 -0.05662827150928712 0.023539799405516027 0.0039523286202750802 -0.078068784749451559 0.032206509850522896 0.00318935249771644 0.063438196586130438 0.10135430826740524 -0.053787942129621714 -0.066575193758850862 0.064706591531218258 -0.053855576672909133 -0.062151717329412416 -0.037034212163450007 -0.016152902431714626 0.049149544188383715 -0.046028049739362004 0.007410398204453438 0.046967400762801148 -0.012633858259005933 0.05517824542601673 0.0041507505640701247 0.05066065774865728 -0.040006894856494668 0.038864665864563337 -0.064111735742353071 -0.067574424408389983 -0.054168838367636446
leaf_weight=2313.776833016309 2.4162340499460679 4.0561998132616282 1.5715270772343504 1.6903559598140416 10.029282849747693 5.2034793347120312 0.76427795074414273 1.8554198034107687 1.4361237226985393 2.5547648300416768 4.5481426864862424 3.6154035478830329 4.5725458863889781 2.3950720094144327 3.4139894843101501 6.541628576815131 7.6955119147896758 19.307163339108229 3.7240500450134277 3.7648700326681128 3.0297599993646145 4.6196677731350064 0.52103605843149114 2.0246226042509079 2.6376851936802268 4.9662088975310326 4.63683259813115 2.8793117200257257
leaf_count=22439 14 23 33 33 61 27 29 9 57 23 19 21 144 21 27 35 77 112 21 20 15 34 29 17 23 43 44 120
internal_value=-1.55411e-05 -0.0171659 -0.00413643 -0.0385522 5.34305e-05 -0.000122512 0.0106269 -0.0140211 0.0359874 -0.044781 0.018961 0.00463732 -0.0293268 0.000113356 -0.0198167 0.000236463 3.89678e-05 0.0179734 0.0167782 0.0199681 0.0394051 0.0243616 -0.0259816 -0.0415241 -0.0251974 -0.0553018 -0.0591958 -0.0600015
internal_weight=2430.25 9.73432 7.31808 3.26188 2420.51 2380.9 39.6181 10.0109 3.81258 6.19835 29.6071 17.4096 19.0752 2361.82 14.4993 2347.32 2321.47 25.8488 7.13804 13.7942 12.1976 7.64943 1.95716 13.8717 7.21023 7.36128 6.66146 5.43408
internal_count=23570 103 89 66 23467 23030 437 267 95 172 170 102 255 22775 112 22663 22516 147 48 81 68 49 86 228 167 64 61 143
is_linear=0
shrinkage=0.05


Tree=194
num_leaves=31
num_cat=0
split_feature=10 29 10 11 2 13 0 13 10 3 30 30 29 30 29 29 10 30 29 29 30 3 30 29 13 7 29 11 11 0
split_gain=1.14631 3.22686 2.29477 2.97904 2.21641 2.11923 1.81733 2.29215 2.44104 1.49086 1.27253 2.76674 2.99884 2.7593 4.61637 10.9039 3.97471 3.26194 10.5872 2.35793 2.18933 4.46933 2.6158 0.999068 2.78573 0.5824 0.439155 0.194644 0.0444035 0.01025
threshold=3.9930555820465092 41.507749557495124 5.3958332538604745 7.8722221851348886 -5.7725932598114005 10.572916507720949 25.965277671813968 41.929166793823249 2.423611164093018 2.7513889074325566 -80.06703948974608 -79.927204132080064 40.443843841552741 -80.495098114013658 40.93249702453614 36.13434028625489 61.631944656372077 -82.058330535888658 37.980018615722663 39.185613632202156 -79.690834045410142 2.7579860687255864 -79.311107635498033 35.741001129150398 11.941666603088381 0.46041667461395269 37.773715972900398 2.1166666746139531 15.152083396911623 11.32569456100464
decision_type=2 2 2 2 2 2 2 2 2 2 2 2 2 2 2 2 2 2 2 2 2 2 2 2 2 2 2 2 2 2
left_child=1 4 3 5 -1 -2 7 9 -9 -6 13 12 25 17 15 -15 -16 19 -19 -4 21 -13 -22 29 -25 -12 -5 -8 -29 -7
right_child=2 -3 10 26 6 23 27 8 -10 -11 11 20 -14 14 16 -17 -18 18 -20 -21 22 -23 -24 24 -26 -27 -28 28 -30 -31
leaf_value=-0.063273699421802818 -0.060123836753885496 -0.028634548660090305 -0.0012381885437752313 -0.042483718733676082 0.081020509856920775 -0.022534652855970422 0.1060452840231573 0.014337848437828864 -0.053542262488098902 0.019289866262314947 -0.058973274869315431 0.044377488672724563 0.019171194801248334 0.029792228311824483 0.0077730312796864586 -0.058831345168737552 0.037725798280788987 0.044141428619452742 -0.024460616626189039 0.0047898923021989573 -0.019500950508703211 -0.037284056926331618 -0.00057983137730965157 0.091123554717740252 -0.0037304871773754843 -0.023333424686557389 -0.084918747613992637 0.050200642579837397 0.067381318027413151 -0.016692096586352921
leaf_weight=0.80779513157904759 1.6380747065413723 4.4420352578163138 339.44734578323551 0.96701651799958144 1.9970429684035544 1.4259088151156905 0.28263371624052425 14.210822948021812 1.4605519475880999 1.9169157703872768 4.1811001375317565 6.7159657925367338 2.2223929390311241 7.1276873797178251 28.32881898060441 6.7648075744509697 18.185836495831609 6.7522366791963568 33.658231642446481 310.71373924356885 18.47664128546603 2.2324715186841786 1604.4203461847501 1.0031471848487852 3.3892819912871346 1.5792335420846937 1.6499759810976682 0.59416101331589732 1.0246060490608213 1.5852642906829713
leaf_count=9 21 29 6411 29 21 15 2 294 119 26 49 35 17 32 163 77 91 29 522 2433 172 54 12525 5 73 20 24 241 5 27
internal_value=-1.55972e-05 0.0102803 -0.000130179 -0.022259 0.0180339 -0.00866149 0.0210906 0.0165598 0.00801151 0.0507871 -2.22681e-05 -0.000802901 -0.0301672 0.00168231 0.0119298 -0.0133621 0.0194837 0.000785926 -0.0129978 0.00164265 -0.000659256 0.0240044 -0.000795248 0.00272474 0.0179324 -0.0492024 -0.0692384 0.0677598 0.0610752 -0.0194588
internal_weight=2429.2 26.7366 2402.47 11.6587 22.2945 9.04168 21.4867 19.5853 15.6714 3.91396 2390.81 1639.83 7.98273 750.979 60.4072 13.8925 46.5147 690.572 40.4105 650.161 1631.85 8.94844 1622.9 7.4036 4.39243 5.76033 2.61699 1.9014 1.61877 3.01117
internal_count=23570 746 22824 194 717 141 708 460 413 47 22630 12872 86 9758 363 109 254 9395 551 8844 12786 89 12697 120 78 69 53 248 246 42
is_linear=0
shrinkage=0.05


Tree=195
num_leaves=31
num_cat=0
split_feature=29 29 6 10 11 6 13 2 7 6 1 3 11 0 3 2 2 10 2 0 29 0 0 3 12 29 6 1 9 7
split_gain=1.11779 5.45508 8.50471 4.82474 4.44043 3.89014 3.75761 3.69317 3.42599 3.19387 4.33345 3.05285 5.01849 4.04807 2.21739 1.85275 1.77862 1.64463 2.22209 1.8394 1.7522 4.81313 7.71786 5.21055 3.44476 4.18389 1.97306 1.5432 1.31027 1.28026
threshold=43.474496841430671 45.061439514160163 1.7687500119209292 35.895833969116218 9.0270829200744647 2.0770833492279057 59.812500000000007 -0.7867106795310973 0.072916667908430113 0.018750000745058063 22.280357360839847 3.3588889837265019 9.0270829200744647 18.461805343627933 7.6397917270660409 1.5476967096328738 4.5953156948089608 3.9930555820465092 -6.1219849586486808 26.712500572204593 39.408555984497077 23.620138168334964 22.457638740539554 1.8499305844306948 13.870833396911623 36.361949920654304 0.73958334326744091 15.878273963928224 202.14583587646487 1.6729166507720949
decision_type=2 2 2 2 2 2 2 2 2 2 2 2 2 2 2 2 2 2 2 2 2 2 2 2 2 2 2 2 2 2
left_child=14 2 3 6 8 -4 15 -8 -5 -3 11 13 -13 -11 17 -2 29 18 -1 27 24 22 -22 -23 25 -19 -26 -20 -6 -16
right_child=1 9 5 4 28 -7 7 -9 -10 10 -12 12 -14 -15 16 -17 -18 20 19 -21 21 23 -24 -25 26 -27 -28 -29 -30 -31
leaf_value=-0.072290779117927792 -0.068061860208818256 -0.023396210013150294 0.11652038142960369 -0.064773636185202405 -0.026539137624260439 0.0078165914626684464 0.066553193824677295 -0.0074461253893051598 0.033152917708649303 0.036535847402667881 0.052427017372996612 0.022988006069226921 -0.029462312677666219 -0.0099529052817705702 0.041362530568732812 0.00071826733699800445 0.0043320206073925215 0.00040285183164030309 0.036731040814357428 0.067972480944323108 0.0029443445871436794 0.037340425834761708 -0.015449954540909715 0.007085703967174165 0.044104613862822439 -0.0053376406956367802 0.0038531539760930386 0.005002854553933892 -0.067431793159474451 0.12703547126844181
leaf_weight=0.7418409856036331 2.8094311123713878 8.6466699698939902 1.4310905118472868 1.3549527748255088 2.3729955088347188 1.9370263463351873 2.3476560041308394 5.9834447200410059 2.6205618950771168 11.77572063682601 5.2604690268635741 7.2711783531121936 12.233527930453418 7.774029688909649 1.1746683407109224 1.5028691990301011 1.8857230409048495 1351.9423138201237 4.9009050852619174 1.5655590192181978 334.3757042393554 16.264186706859618 68.750696081202477 113.84227326628752 6.6396393924951536 414.79768166609574 5.6227172925136983 17.578317333769519 11.225052425172178 0.693511034362018
leaf_count=8 38 61 8 70 25 41 14 63 96 75 24 206 193 42 54 18 14 11803 53 218 2462 93 485 660 34 6058 51 453 145 5
internal_value=-1.53602e-05 -0.00559544 -0.0213589 -0.0297592 -0.0467059 0.0540041 -0.00620443 0.0134065 -0.00022285 0.00440083 0.00982455 0.00408618 -0.00990931 0.0180494 0.000190955 -0.0440915 0.0385883 0.000129278 0.0129402 0.0155698 -8.05201e-06 0.00250601 -0.000192689 0.0108677 -0.000761609 -0.000944909 0.0256479 0.0119202 -0.0602956 0.0731663
internal_weight=2427.32 86.5467 33.5851 30.217 17.5736 3.36812 12.6434 8.3311 3.97551 52.9616 44.3149 39.0545 19.5047 19.5498 2340.78 4.3123 3.7539 2337.02 24.7866 24.0448 2312.24 533.233 403.126 130.106 1779 1766.74 12.2624 22.4792 13.598 1.86818
internal_count=23570 1119 518 469 336 49 133 77 166 601 540 516 399 117 22451 56 73 22378 732 724 21646 3700 2947 753 17946 17861 85 506 170 59
is_linear=0
shrinkage=0.05


Tree=196
num_leaves=31
num_cat=0
split_feature=10 6 30 30 6 30 6 10 7 2 29 30 3 4 29 30 30 6 10 6 12 10 7 30 1 1 6 7 1 30
split_gain=1.11546 3.49936 4.57931 5.42362 3.79963 6.32368 5.31997 2.42109 4.12711 3.14238 5.81985 3.99682 6.02598 3.76343 2.51836 2.44678 7.90451 6.05449 7.9814 5.318 4.76274 3.91048 5.73726 4.19479 3.39946 3.2992 5.72739 2.62985 1.49483 1.66517
threshold=68.409721374511733 0.006250000325962902 -112.49425125122069 -101.70369720458983 0.30625000596046453 -79.181884765624986 0.41041666269302374 66.826389312744155 1.3270833492279055 -0.023731884546577927 40.784446716308601 -79.074466705322251 2.4818055629730229 3.2568750381469731 35.898796081542976 -75.886917114257798 -76.269851684570298 1.1895833611488345 62.750000000000007 0.10624999925494195 6.8604166507720956 64.520832061767592 0.889583319425583 -78.78957366943358 22.662797927856449 20.955654144287113 1.2395833134651186 0.17708332836627963 13.338095188140871 -97.084445953369126
decision_type=2 2 2 2 2 2 2 2 2 2 2 2 2 2 2 2 2 2 2 2 2 2 2 2 2 2 2 2 2 2
left_child=7 28 -3 -4 5 -5 -6 15 9 11 13 12 -9 -11 -13 16 21 18 19 -17 24 23 -23 -1 -19 -18 -27 -20 -2 -30
right_child=1 2 3 4 6 -7 -8 8 -10 10 -12 14 -14 -15 -16 17 25 20 27 -21 -22 22 -24 -25 -26 26 -28 -29 29 -31
leaf_value=-2.254878804732077e-05 -0.12976185721928113 0.035734095135850068 -0.059135437661290903 -0.0075029258489440398 -0.025357182987565216 0.018640908121581982 -0.0021439582393391141 -0.03815528184984518 0.067076298646752616 -0.010835178633647961 -0.067508522290376571 0.017790215922261401 0.033271323844470943 0.030929698565959812 0.060816320759798898 -0.038969981446955494 0.059974282099321902 -0.057847075674034056 0.015804746271645364 0.00059423826991924383 0.027204730033525124 -0.014065721620408804 0.023735364571921755 0.0081384035601893678 -0.017047308357468413 0.036354980728596789 -0.027491581561483455 0.071867266857747511 0.017012344640960405 -0.071056442413439128
leaf_weight=1332.1053316902253 0.56392446672543828 8.1381575138075259 4.1281896624714127 40.046466685482301 25.917621215805411 54.754607357084751 517.65639056405053 5.6898029872681963 3.0917263648007056 14.916178780025808 3.2124773506075135 7.0165594443678838 6.1388054287526757 8.4492159180808795 6.5997891947627068 10.392049144953488 6.4444207698106792 10.665907796472316 3.9386566504836065 46.488532245159149 3.2083831354975691 83.494964602752589 11.409369561937636 178.56651557225268 9.7931643947958928 12.227735549211504 4.928225338459014 4.4611343219876289 0.84400556678883787 1.4742467328906055
leaf_count=13691 26 1357 28 349 194 375 4218 81 28 142 48 36 49 72 35 74 28 84 25 278 19 801 103 1194 57 55 24 19 63 17
internal_value=-1.48876e-05 -0.00178066 -0.00153715 -0.00200924 -0.00163982 0.00759707 -0.00325077 0.000635886 0.0109513 0.00761577 -0.00440808 0.020175 -0.00108634 0.00426752 0.0386448 0.000304985 0.000745869 -0.00777028 8.43485e-05 -0.00663412 -0.0294352 0.000323621 -0.00952129 0.000942103 -0.0383174 0.0294721 0.0180144 0.0455796 -0.056753 -0.0389933
internal_weight=2426.76 653.524 650.641 642.503 638.375 94.8011 543.574 1773.24 55.1146 52.0228 26.5779 25.445 11.8286 23.3654 13.6163 1718.12 1629.18 88.9478 65.2804 56.8806 23.6675 1605.58 94.9043 1510.67 20.4591 23.6004 17.156 8.39979 2.88218 2.31825
internal_count=23570 6627 6521 5164 5136 724 4412 16943 491 463 262 201 130 214 71 16452 15896 556 396 352 160 15789 904 14885 141 107 79 44 106 80
is_linear=0
shrinkage=0.05


Tree=197
num_leaves=31
num_cat=0
split_feature=1 30 30 3 9 11 10 11 11 30 30 13 11 30 4 5 2 1 11 4 30 4 2 2 30 4 12 2 10 13
split_gain=1.16458 4.13499 4.75731 5.35491 5.36699 4.40144 5.2137 4.86414 6.0946 7.44682 4.61998 3.94249 6.30144 5.24688 3.74144 7.09694 6.53902 6.44309 4.21297 4.16773 4.04023 3.61964 3.77795 3.24547 2.88818 2.74793 2.44152 2.96821 4.32163 4.07093
threshold=18.392261505126957 -78.96700286865233 -78.769439697265611 2.1845139265060429 208.88194274902347 14.700000286102297 85.631942749023452 12.694444179534914 11.67152786254883 -79.192516326904283 -79.00915145874022 52.116666793823249 13.184027671813967 -79.00915145874022 3.2860417366027836 0.54234597086906444 -2.7638716697692867 13.928274154663088 9.9854164123535174 2.4743750095367436 -78.675731658935533 3.2252084016799931 -5.0095753669738761 -1.2974767088890073 -79.035778045654283 3.2070833444595341 -9.3479170799255353 -4.8566122055053702 49.909723281860359 62.504167556762702
decision_type=2 2 2 2 2 2 2 2 2 2 2 2 2 2 2 2 2 2 2 2 2 2 2 2 2 2 2 2 2 2
left_child=1 5 3 4 -3 7 23 8 10 -10 -1 13 -13 -9 16 18 20 -17 -16 -18 -4 -5 -23 24 -7 -8 -2 28 -28 -29
right_child=26 2 14 21 -6 6 25 11 9 -11 -12 12 -14 -15 15 17 19 -19 -20 -21 -22 22 -24 -25 -26 -27 27 29 -30 -31
leaf_value=-1.8038406716380911e-06 0.012803031052580644 -0.010620158393772318 0.034149649318732773 -0.053401552039862112 0.073416800555759415 -0.03234004138025829 0.06164683061560542 0.019648266996985776 -0.00049008260472679715 -0.059515001432962872 0.025316020940672486 -0.057553725790943748 0.012445455847132384 0.087491852070572029 0.0062931635827749299 -0.042343359178194991 -0.0030877023789562443 0.0048574267545873663 0.039748822673345591 -0.056245797532774214 -0.018253329670007545 0.006255549685128395 -0.029039956246681344 -0.048789280062440571 0.017625274568901391 -0.014855361070470561 -0.065826972160019981 0.016012652704548977 -0.0064071227269857081 0.00017153906471280742
leaf_weight=324.45923083624803 40.223384778946638 6.0859219543635827 7.1810330599546432 10.050992486998437 2.7621980756521225 6.7094778269529343 2.7143723145127288 32.444622043287382 12.434515235130677 9.3706867322325689 19.078370835632086 4.0923207572195706 14.99870209651999 3.1242896839976302 32.762532038846985 12.72848656086717 5.5375905372202423 16.736567966639996 13.201777268201111 11.034884575754402 7.5405183359980601 10.284941667690868 28.843638710328381 10.746233989018945 5.0834738463163429 2.0681826919317245 4.0115015346091267 41.539260746678337 12.901202715933321 1714.4750290386728
leaf_count=6469 292 48 50 127 15 51 26 363 341 117 151 51 143 18 283 168 42 103 81 124 46 96 382 165 26 21 29 395 84 13263
internal_value=-1.47444e-05 -0.00190053 -0.00867229 -0.0201948 0.0156144 0.000593532 -0.0188524 0.00185851 -0.000222769 -0.0258558 0.00140422 0.0157696 -0.00255946 0.0256075 -0.00240724 0.00362279 -0.0169417 -0.0155326 0.0159022 -0.0384833 0.00730835 -0.0266375 -0.0197625 -0.0289136 -0.010802 0.028564 0.000621851 0.00034549 -0.0205008 0.000546267
internal_weight=2425.23 612.076 164.751 58.0277 8.84812 447.324 27.3217 420.003 365.343 21.8052 343.538 54.6599 19.091 35.5689 106.723 75.4294 31.294 29.4651 45.9643 16.5725 14.7216 49.1796 39.1286 22.5392 11.793 4.78256 1813.15 1772.93 16.9127 1756.01
internal_count=23570 9507 1565 668 63 7942 289 7653 7078 458 6620 575 194 381 897 635 262 271 364 166 96 605 478 242 77 47 14063 13771 113 13658
is_linear=0
shrinkage=0.05


Tree=198
num_leaves=31
num_cat=0
split_feature=12 2 1 12 10 10 10 29 29 12 29 29 5 10 30 10 10 3 8 10 2 10 11 12 12 29 29 11 5 30
split_gain=1.09645 3.31455 5.06048 4.64422 5.23829 7.43664 5.22575 4.17538 5.12962 4.09546 3.97038 4.42058 3.15655 4.17714 3.04572 2.86279 4.81341 5.80338 4.50892 6.19966 4.52047 4.5016 5.72944 3.88047 3.70192 3.9828 5.17666 6.84148 4.78789 4.12452
threshold=-3.2854166030883785 -5.9878363609313956 15.567559242248537 -10.168750286102293 77.298610687255874 85.631942749023452 43.284723281860359 35.663724899291999 35.648420333862312 -7.410416603088378 36.020755767822273 40.186811447143562 0.70171749591827404 42.687500000000007 -79.281692504882798 44.215276718139656 33.395833969116218 4.9754166603088388 1.0000000180025095e-35 38.020833969116218 -6.1219849586486808 20.548610687255863 16.756944656372074 2.5479166507720952 8.7041664123535174 35.697473526000984 36.061250686645515 13.390972614288332 0.43192511796951299 -79.192516326904283
decision_type=2 2 2 2 2 2 2 2 2 2 2 2 2 2 2 2 2 2 2 2 2 2 2 2 2 2 2 2 2 2
left_child=1 -1 7 12 6 -6 -5 8 14 -10 -9 -12 13 -4 -3 16 17 21 19 23 -20 22 -2 -18 -17 28 -27 -28 29 -26
right_child=15 2 3 4 5 -7 -8 10 9 -11 11 -13 -14 -15 -16 24 18 -19 20 -21 -22 -23 -24 -25 25 26 27 -29 -30 -31
leaf_value=0.0093210188385542819 0.0012128784794261411 0.014455984318773455 -0.046986100222956649 -0.0072537470057337551 -0.027745748461012312 0.0023465458379383405 0.0043362390460072618 -0.029939331510601349 0.089271949841919551 -0.0023504576557712214 0.0084219018941239614 -0.025065161875423805 0.057170409863790808 0.016375881687488738 -0.043546264495538008 -0.00012838556824584779 0.016390814906017081 0.030308565331110371 -0.061005137379752508 0.044209262258860509 0.0067524166287992911 -0.0068633092332604385 0.032609216669001483 -0.045859831973742431 0.0015742775010848362 -0.051075023275326793 0.0092878192396239571 -0.032881522299628589 -0.0079044026642525519 0.095049470420172588
leaf_weight=62.094243843341246 119.08483891899232 5.1508699415717265 2.8455724567174903 154.02371411368949 44.054276586975902 38.449730940745212 263.88830300676636 37.453052122145891 2.976539459079504 2.066377777606248 21.086040078778751 18.503235034411773 4.1540553001686922 30.279668010771275 4.037259764969348 1053.8311196301365 8.7306478817481565 14.587375350994987 2.4872808696236453 18.915848692995496 237.90760908799712 191.36289863544516 16.550491041038185 3.509861893602646 2.2255523502826691 10.317786870524285 19.801714676897973 18.702686414122581 12.471461223904042 2.5122159421443966
leaf_count=406 2195 185 15 1404 398 302 2001 616 31 34 733 334 25 219 61 9509 74 136 36 128 1990 1826 88 33 27 181 348 122 97 16
internal_value=-1.57927e-05 -0.00169976 -0.00278777 -0.000939971 -0.00220828 -0.0137217 6.46876e-05 -0.0136732 0.0112091 0.0517289 -0.0182695 -0.00722928 0.0160851 0.0109329 -0.0110302 0.000655717 0.00340215 -0.000547817 0.00837084 0.0262674 0.00605135 -0.00192432 0.00504392 -0.00145903 -0.000847985 -0.0123325 -0.019623 -0.011195 0.00835069 0.0511398
internal_weight=2424.06 691.063 628.969 537.695 500.416 82.504 417.912 91.2734 14.231 5.04292 77.0423 39.5893 37.2793 33.1252 9.18813 1733 613.137 341.586 271.551 31.1564 240.395 326.998 135.635 12.2405 1119.86 66.0314 48.8222 38.5044 17.2092 4.73777
internal_count=23570 6764 6358 4364 4105 700 3405 1994 311 65 1683 1067 259 234 246 16806 6506 4245 2261 235 2026 4109 2283 107 10300 791 651 470 140 43
is_linear=0
shrinkage=0.05


Tree=199
num_leaves=31
num_cat=0
split_feature=3 6 0 1 5 5 4 5 12 12 5 3 5 4 30 30 6 30 29 4 3 12 1 2 3 12 5 2 5 4
split_gain=1.09264 4.04294 4.59413 3.98901 3.12229 3.45906 4.02415 2.92098 2.67592 2.60376 2.56051 2.51638 2.50216 2.50378 4.29503 7.73193 4.89255 4.43492 3.13307 3.03873 5.20566 5.13385 4.48789 4.80368 3.6505 3.49418 2.84581 1.98776 1.81541 1.7632
threshold=1.7691666483879092 2.3562500476837163 22.457638740539554 15.782738208770754 0.1828102841973305 0.39933423697948461 1.6168749928474428 0.67042431235313427 0.82291665673255932 0.38958333432674414 0.41615864634513861 1.6435416340827944 0.94899520277977001 2.6347916126251225 -79.306854248046861 -79.927204132080064 2.3770833015441899 -79.273685455322251 35.725976943969734 2.8952082395553593 2.1366666555404668 2.5479166507720952 16.592857360839847 -2.6198757886886592 2.1550694704055791 -4.3979167938232413 0.25391255319118505 1.7148680090904238 0.44604733586311346 2.2006249427795415
decision_type=2 2 2 2 2 2 2 2 2 2 2 2 2 2 2 2 2 2 2 2 2 2 2 2 2 2 2 2 2 2
left_child=1 3 -3 7 29 6 -6 9 11 -1 -7 -4 13 14 15 16 -2 27 -17 22 21 -21 25 -24 -22 -15 -19 -16 -11 -5
right_child=12 2 8 4 5 10 -8 -9 -10 28 -12 -13 -14 19 17 18 -18 26 -20 20 24 -23 23 -25 -26 -27 -28 -29 -30 -31
leaf_value=-0.056814552580791759 0.0059118377374927193 0.0086692789160886796 -0.013996910114458992 0.037991912966472183 0.032193934549836323 0.041927521042796567 -0.018736804098041002 0.012337338682307337 -0.086924151726391619 -0.023486511280123655 0.0015188808468676659 -0.066746198120036612 -0.037592052990818255 0.020895384140567186 -0.037580745297100419 0.025056121557712183 0.058425604985621764 -0.0053026160835278951 0.085549459718926454 0.03207524650533667 -0.051281703913441994 -0.031795466981507661 0.017507412206501174 -0.0058495156924374958 0.0001392580050099121 -0.03032132873171416 0.0052769164609103103 0.0021379732418749381 0.054596009669363448 -0.0021445160604194719
leaf_weight=7.0540699684061128 84.841237025277223 6.7593616496305939 7.1415520012378675 8.3869528432842326 4.3176988987252107 4.0268690738594151 38.120276286383159 4.0129830241203299 2.6532546728849402 4.6904828657861799 148.11369044642197 3.3082577660679817 4.3391124352347097 3.8177257729694274 10.38760009407997 3.9082102701067907 4.680028688744641 87.70251277461648 4.7319163493812084 21.749303764081564 3.4596321417484424 3.6782232967670998 24.980493741342798 185.31888246384915 1473.6575185122783 26.074082728591748 230.95050905831158 4.5210127830505362 0.8848269183654337 4.0613571322755879
leaf_count=273 1533 54 55 87 45 38 357 202 13 110 1133 25 48 77 80 24 31 639 23 189 46 36 171 1646 14458 502 1540 40 61 34
internal_value=-1.60668e-05 -0.00319237 -0.024811 -0.00127258 0.000620605 -0.000932501 -0.013555 -0.0248234 -0.0420822 -0.0366312 0.00258842 -0.0306966 0.00033896 0.000414651 0.00382348 0.0130167 0.00865717 0.00111807 0.0581864 -0.000429809 0.000404957 0.022836 -0.00565179 -0.00307505 1.88223e-05 -0.02378 0.00236512 -0.0255361 -0.0110945 0.0248971
internal_weight=2422.33 243.532 19.8624 223.669 207.027 194.579 42.438 16.6424 13.1031 12.6294 152.141 10.4498 2178.8 2174.46 431.723 98.1614 89.5213 333.562 8.64013 1742.74 1502.54 25.4275 240.191 210.299 1477.12 29.8918 318.653 14.9086 5.57531 12.4483
internal_count=23570 2487 147 2340 1694 1573 402 646 93 444 1171 80 21083 21035 3910 1611 1564 2299 47 17125 14729 225 2396 1817 14504 579 2179 120 171 121
is_linear=0
shrinkage=0.05


end of trees

feature_importances:
Column_30=1087
Column_29=1063
Column_2=482
Column_11=368
Column_3=330
Column_9=300
Column_10=300
Column_6=288
Column_0=284
Column_5=275
Column_1=268
Column_12=240
Column_4=233
Column_13=211
Column_7=157
Column_8=36

parameters:
[boosting: gbdt]
[objective: binary]
[metric: binary_logloss]
[tree_learner: serial]
[device_type: cpu]
[data_sample_strategy: bagging]
[data: ]
[valid: ]
[num_iterations: 200]
[learning_rate: 0.05]
[num_leaves: 31]
[num_threads: 2]
[seed: 42]
[deterministic: 0]
[force_col_wise: 0]
[force_row_wise: 0]
[histogram_pool_size: -1]
[max_depth: 6]
[min_data_in_leaf: 20]
[min_sum_hessian_in_leaf: 0.001]
[bagging_fraction: 0.8]
[pos_bagging_fraction: 1]
[neg_bagging_fraction: 1]
[bagging_freq: 0]
[bagging_seed: 400]
[bagging_by_query: 0]
[feature_fraction: 0.8]
[feature_fraction_bynode: 1]
[feature_fraction_seed: 30056]
[extra_trees: 0]
[extra_seed: 12879]
[early_stopping_round: 0]
[early_stopping_min_delta: 0]
[first_metric_only: 0]
[max_delta_step: 0]
[lambda_l1: 0]
[lambda_l2: 0]
[linear_lambda: 0]
[min_gain_to_split: 0]
[drop_rate: 0.1]
[max_drop: 50]
[skip_drop: 0.5]
[xgboost_dart_mode: 0]
[uniform_drop: 0]
[drop_seed: 17869]
[top_rate: 0.2]
[other_rate: 0.1]
[min_data_per_group: 100]
[max_cat_threshold: 32]
[cat_l2: 10]
[cat_smooth: 10]
[max_cat_to_onehot: 4]
[top_k: 20]
[monotone_constraints: ]
[monotone_constraints_method: basic]
[monotone_penalty: 0]
[feature_contri: ]
[forcedsplits_filename: ]
[refit_decay_rate: 0.9]
[cegb_tradeoff: 1]
[cegb_penalty_split: 0]
[cegb_penalty_feature_lazy: ]
[cegb_penalty_feature_coupled: ]
[path_smooth: 0]
[interaction_constraints: ]
[verbosity: -1]
[saved_feature_importance_type: 0]
[use_quantized_grad: 0]
[num_grad_quant_bins: 4]
[quant_train_renew_leaf: 0]
[stochastic_rounding: 1]
[linear_tree: 0]
[max_bin: 255]
[max_bin_by_feature: ]
[min_data_in_bin: 3]
[bin_construct_sample_cnt: 200000]
[data_random_seed: 175]
[is_enable_sparse: 1]
[enable_bundle: 1]
[use_missing: 1]
[zero_as_missing: 0]
[feature_pre_filter: 1]
[pre_partition: 0]
[two_round: 0]
[header: 0]
[label_column: ]
[weight_column: ]
[group_column: ]
[ignore_column: ]
[categorical_feature: ]
[forcedbins_filename: ]
[precise_float_parser: 0]
[parser_config_file: ]
[objective_seed: 16083]
[num_class: 1]
[is_unbalance: 0]
[scale_pos_weight: 1]
[sigmoid: 1]
[boost_from_average: 1]
[reg_sqrt: 0]
[alpha: 0.9]
[fair_c: 1]
[poisson_max_delta_step: 0.7]
[tweedie_variance_power: 1.5]
[lambdarank_truncation_level: 30]
[lambdarank_norm: 1]
[label_gain: ]
[lambdarank_position_bias_regularization: 0]
[eval_at: ]
[multi_error_top_k: 1]
[auc_mu_weights: ]
[num_machines: 1]
[local_listen_port: 12400]
[time_out: 120]
[machine_list_filename: ]
[machines: ]
[gpu_platform_id: -1]
[gpu_device_id: -1]
[gpu_device_id_list: ]
[gpu_use_dp: 0]
[num_gpu: 1]

end of parameters

pandas_categorical:null
