tree
version=v4
num_class=1
num_tree_per_iteration=1
label_index=0
max_feature_idx=31
objective=binary sigmoid:1
feature_names=Column_0 Column_1 Column_2 Column_3 Column_4 Column_5 Column_6 Column_7 Column_8 Column_9 Column_10 Column_11 Column_12 Column_13 Column_14 Column_15 Column_16 Column_17 Column_18 Column_19 Column_20 Column_21 Column_22 Column_23 Column_24 Column_25 Column_26 Column_27 Column_28 Column_29 Column_30 Column_31
feature_infos=[-3.6717760562896729:3.5891025066375732] [-3.906787633895874:3.2334935665130615] [-3.4513704776763916:3.3772208690643311] [-3.6916191577911377:3.674060583114624] [-3.6801071166992188:3.1543338298797607] [-3.7000916004180908:4.1512413024902344] [-3.8881421089172363:3.7596147060394287] [-3.4877743721008301:4.0854177474975586] [-3.4413535594940186:3.6183130741119385] [-3.8239462375640869:5.007235050201416] [-3.2416727542877197:3.3132123947143555] [-3.2499465942382812:3.7111318111419678] [-3.4977161884307861:3.401012659072876] [-3.4742136001586914:3.4540464878082275] [-3.5143537521362305:4.0879230499267578] none none none none none none none none none none none none none [-3.4338140487670898:3.7304697036743164] [-3.195286750793457:3.5153930187225342] [-3.8126363754272461:3.3080592155456543] [-3.4445841312408447:4.0450863838195801]
tree_sizes=3389 3421 3422 3441 3425 3418 3423 3419 3424 3423 3407 3412 3406 3434 3414 3428 3431 3422 3430 3423 3405 3419 3415 3427 3433 3419 3430 3423 3433 3430 3436 3433 3427 3425 2702 3422 3122 3005 3425 3422 3426 3106 2373 3435 3436 3005 3435 2993 3416 2163 3011 3426 3007 3434 2992 1955 2172 3423 2887 3442 3417 3435 2993 2058 1312 2799 2772 1632 3426 2779 3324 3433 2795 3418 3424 2274 3419 2472 3100 2153 2156 2578 2697 3409 1842 2258 3425 3434 2060 3426 1728 2476 3424 1745 3417 3444 2154 2256 3339 2247 1839 2463 3203 3433 2469 3121 2269 1640 2269 2590 3317 1640 2162 2481 3417 2267 2787 2270 2484 3209 2261 1952 2168 1408 1098 2052 1949 2276 3424 2695 3437 2253 3424 2692 2148 2148 2162 3415 1413 3432 2591 2382 3311 2489 2275 2480 3001 2690 3015 1733 2583 2897 2474 2682 1522 3433 3445 1952 2377 2155 2585 2791 2383 2796 2264 2685 2678 2276 2165 1844 2787 2581 2891 2692 2586 2674 3437 3426 1745 3224 2264 3428 2905 3434 2055 2806 1630 2156 2164 2686 2379 3440 3126 3335 2164 2696 2374 3444 3436 1427

Tree=0
num_leaves=31
num_cat=0
split_feature=0 9 0 0 9 0 6 11 28 8 2 0 7 14 9 6 7 2 2 29 1 2 28 1 12 31 9 6 28 9
split_gain=116.161 38.1787 24.1375 20.5679 14.4884 10.6546 12.7044 10.5029 13.204 9.88172 9.29911 13.8791 9.11729 21.1228 9.94928 8.62871 8.54999 10.882 7.58307 12.2989 7.55463 7.43399 7.84563 7.47954 7.00338 6.92283 12.8628 13.0532 7.45389 6.5563
threshold=0.11363437026739122 -0.19442385435104367 -0.67842793464660633 1.8306517004966738 0.73276200890541088 1.2121176123619082 1.3733025193214419 1.0041694045066836 -1.0992243289947508 -1.6405305266380308 -0.95687678456306446 -0.71623405814170826 0.66754114627838146 -0.2232570946216583 -0.55007922649383534 -0.040099842473864548 -0.87469226121902455 0.29679919779300695 1.1359230875968935 0.24723850190639499 0.9227406680583955 1.6316358447074892 -1.4418529868125913 -1.2041041254997251 -0.52345880866050709 -0.46210847795009607 1.5868932604789736 -0.31165882945060724 -0.76138347387313832 0.60389119386672985
decision_type=2 2 2 2 2 2 2 2 2 2 2 2 2 2 2 2 2 2 2 2 2 2 2 2 2 2 2 2 2 2
left_child=1 7 15 4 5 12 -7 21 -9 -4 -10 -12 14 -14 -2 20 17 -17 -11 -20 24 22 -1 -24 -3 -6 28 -28 -27 -5
right_child=3 2 9 29 25 6 -8 8 10 18 11 -13 13 -15 -16 16 -18 -19 19 -21 -22 -23 23 -25 -26 26 27 -29 -30 -31
leaf_value=0.017100415761934492 0.015073224587334184 0.042743517799613565 -0.029570029946641433 0.061103978858591784 0.06857517205815794 0.056440094101255431 -0.0086159522815665267 0.087106084324798369 -0.062906062595624174 0.024682257122533469 -0.034123244162112237 0.040179207595845659 -0.025245355440827452 0.031751283614035217 0.038339248934173023 0.055992453852414414 -0.021885791912299637 -0.02483846402226968 0.019228247633146157 0.091574531254342881 -0.03147494609801188 0.029601428005303042 0.008528293080767484 -0.025943069594432103 0.0058412259268475833 0.021100739679812429 0.050436448410917281 -0.0355354252627752 0.066040548799802867 0.11139376525477156
leaf_weight=13.498906463384627 73.994005799293518 19.49842044711113 7.4993924796581259 24.997974932193756 33.997245907783508 52.745727106928825 8.7492912262678129 4.9995949864387503 4.9995949864387539 138.48878112435341 10.249169722199442 16.248683705925941 27.747752174735069 39.246820643544197 121.24017842113972 8.999270975589754 58.995220839977264 7.7493722289800635 11.749048218131067 11.749048218131064 8.7492912262678129 7.9993519783020011 17.498582452535629 156.23734332621098 37.746942147612572 12.498987466096876 8.2493317276239413 9.4992304742336255 35.247144654393196 8.7492912262678129
leaf_count=54 296 78 30 100 136 211 35 20 20 554 41 65 111 157 485 36 236 31 47 47 35 32 70 625 151 50 33 38 141 35
internal_value=0.0180005 0.00236626 0.013807 0.0365768 0.0335814 0.0284527 0.0471842 -0.0129991 0.0116205 0.0265407 -0.000361316 0.0114396 0.02406 0.00814447 0.0295214 -0.0014196 -0.012935 0.0185931 0.0291384 0.0554014 0.011797 -0.0176015 -0.0196182 -0.0224711 0.0184106 0.0502689 0.0407665 0.00442333 0.0542762 0.0741421
internal_weight=999.919 542.956 311.225 456.963 423.216 323.724 61.495 231.731 36.497 169.486 31.4974 26.4979 262.229 66.9946 195.234 141.739 75.7439 16.7486 161.987 23.4981 65.9947 195.234 187.235 173.736 57.2454 99.4919 65.4947 17.7486 47.7461 33.7473
internal_count=4000 2172 1245 1828 1693 1295 246 927 146 678 126 106 1049 268 781 567 303 67 648 94 264 781 749 695 229 398 262 71 191 135
is_linear=0
shrinkage=1


Tree=1
num_leaves=31
num_cat=0
split_feature=0 3 3 9 3 0 9 6 0 9 2 0 6 5 0 0 28 3 5 3 2 28 2 11 5 6 7 6 28 9
split_gain=104.871 72.7418 34.1985 22.2774 19.8816 15.662 14.9559 17.4128 16.1405 12.3524 10.6995 10.349 9.30854 14.6538 9.30778 9.04399 13.8323 8.92193 8.59675 8.35423 9.89565 8.95452 8.2675 8.25946 8.23075 8.02743 7.7934 7.68628 7.50158 11.3902
threshold=0.11363437026739122 -0.42472903430461878 0.52868759632110607 -0.19442385435104367 0.43527770042419439 -1.2312418222427366 -1.1495838165283201 0.43372410535812383 1.5969482064247134 0.37157942354679113 1.6701706647872927 1.1567521095275881 0.29019924998283392 -0.53509870171546925 -0.95114776492118824 -0.85717996954917897 -1.2280203104019163 -1.4669333100318906 0.44650837779045111 -0.82728135585784901 0.63075059652328502 -0.011698342394083737 0.50295907258987438 -0.25567984580993647 0.046038489788770683 1.1163901686668398 0.85479164123535167 0.71938985586166393 -0.19740177690982816 -1.6774976849555967
decision_type=2 2 2 2 2 2 2 2 2 2 2 2 2 2 2 2 2 2 2 2 2 2 2 2 2 2 2 2 2 2
left_child=1 5 6 10 12 -1 28 8 24 -7 15 18 13 -5 22 -3 -17 -11 -4 20 -9 -21 -6 -16 -8 -19 -14 -13 29 -2
right_child=2 3 11 4 14 9 7 19 -10 17 -12 27 26 -15 23 16 -18 25 -20 21 -22 -23 -24 -25 -26 -27 -28 -29 -30 -31
leaf_value=-0.020106710830922948 -0.084432353621234912 -0.063069516995070546 -0.0011392888153627871 0.042702637612009611 -0.038522221938777829 0.0062533834262314585 0.023108750799949621 0.048694171899263367 0.078890358940655589 0.073824334162725533 0.028845158544349832 0.031030468882078929 -0.034133278873337905 -0.0071754511729731048 -0.045600114654734528 0.019067273340217763 -0.043125684415009476 0.035629126982521721 -0.032112559910466236 0.019896150530201797 -0.021885568858374376 -0.017910322276261544 -0.094444567743170671 -0.009589685264943304 0.045229611975025799 -0.018473891061789701 0.022069463120305364 -0.028283265032631861 0.013405079823149391 0.0087119545517640659
leaf_weight=35.242816463112831 5.9990063607692719 48.741039156913757 65.724177896976471 21.244631037116051 19.495933175086979 99.725283354520798 87.207063779234886 24.235708177089695 22.470092207193375 11.995361894369124 4.998868763446807 28.721800789237022 30.24281120300293 47.988172873854637 26.244195625185966 9.9948617368936521 84.732261851429939 35.490055367350578 33.987705394625664 33.73403362929821 6.2461044192314139 29.235730320215225 9.9986656308174116 40.490563616156578 81.210110783576965 8.4976308643817884 7.7484239339828482 6.7444988191127768 23.993181422352791 7.2471831738948804
leaf_count=141 24 195 263 85 78 399 349 97 90 48 20 115 121 192 105 40 339 142 136 135 25 117 40 162 325 34 31 27 96 29
internal_value=2.68433e-07 -0.0148547 0.0176559 -0.0283366 -0.0175902 0.00999234 0.0265263 0.0304285 0.039086 0.0168049 -0.043063 -0.00344594 -0.00278312 0.00813003 -0.0340891 -0.0455685 -0.0365636 0.0356009 -0.0116968 0.0127445 0.0342315 0.00234328 -0.0574799 -0.0237512 0.0337753 0.0251774 -0.0226706 0.019751 -0.00326919 -0.0334717
internal_weight=999.628 542.872 456.756 351.92 203.453 190.951 321.578 284.339 190.887 155.708 148.467 135.178 107.224 69.2328 96.2294 143.468 94.7271 55.983 99.7119 93.4516 30.4818 62.9698 29.4946 66.7348 168.417 43.9877 37.9912 35.4663 37.2394 13.2462
internal_count=4000 2172 1828 1408 814 764 1287 1138 764 623 594 541 429 277 385 574 379 224 399 374 122 252 118 267 674 176 152 142 149 53
is_linear=0
shrinkage=0.05


Tree=2
num_leaves=31
num_cat=0
split_feature=0 3 3 3 0 3 0 6 6 3 0 14 2 6 11 2 0 8 14 2 12 14 13 6 14 10 2 11 8 14
split_gain=94.7114 65.695 31.3832 18.6781 17.6332 14.3616 14.1788 13.1304 11.7376 14.283 10.5504 9.44774 9.41232 9.69521 9.18689 9.01794 8.57081 7.92431 7.55597 7.14122 7.28868 6.91397 8.331 6.73604 6.73299 6.57664 6.3182 6.34461 6.31116 6.28783
threshold=0.11363437026739122 -0.42472903430461878 1.2236917614936831 0.46795482933521276 1.8306517004966738 -0.76328119635581959 -1.1456172466278074 2.0353165864944462 0.01700500957667828 -1.9008151888847349 -0.5396541655063628 -0.44242040812969202 0.70045772194862377 1.4395173788070681 1.0650193691253664 1.6316358447074892 -0.71623405814170826 -0.72233802080154408 -0.59915018081665028 1.3127923011779787 1.1774002909660342 0.89883163571357738 -0.30991226434707636 0.26981650292873388 0.014611918944865467 -0.81286615133285511 0.50295907258987438 0.58227765560150158 -0.79168522357940663 0.80854851007461559
decision_type=2 2 2 2 2 2 2 2 2 2 2 2 2 2 2 2 2 2 2 2 2 2 2 2 2 2 2 2 2 2
left_child=1 6 4 10 5 12 28 11 19 -10 15 -7 13 -2 23 17 26 -3 -11 20 -8 22 24 -12 -4 -24 27 -5 -1 -14
right_child=2 3 21 16 -6 7 8 -9 9 18 14 -13 29 -15 -16 -17 -18 -19 -20 -21 -22 -23 25 -25 -26 -27 -28 -29 -30 -31
leaf_value=0.019919395220369406 0.048351803129584155 -0.0043022126503937594 0.025089362211881433 -0.029787379334343046 0.058694761826999842 0.0010428573603559882 0.031000601986388383 -0.050433627617390078 0.079640230214897884 0.022443948159435081 0.0026321796058988308 0.021157861948004841 -0.0099114784714162216 -0.014378852677984433 0.03843684987997046 0.038633781339989265 -0.029431331321288001 -0.037940028459960994 -0.014846117693519316 0.076584967299835327 -0.019723542867589837 0.018294540609708042 -0.004479286152007024 -0.028382053084430293 -0.039984301125598649 -0.060273316454538109 -0.072601915866092409 -0.072352644568349708 -0.026982334791983715 0.051969891651241551
leaf_weight=9.2457072883844358 71.390575408935547 22.733337178826332 10.241426646709444 32.468827053904533 29.620399668812752 86.667962566018105 61.964389741420746 7.9973813146352759 5.4938203990459433 18.988763600587845 44.21700282394886 178.81707017123699 16.234361395239834 6.7409845292568198 11.493013128638266 4.9973383843898764 93.447199150919914 76.177385047078133 47.731509044766426 7.4858773350715628 7.9959352165460578 9.9922300428152067 7.2455003708601025 28.983085006475449 6.4964798688888541 19.486159756779671 25.202709421515465 11.986474171280859 31.986959546804428 5.4944064617156974
leaf_count=37 286 91 41 130 119 347 248 32 22 76 177 716 65 27 46 20 374 305 191 30 32 40 29 116 26 78 101 48 128 22
internal_value=4.93983e-07 -0.0141193 0.0167861 -0.0269367 0.0215617 0.0186156 0.0094959 0.0126898 0.0166485 0.00214756 -0.0162214 0.0145913 0.0348444 0.0429396 -0.00312253 -0.0268979 -0.0393271 -0.0302088 -0.00423327 0.0301697 0.0252032 -0.0192091 -0.02783 -0.0096477 -0.000167664 -0.0451506 -0.0526024 -0.0412642 -0.0164654 0.00573604
internal_weight=999.024 542.599 456.425 351.706 402.963 373.343 190.893 273.482 149.66 72.2141 188.601 265.485 99.8603 78.1316 84.6931 103.908 163.105 98.9107 66.7203 77.4462 69.9603 53.4618 43.4696 73.2001 16.7379 26.7317 69.658 44.4553 41.2327 21.7288
internal_count=4000 2172 1828 1408 1614 1495 764 1095 599 289 755 1063 400 313 339 416 653 396 267 310 280 214 174 293 67 107 279 178 165 87
is_linear=0
shrinkage=0.05


Tree=3
num_leaves=31
num_cat=0
split_feature=0 3 3 9 3 6 9 0 7 9 3 11 0 9 28 13 10 31 9 31 11 7 28 0 29 13 5 13 11 3
split_gain=85.5611 59.7361 29.0161 24.2505 15.6488 11.5161 15.3611 12.6028 11.1604 10.9886 11.5068 10.0913 9.18288 9.13544 10.2962 8.66845 8.46531 9.11931 9.05123 8.10111 8.47158 8.09639 7.9498 7.39047 7.22279 9.62211 7.13537 7.06635 7.71074 6.90639
threshold=0.11363437026739122 0.20048770308494571 0.35443145036697393 -0.2278795316815376 -0.92128214240074147 0.65949496626853954 -1.0397282838821409 1.5969482064247134 -0.10346159338951109 0.95593401789665233 1.1896588802337649 1.0041694045066836 -1.574338376522064 -0.6232297122478484 -0.10060022026300429 -0.91071018576621998 -0.18653420358896253 -0.11128912493586539 1.2700939178466799 0.14020369946956637 -0.37813133001327509 -1.2607746720314024 -0.19246137142181394 1.265565097332001 0.57355630397796642 -0.85588920116424549 0.069313056766986861 1.0000000180025095e-35 -0.56209000945091236 -0.60019931197166432
decision_type=2 2 2 2 2 2 2 2 2 2 2 2 2 2 2 2 2 2 2 2 2 2 2 2 2 2 2 2 2 2
left_child=1 3 5 11 -5 6 26 -8 -7 10 23 12 -1 21 24 -12 17 -6 -18 -11 -21 -3 -13 -4 25 -15 -2 -16 -29 -14
right_child=2 13 9 4 16 8 7 -9 -10 19 15 22 29 14 27 -17 18 -19 -20 20 -22 -23 -24 -25 -26 -27 -28 28 -30 -31
leaf_value=-0.058746537184136194 -0.021579794517046939 0.0050384279825353706 -0.0036071383419531743 0.033800270168723043 0.036023844044873153 0.029695454164038244 0.031935246657768084 0.071654468786711112 -0.0093272245676946502 0.05054638071237752 0.020726725845965729 0.052213141344619629 -0.0033927658048783318 -0.042848972423471722 -0.053893574531339652 -0.037388469454227871 -0.016066301700445495 -0.0059718884629868935 0.026770276765602275 -0.041949198416750884 0.034169445974948164 -0.056241689226326823 -0.0097265689828064279 0.03245809464531868 -0.034646896026098349 0.010632510675028052 0.026538594866261363 -0.05881394703566311 -0.011399988318402684 -0.029754402572968797
leaf_weight=14.72020287811756 17.979767844080929 5.9805051237344733 72.197819426655769 56.391804650425911 29.974055543541908 33.67641393840313 161.84323534369469 22.782619088888168 40.187717199325562 16.220025628805164 7.7424778938293448 8.7347007691860217 50.231498911976814 10.978542789816855 41.675073549151421 37.468270748853683 64.693008244037628 22.729142218828201 15.235746100544928 6.7416401654481888 7.9844261705875379 54.59333898127079 12.730466485023497 17.684085622429848 26.210304856300354 35.948852226138115 13.48085196316242 11.975052788853644 30.198788791894913 49.161751970648766
leaf_count=59 72 24 289 226 120 135 649 92 161 65 31 35 201 44 167 150 259 91 61 27 32 219 51 71 105 144 54 48 121 197
internal_value=6.7845e-07 -0.0134246 0.015963 0.000162876 0.0117371 0.0255076 0.0313335 0.0368366 0.00846414 -0.000704416 -0.00686078 -0.0159739 -0.0218902 -0.0336972 -0.0273328 -0.0274361 0.00235639 0.0179125 -0.00790094 0.0261707 -0.000677912 -0.0501915 0.0154782 0.00348862 -0.0136222 -0.00187934 -0.000961101 -0.0392919 -0.0248629 -0.0164317
internal_weight=998.152 542.163 455.989 324.602 189.024 289.951 216.086 184.626 73.8641 166.039 135.093 135.579 114.113 217.56 156.987 45.2107 132.632 52.7032 79.9288 30.9461 14.7261 60.5738 21.4652 89.8819 73.1377 46.9274 31.4606 83.8489 42.1738 99.3933
internal_count=4000 2172 1828 1300 757 1163 867 741 296 665 541 543 457 872 629 181 531 211 320 124 59 243 86 360 293 188 126 336 169 398
is_linear=0
shrinkage=0.05


Tree=4
num_leaves=31
num_cat=0
split_feature=0 3 3 9 0 5 6 14 7 3 9 5 9 6 0 28 0 28 9 4 7 0 13 29 6 8 3 14 0 28
split_gain=77.9769 47.7333 32.9585 19.7908 15.2903 14.939 13.9191 13.337 10.5138 10.1068 10.1541 10.2421 9.39124 10.746 9.26135 9.22592 9.09534 9.09046 8.92308 8.88857 8.47878 12.8747 7.64646 7.59556 7.58453 7.55555 8.90465 7.44232 7.90227 7.21637
threshold=-0.5396541655063628 0.52868759632110607 0.018996774218976501 -0.55007922649383534 0.5826174020767213 0.046038489788770683 0.43372410535812383 1.0908854007720949 -0.34435339272022242 -1.854121148586273 -0.27206245064735407 -0.85923701524734486 0.98715135455131542 -1.1063196063041685 1.2121176123619082 0.053555591031908996 -1.2058929204940794 0.74380308389663707 -1.7943935990333555 1.0000000180025095e-35 0.55835914611816417 -0.88158419728279103 0.20685856044292453 1.475211560726166 0.32556653022766119 0.021415706723928455 1.1566006541252138 0.59609457850456249 1.2121176123619082 -0.15121343731880185
decision_type=2 2 2 2 2 2 2 2 2 2 2 2 2 2 2 2 2 2 2 2 2 2 2 2 2 2 2 2 2 2
left_child=2 3 9 18 12 7 -7 14 -8 -1 20 15 13 -3 -5 -12 -13 -9 -2 29 24 -22 25 27 -11 26 -21 -6 -29 -4
right_child=1 4 19 5 23 6 8 17 -10 10 11 16 -14 -15 -16 -17 -18 -19 -20 22 21 -23 -24 -25 -26 -27 -28 28 -30 -31
leaf_value=0.043004015728319814 -0.030482552803769367 0.0087158200011606037 -0.031503063772069503 0.014535087425292626 -0.0089279087200525194 0.045573557728727322 0.041446968778921574 -0.03025706796903337 -0.0031739850556017895 0.0040269828435931391 0.065284280696190786 -0.029367945423687931 0.010803569952441939 -0.035304421931234113 0.046184929474009623 -0.015945895043552788 0.0077426359746141709 0.041186623103272382 0.0065183587941746481 0.0025758506829128064 -0.086325618726787054 0.0057443201847286671 -0.0064371032472309133 0.052364654207268747 -0.041565636858990347 -0.062836619650155565 -0.069198130533163843 0.00027904632959335968 0.064219749683698132 -0.06419316691735226
leaf_weight=9.9715921580791456 18.720922708511353 16.471076250076294 27.390289157629013 137.64548887312412 56.393789112567902 105.67843836545944 21.923144578933716 23.678660273551944 33.183311730623245 24.688889294862747 10.487383574247358 26.728699117898941 17.973165228962898 87.581548199057579 27.77841904759407 5.2431297451257697 43.188939943909645 5.4835466742515555 125.69427764415741 14.205453082919123 11.212121143937113 5.7412919402122489 28.138900071382523 7.731560841202735 14.466834560036657 19.395402908325195 6.2107260525226584 11.736673116683962 8.2138340324163419 44.004206597805023
leaf_count=40 75 66 110 552 226 425 88 95 133 99 42 107 72 351 112 21 173 22 504 57 45 23 113 31 58 78 25 47 33 177
internal_value=8.14763e-07 0.00898022 -0.0217753 0.0173297 -0.0112669 0.0236724 0.0349502 0.0143537 0.0145777 -0.00565161 -0.00907418 0.001757 -0.0225713 -0.0283362 0.0198498 0.0382095 -0.00644431 -0.0168231 0.00172183 -0.0393319 -0.0256075 -0.055146 -0.0263877 0.00513997 -0.0128181 -0.0404887 -0.0192582 0.000357418 0.0266041 -0.0516517
internal_weight=996.962 705.888 291.074 499.786 206.102 355.371 160.785 194.586 55.1065 151.729 141.757 85.6482 122.026 104.053 165.424 15.7305 69.9176 29.1622 144.415 139.345 56.1091 16.9534 67.9505 84.0759 39.1557 39.8116 20.4162 76.3443 19.9505 71.3945
internal_count=4000 2832 1168 2006 826 1427 646 781 221 608 568 343 489 417 664 63 280 117 579 560 225 68 273 337 157 160 82 306 80 287
is_linear=0
shrinkage=0.05


Tree=5
num_leaves=31
num_cat=0
split_feature=3 3 14 3 6 5 3 14 5 6 29 13 1 12 5 13 6 4 4 14 2 29 31 11 31 31 1 5 6 28
split_gain=63.8667 23.219 14.0895 10.9844 10.1788 10.8855 10.0852 9.73957 8.60065 8.36373 10.0719 9.48123 8.09079 8.38263 7.81178 11.2884 7.25734 10.4425 8.05614 6.54377 12.1098 11.4272 6.2547 6.4197 6.93 5.95114 6.98499 5.72193 5.68339 7.14631
threshold=0.45706333220005041 -0.76328119635581959 1.3062334060668948 -1.9465773701667783 0.17581045627593997 -1.8942693471908567 1.2236917614936831 1.7677731513977053 0.76452723145484935 0.27983650565147405 0.11803631484508516 -1.1415936946868894 -1.2041041254997251 0.68563649058341991 -1.1198350787162779 1.0120230317115786 0.0082527012564241903 -0.012321893125772474 0.6610858440399171 -1.0611677169799802 1.7356008291244509 -0.37860664725303644 1.7091758251190188 0.084916107356548323 -1.0852037668228147 0.37315209209918981 -1.7432835102081297 0.61813709139823925 -0.19768178462982175 -0.03850379399955272
decision_type=2 2 2 2 2 2 2 2 2 2 2 2 2 2 2 2 2 2 2 2 2 2 2 2 2 2 2 2 2 2
left_child=1 3 4 -1 5 -3 12 9 -7 11 -11 -5 25 -14 -15 -16 17 -4 27 21 -21 -6 23 28 -25 26 -2 -18 -8 -30
right_child=6 2 16 7 19 8 22 -9 -10 10 -12 -13 13 14 15 -17 18 -19 -20 20 -22 -23 -24 24 -26 -27 -28 -29 29 -31
leaf_value=0.050776297328167401 0.0044183364464242007 0.069757332750740322 0.03937112731096154 -0.012492844832913951 0.017577175027157391 0.004588764452741657 -0.027489343456310402 0.068283786751449929 0.028427999051884902 0.02013556076906518 -0.01552420556563374 0.028950134078081675 -0.021623790355205726 0.054235571326702252 -0.016997878081225711 0.057861651465661572 -0.072740103962477973 -0.036034529830270993 0.0051226918861078108 -0.0036290414598071988 0.066386033422032573 -0.050146818506753267 0.019319243836411093 -0.066673700613434111 -0.013004647808237789 -0.01391140930730801 0.082590152185560706 -0.010860865831040239 -0.034381693934669909 -0.081790588447146373
leaf_weight=27.817264050245285 5.9683958292007446 7.7255748510360709 8.7123601287603396 15.937986880540846 9.4708532392978686 186.18835741281509 26.629974618554115 8.9659805744886381 47.483166843652725 39.855980962514877 39.352906733751297 102.91606217622757 131.13800770044327 6.4843735843896857 31.849473759531975 5.9817164689302436 14.957634329795843 9.7065976560115796 6.9822125583887091 129.07410123944283 6.486159458756446 18.194617554545403 5.9763383567333213 6.9597889333963385 44.301700815558434 8.2212328314781171 5.4827014058828372 4.9795991927385321 15.436182335019113 16.387482911348343
leaf_count=112 24 31 35 64 38 748 107 36 191 160 158 414 527 26 128 24 60 39 28 518 26 73 24 28 178 33 22 20 62 66
internal_value=6.38541e-07 0.00853219 0.00188081 0.0212761 0.0048425 0.0113636 -0.0187965 0.0173123 0.00943301 0.0150049 0.00241892 0.0233927 -0.0118614 -0.0152706 0.00352974 -0.00516139 -0.0245508 -0.000366863 -0.041098 -0.00480167 -0.000279026 -0.0269625 -0.0304933 -0.0332066 -0.0202913 0.0185448 0.0418464 -0.0572849 -0.0445328 -0.0587947
internal_weight=995.625 684.807 449.961 234.846 404.623 241.397 310.817 207.029 233.672 198.063 79.2089 118.854 195.126 175.454 44.3156 37.8312 45.3384 18.419 26.9194 163.226 135.56 27.6655 115.691 109.715 51.2615 19.6723 11.4511 19.9372 58.4536 31.8237
internal_count=4000 2751 1807 944 1625 970 1249 832 939 796 318 478 784 705 178 152 182 74 108 655 544 111 465 441 206 79 46 80 235 128
is_linear=0
shrinkage=0.05


Tree=6
num_leaves=31
num_cat=0
split_feature=0 3 3 0 3 0 3 0 14 30 4 10 0 2 1 2 7 5 5 31 4 5 2 10 31 4 4 14 13 14
split_gain=71.306 47.1824 22.0653 14.5756 13.4858 11.4998 10.9008 9.26928 9.24848 10.7264 9.05708 8.54424 9.48425 8.53475 8.32712 7.68994 7.42252 7.35852 8.17922 7.32389 6.97282 6.76563 6.30036 6.40691 6.18766 8.04026 6.16561 5.91634 6.90551 6.03316
threshold=0.11363437026739122 -0.42472903430461878 1.2236917614936831 1.8306517004966738 0.79650360345840465 -1.2312418222427366 -0.76328119635581959 -0.5396541655063628 -0.44242040812969202 0.034466961398720748 1.0000000180025095e-35 -1.0225648880004881 -0.48177878558635706 0.70045772194862377 0.16060177236795428 1.2864809036254885 0.54529479146003734 1.449226498603821 0.55773162841796886 0.10533990710973741 -1.5650762915611265 -0.83000707626342762 -0.81359601020812977 -1.0400227308273313 -0.47172844409942621 0.36865261197090154 -0.57294347882270802 0.89883163571357738 -0.30991226434707636 0.014611918944865467
decision_type=2 2 2 2 2 2 2 2 2 2 2 2 2 2 2 2 2 2 2 2 2 2 2 2 2 2 2 2 2 2
left_child=1 5 3 6 7 21 13 10 20 -10 -3 14 -13 16 -9 17 -2 18 -7 -12 -8 -1 -6 -24 -23 -26 -15 28 29 -4
right_child=2 4 27 -5 22 15 8 11 9 -11 19 12 -14 26 -16 -17 -18 -19 -20 -21 -22 24 23 -25 25 -27 -28 -29 -30 -31
leaf_value=0.025046399531526337 0.048112962992647251 -0.038721097601469516 0.025499317573509397 0.05264585626027532 -0.064472890517650525 0.0066474221535056527 0.04862752984290164 0.05515493404463348 0.029582030638282599 0.0053819178059329054 -0.026474926364013981 0.044348267992566887 -0.016232694208949152 -0.046470597276113877 -0.018162615863152973 0.048427908377752384 0.014482276736442083 -0.030826487985767054 0.036976988173737964 0.0074792537739949289 -0.0062093879446617909 -0.059043640845234391 -0.068348126757408062 -0.027464192508004765 -0.03402548667086551 0.039315087201003684 0.016957326286739328 0.019101694587602153 -0.039404121882238151 -0.036140733338401121
leaf_weight=7.2294002473354331 53.969300150871277 65.277944251894951 10.233669579029085 29.176342070102692 18.322126463055611 102.20870943367481 6.2307935655117026 10.223421916365625 89.623164981603622 93.618667677044868 38.307977467775345 6.9836366772651663 86.257374376058578 4.9746827930212048 6.234402358531951 14.384262055158613 23.572756767272949 10.212580218911169 28.407147884368896 27.128551959991455 83.262147337198257 10.719339802861215 10.880827978253363 80.314438670873642 11.724762961268427 5.4852884113788596 16.670846685767174 9.977544426918028 26.648303270339966 6.4854735881090155
leaf_count=29 218 263 41 119 74 410 25 41 360 376 154 28 346 20 25 58 95 41 114 109 334 43 44 324 47 22 67 40 107 26
internal_value=6.89935e-07 -0.0122765 0.0145974 0.0186154 -0.0231746 0.00775585 0.0159458 -0.0165497 0.0107836 0.0172181 -0.0255437 -0.00583268 -0.0116953 0.0301401 0.0273815 0.0136047 0.0378892 0.0100478 0.0132437 -0.0123983 -0.00239146 -0.0180645 -0.0377176 -0.0323422 -0.0292235 -0.0106499 0.00238001 -0.0156135 -0.0236004 0.00158871
internal_weight=994.746 540.302 454.444 401.099 349.931 190.371 371.922 240.413 272.735 183.242 130.714 109.699 93.241 99.1876 16.4578 155.213 77.5421 140.828 130.616 65.4365 89.4929 35.1588 109.517 91.1953 27.9294 17.2101 21.6455 53.345 43.3674 16.7191
internal_count=4000 2172 1828 1614 1408 764 1495 966 1095 736 526 440 374 400 66 623 313 565 524 263 359 141 442 368 112 69 87 214 174 67
is_linear=0
shrinkage=0.05


Tree=7
num_leaves=31
num_cat=0
split_feature=0 3 3 9 3 9 9 1 0 9 5 1 2 8 8 28 6 5 6 12 7 3 7 1 0 6 9 10 14 0
split_gain=64.4724 42.6792 20.2984 17.5206 12.0768 10.8857 9.366 9.97794 9.47676 9.3429 9.48727 8.97537 8.56141 8.53201 12.5093 8.50677 8.32688 8.01545 11.5982 7.88076 7.7992 7.68779 7.55871 7.81309 7.54314 7.51818 9.41506 8.74351 7.49159 7.48604
threshold=0.11363437026739122 -0.42472903430461878 0.35443145036697393 -0.19442385435104367 0.43527770042419439 -0.15145870298147199 0.95593401789665233 -1.6372554898262022 1.2121176123619082 0.5627761483192445 0.056732362136244781 0.20899504423141482 1.6701706647872927 0.69910049438476574 0.12415090575814249 0.63109207153320324 0.74678319692611705 -0.57604479789733876 0.24942226707935336 0.48757824301719671 0.96511670947074901 1.8263851404190066 -0.90212616324424733 -0.67066505551338185 -0.85717996954917897 0.1619597524404526 -1.0397282838821409 -0.31934434175491327 0.56311002373695385 -0.95114776492118824
decision_type=2 2 2 2 2 2 2 2 2 2 2 2 2 2 2 2 2 2 2 2 2 2 2 2 2 2 2 2 2 2
left_child=1 5 9 12 17 13 7 -4 11 25 -11 -9 21 14 20 -15 -10 18 -5 -16 -1 24 -8 -24 -3 26 -2 -27 -28 -6
right_child=2 3 6 4 29 -7 22 8 16 10 -12 -13 -14 15 19 -17 -18 -19 -20 -21 -22 -23 23 -25 -26 27 28 -29 -30 -31
leaf_value=0.010027157567610261 -0.0021487622610666165 -0.05125215816030352 0.048507861066541674 0.045393107743485345 -0.046623686404061761 0.01818695932513072 -0.024450769837647421 -0.029907366835554484 0.028316642310496243 0.020260298802448846 0.054828433782465748 0.0010021181677041262 0.029170981535160415 0.047608489918109509 -0.067813253931413339 -0.027094991740934778 -0.036490372344736288 -0.00897242362506003 -0.024072151747345154 -0.0011078222025679952 -0.041800251160776167 -0.082652039657214252 -0.0099592632930572671 0.054040995518972658 -0.026026462597406777 -0.014220324602330626 0.023094214303081673 0.017924302874739156 0.054598429298318256 -0.016186304904387841
leaf_weight=38.169055849313736 25.913669437170029 44.548305794596672 7.9743653982877722 18.207492262125019 29.045594915747643 104.67756149172783 6.2199666202068356 55.609539479017258 24.323138713836673 42.323123052716255 37.378007158637047 40.656963005661964 4.9891344904899588 12.46880327165127 13.962203055620195 5.4882443100213996 6.2250699996948233 79.790037497878075 8.9688055515289289 6.4840354174375525 8.9635701477527601 8.8285504430532438 6.4665915518999162 18.161977067589756 88.524709925055504 34.806260675191879 67.483035415410995 53.93702444434166 26.195145100355148 66.342324137687683
leaf_count=153 104 181 32 73 118 421 25 223 98 171 152 163 20 50 56 22 25 320 36 26 36 36 26 73 357 140 273 217 106 267
internal_value=7.36468e-07 -0.011682 0.0138926 -0.022061 -0.0125194 0.00737448 -5.41667e-05 -0.00574214 -0.00915349 0.0219128 0.036472 -0.0168531 -0.0352054 -0.00585767 -0.0139978 0.0247767 0.0151104 -0.000984551 0.022468 -0.0466592 0.000170745 -0.0374688 0.0247988 0.0372368 -0.0344712 0.016343 0.0245251 0.00531677 0.0319037 -0.0254545
internal_weight=993.132 539.458 453.674 349.245 202.354 190.213 165.638 134.789 126.815 288.036 79.7011 96.2665 146.891 85.5359 67.5789 17.957 30.5482 106.966 27.1763 20.4462 47.1326 141.902 30.8485 24.6286 133.073 208.335 119.592 88.7433 93.6782 95.3879
internal_count=4000 2172 1828 1408 814 764 665 541 509 1163 323 386 594 343 271 72 123 429 109 82 189 574 124 99 538 840 483 357 379 385
is_linear=0
shrinkage=0.05


Tree=8
num_leaves=31
num_cat=0
split_feature=3 9 9 3 4 3 28 10 6 6 9 13 8 13 7 28 28 9 13 8 8 3 28 2 1 8 11 9 9 10
split_gain=48.3037 25.5097 12.6745 12.706 9.68573 9.56302 9.29977 9.25557 9.16276 9.06274 8.40593 11.0459 7.77003 12.9954 9.86361 7.01589 6.94375 6.94116 6.81643 10.1204 7.69774 6.76598 6.52307 6.2443 5.98037 5.95119 5.94273 5.88576 7.32112 5.85128
threshold=0.45706333220005041 0.5627761483192445 -1.6113610863685606 -0.76328119635581959 1.3754774928092959 -0.78665047883987416 1.4325097203254702 -0.46800871193408961 -0.87159368395805348 0.31393222510814672 0.98715135455131542 0.76267987489700328 0.24072437733411792 0.72972452640533458 -0.4221858531236648 -0.080623198300600038 -0.22178562730550763 0.87024021148681652 0.92628958821296703 0.28411421179771429 -0.47238433361053461 1.8263851404190066 0.26830165088176733 -0.65680071711540211 0.52099838852882396 -0.21124839037656781 -0.2419999614357948 -0.61183530092239369 0.17183927446603778 0.66710957884788524
decision_type=2 2 2 2 2 2 2 2 2 2 2 2 2 2 2 2 2 2 2 2 2 2 2 2 2 2 2 2 2 2
left_child=1 2 16 4 6 25 -4 -7 18 17 15 -12 14 -14 -5 27 -1 -9 19 20 -2 -17 -21 -18 -6 -3 -11 -10 -29 -25
right_child=8 5 3 12 24 7 -8 9 10 26 11 -13 13 -15 -16 21 23 -19 -20 22 -22 -23 -24 29 -26 -27 -28 28 -30 -31
leaf_value=-0.053354611792111775 0.0018064148478507799 0.057876114669569906 0.015501846696203737 0.021157002241683199 0.027359384813093187 0.035046197688144855 -0.029099852556443519 -0.005618796483955509 -0.033307561384022237 0.010978298759676139 -0.01700228006165708 0.038681834748774069 -0.020700798761289569 0.017910911363574349 -0.0039675324668103978 -0.028888240844741026 -0.044279603745939526 0.030850427931680465 -0.036734438746471608 -0.049371774966586901 0.049681159155308581 -0.065944485363251815 0.009992951970462384 -0.01200725178177995 0.091336790804698739 0.026643671691556348 -0.033638613756117028 0.0094352425461018685 -0.02373985259063581 0.051855711105899406
leaf_weight=14.433300793170927 17.846249967813488 24.628285095095634 124.67322963476181 59.09610703587532 8.945898085832594 39.442276835441589 12.896075949072836 20.334819972515106 30.886955469846725 12.434226587414743 30.24031113088131 12.623627990484236 95.064022108912468 28.272780358791351 115.24403780698776 92.115707471966743 8.6889715343713778 36.406350523233414 10.174904361367224 9.8999516963958758 15.856575995683672 14.219758898019789 8.6885160803794843 11.449902012944223 6.1733454167842856 40.063074007630348 18.668180584907532 33.781051740050316 32.754915311932564 5.222692444920539
leaf_count=58 72 100 503 238 36 159 52 82 125 50 122 51 383 114 464 373 35 147 41 40 64 58 35 46 25 163 75 136 132 21
internal_value=6.5105e-07 0.00743049 0.00137928 0.00376927 0.0154956 0.0228806 0.0113208 0.0149249 -0.0163965 0.00589035 -0.0207291 -0.000603051 -0.00224555 -0.0118497 0.00454894 -0.0249629 -0.0256687 0.0177806 0.000708978 0.00799476 0.0243306 -0.0338436 -0.0216239 -0.00991262 0.053482 0.038534 -0.0158015 -0.0152699 -0.00689649 0.00799783
internal_weight=991.226 682.138 490.16 450.365 152.689 191.977 137.569 127.286 309.089 87.8436 246.622 42.8639 297.677 123.337 174.34 203.758 39.7949 56.7412 62.4662 52.2913 33.7028 106.335 18.5885 25.3616 15.1192 64.6914 31.1024 97.4229 66.536 16.6726
internal_count=4000 2751 1975 1815 616 776 555 513 1249 354 997 173 1199 497 702 824 160 229 252 211 136 431 75 102 61 263 125 393 268 67
is_linear=0
shrinkage=0.05


Tree=9
num_leaves=31
num_cat=0
split_feature=0 3 3 9 0 28 3 0 5 2 6 9 10 3 8 2 2 9 6 4 28 5 13 29 3 8 10 28 6 12
split_gain=59.1248 29.7009 22.3039 15.5723 13.0334 12.6507 12.0977 11.6792 8.64586 8.6163 8.11241 8.00176 7.99471 7.86056 8.26626 7.7985 11.7577 7.55947 8.98704 7.48687 7.43638 7.23562 6.88747 6.77564 6.58259 6.53831 7.56526 6.41112 8.7547 6.19512
threshold=-0.5396541655063628 0.52868759632110607 0.018996774218976501 0.5627761483192445 1.2121176123619082 -1.295323312282562 -0.13497558981180188 0.5826174020767213 0.056732362136244781 1.3345662951469424 0.18866039812564853 -0.27206245064735407 -0.56030002236366261 -0.45886816084384913 0.6841542422771455 -1.3182885050773618 -0.61172920465469349 0.98715135455131542 -1.1063196063041685 1.0000000180025095e-35 0.62057441473007213 0.91585060954093944 0.20685856044292453 1.475211560726166 0.27815455198287969 0.021415706723928455 -0.35903909802436823 -0.15121343731880185 0.51122513413429271 0.22161357104778293
decision_type=2 2 2 2 2 2 2 2 2 2 2 2 2 2 2 2 2 2 2 2 2 2 2 2 2 2 2 2 2 2
left_child=2 3 9 4 5 12 21 17 -5 11 -7 13 -2 14 -1 -13 -17 18 29 27 -8 -6 25 -9 -10 26 -21 28 -4 -3
right_child=1 7 19 8 6 10 20 23 24 -11 -12 15 -14 -15 -16 16 -18 -19 -20 22 -22 -23 -24 -25 -26 -27 -28 -29 -30 -31
leaf_value=-0.023609359908321942 0.075586780448726687 -0.011847325856244453 -0.045004146956247729 0.017210859153379734 0.002429380821977108 0.0083957872315739614 0.073660983333196206 0.0016545118949918447 0.048357804609073692 0.035516029219188665 -0.0093737097443733295 -0.044078658518121407 0.018936724259764722 -0.051658036280045373 0.031629118060881534 0.044016535694383879 -0.0044941925026559344 0.011873936079613331 -0.029717038623191295 0.025946890733339036 0.0057526669474455144 0.063049415488514282 -0.002716131706275016 0.050878817185331805 0.0015092568200760781 -0.056216218579605286 -0.038028126355594792 -0.057021442421358384 0.016494038347050578 0.052596438938776739
leaf_weight=30.381236508488655 8.6691739559173602 10.698969006538393 18.712599188089374 77.337943732738495 30.51230788230896 154.82644225656986 17.975655734539036 76.147375479340553 55.537159755825996 11.649017065763472 109.7677515745163 8.7199729681014997 22.115898236632347 17.444365903735161 8.7157138437032682 15.900542959570883 58.244899079203606 17.924670413136482 86.837923794984818 7.1517201364040401 5.1969061195850363 5.8693653792142859 27.921910554170609 7.6975531429052344 8.6682731062173826 19.051315560936928 13.059382945299147 43.131018698215485 8.3780219852924329 5.7247753888368598
leaf_count=122 35 43 76 313 124 624 73 306 227 47 441 35 89 71 35 64 234 72 351 29 21 24 113 31 35 78 53 177 34 23
internal_value=7.59866e-07 0.00783635 -0.0190546 0.0144478 0.00885581 0.00455359 0.0301941 -0.00817315 0.0284704 -0.00579434 0.00102405 -0.00924629 0.0348896 -0.0237482 -0.0112953 0.000648743 0.00590897 -0.0180992 -0.0233021 -0.033632 0.0584312 0.0122091 -0.0216999 0.00617365 0.0420329 -0.0352004 -0.0153905 -0.0450481 -0.0259853 0.0106156
internal_weight=989.97 701.508 288.462 496.477 354.934 295.379 59.5542 205.031 141.543 151.056 264.594 139.407 30.7851 56.5413 39.097 82.8654 74.1454 121.186 103.262 137.406 23.1726 36.3817 67.1843 83.8449 64.2054 39.2624 20.2111 70.2216 27.0906 16.4237
internal_count=4000 2832 1168 2006 1431 1189 242 826 575 608 1065 561 124 228 157 333 298 489 417 560 94 148 273 337 262 160 82 287 110 66
is_linear=0
shrinkage=0.05


Tree=10
num_leaves=31
num_cat=0
split_feature=0 3 3 9 0 0 3 6 3 9 12 9 14 6 0 7 4 7 5 1 29 28 4 14 4 30 9 14 14 0
split_gain=53.8479 33.0022 16.2084 14.8449 11.8769 9.94747 9.1987 9.12259 11.2992 9.16327 8.32822 8.36384 8.25692 8.98667 7.54367 7.37577 9.54952 7.07441 6.1581 5.80738 8.99677 6.48393 5.35968 5.33219 5.26664 5.24275 5.22794 5.01597 4.81697 4.7434
threshold=0.12774419039487842 -0.42472903430461878 1.2077330946922304 -0.36820940673351282 1.8306517004966738 -1.2312418222427366 0.79650360345840465 0.01700500957667828 -1.9008151888847349 -1.262431740760803 2.0991597175598149 -0.55007922649383534 1.58298796415329 0.29019924998283392 -0.99455720186233509 -1.2607746720314024 -0.11758478358387946 0.56782832741737377 -0.83000707626342762 -0.56718981266021717 -1.3293752670288084 0.81183126568794262 0.3293581902980805 -0.87245300412178028 -0.96224328875541676 0.46370492875576025 1.001325845718384 0.91222116351127636 0.0086935143917799013 -1.574338376522064
decision_type=2 2 2 2 2 2 2 2 2 2 2 2 2 2 2 2 2 2 2 2 2 2 2 2 2 2 2 2 2 2
left_child=1 5 4 15 10 18 12 24 -9 -10 11 23 13 -5 25 16 -3 -13 -1 21 -21 -17 29 -2 -7 -8 27 28 -4 -20
right_child=2 3 26 6 -6 7 14 8 9 -11 -12 17 -14 -15 -16 19 -18 -19 22 20 -22 -23 -24 -25 -26 -27 -28 -29 -30 -31
leaf_value=0.02316456593700247 -0.020431996083912361 -0.048771408070101351 -0.014636215757131777 0.0064878852034866638 0.047622890772698254 0.054161856766492981 -0.032229708295626047 0.068898549013991825 -0.058653085620171908 -0.00014324650855129372 -0.03831623208464531 0.025496117609195269 -0.055126453319533454 -0.019250787998530968 -0.016823703703337061 -0.029638777454273232 0.032399555604360024 0.0070543655384938016 -0.07125695110331913 0.008793589514145642 -0.050109031686818711 0.033843651084951527 0.0019115768583488736 0.0086309552923271218 0.017848350125056003 -0.084480574414380546 0.020373947929138866 0.0163950517745713 -0.052909435595276472 -0.02040670754540018
leaf_weight=7.2096983343362799 19.421120896935463 6.1275630444288245 23.555312365293503 95.66507588326931 28.377930521965027 11.643774598836897 12.115033507347109 5.3716842085123053 7.4806199073791495 63.446280211210251 7.441770374774932 176.84735691547394 7.8910318315029135 52.53741317987442 51.781360954046249 22.549421548843387 8.866465672850607 73.663798391819 8.683929383754732 7.1072733402252188 73.771729230880737 4.8955069780349723 9.4570036083459836 84.228823333978653 70.077816814184189 7.9518284201622 9.6995528638362867 7.7225248962640753 12.628384470939634 9.7186406105756777
leaf_count=29 78 25 95 385 118 47 50 22 30 255 30 717 32 212 210 92 36 298 35 29 302 20 38 339 283 33 39 31 51 39
internal_value=5.04954e-07 -0.0105371 0.0129317 -0.0196649 0.0164753 0.00606789 -0.0121045 0.0114142 -0.00101901 -0.00631425 0.0140308 0.0151308 -0.00528995 -0.00263641 -0.0269094 -0.0336396 -0.000772329 0.0200732 -0.0180223 -0.038189 -0.0449329 -0.0183151 -0.0286809 0.00318537 0.0230223 -0.052935 -0.0128473 -0.0201864 -0.0279939 -0.0444023
internal_weight=987.936 544.349 443.587 351.26 389.981 193.089 227.942 158.02 76.2986 70.9269 361.603 354.161 156.094 148.202 71.8482 123.318 14.994 250.511 35.0693 108.324 80.879 27.4449 27.8596 103.65 81.7216 20.0669 53.6058 43.9062 36.1837 18.4026
internal_count=4000 2204 1796 1426 1580 778 922 637 307 285 1462 1432 629 597 293 504 61 1015 141 443 331 112 112 417 330 83 216 177 146 74
is_linear=0
shrinkage=0.05


Tree=11
num_leaves=31
num_cat=0
split_feature=3 3 9 9 8 6 12 14 3 10 6 29 10 8 14 3 11 8 4 4 11 3 6 14 14 9 9 10 1 11
split_gain=37.802 16.697 14.8722 12.9888 9.66443 9.23459 9.0224 11.5098 8.41101 7.95092 7.3224 7.67089 7.20813 6.71616 7.83058 8.26003 7.10003 6.57639 6.51691 7.82205 6.26085 6.05289 5.97489 8.47178 6.13788 5.94898 5.93129 8.64864 5.53445 5.52582
threshold=-0.48365810513496393 1.2236917614936831 -0.56672745943069447 -0.10750119760632514 -0.51759588718414296 0.67611053586006176 0.57060036063194286 1.646152198314667 -1.854121148586273 -0.87396758794784535 -1.3157694935798643 0.48290102183818823 1.4649007916450503 0.91849458217620861 1.7677731513977053 -0.68245449662208546 0.07460536435246469 -1.4587015509605405 -1.6316820383071897 0.048661310225725181 -0.27019053697586054 -2.0944153070449825 0.24942226707935336 0.20791143923997882 0.56311002373695385 -0.81124046444892872 0.73276200890541088 0.35096518695354467 -0.63217973709106434 1.3827588558197024
decision_type=2 2 2 2 2 2 2 2 2 2 2 2 2 2 2 2 2 2 2 2 2 2 2 2 2 2 2 2 2 2
left_child=3 2 10 8 9 6 7 -4 -1 -5 11 -2 -8 14 15 -10 -15 -12 -7 -20 26 -22 23 -11 -24 -18 27 -6 -19 -3
right_child=1 29 5 4 20 18 12 -9 13 22 17 -13 -14 16 -16 -17 25 28 19 -21 21 -23 24 -25 -26 -27 -28 -29 -30 -31
leaf_value=0.039844871711576829 -0.012727718898602913 -0.027692211908168996 0.0029776818979907814 0.087773413768647279 -0.01028450989426276 0.037978964118623865 0.016023024641230624 -0.062675175614354581 -0.016095460042282624 0.025672974216465611 0.03084770427884902 0.057125362199365232 0.072050653203509438 0.049907037820562758 0.054390423782993164 0.017192876079310377 0.032716069389680948 -0.0049742393424186265 -0.029855284401482392 -6.8467626543523477e-05 0.057129368943286352 0.0027531153510381751 0.036105971695484206 0.08662526155168708 -0.027097265884996325 -0.034612756650912201 0.048064934513771959 0.048309513649563235 -0.027836197449180922 0.011185994041355622
leaf_weight=14.31629031896591 9.6430510431528109 103.78880353271961 201.25470268726349 8.0669306218624097 15.564941406250002 6.20517574250698 79.783604353666306 6.9047830104827872 82.829876989126205 14.914333805441858 6.1734272837638846 6.6340162009000769 6.1856824159622184 12.374069511890413 5.1715704351663581 24.045078411698341 6.2117130011320114 35.75182056427002 44.295133262872696 43.867104962468147 5.5321730971336356 68.327761098742485 9.0829135179519636 9.2280920147895795 6.6564311534166327 6.9532713592052442 23.430949941277504 10.577379167079924 101.98787832260132 10.022080361843107
leaf_count=58 39 424 815 33 63 25 323 28 334 61 25 27 25 50 21 97 25 145 179 177 23 278 37 38 27 28 96 43 415 41
internal_value=-1.28195e-07 -0.00683982 -0.00322467 0.0140163 0.0234517 0.00206126 0.0064277 0.000799935 0.00337085 0.0425021 -0.0160442 0.0157422 0.0200543 -0.000424412 -0.0056985 -0.00860614 0.0227144 -0.0196393 -0.0115483 -0.0150342 0.0160514 0.00682594 0.033345 0.0489711 0.00937627 -0.0028446 0.0297966 0.0134231 -0.0219021 -0.0242686
internal_weight=985.781 662.497 548.686 323.284 171.382 388.496 294.129 208.159 151.902 47.9487 160.19 16.2771 85.9693 137.586 112.047 106.875 25.5391 143.913 94.3674 88.1622 123.433 73.8599 39.8818 24.1424 15.7393 13.165 49.5733 26.1423 137.74 113.811
internal_count=4000 2688 2223 1312 699 1572 1191 843 613 196 651 66 348 555 452 431 103 585 381 356 503 301 163 99 64 53 202 106 560 465
is_linear=0
shrinkage=0.05


Tree=12
num_leaves=31
num_cat=0
split_feature=0 3 3 9 7 0 12 0 7 8 9 14 9 3 11 3 0 13 9 4 7 1 14 13 4 11 3 0 31 3
split_gain=49.4001 23.3014 17.9215 13.7425 11.9073 11.7405 9.33606 9.25619 7.3724 12.3616 7.23804 7.22849 6.81891 8.1619 7.40669 6.79298 6.83226 9.03791 6.77913 6.71269 6.69461 8.9404 6.55422 6.36378 5.94291 5.86162 5.81084 5.1008 5.20342 7.23679
threshold=-0.5396541655063628 0.35443145036697393 0.018996774218976501 0.5627761483192445 0.54529479146003734 1.1567521095275881 1.602225184440613 0.92944112420082103 -1.1199937462806699 -0.11849059164524077 -1.7943935990333555 -0.34024351835250849 0.95593401789665233 2.2376103401184086 1.6369641423225405 -1.854121148586273 -1.5114554166793821 -1.2284127473831175 0.35351954400539404 1.0000000180025095e-35 -1.1199937462806699 -0.29812671244144434 1.1700032949447634 0.15752296894788745 0.33988572657108312 0.74774387478828441 0.81216922402381908 1.5575453042984011 -0.71317589282989491 0.21836493164300921
decision_type=2 2 2 2 2 2 2 2 2 2 2 2 2 2 2 2 2 2 2 2 2 2 2 2 2 2 2 2 2 2
left_child=2 3 15 4 6 12 10 18 9 -4 -2 26 13 14 -3 -1 -17 -18 -6 -10 -14 -22 -19 -21 -8 -9 -7 28 -5 -30
right_child=1 5 8 27 7 11 24 25 19 -11 -12 -13 20 -15 -16 16 17 22 -20 23 21 -23 -24 -25 -26 -27 -28 -29 29 -31
leaf_value=0.034607666124961182 -0.020719391980191449 -0.014307462969237364 0.03645686638180521 0.042164975101104868 -0.0099036555516845374 0.027165771284019671 -0.059020186137458033 0.031039107514277072 -0.047145912171926548 -0.040377532760707081 0.019780471028738266 0.033622756459192334 -0.042108342183735242 -0.071024532275891714 0.036716337622083338 -0.028689130536598439 -0.038571099562237726 0.0083228282405922796 -0.061733444246731745 -0.038103065403624736 -0.013664553093749948 0.042062431613350437 -0.031777610915947795 -0.0037308812394217308 0.0097255185943836749 -0.029388290972790124 -0.036661773795687129 0.06164490662524235 0.022662358604188651 -0.032621602395193704
leaf_weight=9.8174286186695081 11.68545889854431 158.29930724203587 10.092867359519007 31.896917000412941 67.504515096545219 6.1692014038562766 6.7001848071813566 21.432129517197613 60.234031543135643 10.87569911777973 197.2775800973177 28.10109044611454 5.221539467573165 6.0746094435453406 7.447034314274787 32.065222576260567 14.913232311606405 81.98281492292881 6.959340661764144 30.528948068618774 12.177876695990564 17.597575053572655 11.63598310947418 24.093515887856483 5.9227111041545868 4.9377960711717597 8.4500308781862241 10.328169643878935 77.53471802175045 6.4088301062583914
leaf_count=40 47 640 41 131 272 25 27 87 250 45 800 114 21 25 30 130 60 331 28 126 49 71 47 98 24 20 34 44 317 26
internal_value=6.64995e-07 0.00717288 -0.0174921 0.0139859 0.00851139 -0.00507467 0.0149932 -0.00573265 -0.0306579 -0.00339458 0.0175157 0.0187881 -0.0100038 -0.0141012 -0.0120149 -0.00560331 -0.0084111 -0.00242007 -0.0147476 -0.0356351 0.0101129 0.0192706 0.0033387 -0.0229418 -0.0267644 0.019724 -0.00972705 0.0279758 0.0249739 0.0184416
internal_weight=984.366 698.127 286.24 448.588 322.42 249.538 221.586 100.834 135.825 20.9686 208.963 42.7203 206.818 171.821 165.746 150.415 140.597 108.532 74.4639 114.856 34.997 29.7755 93.6188 54.6225 12.6229 26.3699 14.6192 126.169 115.84 83.9435
internal_count=4000 2832 1168 1823 1305 1009 898 407 560 86 847 173 836 695 670 608 568 438 300 474 141 120 378 224 51 107 59 518 474 343
is_linear=0
shrinkage=0.05


Tree=13
num_leaves=31
num_cat=0
split_feature=0 3 3 9 13 0 0 4 29 29 1 9 8 3 8 8 0 13 4 2 7 0 2 4 28 1 7 1 8 8
split_gain=45.0208 25.8863 12.7262 12.3331 10.4226 8.90814 8.88471 9.94464 8.84861 8.64645 8.25883 8.25164 8.93562 13.3829 8.74576 8.19654 10.7037 9.06102 8.09815 7.95128 9.97167 8.22198 7.33388 7.08438 6.67145 6.5118 6.35186 6.24696 6.23637 6.54034
threshold=0.12774419039487842 -0.48365810513496393 0.35443145036697393 -0.19442385435104367 -0.85588920116424549 -1.2058929204940794 -0.51698753237724293 -1.2481507062911985 -0.072351433336734758 0.031826752237975604 -1.6372554898262022 -0.74244061112403859 0.038134802132844932 -0.90816727280616749 -1.4587015509605405 0.73326650261878978 1.265565097332001 -0.83887952566146839 -0.8394714593887328 0.70045772194862377 0.65747648477554332 1.24292528629303 1.6701706647872927 0.21633405983448031 0.053555591031908996 0.10034076869487764 -0.484050303697586 -0.027772242203354832 -1.1367105841636655 1.3445413708686831
decision_type=2 2 2 2 2 2 2 2 2 2 2 2 2 2 2 2 2 2 2 2 2 2 2 2 2 2 2 2 2 2
left_child=1 5 19 22 8 -1 7 -6 -5 10 -4 -7 14 -14 -13 16 17 -11 -10 20 -2 -21 23 -3 -8 26 -12 -18 -22 -30
right_child=2 3 9 4 6 11 24 -9 18 15 25 12 13 -15 -16 -17 27 -19 -20 21 28 -23 -24 -25 -26 -27 -28 -29 29 -31
leaf_value=-0.017280262036180803 0.029543460915919119 -0.040076917037992349 0.050320461996880561 -0.055658885189499789 -0.071631497404932534 -0.0093875214356771881 0.022731880979004915 -0.0096158344111459352 0.037413151925105956 0.041951640161917644 -0.056848707506940856 -0.023012751120476439 0.026099924273270226 -0.023677820643183266 0.038973957126697725 0.041604212144453603 0.083230167093742341 -0.017335465943028188 -0.027740523178239662 -0.0083889760470594633 -0.045624008409481567 0.031236734293783819 0.031240421503350876 -0.017636046266220156 -0.0070806350469526692 0.0010257111225566641 -0.014894267108874868 0.013776918637688366 0.018283049141722275 -0.029246686709092952
leaf_weight=34.225092798471451 156.16514584422112 82.643201380968094 5.2264569550752631 20.090802863240242 7.0128467828035346 37.057594820857048 40.217782631516457 82.653690382838249 6.3994742631912258 7.7124607414007178 13.098506346344946 6.4262359589338294 29.667794972658157 24.781313806772232 49.693512737751007 18.587806850671768 5.6322746723890305 39.203296035528183 18.721442952752113 45.974430426955223 5.4389720857143393 18.301939934492111 4.9717387408018103 61.222856730222702 35.181190699338913 35.944889456033707 28.985363900661469 7.6148455142974836 44.665658935904503 8.637508347630499
leaf_count=138 641 343 21 82 29 149 162 337 26 31 53 26 121 100 202 75 23 158 76 186 22 76 20 251 142 145 117 31 182 35
internal_value=4.97557e-07 -0.00966699 0.0118543 -0.0174503 -0.00965465 0.00570317 -0.00382881 -0.0144661 -0.0309245 0.000706617 -0.0105277 0.0110315 0.0178751 0.00344468 0.0318759 0.0125835 0.0036173 -0.00758928 -0.0111428 0.0183232 0.0229379 0.00289398 -0.0284638 -0.0305271 0.00882135 -0.0146033 -0.0279525 0.0433063 0.00537703 0.0105811
internal_weight=982.156 540.967 441.19 359.115 210.277 181.852 165.066 89.6665 45.2117 162.006 83.2552 147.626 110.569 54.4491 56.1197 78.7507 60.1629 46.9158 25.1209 279.184 214.907 64.2764 148.838 143.866 75.399 78.0288 42.0839 13.2471 58.7421 53.3032
internal_count=4000 2204 1796 1468 854 736 670 366 184 654 336 598 449 221 228 318 243 189 102 1142 880 262 614 594 304 315 170 54 239 217
is_linear=0
shrinkage=0.05


Tree=14
num_leaves=31
num_cat=0
split_feature=0 3 3 5 0 7 5 0 2 2 12 1 7 7 8 0 10 29 4 0 7 0 0 1 11 2 13 8 13 8
split_gain=40.9076 19.6347 15.4392 11.944 8.95127 8.33974 7.98608 8.16907 7.49932 7.49489 7.38379 7.06825 6.78294 6.7254 11.1605 6.63993 6.41999 6.71318 6.00303 5.73112 5.70184 11.8211 8.06074 7.39818 8.43486 7.32526 5.70062 5.65622 5.25902 6.95053
threshold=-0.5396541655063628 0.52868759632110607 0.018996774218976501 0.046038489788770683 1.1567521095275881 -0.56659480929374684 -2.1951884031295772 1.7868248224258425 1.3345662951469424 0.25077004730701452 0.62287378311157238 -0.50976061820983876 -1.6579320430755613 -1.1199937462806699 -0.11849059164524077 -1.2558817863464353 -0.87396758794784535 0.99383696913719188 1.0000000180025095e-35 -0.99455720186233509 1.2103722095489504 0.37669745087623602 -0.12418404594063757 -1.2041041254997251 1.5236277580261233 0.35064978897571569 0.15752296894788745 1.0474318861961367 -0.043766010552644723 0.12415090575814249
decision_type=2 2 2 2 2 2 2 2 2 2 2 2 2 2 2 2 2 2 2 2 2 2 2 2 2 2 2 2 2 2
left_child=2 3 8 6 20 27 -2 12 9 10 15 -12 -8 14 -4 -1 -11 -18 -15 -10 23 22 -22 25 -25 -3 -20 -5 -6 -30
right_child=1 4 13 5 28 -7 7 -9 19 16 11 -13 -14 18 -16 -17 17 -19 26 -21 21 -23 -24 24 -26 -27 -28 -29 29 -31
leaf_value=-0.012477641306489724 0.052054674280994855 0.047602767728164956 0.035551463351032139 0.040674752768180382 0.037566852436330928 0.014098199250566141 -0.033787340182174268 0.03993676422983778 0.0008925324233325084 0.014086912061093469 -0.068690704908365305 -0.0074592201649873171 0.0029406126900667923 -0.044064389017099526 -0.037653703745449844 0.019912768659767658 -0.042180295139043839 0.020371782720688569 -0.035506418954726331 0.071443348227685971 0.019722787688544182 0.059831444163035791 -0.063262728044760672 -0.021539192118929684 0.0341664618191981 -0.021053944111903169 -0.002883424614428632 -0.0017850344116756543 -0.02816435708881887 0.032778137026819906
leaf_weight=24.6564981341362 8.6066107153892499 8.9106734246015531 10.103168547153475 58.772902742028236 16.030532464385033 160.58921550214291 13.306718915700911 14.199659273028372 6.1854718625545502 8.623948395252226 6.4437354654073742 17.547776892781258 227.31702506542206 59.317019879817963 10.742124214768408 44.160845592617989 32.073229163885117 4.9514611512422553 30.223828226327896 5.3842501491308195 6.3833223432302475 8.2086244225501996 5.4031566232442874 125.58962486684322 7.1841918528079978 6.8883911073207846 24.044082403182983 9.0514711737632734 10.624095618724825 8.360319182276724
leaf_count=100 35 36 41 242 65 656 54 60 25 35 26 71 922 250 45 179 130 20 126 22 26 33 22 510 29 28 98 37 43 34
internal_value=4.91044e-07 0.00653432 -0.0159731 0.0119395 -0.00652438 0.0203072 0.00468419 0.00308426 -0.00494658 -0.00817804 -1.94777e-05 -0.023905 0.000909522 -0.0282789 -0.00217307 0.00830764 -0.0247653 -0.033815 -0.0330699 0.0337251 -0.0113028 0.013764 -0.0183194 -0.0146763 -0.018525 0.0176684 -0.0210524 0.0350083 0.0164796 -0.00132662
internal_weight=979.884 695.427 284.457 491.844 203.583 228.414 263.43 254.823 150.027 138.457 92.8089 23.9915 240.624 134.43 20.8453 68.8173 45.6486 37.0247 113.585 11.5697 168.568 19.9951 11.7865 148.573 132.774 15.7991 54.2679 67.8244 35.0149 18.9844
internal_count=4000 2832 1168 2006 826 935 1071 1036 608 561 376 97 976 560 86 279 185 150 474 47 684 81 48 603 539 64 224 279 142 77
is_linear=0
shrinkage=0.05


Tree=15
num_leaves=31
num_cat=0
split_feature=0 3 3 0 6 31 5 5 30 13 3 13 4 14 0 0 6 3 29 5 2 10 12 3 30 5 10 29 7 4
split_gain=37.9704 22.1258 11.712 10.8497 8.96828 9.24394 10.111 8.82868 10.9985 9.55267 8.59666 7.97335 9.82688 8.15844 7.97104 7.4243 7.02053 9.1622 6.06837 5.61251 5.42098 5.8894 5.29889 4.65997 7.18069 4.64284 4.41095 4.74653 4.34763 4.75826
threshold=0.12774419039487842 -0.48365810513496393 1.3694173097610476 1.8306517004966738 1.2532829046249392 0.98470133543014537 0.20892314612865451 0.0059052198193967351 0.19130905717611316 1.6158684492111208 0.79650360345840465 -1.2284127473831175 1.0000000180025095e-35 1.4649990797042849 -0.51698753237724293 -1.2058929204940794 0.01700500957667828 -1.9008151888847349 0.031826752237975604 -0.83000707626342762 -0.81359601020812977 -1.0901782512664793 1.1774002909660342 0.46795482933521276 -0.023172204382717606 1.449226498603821 0.48811091482639318 0.042852239683270461 0.7257002890110017 0.3293581902980805
decision_type=2 2 2 2 2 2 2 2 2 2 2 2 2 2 2 2 2 2 2 2 2 2 2 2 2 2 2 2 2 2
left_child=1 15 3 4 7 6 -6 8 -2 -9 11 23 14 -14 -13 19 22 -18 -19 -1 -12 -22 25 24 -3 -17 27 -4 29 -21
right_child=2 10 26 -5 5 -7 -8 9 -10 -11 20 12 13 -15 -16 16 17 18 -20 28 21 -23 -24 -25 -26 -27 -28 -29 -30 -31
leaf_value=0.023561418464508585 0.017484672796508602 -0.050824758314370937 -0.021397740477735967 0.04339616222921492 0.021833151921428533 -0.060887687022937037 -0.032872177561608963 0.025478045045277915 -0.0084151523389102319 -0.025016628335003482 -0.052800417543579441 -0.030963164378306318 0.0060680033849348685 -0.05134147797172911 -0.0032572155007066193 0.029330714883219623 0.062625816861162351 0.0083245256946169917 -0.022217278426106907 -0.030720645942591902 -0.060724611754051708 -0.018511025276006021 -0.015076720031079347 -0.066270834350717928 0.0038096229737673657 -0.018952875903110258 -0.038223588916710592 0.020676696735256371 -0.061258479779331299 0.021781962457035446
leaf_weight=7.1940727829933158 92.009698465466499 11.799391061067581 15.45274429023266 28.221892803907394 21.537828952074051 7.4512683153152457 13.896055847406386 151.77309246361256 73.922078475356102 9.9824701398611051 18.233491808176041 58.07357083261013 105.60977059602737 6.5736133009195319 46.946423843502998 62.271654665470123 5.2041756212711325 33.930124461650848 31.236494362354279 14.11475214362145 9.2156334370374662 79.879161238670349 9.1465133577585203 8.3799552470445615 12.266263008117676 5.4114620536565772 13.344830319285391 11.838537529110907 6.6436328738927832 6.2159060090780249
leaf_count=29 374 48 63 121 87 30 56 622 300 41 77 241 428 27 190 254 22 137 126 57 39 333 37 35 50 22 54 48 27 25
internal_value=2.80626e-08 -0.00890196 0.0109059 0.0135115 0.0112356 -0.0102657 0.000379441 0.0140495 0.00594638 0.0223619 -0.0161272 -0.0110396 -0.00758605 0.00270398 -0.0185779 0.00531895 0.0101928 -0.00121673 -0.00631516 -0.0156781 -0.0279609 -0.0228774 0.0206432 -0.0341593 -0.0229776 0.0254703 -0.0146658 -0.0031465 -0.0261434 -0.0146685
internal_weight=977.777 538.346 439.43 398.794 370.572 42.8852 35.4339 327.687 165.932 161.756 356.977 249.649 217.203 112.183 105.02 181.369 147.2 70.3708 65.1666 34.1684 107.328 89.0948 76.8296 32.4456 24.0657 67.6831 40.6361 27.2913 26.9743 20.3307
internal_count=4000 2204 1796 1631 1510 173 143 1337 674 663 1468 1019 886 455 431 736 598 285 263 138 449 372 313 133 98 276 165 111 109 82
is_linear=0
shrinkage=0.05


Tree=16
num_leaves=31
num_cat=0
split_feature=0 3 9 3 0 9 8 10 13 8 14 30 3 30 3 31 8 29 31 4 10 4 8 31 3 14 14 31 29 4
split_gain=34.3621 20.211 11.8251 10.5947 9.98068 9.33028 10.3435 8.80099 8.99736 8.68803 8.39104 9.29238 8.54934 8.2618 7.98047 7.69017 7.43376 6.36425 6.33821 6.13286 8.27284 6.12963 6.04511 6.02866 5.76369 5.13198 4.95318 4.73319 4.03633 5.55722
threshold=0.12774419039487842 -0.90816727280616749 -0.18422541022300717 1.3694173097610476 1.8306517004966738 -0.75636816024780262 1.0057010650634768 -0.38037154078483576 -1.6023940443992613 0.29490928351879125 -0.44242040812969202 -0.9647805094718932 -0.21427363902330396 1.31563276052475 1.8263851404190066 0.094350125640630736 -1.6405305266380308 1.2365558147430422 -0.35520559549331659 0.0077899382449686536 0.098888348788023009 -0.092701014131307588 0.15419513732194903 1.7091758251190188 -2.0944153070449825 -0.54070231318473805 -0.84360527992248524 0.33788047730922705 -0.16278833895921704 -0.76747852563858021
decision_type=2 2 2 2 2 2 2 2 2 2 2 2 2 2 2 2 2 2 2 2 2 2 2 2 2 2 2 2 2 2
left_child=1 5 14 4 10 6 22 8 -4 -10 12 17 18 24 19 -13 -9 -12 -2 21 -21 -3 27 -18 -7 -14 -26 -1 29 -5
right_child=3 2 7 28 -6 13 -8 16 9 -11 11 15 25 -15 -16 -17 23 -19 -20 20 -22 -23 -24 -25 26 -27 -28 -29 -30 -31
leaf_value=-0.02938314660235174 0.03866997341433135 -0.026164776348084152 -0.055230411426591991 0.016354686297726597 0.041697584283198218 0.07406480550989597 0.048918792387564636 -0.058102141943420588 0.025979651233052514 -0.0085071441705057479 0.044314004161358979 0.020301364191495194 -0.0077389351859625151 -0.030588591520482031 -0.071272410768350211 0.00087790896261205013 -0.012047985467997119 -0.0088301061791678896 0.0020855090390009458 -0.024536835231136599 0.0072394455761550418 -0.076102278714312951 -0.060634652442345206 0.041721755803307017 0.04852054791000316 -0.058272617605430788 0.014180720066362945 0.030352233847111072 0.0016797901984637411 -0.044808478035424898
leaf_weight=9.1740345805883461 18.457189649343491 81.586689546704292 5.3615298718214026 4.9148435443639782 27.910953342914581 5.6905423253774634 5.4462892115116111 8.5492800921201688 44.426547691226006 31.009142652153969 38.317216590046883 111.12567967176437 62.91385754942894 7.1543606817722312 8.1796848922967893 94.120335474610329 157.99703413248062 6.6044883430004111 33.016840979456902 48.22515507042408 35.605626478791237 6.6455119103193274 8.6825042366981489 5.3908344805240622 13.348462894558905 5.4601922035217276 49.22561040520668 5.1933560669422141 20.461800843477249 15.197339385747908
leaf_count=37 76 340 22 20 121 24 22 35 181 127 157 455 254 29 36 384 645 27 135 198 146 28 35 22 55 22 201 21 83 62
internal_value=-2.25572e-07 -0.00848151 -0.0132341 0.0103841 0.0128658 0.0113207 -0.0130532 -0.00625596 0.00735505 0.0118033 0.010691 0.0159025 -0.000187487 0.0205301 -0.0230187 0.0113943 -0.0126521 0.0365006 0.0152037 -0.0207248 -0.0110404 -0.029926 -0.0276961 -0.0102739 0.0258875 -0.0117744 0.0215062 -0.0077907 -0.0139552 -0.0298619
internal_weight=975.393 536.892 432.977 438.501 397.927 103.915 28.4962 252.734 80.7972 75.4357 370.016 250.168 119.848 75.419 180.243 205.246 171.937 44.9217 51.474 172.063 83.8308 88.2322 23.0499 163.388 68.2646 68.374 62.5741 14.3674 40.574 20.1122
internal_count=4000 2204 1780 1796 1631 424 115 1032 330 308 1510 1023 487 309 748 839 702 184 211 712 344 368 93 667 280 276 256 58 165 82
is_linear=0
shrinkage=0.05


Tree=17
num_leaves=31
num_cat=0
split_feature=0 3 3 9 28 7 31 0 5 9 2 6 13 7 31 10 2 6 1 10 10 6 9 13 4 30 2 9 10 9
split_gain=32.067 15.3497 12.6102 11.8527 11.6479 9.32102 8.44242 8.24878 6.96958 6.6818 6.53462 6.47957 6.42147 6.2582 6.01965 7.07091 6.01932 7.6166 6.7772 5.96657 10.1376 5.94483 7.97025 8.18137 6.59056 7.1277 5.47808 5.79161 5.35601 5.30895
threshold=-0.5396541655063628 0.35443145036697393 0.018996774218976501 0.5627761483192445 -1.295323312282562 0.54529479146003734 0.5198233723640443 1.1567521095275881 0.056732362136244781 -1.7943935990333555 1.4109215140342715 0.71938985586166393 0.14710138738155368 -1.1199937462806699 -0.53600826859474171 0.86679509282112133 0.25077004730701452 1.1596030592918398 0.54659494757652294 -0.56030002236366261 -0.15400793403387067 -0.87159368395805348 0.95593401789665233 0.63762417435646068 -0.61188155412673939 -0.85777381062507618 -1.2046865224838255 -0.27206245064735407 0.27884644269943243 0.058815546333789832
decision_type=2 2 2 2 2 2 2 2 2 2 2 2 2 2 2 2 2 2 2 2 2 2 2 2 2 2 2 2 2 2
left_child=2 3 10 4 19 9 -7 21 14 -6 16 12 -9 -4 -5 -16 26 18 -18 -2 -21 24 -23 -24 28 -26 29 -28 -3 -1
right_child=1 7 13 8 5 6 -8 11 -10 -11 -12 -13 -14 -15 15 -17 17 -19 -20 20 -22 22 23 -25 25 -27 27 -29 -30 -31
leaf_value=0.00097657471526559005 0.069889596800328121 0.066449164673797592 -0.00015185649137031877 0.035360463746602531 -0.028863164750680067 -0.020135769749011476 0.01331560411076343 0.047892578469162506 0.037429959450883912 0.011406448072608032 0.035780435882483148 -0.021452116853699136 0.0038862307378180411 -0.030124622692169215 0.012928885795832755 -0.036951185640592597 -0.0033637819667641853 -0.080554409715155872 -0.049969528644602981 -0.038011907060848851 0.040771830204052457 -0.01778917198259999 -0.0051056470076810872 0.055690101959680188 0.036808734031282146 -0.019897292304531449 -0.011136632427573977 0.0169935205200859 0.0053163023215247974 -0.057233169109491416
leaf_weight=8.3116254657506925 8.9271133244037646 7.1558374315500242 20.630067706108093 21.675417751073837 10.899269759654997 63.397938877344131 26.849736005067825 16.806798785924911 56.506626069545746 187.6570765376091 9.539510563015936 9.0952038615941984 16.358436077833176 111.76708230376244 37.175284191966057 8.7837012708187086 32.123342260718346 4.8943420052528372 10.301833897829054 5.4109422713518169 16.640728503465652 133.99665163457394 20.044668301939968 7.6440551429986945 7.4210533350706127 21.880319580435753 30.135784432291985 46.579467877745628 7.1756929010152817 7.4084102362394324
leaf_count=34 37 29 86 90 44 257 109 69 239 768 39 37 67 474 153 36 131 20 42 22 68 547 81 31 30 89 123 189 29 30
internal_value=-1.66162e-07 0.00579265 -0.0142205 0.0113559 0.00626542 0.00314008 -0.0101836 -0.00418252 0.0244686 0.00919595 -0.00425816 0.0159341 0.0261869 -0.0254543 0.0136398 0.00339578 -0.00699115 -0.0214942 -0.0146808 0.0354018 0.0214402 -0.0083231 -0.0127428 0.0116783 0.00805466 -0.00553556 0.000433256 0.00594325 0.0358404 -0.026456
internal_weight=973.194 691.503 281.691 443.924 319.783 288.804 90.2477 247.579 124.141 198.556 149.294 42.2604 33.1652 132.397 67.6344 45.959 139.755 47.3195 42.4252 30.9788 22.0517 205.318 161.685 27.6887 43.6329 29.3014 92.4353 76.7153 14.3315 15.72
internal_count=4000 2832 1168 1823 1305 1178 366 1009 518 812 608 173 136 560 279 189 569 193 173 127 90 836 659 112 177 119 376 312 58 64
is_linear=0
shrinkage=0.05


Tree=18
num_leaves=31
num_cat=0
split_feature=0 3 9 6 3 13 29 0 14 3 30 28 30 6 7 2 2 28 0 6 12 0 11 28 6 6 13 3 11 28
split_gain=29.2733 17.5495 10.0139 9.81968 9.15904 8.56285 7.96423 7.90409 7.81935 9.63058 8.12684 7.40292 7.43268 7.1096 6.82516 6.62441 6.3567 6.33667 7.1041 6.46944 5.87051 6.55227 6.71641 5.73973 5.50383 4.92492 4.23905 4.18811 4.01783 3.89405
threshold=0.12774419039487842 -0.48365810513496393 -0.19442385435104367 -1.8187515735626218 1.3694173097610476 -0.85588920116424549 -0.072351433336734758 1.8306517004966738 -0.44242040812969202 -0.21427363902330396 -0.9647805094718932 -0.10060022026300429 -1.5988123416900633 -0.040099842473864548 0.89868366718292247 1.6701706647872927 0.009610515087842943 -1.2280203104019163 -0.88158419728279103 -1.207408010959625 1.9339572191238406 -1.2312418222427366 -1.6163447499275205 -0.61772313714027394 0.24942226707935336 0.86784353852272045 -0.91071018576621998 0.2083811238408089 -0.91560885310173024 -0.84336280822753895
decision_type=2 2 2 2 2 2 2 2 2 2 2 2 2 2 2 2 2 2 2 2 2 2 2 2 2 2 2 2 2 2
left_child=1 14 15 -2 7 6 27 8 9 -5 -10 12 -7 -13 20 17 24 18 -3 -19 21 25 -23 -8 -16 -1 -6 -4 -28 -18
right_child=3 2 5 4 26 11 23 -9 10 -11 -12 13 -14 -15 16 -17 29 19 -20 -21 -22 22 -24 -25 -26 -27 28 -29 -30 -31
leaf_value=-0.024445739402951763 0.045023874171826433 -0.044311722924630904 -0.022373954887256027 0.014241602921188874 0.021169928635420238 -0.050048917786719327 -0.049097619452351492 0.0371620633010065 0.033179498363508218 -0.014930626243830928 0.0092537717390195635 0.0043143911977539364 0.013459752267582462 -0.024492428176552505 0.036722290469412479 0.032499131900360544 0.004176887208312237 0.0007782900782767623 0.027210345450944664 -0.034305233593858044 -0.044205080190088404 0.070945861249698525 0.01369120913233344 0.0061142326758895681 -0.02671594315567229 0.026209884736239905 -0.058308569527526166 -0.06939241848628247 -0.013867427889588108 -0.047597925852966752
leaf_weight=19.033336922526363 18.729418322443962 5.1847296059131613 7.9273610115051296 50.029879242181778 6.6822115480899802 4.9241853952407828 6.3079449683427837 25.700171619653702 43.406362488865852 65.110655501484871 194.65862314403057 37.936423674225807 71.525443553924561 49.192877262830734 8.0940108150243741 4.9473300427198401 4.8736874759197244 14.918986558914183 10.509552553296087 110.20556363463402 4.925933063030242 5.3687973469495764 111.51179599761963 18.550050377845764 5.9195310622453681 6.4156223088502875 6.3269807249307624 11.764906868338583 25.925819888710976 14.250425815582275
leaf_count=77 78 22 32 206 27 20 26 113 179 263 798 155 292 203 33 20 20 62 43 467 20 22 456 76 24 26 26 50 106 58
internal_value=1.80714e-07 -0.00784797 -0.0143177 0.00960499 0.00801737 -0.00727896 -0.0267125 0.0103903 0.00844237 -0.00225496 0.0136161 -0.00198629 0.00936911 -0.0119498 0.00484438 -0.0243679 -0.0156574 -0.0263657 0.00358247 -0.0301221 0.009458 0.0113152 0.0163211 -0.00789628 0.00992503 -0.0116756 -0.0150759 -0.0504646 -0.0225854 -0.0344034
internal_weight=970.859 534.288 353.895 436.57 417.841 208.129 44.5503 378.906 353.206 115.141 238.065 163.579 76.4496 87.1293 180.393 145.766 33.1377 140.819 15.6943 125.125 147.255 142.33 116.881 24.858 14.0135 25.449 38.935 19.6923 32.2528 19.1241
internal_count=4000 2204 1468 1796 1718 854 184 1559 1446 469 977 670 312 358 736 614 135 594 65 529 601 581 478 102 57 103 159 82 132 78
is_linear=0
shrinkage=0.05


Tree=19
num_leaves=31
num_cat=0
split_feature=0 9 3 3 12 0 3 0 29 28 3 9 6 1 13 2 0 2 6 12 6 1 1 0 7 2 2 9 2 28
split_gain=27.0529 12.9957 14.1712 10.9035 9.04659 8.65583 8.05462 9.26924 6.5403 8.33557 7.52467 6.70447 6.25145 6.78237 5.95466 5.89316 5.86835 5.86219 6.82637 6.37057 8.34382 6.33768 5.89377 5.14462 5.14305 5.0414 4.67676 8.33195 5.34586 4.30201
threshold=-0.5396541655063628 0.95593401789665233 0.79650360345840465 0.018996774218976501 2.0991597175598149 1.6345144510269167 -1.9008151888847349 0.47085689008235937 0.12888038158416751 0.35079380869865423 -0.78665047883987416 1.5588032603263857 -1.8187515735626218 1.5199977755546572 1.5792410969734194 1.3345662951469424 -0.37387469410896296 0.25077004730701452 1.1596030592918398 0.62287378311157238 0.0082527012564241903 -0.50976061820983876 0.54659494757652294 -0.99455720186233509 -1.1199937462806699 -0.68823090195655812 1.2055485248565676 0.23656680434942248 0.95351007580757152 0.090836599469184889
decision_type=2 2 2 2 2 2 2 2 2 2 2 2 2 2 2 2 2 2 2 2 2 2 2 2 2 2 2 2 2 2
left_child=3 2 4 15 6 8 -2 -8 10 29 -3 -12 -4 16 24 17 -14 19 22 20 -1 -21 -19 -17 25 -5 28 -28 -26 -10
right_child=1 5 12 14 -6 -7 7 -9 9 -11 11 -13 13 -15 -16 23 -18 18 -20 21 -22 -23 -24 -25 26 -27 27 -29 -30 -31
leaf_value=0.02544702658681124 0.04286593567361513 0.038134038203105527 0.041719143623793219 0.038039744953369807 -0.041745212453507069 0.071185106782788124 -0.00068064263791986121 0.01410309068359622 0.024916190428427659 0.062173626006111204 0.011620063861818651 -0.026618960645993863 0.030426066543937438 -0.06725501416797923 0.026032140067540111 -0.00042305733747298587 -0.016163275452838761 -0.003601596329335393 -0.077571316271742005 -0.064291630609200526 -0.0095022554096806326 -0.0061241931885008868 -0.047534008104921442 0.066867687907495685 -0.031038737698109387 -0.018308835031214055 0.034393086322639363 -0.043756224363640517 -0.078464775656660921 -0.022245616260914636
leaf_weight=34.764091491699219 15.286192685365675 14.045843407511709 4.9148666262626639 5.5350532233715084 9.6452077627181989 7.8188299089670172 237.10817332565784 191.78809013962746 29.176599651575089 14.514292806386946 29.035296738147736 18.940144598484039 7.2641097307205191 6.0783006846904746 5.7705390453338614 6.1511299908161163 97.204455554485321 30.113264217972755 4.8416303396224967 6.4009207040071514 33.567526131868362 17.446616068482399 10.226877287030218 5.2773594707250577 85.631444916129112 14.03309392929077 7.1308448612689954 6.5374905467033386 6.384929656982421 5.7959338873624793
leaf_count=142 65 60 20 23 39 35 965 792 121 60 119 77 30 25 24 25 400 123 20 26 137 71 42 22 368 59 30 28 28 24
internal_value=-3.90371e-07 0.00532667 0.00218195 -0.0131102 0.00616101 0.0203297 0.00720127 0.00593015 0.0167637 0.03032 0.00594715 -0.00347626 -0.0134579 -0.0159111 -0.0236282 -0.00384816 -0.0129237 -0.00671842 -0.0214722 0.000513169 0.00827839 -0.0217369 -0.0147392 0.0306499 -0.0259161 -0.00237006 -0.0302758 -0.0029853 -0.0343296 0.0171002
internal_weight=968.429 688.616 569.289 279.813 453.828 119.327 444.182 428.896 111.508 49.4868 62.0213 47.9754 115.462 110.547 131.023 148.789 104.469 137.361 45.1818 92.1792 68.3316 23.8475 40.3401 11.4285 125.253 19.5681 105.685 13.6683 92.0164 34.9725
internal_count=4000 2832 2336 1168 1861 496 1822 1757 461 205 256 196 475 455 560 608 430 561 185 376 279 97 165 47 536 82 454 58 396 145
is_linear=0
shrinkage=0.05


Tree=20
num_leaves=31
num_cat=0
split_feature=0 3 9 28 3 7 31 12 0 8 6 7 7 9 13 12 10 8 0 1 13 2 9 1 2 31 7 31 7 7
split_gain=24.5091 11.9619 10.1129 10.4262 9.94746 8.19618 7.64972 7.54984 7.0756 5.96957 5.96937 5.94266 7.42231 9.6975 5.79558 6.10797 5.75224 5.74109 5.61061 5.73725 5.40891 5.39273 5.15674 6.51265 7.01283 6.03891 4.96241 4.91947 6.86081 4.71301
threshold=-0.5396541655063628 0.35443145036697393 0.5627761483192445 -1.295323312282562 0.018996774218976501 0.54529479146003734 0.5198233723640443 1.5326333045959475 1.1567521095275881 0.12415090575814249 0.71938985586166393 1.2103722095489504 1.3518944978713991 0.49744082987308508 0.14710138738155368 -0.33549202978610987 -1.4060052037239072 0.60284924507141124 -0.48177878558635706 -1.481588542461395 1.5792410969734194 1.4109215140342715 -0.27206245064735407 1.1422161459922793 -1.3182885050773618 -0.75308918952941883 0.94890511035919201 -0.71317589282989491 1.4339302778244021 -1.1199937462806699
decision_type=2 2 2 2 2 2 2 2 2 2 2 2 2 2 2 2 2 2 2 2 2 2 2 2 2 2 2 2 2 2
left_child=4 2 3 9 21 7 -7 -5 11 -2 14 18 -13 -14 -10 -16 -4 -11 -3 -20 29 22 25 24 -24 -1 -27 -18 -29 -6
right_child=1 8 16 5 20 6 -8 -9 10 17 -12 12 13 -15 15 -17 27 -19 19 -21 -22 -23 23 -25 -26 26 -28 28 -30 -31
leaf_value=-0.045450423741178275 0.054608077028781322 0.034438889286944725 0.055857233188280668 0.01066238781000373 -0.0022561044406206451 -0.019633128701973507 0.01225724562570981 -0.028419824554660991 0.045594580281249401 -0.028277445391453711 -0.02099667269924008 0.05847419868887143 -0.027446700807753851 0.054904384412542341 -0.038664324573846991 0.025803350260245508 0.036101262597373965 0.035094662503380884 0.016405225683842051 -0.015286842791003678 0.024626680455988884 0.032904987005211959 -0.03751724231333186 -0.046907873237058653 0.010968440700301868 0.00046802088516904649 -0.043640835721909958 0.016567930401632913 -0.037646153414095822 -0.028996321296231177
leaf_weight=14.686825171113012 15.657929047942163 6.6305440962314597 11.503991752862929 184.34194551408291 19.550330579280853 63.291225716471672 26.753561466932297 13.245045796036718 16.633785605430603 5.8391035497188559 9.0591452866792661 7.148021504282954 11.718053057789804 5.1442594230175009 5.6000611484050777 10.683223471045492 29.786011472344398 9.2123347371816617 15.698465913534163 158.09733851253986 5.7942395061254492 9.4412006288766843 8.3641747683286649 6.3647476583719245 68.815355196595192 32.950476616621017 7.9065275043249121 75.021695539355278 6.3278981745243064 104.86166507005692
leaf_count=61 65 27 49 758 82 257 109 54 69 24 37 29 48 21 23 44 128 38 64 647 24 39 34 26 280 135 33 315 26 454
internal_value=-5.83805e-07 0.0050706 0.0100011 0.00530143 -0.0125067 0.00234475 -0.0101581 0.00804255 -0.00375301 0.0329944 0.0149451 -0.00759222 0.0157763 -0.0023235 0.0248367 0.00363197 0.0222002 0.0105099 -0.010702 -0.0124242 -0.0225951 -0.00366289 -0.00614509 0.00170496 0.0057139 -0.0179525 -0.0080678 0.0187163 0.0123508 -0.0247943
internal_weight=966.129 687.394 440.981 318.341 278.736 287.632 90.0448 197.587 246.413 30.7094 41.9762 204.437 24.0103 16.8623 32.9171 16.2833 122.64 15.0514 180.426 173.796 130.206 148.529 139.088 83.5443 77.1795 55.5438 40.857 111.136 81.3496 124.412
internal_count=4000 2832 1823 1305 1168 1178 366 812 1009 127 173 836 98 69 136 67 518 62 738 711 560 608 569 340 314 229 168 469 341 536
is_linear=0
shrinkage=0.05


Tree=21
num_leaves=31
num_cat=0
split_feature=0 3 9 9 8 9 0 3 8 12 30 3 12 13 0 3 29 0 9 31 5 4 5 4 8 14 9 29 3 5
split_gain=23.1077 14.7575 9.13768 7.80007 9.34642 7.67558 8.05347 7.89693 7.5343 7.39902 7.23365 7.1055 7.06988 6.90599 6.75095 6.61511 6.56643 6.13526 5.58346 10.0048 6.42467 5.55629 6.18111 5.74592 5.43666 5.32421 6.49899 6.58413 5.18513 4.73957
threshold=0.12774419039487842 -0.90816727280616749 -0.18422541022300717 -0.75636816024780262 1.0057010650634768 0.73276200890541088 1.6345144510269167 1.1896588802337649 -1.6405305266380308 1.1774002909660342 1.31563276052475 1.8263851404190066 2.0991597175598149 -0.92603361606597889 0.21106122434139254 -2.1534811258316036 -0.78463152050971974 1.2121176123619082 1.5588032603263857 -0.32262997329235071 -0.85923701524734486 0.0077899382449686536 1.2720845937728884 -0.092701014131307588 0.15419513732194903 0.91222116351127636 -0.11535822972655295 0.063556533306837096 -2.0944153070449825 -0.44864930212497706
decision_type=2 2 2 2 2 2 2 2 2 2 2 2 2 2 2 2 2 2 2 2 2 2 2 2 2 2 2 2 2 2
left_child=1 3 11 4 24 7 14 12 -4 13 28 21 15 -10 -7 -2 -11 -17 20 -20 -16 23 -23 -3 -1 26 27 -9 -5 -30
right_child=5 2 8 10 -6 6 -8 25 9 16 -12 -13 -14 -15 18 17 -18 -19 19 -21 -22 22 -24 -25 -26 -27 -28 -29 29 -31
leaf_value=-0.007327856653067801 0.068306685611194407 -0.022868913749135421 -0.047238413541254062 0.070064627123989046 0.04675536890116358 0.060731166237912131 0.061369117819249301 -0.03156868952258915 -0.024505927068963922 0.072479141817301196 -0.029393946870102796 -0.066710390662257799 -0.045140591693303443 -0.0018041370153464476 -0.015528296248851407 0.0037840408876942868 0.0094742595051027015 0.020994268806780268 0.031433222985854478 -0.034619834083408983 0.027865870143631795 -0.0046670438213731987 -0.058443383653684192 -0.072030918378488337 -0.057555243929033995 0.022658946801937939 -0.050381620810174249 0.027103627714451763 0.038346504208807766 0.0093046568331863044
leaf_weight=14.279757291078573 4.6139140874147406 80.02071313560009 10.106588929891585 5.5036589801311484 5.4151897132396689 7.6302114874124518 10.855404600501059 10.786030262708666 41.543535426259041 5.1866559982299831 7.1324791461229315 7.71808136999607 6.1777473390102378 173.02386970818043 10.415871679782866 213.92639853060246 20.403851374983788 68.323306307196617 9.4383064061403292 14.601496294140814 47.099487870931625 77.049677520990372 5.7416638284921637 6.4203448891639701 8.6517139375209791 7.3874637484550467 13.880223348736761 8.5893566459417325 21.558057993650436 40.329796880483627
leaf_count=58 20 340 42 24 22 32 50 45 173 21 29 36 25 712 43 873 84 288 40 60 198 320 24 28 35 30 57 35 89 167
internal_value=-3.469e-07 -0.00700339 -0.0110972 0.00999788 -0.012326 0.00855856 0.0207064 0.00491657 -0.00494838 -0.00316869 0.0184892 -0.0197936 0.00778115 -0.00619955 0.015757 0.00892084 0.022244 0.00795007 0.0115493 -0.00868663 0.0200073 -0.0176539 -0.00839649 -0.0265204 -0.0262779 -0.0157373 -0.0242668 -0.0055585 0.023557 0.0194211
internal_weight=963.811 530.086 427.215 102.871 28.3467 433.725 100.041 333.684 250.265 240.158 74.524 176.95 293.041 214.567 89.1854 286.864 25.5905 282.25 81.5552 24.0398 57.5154 169.232 82.7913 86.4411 22.9315 40.6431 33.2556 19.3754 67.3915 61.8879
internal_count=4000 2204 1780 424 115 1796 423 1373 1032 990 309 748 1206 885 373 1181 105 1161 341 100 241 712 344 368 93 167 137 80 280 256
is_linear=0
shrinkage=0.05


Tree=22
num_leaves=31
num_cat=0
split_feature=0 3 0 14 29 9 5 5 29 9 11 31 3 14 7 29 6 6 12 3 4 3 31 9 7 12 14 7 6 7
split_gain=21.5918 12.3269 12.9499 11.3617 9.55397 9.91038 8.67894 8.59507 8.339 7.99026 7.56035 7.3068 7.09874 7.35354 7.04145 10.255 6.74211 10.9161 6.60704 7.42034 6.50735 6.32599 6.3133 8.71598 6.1265 8.10768 5.63363 5.53415 5.46077 6.53179
threshold=-0.7882167100906371 -0.48365810513496393 1.2121176123619082 -0.42069607973098749 0.031826752237975604 1.0441783070564272 -0.97612589597702015 0.036719707772135741 0.45789639651775366 -0.10750119760632514 -0.62915807962417591 0.11756757646799089 -1.7368185520172117 -1.2770639061927793 1.1885002255439761 -0.51749226450920094 0.078825909644365325 -0.11505723372101782 1.3267017602920534 -0.62591329216957081 -1.4056022763252256 1.3122109770774844 1.4265999197959902 0.46426701545715338 0.22564764320850375 0.20268806070089343 1.811250686645508 -1.0723170042037962 -0.81340622901916493 0.0091444039717316645
decision_type=2 2 2 2 2 2 2 2 2 2 2 2 2 2 2 2 2 2 2 2 2 2 2 2 2 2 2 2 2 2
left_child=6 7 4 -4 14 8 10 11 -6 16 -1 18 -13 -14 26 -16 17 -9 19 -2 -8 22 23 -22 -11 -26 -3 -7 -12 -30
right_child=1 2 3 -5 5 27 20 9 -10 24 28 12 13 -15 15 -17 -18 -19 -20 -21 21 -23 -24 -25 25 -27 -28 -29 29 -31
leaf_value=0.048481824178322454 0.013136428123600176 -0.013140460739468113 -0.0087749245945641183 0.032564443962121672 0.01567656792898706 -0.0087301957047419953 -0.062523707548859081 0.010031761982456292 -0.0077013326250908402 0.048432471849024342 0.036037700842009537 0.034789706685896059 0.031414080368739508 -0.021795278975233194 0.035372330671580632 -0.025240059491439894 -0.012157975751765292 0.087363567511924048 -0.038058373409160587 0.062415320004221286 -0.025619969335269763 -0.048260251995447673 0.026918892405136664 0.0011960360137697611 -0.010272776059804076 0.048498658301281521 -0.067407421849830854 0.041695829190991213 0.010812470218622231 -0.0479787424912431
leaf_weight=8.7721187025308591 58.700558543205261 190.26309186220169 25.031133368611336 49.468681752681732 54.422978207468987 7.0769998729229 8.2618149667978269 25.092209711670879 127.53719754517078 36.5586246997118 6.0054448992013958 8.4303845614194852 7.5261592864990225 47.310756787657738 17.916405439376835 11.430419370532034 22.039578720927238 5.5778754055500022 5.3735161423683158 8.7819521874189359 89.199218198657036 14.693764761090277 8.9207988381385785 45.891512140631676 13.215316668152811 10.555134385824202 4.9058430045843116 23.537372574210167 9.4130215793848055 9.4848916977643949
leaf_count=37 245 784 105 209 223 29 36 104 523 160 25 36 31 194 73 47 90 23 22 36 376 67 37 190 56 45 20 97 39 41
internal_value=-1.176e-07 0.00384805 -0.000593707 0.0186749 -0.00387794 0.0037191 -0.0145907 0.012968 -0.000709171 0.0231588 0.00856456 0.0045055 -0.00792563 -0.0144925 -0.0110709 0.0117642 0.00893699 0.0240959 0.0153005 0.0195494 -0.0192609 -0.0170088 -0.0138201 -0.0165103 0.0355844 0.0158243 -0.0145045 0.0300391 -0.00549616 -0.0186949
internal_weight=961.395 760.752 511.59 74.4998 437.09 212.575 200.643 249.162 181.96 113.039 33.6755 136.123 63.2673 54.8369 224.516 29.3468 52.7097 30.6701 72.856 67.4825 166.967 158.705 144.012 135.091 60.3291 23.7705 195.169 30.6144 24.9034 18.8979
internal_count=4000 3152 2110 314 1796 872 848 1042 746 478 142 564 261 225 924 120 217 127 303 281 706 670 603 566 261 101 804 126 105 80
is_linear=0
shrinkage=0.05


Tree=23
num_leaves=31
num_cat=0
split_feature=0 3 9 30 6 28 0 6 3 3 7 14 0 30 8 14 7 11 6 10 8 6 13 10 11 28 3 8 9 9
split_gain=19.774 12.9349 11.6957 8.99195 8.68285 7.90668 8.81589 7.11715 6.91273 6.74246 6.48489 7.01689 6.46658 6.52584 6.31151 5.80404 5.70369 8.61798 5.15446 4.94492 4.87698 4.68622 3.79321 5.46339 3.56498 3.55193 3.42286 2.76124 2.25895 1.93457
threshold=0.12774419039487842 0.79650360345840465 -0.19442385435104367 -1.712823688983917 -1.8187515735626218 -1.4418529868125913 -0.84139373898506153 -0.030171610414981839 0.6605689823627473 1.3694173097610476 1.5801747441291811 0.27798585593700414 1.8306517004966738 1.7489169239997866 0.35819365084171301 1.6217024326324465 0.48808170855045324 0.030087138526141647 0.29019924998283392 -1.1233527660369871 -1.2163410186767576 1.5593627691268923 -0.91071018576621998 0.48811091482639318 -0.20234464108943936 -1.1608540415763853 -0.74992293119430531 -0.10506720840930937 0.12574137747287753 -0.25658293068408961
decision_type=2 2 2 2 2 2 2 2 2 2 2 2 2 2 2 2 2 2 2 2 2 2 2 2 2 2 2 2 2 2
left_child=1 2 5 -4 14 6 -1 15 -9 10 12 29 13 -6 -2 -5 18 -18 -7 -3 28 25 -11 24 -24 -22 -14 -25 -21 -12
right_child=4 19 3 7 9 16 -8 8 -10 22 11 -13 26 -15 -16 -17 17 -19 -20 20 21 -23 23 27 -26 -27 -28 -29 -30 -31
leaf_value=-0.022657440931142709 0.065965317129649842 -0.056452425666104512 -0.040458200222394526 0.01840244675541242 0.0068766213574729344 -0.00088665518847527128 0.061252647328028598 -0.0040629922803916462 0.05712238945346905 0.020856640999804027 -0.068574202628785386 0.015438872296886947 0.0053757868056047648 0.043502769419806984 0.0063809222111136299 -0.035434457017499893 -0.048666710176332784 -0.0081530425029098224 -0.022850358441783934 -0.075934096975404763 0.010102261763686341 0.033602119281568914 -0.026031033986248533 -0.076711599269501662 0.014769588711613069 -0.021770792674393052 0.048037475809452806 -0.025248459341734131 -0.029264858891562474 -0.027060269209476507
leaf_weight=5.4445638060569763 10.852041170001032 9.6367132067680341 10.628850027918814 104.55482485890388 319.41624192893505 72.858833655714989 7.3640581071376783 118.46618801355362 4.8034810721874228 6.6537879258394232 4.8800485730171204 8.3962167948484403 6.6068509221076992 12.643071889877318 7.5269411504268637 5.2579809278249732 26.801062256097794 25.726122483611107 42.174990117549896 4.8731696754693967 10.015562757849692 4.7154144346714011 11.018056184053423 5.0834269672632217 10.414251506328585 68.682554319500923 16.304752483963966 5.3491897881031019 5.5412541925907135 6.6040540486574191
leaf_count=23 46 43 44 431 1320 302 30 487 20 27 20 35 31 52 32 22 112 108 176 22 42 20 46 21 43 298 74 22 24 27
internal_value=4.609e-07 -0.00649375 -0.00262659 0.00451676 0.00793562 -0.0122785 0.025585 0.00656768 -0.00167877 0.00644049 0.00848749 -0.0193017 0.0100438 0.00827115 0.0415631 0.0158247 -0.0151729 -0.0288244 -0.00893923 -0.0223445 -0.0188414 -0.0148135 -0.0134802 -0.0206501 -0.00620545 -0.0177144 0.0357354 -0.0503245 -0.0511026 -0.0447012
internal_weight=959.295 527.546 424.081 243.711 431.749 180.37 12.8086 233.082 123.27 413.37 374.851 19.8803 354.971 332.059 18.379 109.813 167.561 52.5272 115.034 103.465 93.828 83.4135 38.5187 31.8649 21.4323 78.6981 22.9116 10.4326 10.4144 11.4841
internal_count=4000 2204 1755 1004 1796 751 53 960 507 1718 1559 82 1477 1372 78 453 698 220 478 449 406 360 159 132 89 340 105 43 46 47
is_linear=0
shrinkage=0.05


Tree=24
num_leaves=31
num_cat=0
split_feature=0 3 0 14 29 12 7 8 11 8 12 10 3 29 11 2 7 29 28 7 14 30 14 31 3 11 3 6 30 0
split_gain=18.5127 10.9162 11.1493 10.3872 8.70489 7.2838 7.89307 10.64 13.298 9.24058 7.66325 7.18433 7.16122 7.02971 8.37619 6.61536 6.42889 8.45401 6.90341 6.04357 5.65625 8.31838 7.01015 7.55487 6.85035 5.22836 5.08351 4.96364 4.34843 4.30531
threshold=-0.7882167100906371 -0.48365810513496393 1.2121176123619082 -0.42069607973098749 0.031826752237975604 1.9339572191238406 0.57963630557060253 -0.21124839037656781 -0.13419950753450391 -1.1933063268661497 -0.094681393355131135 -0.28772866725921625 0.55344548821449291 0.45789639651775366 -0.5063762068748473 1.2690911889076235 1.0852506160736086 -0.51749226450920094 -0.10060022026300429 -1.1199937462806699 1.2346114516258242 1.2914354801177981 -0.16245549917221067 0.49841785430908209 -0.63629654049873341 0.58227765560150158 -0.13497558981180188 0.71938985586166393 0.034466961398720748 1.0674897432327273
decision_type=2 2 2 2 2 2 2 2 2 2 2 2 2 2 2 2 2 2 2 2 2 2 2 2 2 2 2 2 2 2
left_child=12 5 4 25 16 6 10 9 -9 -8 11 -2 20 14 -6 -15 18 -18 -3 -14 21 22 23 -1 -22 -4 -5 -28 -24 -12
right_child=1 2 3 26 13 -7 7 8 -10 -11 29 -13 19 15 -16 -17 17 -19 -20 -21 24 -23 28 -25 -26 -27 27 -29 -30 -31
leaf_value=-0.023724215118546277 -0.012219463140603943 -0.0041902230550815026 -0.022518653605684859 -0.0044543962308284928 -0.0094967807844547007 -0.037786283082699608 -0.023759303016313134 0.011963573782047021 -0.044712376424836282 0.040795347079249325 0.034678622798882147 0.018897655858164844 0.0078276592140348704 -0.0060693136746862771 0.028984516173076152 0.029566888183096725 0.029038780845779173 -0.022136836671761966 -0.023278111582016224 -0.037603856973803827 0.006583999013118267 -0.038541261303303154 0.0015857702243511848 0.014347909657677051 -0.057123659544777119 0.029578373476620415 0.047435925190438565 0.0052371736766701526 0.030294225470116589 0.0049480266318587835
leaf_weight=40.576246410608292 27.752941280603409 90.963865607976913 18.438495814800266 8.4884537905454618 20.458014711737633 7.0871310234069815 7.6158987730741527 20.477430686354637 20.926325902342796 20.371928438544273 73.123124435544014 55.934237003326416 8.8579973280429822 131.40078584849834 45.798762187361717 14.455675527453421 21.067559957504272 13.08069835603237 98.83586011826992 42.16349633038044 6.6151569485664394 15.64065660536289 32.38001374900341 19.194021090865135 11.652003720402716 6.5184686928987494 31.514120519161224 8.9468996673822385 22.256684705615044 14.609842404723166
leaf_count=169 118 373 77 36 85 29 31 85 86 85 307 237 38 541 187 59 86 54 411 192 27 65 135 80 50 28 136 37 92 64
internal_value=-8.65828e-08 0.00356606 -0.000617786 0.0173401 -0.0036614 0.0121729 0.0136432 -0.00058438 -0.0166816 0.0232291 0.0194026 0.00857837 -0.0135584 0.00359745 0.0171027 -0.00253745 -0.0105366 0.00943565 -0.01413 -0.0297164 -0.00799995 -0.00434041 0.000335214 -0.0114981 -0.034053 -0.00891152 0.0307245 0.0381048 0.0132804 0.0297277
internal_weight=957.203 757.867 509.968 73.9064 436.061 247.899 240.812 69.3916 41.4038 27.9878 171.42 83.6872 199.336 212.113 66.2568 145.856 223.948 34.1483 189.8 51.0215 148.315 130.048 114.407 59.7703 18.2672 24.957 48.9495 40.461 54.6367 87.733
internal_count=4000 3152 2110 314 1796 1042 1013 287 171 116 726 355 848 872 272 600 924 140 784 230 618 541 476 249 77 105 209 173 227 371
is_linear=0
shrinkage=0.05


Tree=25
num_leaves=31
num_cat=0
split_feature=0 3 1 2 3 10 9 0 3 9 14 30 0 2 1 31 12 3 12 30 30 3 2 4 14 9 28 28 28 9
split_gain=16.9329 11.6781 7.99182 8.46503 7.12341 8.43699 6.75689 7.03261 6.67727 6.62364 6.41021 8.59443 6.21116 6.45053 6.21645 6.08872 6.45896 5.98907 6.03001 5.98295 5.90256 5.24917 5.17893 5.09316 4.66074 5.73992 3.36617 5.03667 5.86385 3.20363
threshold=0.12774419039487842 -0.90816727280616749 0.40116548538208013 1.9930580854415896 0.78505817055702221 -1.0225648880004881 0.73276200890541088 1.6345144510269167 -2.1534811258316036 -0.75636816024780262 -0.94138559699058522 1.31563276052475 0.21106122434139254 0.86991673707962047 0.5017715096473695 -1.2294840812683103 1.602225184440613 1.1896588802337649 2.0991597175598149 0.73645019531250011 0.24768851697444919 -2.0944153070449825 -0.95687678456306446 0.024142078123986725 1.1105191707611086 -0.11535822972655295 -0.89756780862808216 0.076790284365415587 0.66522088646888744 -0.18422541022300717
decision_type=2 2 2 2 2 2 2 2 2 2 2 2 2 2 2 2 2 2 2 2 2 2 2 2 2 2 2 2 2 2
left_child=1 9 3 4 5 -3 8 12 -2 26 -11 21 -8 14 -14 29 19 18 20 -17 -10 -12 -6 -15 25 -19 -1 -28 -29 -4
right_child=6 2 15 -5 22 -7 7 -9 17 10 11 -13 13 23 -16 16 -18 24 -20 -21 -22 -23 -24 -25 -26 -27 27 28 -30 -31
leaf_value=0.026195341001346507 0.06475383397761357 0.02135022036208694 -0.072341195162070007 0.053644192513767834 -0.049584170132620203 -0.0060032052328988957 0.057840149066275583 0.057830549864344195 0.012976460972725611 0.048271449726368723 0.065997044224966758 -0.046069894293281649 0.0076002916303215375 -0.049888724313449415 0.042070073795916027 -0.012279938741538911 0.03281652129810423 -0.0042924811397667163 -0.04328860811275035 -0.03987309485049912 -0.0016882852285954666 0.011543416334664418 -0.013799936635518631 0.0066721572533833349 0.030789708167038712 -0.045149414423019091 -0.051099532323911713 0.026910037483472295 -0.035431004743833129 -0.028384870295175516
leaf_weight=4.9042355120182064 4.4524144530296317 33.452479004859924 7.4431620091199902 6.0320410430431357 12.327146574854849 179.22155590355396 7.4867575466632834 10.351404443383215 160.81053587794304 13.436601772904394 4.8614150881767264 6.1224754303693762 46.477387398481369 7.0580918192863491 18.202626287937164 87.129107996821404 6.4849325567483893 20.692015185952187 6.1605522185564032 25.363825976848602 119.68640512228012 49.372250720858574 56.243625149130821 9.1267503648996335 4.8943973928689948 14.705778554081915 8.1410158425569552 8.0409601032733899 7.1049847453832617 9.3550117462873441
leaf_count=20 20 139 33 25 55 742 32 50 667 57 22 25 196 29 78 368 27 86 25 107 494 205 245 38 20 61 33 33 29 39
internal_value=1.86593e-07 -0.00602534 -0.00968659 -0.00496208 -0.00621905 -0.00170066 0.00735565 0.018839 0.00393551 0.0091624 0.0170383 0.0100852 0.0142707 0.0102369 0.017301 -0.0196828 -0.0157043 0.00310728 0.00564438 -0.0185014 0.0067191 0.0164245 -0.020233 -0.0179936 -0.0149429 -0.0212662 -0.0114535 -0.0193824 -0.00233424 -0.0478616
internal_weight=955.142 525.037 423.053 287.277 281.245 212.674 430.105 98.703 331.402 101.984 73.7927 60.3561 88.3516 80.8649 64.68 135.776 118.978 326.95 286.657 112.493 280.497 54.2337 68.5708 16.1848 40.2922 35.3978 28.1912 23.287 15.1459 16.7982
internal_count=4000 2204 1780 1206 1181 881 1796 423 1373 424 309 252 373 341 274 574 502 1353 1186 475 1161 227 300 67 167 147 115 95 62 72
is_linear=0
shrinkage=0.05


Tree=26
num_leaves=31
num_cat=0
split_feature=0 9 3 11 0 5 11 3 11 10 2 12 3 0 14 14 14 30 7 3 1 14 2 1 30 7 29 7 14 3
split_gain=16.0201 10.8875 7.9649 10.4459 8.5355 7.71557 7.30785 7.00706 6.77097 6.45827 5.70432 6.72283 6.83297 6.62073 5.34485 7.37259 13.7096 9.62057 5.09808 5.18551 4.83515 4.81969 6.15475 5.60287 4.14193 4.08253 3.96736 3.24162 5.72299 4.87421
threshold=-0.7882167100906371 -0.6232297122478484 1.3694173097610476 1.1020426750183108 1.8306517004966738 -0.97612589597702015 -1.5504841208457945 -2.0944153070449825 -0.62915807962417591 -1.2210175991058347 0.20903760939836505 0.84146207571029674 -0.53289881348609913 -1.7021984457969663 -0.7286178171634673 -0.047585830092430108 -0.13217312097549436 1.6625128388404848 -0.28290323913097376 -0.26436139643192286 1.8898268938064577 0.39610101282596594 1.2864809036254885 -0.082072407007217393 0.1717052757740021 1.0852506160736086 -0.07978228852152823 0.080047357827425017 0.49019591510295873 -0.13497558981180188
decision_type=2 2 2 2 2 2 2 2 2 2 2 2 2 2 2 2 2 2 2 2 2 2 2 2 2 2 2 2 2 2
left_child=5 6 4 25 7 8 26 -3 -1 -7 11 12 -11 -13 18 16 -16 -17 24 -20 -9 23 -23 -12 -8 -4 -2 28 -10 -29
right_child=1 2 3 -5 -6 9 14 20 27 10 21 13 -14 -15 15 17 -18 -19 19 -21 -22 22 -24 -25 -26 -27 -28 29 -30 -31
leaf_value=0.047064899579707421 0.060782016234991965 0.046944376552041506 -0.027670363238042589 0.047030181925113212 0.041426307058782745 -0.049302042231527239 0.019218629034192816 0.0075898030048633519 -0.015146748948707442 0.024561487209901305 0.0033286594805026683 0.010656279382715612 -0.0092654422102011538 -0.052004977036197067 0.00013976066137106697 -0.016179939771648423 0.07279313224816554 0.050225679082710487 -0.0039833055673826733 -0.050978603284298957 -0.021213303351861539 -0.058324658255325727 0.0016051489190191974 -0.034806822275240838 -0.028300044419125876 0.01352568177196467 0.0055067407402815613 0.011483602266732578 0.052846796457097826 -0.052723294463836758
leaf_weight=8.746519133448599 5.7334464937448502 11.051407039165495 36.329657092690468 6.5156182646751395 19.395110726356506 14.220870956778525 9.7074130326509493 453.30419279634953 7.3710987716913241 21.760667681694031 20.171474769711494 6.1982220262289074 47.550680577754974 13.177991718053816 41.256131380796432 91.406392678618431 7.7059388011693946 5.8003045320510855 8.3374504595994967 19.832178339362144 15.054291456937788 17.56166930496693 5.6664870381355277 18.432710900902748 8.6917882412672025 7.2069567590951911 7.4831171780824643 5.5152318328619003 5.3344349563121796 6.3695436567068082
leaf_count=37 24 51 153 27 93 62 40 1881 31 89 86 26 206 56 172 379 32 24 34 83 62 77 24 80 36 30 31 23 22 29
internal_value=5.32295e-07 0.00332162 0.00700011 -0.0120144 0.00890811 -0.0126551 -0.00648137 0.00759254 0.00928178 -0.0170942 -0.0140513 -0.00592388 0.0013547 -0.0319604 -0.00894772 -0.00424797 0.0115744 -0.0122175 -0.0236992 -0.0370693 0.00666399 -0.0257086 -0.0437048 -0.0148803 -0.00322921 -0.0208509 0.0294856 -0.00415729 0.0134004 -0.0229275
internal_weight=952.889 754.811 548.857 50.0522 498.805 198.078 205.954 479.41 33.3368 164.741 150.52 88.6876 69.3113 19.3762 192.738 146.169 48.9621 97.2067 46.5688 28.1696 468.358 61.8323 23.2282 38.6042 18.3992 43.5366 13.2166 24.5903 12.7055 11.8848
internal_count=4000 3152 2297 210 2087 848 855 1994 142 706 644 377 295 82 800 607 204 403 193 117 1943 267 101 166 76 183 55 105 53 52
is_linear=0
shrinkage=0.05


Tree=27
num_leaves=31
num_cat=0
split_feature=3 9 3 7 7 10 1 1 3 4 11 29 3 5 31 12 30 13 1 5 31 13 7 31 31 3 5 7 4 10
split_gain=12.9512 9.89025 8.39553 8.90229 7.12944 6.85455 6.82901 6.46482 7.66187 8.39231 8.13677 6.85753 5.42996 5.42492 5.1109 5.32877 5.32847 5.15478 5.08378 4.6684 4.63739 4.27508 3.59244 3.5699 4.0629 6.76496 6.64414 5.87124 5.90723 5.72042
threshold=0.79650360345840465 -1.0076335072517393 -0.76328119635581959 -0.67598327994346608 -1.1372689008712766 1.4649007916450503 -1.0516383647918699 0.35002234578132635 -0.69995728135108937 -0.29783801734447474 -1.4805760383605955 -1.0382582545280454 0.17025481909513476 1.3162159323692324 -1.8159881234169004 -0.84058666229248036 -0.3897100538015365 0.27843038737773901 -0.76413261890411366 -0.26481689512729639 -0.9574163258075713 1.3679901361465456 0.12587324902415278 1.7091758251190188 0.18503327667713168 2.2376103401184086 -1.6009174585342405 -0.47114111483097071 0.87193679809570324 0.81726992130279552
decision_type=2 2 2 2 2 2 2 2 2 2 2 2 2 2 2 2 2 2 2 2 2 2 2 2 2 2 2 2 2 2
left_child=1 14 3 4 18 6 -5 8 9 -4 -10 12 -9 -13 -1 16 -16 -18 -3 -6 22 -22 -17 24 25 26 -2 28 -26 -28
right_child=23 2 7 5 19 -7 -8 11 10 -11 -12 13 -14 -15 15 20 17 -19 -20 -21 21 -23 -24 -25 27 -27 29 -29 -30 -31
leaf_value=0.038242042867477379 -0.050534826709573849 -0.029513645533173483 0.011997097093892344 -0.025837096174448584 0.079241281075182329 0.048446077542556976 0.0091591197251469202 -0.052148211925903402 -0.022072343012933059 -0.072220791091429967 0.010303792516386471 0.00090711478574297371 -0.0015183615196565677 -0.035312000774987716 -0.031573447595752299 -0.071042604929190997 0.051101463379928797 -0.011416601533814049 0.025822114674958568 0.033208933486727842 -0.014964764194988947 0.030416725325418649 -0.022220029563556641 0.01910437871117325 0.011818950079227416 -0.056781373176341715 0.0053788928746536799 -0.031599590083998853 -0.051222043412532496 -0.025164231788324672
leaf_weight=5.2832421213388434 7.1346905082464209 5.1131497770547893 5.5233302265405655 15.976870283484457 9.8645443916320819 9.6422026902437192 109.32884739339352 13.422922283411028 20.982690379023552 6.3692332804203016 258.30184757709503 122.51047316193581 8.7463700920343381 11.291375324130057 5.1281792223453548 6.2328346967697135 8.8942874521017057 5.2394287884235373 22.049402564764023 12.471015587449072 79.278079777956009 5.5530191808938971 9.5269163101911527 9.0719332396984083 18.165780887007717 6.4306830316781989 78.878015980124474 50.803262338042259 4.6716571897268286 19.02805982530117
leaf_count=22 31 22 23 67 42 41 464 55 87 26 1074 510 37 47 21 26 37 22 96 55 330 23 40 38 77 29 339 218 20 81
internal_value=-2.91159e-07 0.00295562 0.00549996 0.0144756 0.032613 0.00782292 0.00469699 0.00179755 0.00619769 -0.033107 0.00787137 -0.0064169 -0.0321734 -0.00214937 -0.00988633 -0.0120079 0.012085 0.0279258 0.0154056 0.0535392 -0.0166214 -0.0119941 -0.0415289 -0.0115194 -0.0130202 -0.00699949 -0.0039518 -0.0221339 -0.0010768 -0.000557168
internal_weight=950.914 756.73 631.594 184.446 49.4981 134.948 125.306 447.148 291.177 11.8926 279.285 155.971 22.1693 133.802 125.136 119.853 19.2619 14.1337 27.1626 22.3356 100.591 84.8311 15.7598 194.184 185.112 111.471 105.041 73.6407 22.8374 97.9061
internal_count=4000 3167 2646 787 215 572 531 1859 1210 49 1161 649 92 557 521 499 80 59 118 97 419 353 66 833 795 480 451 315 97 420
is_linear=0
shrinkage=0.05


Tree=28
num_leaves=31
num_cat=0
split_feature=0 3 8 14 1 2 30 9 0 0 3 14 8 9 30 0 3 29 3 14 3 5 5 30 9 8 31 5 2 10
split_gain=14.6577 9.58669 7.02193 7.20119 9.33926 8.85903 6.43371 5.88354 6.37805 6.06239 5.86921 5.57274 6.08191 7.10461 8.29828 5.53669 6.57184 8.7229 6.42729 6.00884 5.6658 5.50278 5.46151 5.64801 5.6473 5.38718 4.97378 4.20846 3.98598 3.94097
threshold=0.12774419039487842 -0.90816727280616749 -1.6405305266380308 1.2346114516258242 0.049764245748519904 -0.81359601020812977 1.1171026825904848 0.73276200890541088 1.6345144510269167 0.39790208637714392 -2.1534811258316036 -1.0312784910202024 0.99251639842987072 -0.77259179949760426 1.31563276052475 1.2121176123619082 -0.39972536265850062 -0.49114941060543055 -0.13497558981180188 0.62083154916763317 0.37750633060932165 0.91585060954093944 -0.79926487803459156 -1.0000000180025095e-35 1.5588032603263857 0.15419513732194903 -1.4702146649360655 0.056732362136244781 0.16801282018423083 0.62966513633728038
decision_type=2 2 2 2 2 2 2 2 2 2 2 2 2 2 2 2 2 2 2 2 2 2 2 2 2 2 2 2 2 2
left_child=1 11 28 4 5 -4 -6 10 9 29 -2 -1 13 25 -15 16 19 -18 21 -12 -20 -17 23 -11 -24 -13 -5 -28 -3 -9
right_child=7 2 3 26 6 -7 -8 8 -10 22 15 12 -14 14 -16 18 17 -19 20 -21 -22 -23 24 -25 -26 -27 27 -29 -30 -31
leaf_value=0.035303797107851594 0.061832751248886889 -0.060491865451874585 -0.018164137992148593 -0.075719787538318373 -0.009971966164626752 0.0079634977066412385 -0.038710827281069483 0.050303407505482095 0.055559342076636146 0.015836945885866812 0.0020202719734230905 -0.009189783907257304 0.03132991399005431 0.013810177720414233 -0.049391595113619687 -0.0097441892963424283 -0.024106832238646909 0.00097576209113579772 0.048238505891356254 0.032040247405933163 0.011959650877101172 0.043961409128460895 0.023970864462910881 -0.04927887277899029 -0.011704904829203593 -0.064801901289102196 -0.035652339516167177 -0.0037200592815643386 -0.013112813386973718 0.0034180629681453533
leaf_weight=15.966058298945425 4.2811071574687949 10.023429483175279 41.371253356337547 4.5668253898620597 142.43300153315067 150.34038804471493 22.558681845664978 15.124898731708528 9.9574235677719098 5.6940238475799569 55.881434455513954 11.938593447208406 15.602568581700323 44.93904809653759 5.8722704797983161 30.51959353685379 49.389624416828156 116.24226224422455 18.432002440094948 23.754919305443764 25.862676322460175 5.6530786454677573 36.681270137429237 8.0215061902999842 15.901248022913931 6.8553038835525504 22.095147728919983 19.358299538493156 7.9680787175893775 6.3694223761558524
leaf_count=68 20 43 175 20 604 631 97 65 50 24 233 49 65 190 24 130 202 474 80 100 109 25 157 33 67 28 93 83 34 27
internal_value=-1.42817e-07 -0.005624 -0.00894719 -0.00758187 -0.00518033 0.00232517 -0.0139013 0.00686114 0.0176356 0.0133343 0.00366978 0.00819496 0.00311536 -0.00320916 0.00650594 0.00290535 -0.000828454 -0.00650359 0.0142862 0.010975 0.0270561 -0.00135106 0.00585303 -0.0222459 0.0131823 -0.029475 -0.0261962 -0.0207403 -0.0395086 0.0364099
internal_weight=949.655 521.889 420.715 402.724 356.703 191.712 164.992 427.766 97.7498 87.7924 330.017 101.174 85.2078 69.6052 50.8113 325.736 245.268 165.632 80.4674 79.6364 44.2947 36.1727 66.298 13.7155 52.5825 18.7939 46.0203 41.4534 17.9915 21.4943
internal_count=4000 2204 1780 1703 1507 806 701 1796 423 373 1373 424 356 291 214 1353 1009 676 344 333 189 155 281 57 224 77 196 176 77 92
is_linear=0
shrinkage=0.05


Tree=29
num_leaves=31
num_cat=0
split_feature=0 6 0 9 3 5 12 10 11 3 5 29 12 9 5 0 10 11 4 6 13 14 3 9 12 14 0 3 12 3
split_gain=13.8178 9.95757 8.39478 7.44597 9.74072 6.98394 6.74162 6.04385 6.03701 5.85217 5.6601 6.21208 8.01159 5.23671 6.27636 4.98526 5.3109 5.26294 4.81178 4.80983 4.78868 4.45006 4.35692 5.45445 4.15981 3.822 4.06865 3.92613 3.43186 3.31846
threshold=-0.7882167100906371 0.29019924998283392 1.2121176123619082 0.67095136642456066 1.7796086072921755 -0.97612589597702015 0.065940789878368392 -1.2513058781623838 -0.62915807962417591 -1.7690809965133665 1.3162159323692324 0.45789639651775366 -0.010148174129426478 -1.0076335072517393 0.41446585953235632 -0.019117852672934529 0.71775475144386303 -0.91560885310173024 -1.4056022763252256 -0.81340622901916493 0.10508121550083162 -0.78111559152603138 1.3122109770774844 0.45305657386779791 0.20268806070089343 -0.97640565037727345 -0.61625292897224415 -0.027051877230405804 -0.12430438771843909 -0.041547497734427445
decision_type=2 2 2 2 2 2 2 2 2 2 2 2 2 2 2 2 2 2 2 2 2 2 2 2 2 2 2 2 2 2
left_child=5 2 3 4 6 8 -2 29 -1 20 15 12 -12 -4 21 16 -11 -17 -9 -10 -3 -15 23 -20 -21 27 -27 -5 -24 -7
right_child=1 9 13 25 -6 7 -8 18 19 10 11 -13 -14 14 -16 17 -18 -19 22 24 -22 -23 28 -25 -26 26 -28 -29 -30 -31
leaf_value=0.044774446068004806 -0.004716951077607408 -0.00044766392106230612 -0.0088341834317827283 0.06201797841017033 -0.04642407772025111 -0.019876985189270377 0.010271114572873804 -0.054814613149162174 0.035554728651451949 -0.0059480178211773161 0.021852142632233833 -0.06212445897503896 -0.051075112729452199 -0.020362479845481535 0.053433666972541718 -0.016547731464766482 -0.034428537166267002 0.00623548681762515 -0.016145345709234454 -0.037486915655733637 0.066091694967757866 0.026434100712798943 -0.0030117314136136972 0.005176250512993627 0.010305650614098386 0.054523287926820846 0.0092533808415204803 0.015200196472057077 -0.058541220435505165 -0.070634776280275507
leaf_weight=8.7447897195816022 150.40858446061611 5.6063105762004835 9.8874289989471418 8.6433200687170046 10.416259944438933 5.6890192925930023 149.69809265434742 6.6415452510118476 5.9203094244003323 63.561287835240364 8.7270940840244275 8.8982716351747495 6.6247635483741787 6.2503565549850455 19.399250730872154 31.667838215827942 22.046047061681747 127.00775271654129 84.845481634140015 10.243652403354647 5.223054900765419 27.134613737463951 4.2197061181068412 46.398268327116966 8.1956031769514066 5.3139020800590506 75.22730278968811 9.2921233326196653 8.1688594967126829 7.4199874699115735
leaf_count=37 625 25 41 38 46 24 621 30 25 265 36 37 28 27 89 132 92 527 364 45 24 121 20 194 35 22 318 38 40 34
internal_value=6.40062e-07 0.00308903 0.00751982 0.00490869 0.00110952 -0.0118041 0.00275934 -0.0160473 0.00913766 -0.00439185 -0.00584512 -0.0288846 -0.00961804 0.0245603 0.0308156 -0.00355797 -0.0132825 0.0016885 -0.013207 -0.00365552 0.0316446 0.0176728 -0.0112831 -0.00860758 -0.0162448 0.0168885 0.0122402 0.0377623 -0.0396272 -0.048607
internal_weight=947.521 751.034 471.671 409 310.523 196.487 300.107 163.383 33.1044 279.362 268.533 24.2501 15.3519 62.6717 52.7842 244.283 85.6073 158.676 150.274 24.3596 10.8294 33.385 143.632 131.244 18.4393 98.4766 80.5412 17.9354 12.3886 13.109
internal_count=4000 3152 1986 1708 1292 848 1246 706 142 1166 1117 101 64 278 237 1016 357 659 648 105 49 148 618 558 80 416 340 76 60 58
is_linear=0
shrinkage=0.05


Tree=30
num_leaves=31
num_cat=0
split_feature=9 6 14 14 14 9 30 4 1 1 31 1 12 14 1 30 10 10 10 1 29 9 6 4 4 4 12 6 1 2
split_gain=10.4333 7.36763 8.63816 5.48569 8.53727 8.76369 4.98855 4.96544 4.9537 7.81152 6.89623 6.52814 7.20078 6.19088 4.94404 4.77344 7.64683 6.04565 10.4659 6.85206 4.74807 4.631 7.84791 6.89218 4.50552 5.68752 4.3442 4.94522 4.29691 3.68046
threshold=-0.61183530092239369 0.38130214810371404 -1.9808180332183836 1.4463049173355105 -0.018484394997358319 0.8847436010837556 -2.201116561889648 -0.61188155412673939 0.9227406680583955 1.057814955711365 -1.0852037668228147 0.091216254979372038 1.6606592535972597 -0.047585830092430108 1.5501765012741091 0.45365785062313085 -1.1039050221443174 -0.13781921565532682 0.81726992130279552 -1.2041041254997251 0.31050118803977972 0.19108228385448459 1.7698544263839724 1.3358497023582461 -1.2481507062911985 -0.9397769272327422 0.44999128580093389 0.0082527012564241903 -1.0000000180025095e-35 -1.0000000180025095e-35
decision_type=2 2 2 2 2 2 2 2 2 2 2 2 2 2 2 2 2 2 2 2 2 2 2 2 2 2 2 2 2 2
left_child=8 2 -2 4 5 -4 -3 -6 11 -10 -11 15 24 29 21 17 -17 19 -19 -1 -15 22 -8 -23 -13 -26 27 -5 -28 -12
right_child=1 6 3 26 7 -7 14 -9 9 10 13 12 -14 20 -16 16 -18 18 -20 -21 -22 23 -24 -25 25 -27 28 -29 -30 -31
leaf_value=0.015277514189031925 0.05871120185296852 -0.057608054695475752 -0.0048220101571537985 -0.014143126585663416 0.029798477766941157 0.018201556580713731 0.012727250631846787 0.010908380022550906 0.052184812481756049 -0.049677623485641816 0.049007373267740184 -0.068528569119677682 0.034261219158648826 -0.033080691460221204 -0.03141984761760374 0.056648494957313777 -0.00062221586808645186 0.017940181881001577 -0.027301645335178051 -0.035600830107011046 0.024340402636932688 -0.011291466356021254 -0.028543550011597238 0.028278285651253482 0.023610449788231107 -0.028354632129086139 -0.013808699092818653 -0.072482446592078406 0.047472361457055634 0.0033858596547902773
leaf_weight=8.2145498692989332 7.9675297290086737 4.2251027077436438 161.38676778972149 15.865516841411592 46.765032604336739 55.560813784599304 85.000796794891357 135.83207069337368 7.6978806853294364 6.5638480484485617 9.1189955919981003 6.1396936923265448 5.0396923124790183 11.704227596521379 14.180167138576506 6.8905005156993857 37.816340982913971 31.5999765843153 21.467056974768639 34.038208305835724 5.1993642896413794 111.77571898698807 13.324491783976553 12.206219300627707 5.7823027372360221 58.913615301251411 7.2470245659351349 4.711108297109603 4.7258890420198423 8.5806524306535721
leaf_count=35 34 18 679 69 200 238 355 576 33 28 38 26 21 49 60 29 160 133 91 143 22 473 55 52 25 250 31 20 20 37
internal_value=4.28501e-07 0.00327588 0.00712291 0.00617165 0.00777965 0.00107438 -0.0037571 0.0157463 -0.00842149 0.00595432 -0.00269037 -0.0116752 -0.0234863 0.00622258 -0.002795 -0.00527514 0.00820471 -0.0115975 -0.000361367 -0.0257093 -0.0154186 -0.000969121 0.00713446 -0.00739576 -0.0275948 -0.0237102 -0.0135665 -0.0275002 0.0103799 0.0268904
internal_weight=945.541 680.774 440.062 432.094 399.545 216.948 240.712 182.597 264.767 48.865 41.1671 215.902 75.8753 34.6032 236.487 140.027 44.7068 95.3198 53.067 42.2528 16.9036 222.307 98.3253 123.982 70.8356 64.6959 32.5495 20.5766 11.9729 17.6996
internal_count=4000 2880 1867 1833 1693 917 1013 776 1120 207 174 913 322 146 995 591 189 402 224 178 71 935 410 525 301 275 140 89 51 75
is_linear=0
shrinkage=0.05


Tree=31
num_leaves=31
num_cat=0
split_feature=3 6 5 14 3 8 14 1 14 11 30 13 28 10 30 5 28 7 14 30 7 8 8 14 6 6 5 10 31 31
split_gain=11.0131 9.50086 8.59004 9.15795 8.03358 7.56616 7.47592 7.44401 6.65236 11.8613 6.82805 6.14028 6.07209 5.96773 5.9136 5.47385 5.1946 5.10599 6.66558 6.39153 5.71313 4.84279 4.68319 6.08327 5.14391 4.22602 5.66497 4.5687 3.86794 4.22041
threshold=0.79650360345840465 0.29019924998283392 0.13453011959791186 -0.33114482462406153 -1.9465773701667783 -0.40137495100498194 -0.94138559699058522 0.31485670804977423 -0.49593320488929743 0.14723785221576693 -0.19550528377294538 -1.1897689104080198 0.21006065607070926 -0.14577132463455197 -0.52660268545150746 0.35844163596630102 -0.24815913289785382 -0.63593655824661244 -0.59915018081665028 -0.9018079638481139 -1.1546878218650816 0.038134802132844932 0.8837086856365205 1.0908854007720949 1.2943487167358401 -1.7151784300804136 1.6648323535919192 -1.7043850421905515 1.8089294433593752 0.18503327667713168
decision_type=2 2 2 2 2 2 2 2 2 2 2 2 2 2 2 2 2 2 2 2 2 2 2 2 2 2 2 2 2 2
left_child=1 2 5 12 -3 8 7 -7 9 -1 -10 -8 16 15 -15 -5 -4 18 20 -20 -6 -14 23 -19 -24 -2 27 -27 29 -29
right_child=25 4 3 13 17 6 11 -9 10 -11 -12 -13 21 14 -16 -17 -18 22 19 -21 -22 -23 24 -25 -26 26 -28 28 -30 -31
leaf_value=-0.035810804889838121 0.025751406557841628 0.043497993403637462 0.0022320342072854591 0.045884560042392566 0.003985479177207033 0.039481858605388304 -0.036167165136409392 -0.011787742539208265 0.040924881143116119 0.027334380467386767 0.0077860496319688173 -0.0055700405380150952 0.0054739248209240803 0.011750092484132174 0.04363367795051671 0.0037979971969947048 0.038456564677521982 -0.0097484116415645639 0.036027362051484789 -0.011248260249605777 0.056808652038301911 -0.032877528137738803 0.015742055704236892 -0.036521539094292822 -0.024768059794873731 -0.05373140967447302 -0.056354388785808562 -0.0038752790712627593 0.027225479012310455 -0.02015228595317059
leaf_weight=16.137325257062916 7.6474297046661368 8.4657663255929929 32.026003450155258 9.3645486086606962 10.60822516679764 17.056532561779026 18.843933612108231 12.104129597544668 27.040192276239395 13.793739378452299 36.560940071940422 126.27965568006039 15.698021203279493 21.279850572347641 45.938613370060921 44.149936065077782 14.322531640529631 134.93898440897465 8.4546574503183347 46.309882074594498 9.8918568044900876 17.305800914764404 29.794314950704575 25.175076469779015 10.632737487554548 5.8935465216636649 6.9829896092414847 97.63456192612648 7.0807090550661078 67.257815778255463
leaf_count=67 32 39 136 40 44 71 79 51 114 58 153 531 66 91 196 189 61 563 36 194 42 73 124 105 44 26 31 424 30 290
internal_value=1.00247e-07 0.0027312 0.00711128 0.0149492 -0.00447826 0.00125557 -0.00490102 0.0182007 0.0127275 -0.00671033 0.0218751 -0.009543 0.00175466 0.0236214 0.0335401 0.0111628 0.0134261 -0.00595088 0.00515402 -0.00394976 0.0294741 -0.0146359 -0.0101186 -0.013958 0.00508747 -0.0106716 -0.0121784 -0.0104441 -0.00896061 -0.0105145
internal_weight=944.67 752.173 467.902 200.085 284.272 267.816 174.284 29.1607 93.5322 29.9311 63.6011 145.124 79.3524 120.733 67.2185 53.5145 46.3485 275.806 75.2646 54.7645 20.5001 33.0038 200.541 160.114 40.4271 192.497 184.85 177.867 171.973 164.892
internal_count=4000 3167 1976 852 1191 1124 732 122 392 125 267 610 336 516 287 229 197 1152 316 230 86 139 836 668 168 833 801 770 744 714
is_linear=0
shrinkage=0.05


Tree=32
num_leaves=31
num_cat=0
split_feature=0 9 6 0 14 3 28 31 0 0 10 9 3 31 9 11 10 14 13 14 28 3 8 11 0 13 3 30 8 8
split_gain=12.4494 7.92017 8.4046 11.3224 10.4382 9.51026 7.44802 7.38774 6.94467 8.42076 6.48757 6.1256 5.25281 5.05995 6.43401 5.82795 7.18419 6.44506 5.05599 5.52112 4.75927 4.72161 6.11676 4.70307 4.62909 4.3115 4.23169 3.39215 3.38952 4.53058
threshold=-0.7882167100906371 -1.0076335072517393 0.38130214810371404 1.2121176123619082 -1.9808180332183836 1.7796086072921755 -1.1837940812110899 1.1644201874732973 -0.58694317936897267 -0.44884388148784632 1.5508342981338503 -0.26332977414131159 0.55344548821449291 1.4080494046211245 -0.23590204864740369 0.98606908321380626 -0.10667602345347403 1.1869229674339297 1.3679901361465456 0.91222116351127636 0.83211812376976024 -0.39972536265850062 0.6841542422771455 -1.3046623468399046 -0.71623405814170826 -0.043766010552644723 1.3694173097610476 0.034466961398720748 -1.2163410186767576 -0.15317681431770322
decision_type=2 2 2 2 2 2 2 2 2 2 2 2 2 2 2 2 2 2 2 2 2 2 2 2 2 2 2 2 2 2
left_child=12 10 3 4 -3 -6 7 11 24 -10 18 -4 13 14 21 17 -17 -16 19 20 -2 22 -1 -14 -8 -21 -5 -23 -25 -30
right_child=1 2 6 26 5 -7 8 -9 9 -11 -12 -13 23 -15 15 16 -18 -19 -20 25 -22 27 -24 28 -26 -27 -28 -29 29 -31
leaf_value=-0.020958468001010786 -0.0068630644121246663 0.069501826455813626 0.07644964941900706 0.035347410604680662 0.0066805469619575404 -0.035108984354001595 -0.0082101908185362154 -0.030037398705639713 0.042875481203803335 -0.0062665763364109341 -0.05015151939109861 0.017555088814263594 0.023136944778022757 0.02665642977893197 0.012238741325433754 0.015077664034337239 -0.063785438751324697 -0.028815539079236355 0.028616750942766486 0.049219545801132344 -0.03396946381640141 -0.056119900292105208 0.034117347678847797 -0.070806546265658729 -0.069076575151795078 -0.0073974419590875171 -0.0099637540039711151 -0.020129397466922092 -0.0052420506956736513 -0.039610989553968905
leaf_weight=21.853476941585544 68.779144018888474 6.3842638731002799 6.4165855646133485 48.925283506512642 336.29626852273941 14.188777416944502 5.6189373880624771 5.3482995033264151 9.1981699317693693 166.76410359144211 8.7677537798881513 14.15418031811714 4.5246284753084174 10.667773425579069 57.591225475072861 4.8092630356550217 7.2280578613281232 11.462537676095961 9.9051277339458448 6.7704234421253204 21.179946720600128 12.779126659035684 6.5529324561357489 4.6415119618177405 7.0345585346221906 6.6805625557899457 5.7593738436698905 13.424600303173063 16.145547360181808 23.611433014273643
leaf_count=91 287 27 27 225 1409 62 24 22 38 694 37 60 21 45 238 20 30 49 41 28 89 58 27 23 30 28 24 60 74 112
internal_value=6.07867e-07 0.00293503 0.0052067 0.0093893 0.00614289 0.00498877 -0.002817 0.0223146 -0.00627052 -0.00369775 -0.008715 0.0359259 -0.0112413 -0.00650043 -0.00910697 -0.000172491 -0.0322773 0.00542396 -0.00550885 -0.00877757 -0.013245 -0.0223739 -0.0082533 -0.025425 -0.0420481 0.0211002 0.0305753 -0.0376814 -0.0303739 -0.0256536
internal_weight=943.464 748.172 626.089 411.554 356.869 350.485 214.535 25.9191 188.616 175.962 122.083 20.5708 195.292 146.369 135.701 81.0911 12.0373 69.0538 113.315 103.41 89.9591 54.6101 28.4064 48.9231 12.6535 13.451 54.6847 26.2037 44.3985 39.757
internal_count=4000 3152 2642 1747 1498 1471 895 109 786 732 510 87 848 618 573 337 50 287 473 432 376 236 118 230 54 56 249 118 209 186
is_linear=0
shrinkage=0.05


Tree=33
num_leaves=31
num_cat=0
split_feature=0 9 3 6 10 1 8 2 29 9 3 8 6 28 9 28 31 28 29 3 4 10 6 12 28 12 6 4 2 13
split_gain=11.4773 8.22565 7.38308 7.31789 7.06595 9.68404 7.33136 6.5012 8.35769 7.20425 6.42091 5.84789 5.79678 6.29906 6.19426 6.63763 5.95253 5.6673 9.11166 6.26846 5.58933 8.5936 8.21657 5.56098 5.04659 4.80306 4.79812 6.48381 1.67035 1.14123
threshold=0.12774419039487842 -0.19442385435104367 -0.93943941593170155 -1.8187515735626218 -0.38037154078483576 0.64161390066146862 0.42165093123912817 -0.1148850880563259 -1.5547056794166563 0.98715135455131542 1.8263851404190066 0.35819365084171301 2.1861282587051396 -1.388263940811157 2.0268211364746098 -1.1837940812110899 -0.17982691526412961 -1.0842323303222654 -0.8471754491329192 -0.36238601803779596 0.47628615796566015 0.70568224787712108 -0.79152965545654286 -0.48777554929256434 -1.9449553489685056 1.0989326834678652 -1.0490760207176206 0.2797673642635346 0.38396345078945165 0.07538222894072534
decision_type=2 2 2 2 2 2 2 2 2 2 2 2 2 2 2 2 2 2 2 2 2 2 2 2 2 2 2 2 2 2
left_child=1 10 25 11 5 6 -4 9 -9 -6 17 29 13 16 15 -15 28 18 -1 -20 22 -22 -19 -7 -18 26 -3 -28 -5 -2
right_child=3 2 4 12 7 23 -8 8 -10 -11 -12 -13 -14 14 -16 -17 24 20 19 -21 21 -23 -24 -25 -26 -27 27 -29 -30 -31
leaf_value=0.072698061640184386 0.045219082206373253 0.062352098669035141 0.031364474315645444 0.06898417983900193 -0.029763664084436304 -0.065628026779039825 -0.0045859010542771061 -0.060380233965211541 0.0032287380192891819 0.0052303917870630476 -0.060221020282026166 0.0033448873469833235 -0.037802273192893844 -0.032553499348765412 0.046788144724318699 0.0040854644419280684 -0.031627526102758069 0.00389583035094925 0.026091457819059784 -0.024828599620193903 -0.01112290208473897 0.037057416513614071 -0.027038463845115265 -0.0052390697931930519 0.026309937147184242 -0.025063509033667948 -0.00023618179433362754 0.042155339079284315 0.030584582202867514 0.078308140174116317
leaf_weight=4.7736848741769817 5.2700015902519244 6.7154667377471915 39.833741396665573 7.5851865410804766 53.365640535950661 5.3425571918487575 22.021208703517914 5.4752764701843253 90.845302656292915 20.303064003586769 6.8078580349683753 7.3504785150289527 7.8588597476482382 12.817658603191374 8.1778773069381696 347.25018200278282 5.3084901124238995 27.627135455608368 10.659233346581464 13.959001302719111 44.708371877670288 11.670974984765051 96.25440539419651 13.308621466159819 12.872781828045843 5.7738596200942984 22.868812099099159 14.895244121551512 4.5193317234516144 5.1545805186033249
leaf_count=20 23 30 166 33 224 23 93 23 382 84 36 32 33 54 36 1465 23 117 44 60 189 49 421 56 54 24 98 65 20 23
internal_value=-2.78584e-07 -0.00499997 0.000349485 0.00609613 -0.0031594 0.00904317 0.0185656 -0.00893849 -0.00038707 -0.0201193 -0.0124325 0.0374984 0.00472263 0.0055612 0.00375849 0.00278119 0.0274805 -0.0108807 0.00947778 -0.00278117 -0.0142001 -0.00114919 -0.0201397 -0.0225373 0.0093936 0.0178401 0.0234093 0.0164843 0.0546473 0.0615804
internal_weight=941.375 517.209 300.749 424.165 250.495 80.5061 61.855 169.989 96.3206 73.6687 216.461 17.7751 406.39 398.532 368.246 360.068 30.2858 209.653 29.3919 24.6182 180.261 56.3793 123.882 18.6512 18.1813 50.2534 44.4795 37.7641 12.1045 10.4246
internal_count=4000 2204 1268 1796 1051 338 259 713 405 308 936 78 1718 1685 1555 1519 130 900 124 104 776 238 538 79 77 217 193 163 53 46
is_linear=0
shrinkage=0.05


Tree=34
num_leaves=24
num_cat=0
split_feature=9 6 14 30 5 13 5 8 8 30 13 1 14 29 7 9 28 14 1 31 1 31 4
split_gain=8.31029 5.27906 6.40008 5.68763 5.41069 10.1052 7.50273 4.86643 9.48916 5.88226 4.7369 10.0243 5.64894 4.57329 4.5698 4.94173 5.30273 5.96418 4.95481 10.2463 6.1197 4.05782 3.96793
threshold=-0.61183530092239369 0.29019924998283392 -1.9808180332183836 0.45365785062313085 0.012753415852785112 0.15752296894788745 -1.4923223853111265 1.7781833410263064 1.6092654466629031 -2.201116561889648 -1.2284127473831175 0.032258020713925369 -0.018484394997358319 -1.7197644710540769 1.7709864377975466 -0.64382126927375782 -1.295323312282562 -0.57056769728660572 0.9227406680583955 -1.0852037668228147 0.091216254979372038 0.5314944088459016 -0.23246787488460538
decision_type=2 2 2 2 2 2 2 2 2 2 2 2 2 2 2 2 2 2 2 2 2 2 2
left_child=14 2 -2 10 6 -6 -5 8 9 -3 11 -4 -12 -11 15 16 17 -1 20 -20 -18 -17 -19
right_child=1 7 3 4 5 -7 -8 -9 -10 13 12 -13 -14 -15 -16 21 18 22 19 -21 -22 -23 -24
leaf_value=-0.025952541983882839 0.054109427551801585 -0.063493622778311415 -0.035543403448144564 0.029750596994066233 0.025804572562354706 -0.014631532921748642 -0.019000114609976766 0.033543736165343188 -0.073352864407306026 0.033510655551361096 0.0046623092068597228 0.019957513169280013 0.019861605496383095 -0.0029390158671165558 -0.042806571147242192 -0.012779615933856979 -0.0039458506996513836 0.065463201403261978 -0.047456516582054631 0.019306835154516321 -0.023290986955108065 -0.073940556781171285 0.014855420831530054
leaf_weight=5.6574117839336422 6.9208186566829673 3.9003303945064536 16.534280031919479 9.0880764126777631 34.546375140547752 27.951763555407524 59.97624334692955 8.970349967479704 4.8283923119306555 8.9338355213403684 125.45315155386925 16.016684964299202 119.22850151360035 234.23149824142456 8.8785528391599637 6.3318252563476545 115.39633314311504 6.1261027902364793 6.8786721825599662 34.927350208163261 63.310510605573654 4.743760421872139 10.531975179910654
leaf_count=24 30 17 71 38 150 119 253 37 20 38 533 69 514 991 39 27 490 26 30 148 271 20 45
internal_value=-3.26347e-07 0.00293057 0.00642919 0.00562198 -0.00293931 0.00771987 -0.0125851 -0.00264488 -0.00393361 -0.00257696 0.00968479 -0.00823421 0.0120686 -0.00159986 -0.00754643 -0.00631345 -0.00482372 0.0184028 -0.00717419 0.00832174 -0.0107993 -0.0389753 0.0334667
internal_weight=939.363 676.58 415.716 408.795 131.562 62.4981 69.0643 260.864 251.894 247.066 277.233 32.551 244.682 243.165 262.782 253.904 242.828 22.3155 220.513 41.806 178.707 11.0756 16.6581
internal_count=4000 2880 1777 1747 560 269 291 1103 1066 1046 1187 140 1047 1029 1120 1081 1034 95 939 178 761 47 71
is_linear=0
shrinkage=0.05


Tree=35
num_leaves=31
num_cat=0
split_feature=0 9 3 5 6 11 4 5 0 31 8 6 5 8 1 10 11 8 3 29 11 6 8 11 31 7 31 4 8 1
split_gain=10.8184 6.61173 6.97508 7.30389 10.9331 7.89825 8.51848 6.69931 6.25939 7.52672 6.74848 6.32223 6.04681 5.99942 5.66667 5.48522 5.44041 6.58747 5.39902 5.39216 5.36251 5.74771 5.26103 5.26039 5.49876 5.18734 4.3978 4.97968 4.77825 4.75125
threshold=-0.7882167100906371 0.95593401789665233 0.79650360345840465 0.0059052198193967351 0.078825909644365325 -0.57199019193649281 0.77478381991386425 1.3162159323692324 1.6345144510269167 -0.59504047036170948 1.1034951806068423 0.91833648085594188 -0.97612589597702015 1.7201900482177737 -1.4530746340751646 -1.2210175991058347 1.3311853408813479 0.12415090575814249 -1.1094101667404173 -0.18387745320796964 -0.81970635056495655 -0.81340622901916493 1.4051088094711306 -0.034073956310749047 -1.0567912459373472 -1.0000000180025095e-35 1.4080494046211245 -1.4056022763252256 1.2827863097190859 0.13947714120149615
decision_type=2 2 2 2 2 2 2 2 2 2 2 2 2 2 2 2 2 2 2 2 2 2 2 2 2 2 2 2 2 2
left_child=12 2 3 5 19 6 -2 -6 9 23 11 -11 18 -7 -4 -14 17 -16 -1 -5 -20 -22 -12 -3 -25 -23 27 -17 -29 -28
right_child=1 8 14 4 7 13 -8 -9 -10 10 22 -13 15 -15 16 26 -18 -19 20 -21 21 25 -24 24 -26 -27 29 28 -30 -31
leaf_value=0.058388345867700121 -0.02503310119099604 0.04860327148541152 0.027253452323861213 0.0072716793442397024 0.0037206448046809854 0.0051078333226987245 0.016825865978509491 -0.028705825436326222 0.060767143986366692 0.0033440257287665922 0.074418655726384536 -0.036139812733639851 -0.044890539735891008 -0.035895462827475882 -0.026623552883999282 -0.058635671663409487 0.024649699404184978 -0.0011190294706999874 0.038844719798275411 0.02820036026333831 0.035725451196521436 0.00068213996156434855 0.0024718018447908211 -0.013151132049057285 0.039347632802313015 -0.055971088069934144 0.053183730438766508 -0.015255247143642823 0.016694588794299078 -0.013660716179747895
leaf_weight=4.7419273257255545 58.757970109581947 17.956101834774017 9.4087527245283109 52.333959668874741 92.581550404429436 172.69121024012566 15.323943361639975 19.238216117024422 6.5437685698270789 59.669078812003136 5.3301922231912595 12.213691249489782 13.608330786228178 9.4069164693355543 62.456984400749207 6.0068200230598441 8.796677961945532 42.576667666435242 6.9332647472620037 74.714406579732895 4.8802793771028545 8.5248085707426124 4.8555281162261963 10.691966876387598 9.3491022884845716 7.6811332106590227 5.2376402169466001 117.58358274400234 12.995691806077955 5.3983157128095627
leaf_count=20 246 78 39 225 386 720 64 80 35 254 23 51 62 40 268 28 37 182 29 317 21 36 20 46 41 36 22 513 57 24
internal_value=-3.68475e-07 0.00273637 0.000604711 0.00325443 0.00954394 -0.00261005 -0.0163745 -0.00185822 0.0131462 0.0105507 0.00203247 -0.00336472 -0.0105307 0.00298966 -0.0100391 -0.014519 -0.0131216 -0.016285 0.00904839 0.0195794 0.000698251 -0.0118445 0.0401216 0.028949 0.0113394 -0.0261698 -0.0117116 -0.0141231 -0.0120755 0.0192566
internal_weight=938.488 744.897 618.287 495.048 238.868 256.18 74.0819 111.82 126.609 120.066 82.0685 71.8828 193.592 182.098 123.239 160.83 113.83 105.034 32.7614 127.048 28.0195 21.0862 10.1857 37.9972 20.0411 16.2059 147.222 136.586 130.579 10.636
internal_count=4000 3152 2604 2078 1008 1070 310 466 548 513 348 305 848 760 526 706 487 450 142 542 122 93 43 165 87 72 644 598 570 46
is_linear=0
shrinkage=0.05


Tree=36
num_leaves=28
num_cat=0
split_feature=9 9 7 6 28 4 28 28 1 1 2 14 14 14 9 7 28 14 1 31 1 28 10 2 2 4 11
split_gain=7.42646 6.23248 4.91851 4.81569 5.9328 6.25477 7.33504 5.92445 6.76557 7.58079 5.85826 5.70674 4.81349 6.4408 6.90892 6.82085 4.74335 5.33016 4.55342 7.7126 6.27277 4.4086 4.38336 4.12512 5.00642 3.60343 3.03126
threshold=-0.6232297122478484 -0.64382126927375782 1.7709864377975466 0.38130214810371404 -0.12737602740526197 -1.6316820383071897 0.11005911603569986 -0.24815913289785382 0.56171950697898876 -0.21222428977489469 0.89950168132781994 -1.9808180332183836 1.4463049173355105 -0.018484394997358319 0.8847436010837556 -1.4901962280273435 -1.295323312282562 -0.57056769728660572 0.83294332027435314 -1.0852037668228147 0.091216254979372038 0.16957288235425952 -0.39480707049369806 0.86991673707962047 0.18324483931064608 -0.23246787488460538 0.3904241025447846
decision_type=2 2 2 2 2 2 2 2 2 2 2 2 2 2 2 2 2 2 2 2 2 2 2 2 2 2 2
left_child=1 2 16 11 7 -6 10 8 9 -5 -7 -2 13 14 -13 -15 17 -1 20 -20 -18 -8 -10 24 -14 -19 -9
right_child=3 -3 -4 4 5 6 21 26 22 -11 -12 12 23 15 -16 -17 18 25 19 -21 -22 -23 -24 -25 -26 -27 -28
leaf_value=-0.024584595959385471 0.047779067553600965 -0.052560631731727252 -0.043086339754515673 -0.0040310241962147643 0.039544953236584024 -0.023083811480859369 0.036220248942477523 0.061293730427760512 0.005532694713681118 0.02924696911242183 -0.079723628715325151 -0.004427533447769842 -0.019696052443900977 -0.017965493504695982 0.016107936176382152 0.01652950463197736 -0.0037478220574318753 0.062381402631625948 -0.040968403052246652 0.015762828283409872 -0.023869721148162933 -0.0091105164816080164 -0.034900912546353538 -0.048796801541636882 0.027588800825575972 0.014007973500578783 0.0091071088191783563
leaf_weight=5.6316487938165691 7.9736224114894858 7.3626315146684638 8.5819804072380048 40.716761022806168 6.0390478968620291 18.603943318128589 5.6877263188362113 6.7064016759395582 11.01937371492386 29.521789848804474 6.0498293042182913 161.73522382974625 17.338219687342647 15.687781751155851 54.847999736666679 165.65813665091991 115.19617174565792 6.0721914470195832 7.0676003247499457 39.327602490782738 58.349462360143661 94.11216039955616 17.111573651432991 6.5867279022932044 8.2669774591922742 10.518965050578112 4.7557828575372696
leaf_count=24 35 32 38 171 26 79 24 28 47 125 25 685 75 67 238 713 490 26 31 167 251 401 72 29 36 45 20
internal_value=-2.06111e-07 -0.00721874 -0.00588736 0.00274612 -0.00294156 -0.0101488 -0.0125602 0.00562153 0.00165753 0.00995597 -0.0369827 0.0058662 0.00508921 0.00659366 0.000772913 0.0135454 -0.00456908 0.0174456 -0.00679344 0.00712069 -0.0105132 -0.00652706 -0.0190624 -0.0135074 -0.00442951 0.0317121 0.0396409
internal_weight=936.527 258.108 250.746 678.419 240.324 130.493 124.454 109.832 98.3695 70.2386 24.6538 438.095 430.121 397.929 216.583 181.346 242.164 22.2228 219.941 46.3952 173.546 99.7999 28.1309 32.1919 25.6052 16.5912 11.4622
internal_count=4000 1104 1072 2896 1018 555 529 463 415 296 104 1878 1843 1703 923 780 1034 95 939 198 741 425 119 140 111 71 48
is_linear=0
shrinkage=0.05


Tree=37
num_leaves=27
num_cat=0
split_feature=3 14 7 6 5 5 13 6 9 3 10 3 11 28 12 12 2 2 7 30 7 12 11 12 10 7
split_gain=8.90408 7.06608 6.02224 6.59958 6.52658 6.70644 6.32945 5.75551 5.53159 5.68848 11.6238 5.96061 8.59293 5.67253 5.53921 5.367 5.2067 4.87051 5.60413 11.3183 6.41682 4.46978 8.17306 7.34913 4.00401 3.01674
threshold=-0.48365810513496393 2.1630783081054692 0.57963630557060253 0.78916558623313915 0.19755961745977405 1.2879828214645388 -0.14832007139921186 2.4375346899032597 -0.6232297122478484 -0.34549261629581446 -0.13781921565532682 1.3296459317207339 1.0453693866729739 -0.40098781883716578 0.68563649058341991 1.9339572191238406 0.75369545817375194 1.7356008291244509 1.1885002255439761 -0.40218277275562281 -0.79114401340484608 -0.094681393355131135 -0.074839383363723741 0.6301369071006776 -0.7194480001926421 1.0534190535545351
decision_type=2 2 2 2 2 2 2 2 2 2 2 2 2 2 2 2 2 2 2 2 2 2 2 2 2 2
left_child=1 2 15 4 16 -6 -5 8 17 10 24 14 -13 -12 -11 21 -4 18 20 -20 -2 22 -1 -23 -10 -8
right_child=7 -3 3 6 5 -7 25 -9 9 11 13 12 -14 -15 -16 -17 -18 -19 19 -21 -22 23 -24 -25 -26 -27
leaf_value=0.020603058053389158 0.0021126155653877188 0.062269944885371242 -0.018963821962240498 -0.0014257221432101934 0.038353343674006987 -0.022270983778119875 -0.08790408366654956 -0.055308680986653591 -0.0099906143067638852 0.00019425783169725789 -0.0089072708389942561 -0.020349009024122608 0.032439440096208111 -0.064572575643245186 0.014141244350280108 -0.038892729350905188 0.020950561219085048 0.033167376016815783 -0.040392158637233319 0.037861926122597263 -0.022269958908426781 0.030404236039563017 -0.0083736188009961039 0.0042112260603590747 0.040024580754635213 -0.031693112234028632
leaf_weight=42.701463386416435 36.395949602127075 5.6749054491519919 33.793333187699318 8.954810783267023 17.992215320467952 6.1113014519214621 4.798574820160864 5.2953294813632956 8.9702333807945269 259.98451061546803 7.1169238984584835 53.413122341036797 9.0094179064035398 12.82210201025009 98.036573439836502 5.3654971420764914 10.775699540972708 6.0897494405508033 6.9237728416919735 13.891211643815039 104.34172537922859 60.301961064338684 56.576936468482018 48.172887876629829 7.2242952138185492 4.7493180632591248
leaf_count=187 157 25 141 37 78 26 20 23 38 1098 30 235 39 53 412 22 46 25 31 60 457 261 243 206 30 20
internal_value=-2.35735e-07 0.00699675 0.0059522 -0.00511887 0.00202211 0.0229824 -0.0316225 -0.00340104 -0.00296071 -0.000108629 -0.0191461 0.00152748 -0.0127301 -0.0447037 0.00401335 0.0104808 -0.0093135 -0.0107284 -0.012383 0.011832 -0.0159644 0.0117559 0.00408978 0.0187721 0.0123209 -0.0599436
internal_weight=935.484 305.969 300.294 87.1753 68.6725 24.1035 18.5027 629.515 624.22 456.577 36.1336 420.444 62.4225 19.939 358.021 213.119 44.569 167.642 161.553 20.815 140.738 207.753 99.2784 108.475 16.1945 9.54789
internal_count=4000 1312 1287 368 291 104 77 2688 2665 1935 151 1784 274 83 1510 919 187 730 705 91 614 897 430 467 68 40
is_linear=0
shrinkage=0.05


Tree=38
num_leaves=31
num_cat=0
split_feature=0 0 3 3 10 7 11 9 7 12 12 8 8 7 8 8 3 31 11 11 14 13 13 13 8 5 9 1 28 9
split_gain=9.97355 6.19214 7.33548 8.04157 12.1868 7.29624 7.28709 6.78802 6.61195 6.57341 7.48122 6.04032 5.53647 5.27952 8.69499 5.5904 5.30211 5.15538 4.77368 4.21742 5.43651 5.80467 4.01889 4.33813 3.9146 4.12501 3.51731 5.50736 3.19576 2.82926
threshold=-0.77993422746658314 1.2121176123619082 -0.42472903430461878 -0.34549261629581446 -0.18653420358896253 0.57963630557060253 1.7084597349166872 0.67095136642456066 0.69109761714935314 -0.094681393355131135 1.7706772685050967 0.8837086856365205 0.91849458217620861 -0.67598327994346608 -0.7738232910633086 -1.2471876144409177 -1.854121148586273 1.7091758251190188 1.0453693866729739 1.6771836876869204 -0.81636896729469288 -0.39318054914474482 1.0308831334114077 0.4379860013723374 1.5160863399505617 -1.4923223853111265 -1.3171796798706052 -0.8618156611919402 -0.44818972051143641 0.58124056458473217
decision_type=2 2 2 2 2 2 2 2 2 2 2 2 2 2 2 2 2 2 2 2 2 2 2 2 2 2 2 2 2 2
left_child=13 2 5 4 -4 9 7 -5 -7 12 -11 -10 -2 14 15 -1 -15 24 22 20 21 -3 23 -16 25 -18 -22 -28 -23 -8
right_child=1 19 3 6 -6 8 29 -9 11 10 -12 -13 -14 16 18 -17 17 -19 -20 -21 26 28 -24 -25 -26 -27 27 -29 -30 -31
leaf_value=0.0081375535157560651 -0.0035088483125797695 0.039520994367299479 0.0059240459123845214 -0.0066552851496924611 -0.074710612949153613 -0.049922317444842275 0.051339312792097941 0.0088543909979642687 0.0087434013655906962 0.027359628276281925 -0.032506311202066797 -0.03170169742131744 0.032110105275024108 0.03194762850866633 -0.0020157469485685832 0.085086440004560296 0.012960606098454048 0.031128292429228752 -0.047323076108832407 -0.031758261808702712 -0.0073366192154483492 -0.057615972423678025 -0.037219174408621374 0.042258726170573677 0.012765254929665126 -0.024062198809896167 -0.0019872869749966988 0.032418909648800946 -0.0070135886704857228 0.0037068588104441796
leaf_weight=4.7098726630210876 60.178544342517853 4.6956074088811901 9.2098141610622424 288.98941041529179 9.5392488986253721 7.6566680073738089 8.7558077573776227 93.330301225185394 41.559135064482689 78.85723702609539 5.5884117335081092 11.867496892809866 13.325376093387602 5.7165270000696173 27.548749655485153 4.7316157668828946 8.065106272697447 5.2963078618049613 6.0566531419754019 4.813783958554267 9.2338936924934369 4.8307383805513391 6.0784723758697501 6.9230473041534415 8.9139420986175519 112.05990689992905 14.588788315653799 57.363331705331802 8.8112026154994929 4.8412223458290091
leaf_count=20 259 21 38 1211 39 32 36 390 176 341 23 49 57 24 119 20 36 23 26 21 38 21 26 30 39 501 65 261 38 20
internal_value=-1.24543e-07 0.00266299 0.00080463 -0.00310511 -0.0351017 0.00820643 -0.00158988 -0.00286913 -0.00646806 0.0138814 0.0233978 -0.000240547 0.00294844 -0.0100229 0.00294559 0.0467006 -0.0152129 -0.0172198 -0.00591816 0.0139499 0.0161607 -0.0084281 0.000266142 0.00687599 -0.0192042 -0.0215765 0.0217146 0.0254428 -0.0249324 0.0343798
internal_weight=934.136 738.036 633.699 414.666 18.7491 219.033 395.917 382.32 61.0833 157.95 84.4456 53.4266 73.5039 196.1 56.0484 9.44149 140.052 134.335 46.6069 104.337 99.5236 18.3375 40.5503 34.4718 129.039 120.125 81.186 71.9521 13.6419 13.597
internal_count=4000 3136 2671 1734 77 937 1657 1601 257 680 364 225 316 864 241 40 623 599 201 465 444 80 175 149 576 537 364 326 59 56
is_linear=0
shrinkage=0.05


Tree=39
num_leaves=31
num_cat=0
split_feature=0 3 6 8 28 10 13 28 30 30 30 2 28 10 28 31 30 30 7 1 13 2 31 7 30 7 31 6 31 0
split_gain=9.13947 6.76089 6.37402 5.63448 5.0768 5.33394 5.47083 5.27479 4.85631 7.30526 4.76696 5.56953 4.57631 6.76862 6.67329 6.47318 5.88495 5.56704 4.85085 4.31739 3.73347 3.60457 7.40186 7.09124 4.68388 8.71157 3.8416 2.78226 2.69143 1.16635
threshold=0.13464162498712542 0.20048770308494571 -1.8187515735626218 0.35819365084171301 -1.388263940811157 -0.54353681206703175 0.18439159542322162 -1.1837940812110899 1.7489169239997866 1.5741569995880129 -1.7510783672332761 0.094381865113973631 -0.10850026458501814 1.5508342981338503 -0.17445773631334302 1.5432718992233279 -1.4693890213966367 -1.4874916076660154 1.0455984473228457 -0.24468690901994702 0.63762417435646068 1.255922853946686 -1.0416305065155027 0.8390951156616212 1.3688237071037295 0.91193440556526195 -1.6720063686370847 -0.030171610414981839 0.40737809240818029 0.70562389492988598
decision_type=2 2 2 2 2 2 2 2 2 2 2 2 2 2 2 2 2 2 2 2 2 2 2 2 2 2 2 2 2 2
left_child=1 10 3 29 5 -4 27 20 9 -9 11 -1 13 14 17 16 -14 -3 -18 -10 -6 24 -23 -24 26 -26 -12 -7 -8 -2
right_child=2 12 4 -5 7 6 28 8 19 -11 21 -13 15 -15 -16 -17 18 -19 -20 -21 -22 22 23 -25 25 -27 -28 -29 -30 -31
leaf_value=-0.066129203069785189 0.043203459348266304 -0.050483952693248492 0.057010549295435912 0.0014227342722422155 -0.046862831984322902 0.0083870177443963172 0.0089234775202009422 0.0036487054576705455 0.068876655242881488 -0.049139826709268808 -0.023221615339701983 0.0070895420464414287 0.022714744590610639 -0.058706520929393186 0.054711169038411805 0.029415600313833862 -0.029729240461304152 -0.00015999631128367725 0.0031967502035420946 0.010384245030763089 0.0086305136779451178 0.071908078312114654 0.019440147299124994 -0.048314008148364625 -0.0047309149487964972 -0.073725393205606393 0.0031105425933836027 0.058641190223316333 -0.041505910635327312 0.077156297557632911
leaf_weight=5.7445792406797391 5.3805118352174777 5.9145210832357398 8.6733177602291125 7.2352957278490058 8.939552426338194 5.160463213920595 5.5675484836101514 335.64873334765434 5.2210047096014023 6.6843718141317359 14.721664205193518 4.7405654489994049 6.8977941125631324 5.2553038746118537 5.1892995983362189 6.5601907819509497 80.340469509363174 77.588302701711655 12.9955727905035 7.9712823629379255 4.5856154412031165 5.2085845023393658 19.957963004708294 4.788332760334014 19.420962914824489 5.9851496666669837 234.17963814735413 5.9065663665533066 5.0416693240404129 4.77337346971035
leaf_count=24 24 26 39 32 38 22 24 1428 22 28 62 20 30 24 22 29 367 336 59 34 20 22 85 20 81 26 987 26 21 22
internal_value=3.08619e-07 -0.00445119 0.00550597 0.0351395 0.00421578 0.0238732 0.010614 0.00259921 0.00376512 0.00261796 0.000121793 -0.0330254 -0.0116213 -0.00357232 -0.000305434 -0.018702 -0.0218513 -0.00372445 -0.0251448 0.0335333 -0.0280482 0.00126407 0.0177327 0.00632992 -0.000534333 -0.0209846 0.00155309 0.0352081 -0.0150414 0.0591648
internal_weight=932.278 515.489 416.789 17.3892 399.4 30.3496 21.6762 369.051 355.525 342.333 314.747 10.4851 200.741 93.9474 88.6921 106.794 100.234 83.5028 93.336 13.1923 13.5252 304.262 29.9549 24.7463 274.307 25.4061 248.901 11.067 10.6092 10.1539
internal_count=4000 2220 1780 78 1702 132 93 1570 1512 1456 1327 44 893 408 384 485 456 362 426 56 58 1283 127 105 1156 107 1049 48 45 46
is_linear=0
shrinkage=0.05


Tree=40
num_leaves=31
num_cat=0
split_feature=0 0 5 2 7 8 8 1 2 4 29 7 1 9 1 30 29 13 8 9 8 11 29 14 1 11 14 4 9 0
split_gain=8.63168 5.4667 5.22283 5.16083 4.99443 5.09999 7.72607 4.91589 6.1535 4.77246 4.7605 6.22181 8.98089 5.99632 6.76289 12.5319 8.60298 5.7707 5.34611 5.93225 4.81427 4.7411 4.68703 4.31844 4.11229 3.86298 4.93433 6.13481 6.57665 3.83035
threshold=-0.7882167100906371 1.2121176123619082 -0.97612589597702015 0.20903760939836505 -0.68684235215187062 -0.59445682168006886 0.99251639842987072 -0.30954517424106592 1.2055485248565676 0.84280243515968334 -0.18387745320796964 1.656755864620209 0.47694736719131475 -1.1673514842987058 1.1023678779602053 0.045867824926972396 -0.21774840354919431 0.42444336414337164 -1.8750287294387815 1.1593646407127383 -2.2181825637817378 -0.62915807962417591 -0.21141865104436872 -0.57056769728660572 -0.90162965655326832 1.6771836876869204 -0.81636896729469288 0.77478381991386425 -0.1694793105125427 -1.0942562222480772
decision_type=2 2 2 2 2 2 2 2 2 2 2 2 2 2 2 2 2 2 2 2 2 2 2 2 2 2 2 2 2 2
left_child=2 10 21 4 5 -4 -7 22 9 -9 13 18 -13 17 16 -16 -15 23 20 -20 -12 -1 -5 -2 -24 26 27 28 -3 -10
right_child=1 25 3 7 -6 6 -8 8 29 -11 11 12 -14 14 15 -17 -18 -19 19 -21 -22 -23 24 -25 -26 -27 -28 -29 -30 -31
leaf_value=0.040499138348884037 -0.07783787480686051 0.019609196348385108 0.051309600321467065 0.019475910321635318 -0.012835152870066044 -0.017510918102451208 0.056156493040467152 -0.057315876740635541 -0.030600046931667964 -0.0057752895599654042 0.0039256917956933127 -0.058118025766734041 0.023953182321557097 0.0032455686910417324 0.0085267083311636512 -0.058676049772632105 -0.052065743896001819 0.0053414711192966311 0.0043931384428732081 0.024624621338284511 -0.066224875153938961 -0.0027203093330013511 -0.051364365604226206 -0.026334024262402417 -0.00062595173097522612 -0.030575532368955861 0.020554425099019502 0.039245216685967678 -0.052931525028390804 0.029748265480445808
leaf_weight=8.6589616388082487 5.5899487286806151 4.9868771284818658 6.4995183050632503 10.104895621538164 67.56003138422966 14.828232511878015 4.6832686513662329 23.000083863735203 5.66795514523983 5.581327185034751 4.9661530554294586 9.0308654159307462 5.2834791839122763 208.06244558095932 13.968174636363985 13.781771600246428 7.275930479168891 10.417047470808027 296.23401762545109 41.282303228974342 4.8189649730920774 23.749294519424438 7.3994993418455151 14.967441812157631 8.6756572574377042 4.8282486647367469 80.545678034424782 4.9672180265188208 8.3664941936731339 4.9045723527669889
leaf_count=37 24 21 27 44 301 64 20 107 26 25 21 38 22 881 59 58 31 45 1245 178 21 105 33 64 38 21 364 23 36 21
internal_value=1.45125e-07 0.00244953 -0.00946605 -0.0131969 -0.00566752 0.0129494 0.00017118 -0.0239805 -0.0351955 -0.0472511 0.000713088 0.00447994 -0.0278252 -0.00425714 -0.00161712 -0.024849 0.00137669 -0.0249761 0.00581143 0.00686769 -0.030622 0.00882723 -0.00720774 -0.0403389 -0.0239812 0.0130944 0.0152271 -0.00819423 -0.0258409 -0.0026046
internal_weight=930.686 739.373 191.313 158.905 93.5711 26.011 19.5115 65.334 39.1539 28.5814 635.679 361.616 14.3143 274.063 243.088 27.7499 215.338 30.9744 347.301 337.516 9.78512 32.4083 26.1801 20.5574 16.0752 103.695 98.8663 18.3206 13.3534 10.5725
internal_count=4000 3152 848 706 412 111 84 294 179 132 2687 1525 60 1162 1029 117 912 133 1465 1423 42 142 115 88 71 465 444 80 57 47
is_linear=0
shrinkage=0.05


Tree=41
num_leaves=28
num_cat=0
split_feature=3 9 29 6 13 6 1 7 1 2 6 14 30 3 1 10 13 3 9 6 5 10 29 1 30 3 7
split_gain=7.88393 6.51143 6.75285 6.55366 7.73846 7.83936 7.04115 5.99056 6.03411 6.77242 5.66071 5.50969 5.24816 7.95374 5.7217 5.16189 4.90507 5.15595 5.70098 3.39025 5.29814 4.07158 3.62466 3.65023 2.51385 3.8843 1.70766
threshold=0.79650360345840465 -1.6113610863685606 -0.46634496748447413 0.91833648085594188 -1.1897689104080198 -0.55198001861572255 0.22837179154157641 -1.3455591201782224 -0.037043562158942216 0.85579749941825878 0.59605926275253307 1.0908854007720949 0.01914466638118029 -1.9465773701667783 -1.798978805541992 0.14221107214689258 -0.1559246554970741 -0.76328119635581959 -1.9035831093788145 -1.7151784300804136 1.6648323535919192 -1.7043850421905515 1.894712567329407 1.7142314910888674 0.52608990669250499 -0.22110639512538907 0.4716669768095017
decision_type=2 2 2 2 2 2 2 2 2 2 2 2 2 2 2 2 2 2 2 2 2 2 2 2 2 2 2
left_child=1 2 26 4 5 6 -3 15 11 -10 -7 -9 13 -6 -14 -5 24 -18 -19 -2 21 -21 23 -23 25 -4 -1
right_child=19 3 16 7 12 10 -8 8 9 -11 -12 -13 14 -15 -16 -17 17 18 -20 20 -22 22 -24 -25 -26 -27 -28
leaf_value=-0.072985260946047154 0.023634051976644505 -0.010653262713777794 -0.030231131733129402 -0.0015686790910349078 0.062458303216293969 -0.032180538133827687 0.041024275299748024 0.0075444135335147313 -0.013587235624579011 -0.057991688002734958 0.021266595243200438 -0.030242429288991624 -0.038720383892472315 0.011356990639405895 0.0040947546378834543 0.064116575499507722 -0.060589698022680286 0.037355833688049643 -0.035250310898385005 -0.050442806560644537 -0.05406551832570955 -0.0071722249989182116 0.035536915405872581 -0.045868434727440288 0.041972503338844273 0.030701806340836801 -0.030893971336834913
leaf_weight=5.1634159386157972 7.5773408859968177 16.127096667885784 5.2842288166284552 6.94463402032852 7.8543485701084128 33.846517577767372 11.147689595818518 51.319680705666542 44.096448555588722 10.663207769393919 5.8035210222005835 11.880004197359083 8.0707606822252256 249.46352191269398 235.33601422607899 5.253682479262352 6.2483292669057837 4.7790118306875202 6.2255448102951094 5.6844816207885733 6.7206818610429755 157.36357451975346 4.7718755751848212 6.3398137390613547 5.3848854899406424 5.1786761879920951 4.5182464420795441
leaf_count=22 32 69 22 29 38 144 48 216 188 45 25 50 34 1070 1007 22 26 20 27 26 31 695 21 28 23 22 20
internal_value=-6.88726e-07 0.0023228 -0.0166117 0.00348367 0.00580394 -0.0101645 0.0104683 -0.00663561 -0.0100851 -0.022234 -0.0243576 0.000441406 0.00793822 0.0129168 0.00267511 0.0267212 -0.00586844 -0.0243155 -0.00371922 -0.00913139 -0.010504 -0.00882298 -0.00741869 -0.00867083 0.0142142 -7.20167e-05 -0.0533421
internal_weight=929.047 740.589 42.7823 697.807 567.649 66.9248 27.2748 130.158 117.959 54.7597 39.65 63.1997 500.725 257.318 243.407 12.1983 33.1007 17.2529 11.0046 188.458 180.88 174.16 168.475 163.703 15.8478 10.4629 9.68166
internal_count=4000 3167 182 2985 2435 286 117 550 499 233 169 266 2149 1108 1041 51 140 73 47 833 801 770 744 723 67 44 42
is_linear=0
shrinkage=0.05


Tree=42
num_leaves=21
num_cat=0
split_feature=3 3 6 5 14 9 8 12 13 1 1 13 14 12 6 5 10 1 1 5
split_gain=7.13119 6.10591 6.14119 6.47594 7.34598 6.87805 7.19696 6.5576 6.2693 5.46624 5.2723 4.78152 5.17898 4.09801 3.06285 4.881 3.73423 3.24775 4.26231 2.26232
threshold=0.79650360345840465 -2.0944153070449825 0.29019924998283392 0.13453011959791186 0.18431138992309573 0.95593401789665233 -0.67464467883110035 -0.72768852114677418 -1.2284127473831175 -2.2544988393783565 -0.49005804955959315 -2.1443914175033565 1.2346114516258242 0.23058000206947329 -1.7151784300804136 1.6648323535919192 -1.7043850421905515 1.7947361469268801 -0.27517059445381159 -0.053373141214251511
decision_type=2 2 2 2 2 2 2 2 2 2 2 2 2 2 2 2 2 2 2 2
left_child=1 13 3 5 8 6 -3 -7 -5 -4 -6 -11 -13 19 -2 16 -16 18 -18 -1
right_child=14 2 9 4 10 7 -8 -9 -10 11 -12 12 -14 -15 15 -17 17 -19 -20 -21
leaf_value=-0.0099690010808723851 0.022435218164905971 0.011941578088512332 -0.06200149300886855 -0.031252808907754559 0.042257215996800469 0.058785398007894257 -0.0091381515795470308 0.0087954146997992928 0.0079145215482412656 -0.055885621780080719 0.014657412992795382 6.070681032852869e-06 -0.020886254385418454 0.060786146655025443 -0.048494214925455859 -0.052125492613825819 -0.015354428342414184 -0.045197797994443685 0.0010510204243128058 0.03940901960400614
leaf_weight=5.5466988086700448 7.5829707086086264 54.353981524705887 4.0530119240283957 11.341454461216925 26.129153341054916 8.0569877177476865 158.75826132297516 35.31339830160141 103.0212272554636 4.2873150110244742 51.226612865924835 232.50383393466473 34.000491619110107 7.1349246948957434 5.6189339607954016 6.6247354149818412 67.93089747428894 5.4025167226791373 94.906160831451416 3.9871204793453225
leaf_count=26 32 228 17 49 114 35 673 154 444 18 225 985 145 34 26 31 300 24 420 20
internal_value=-8.47314e-07 0.00220945 0.00151972 0.00512817 0.0120797 -6.80574e-05 -0.0037618 0.0180821 0.00403026 -0.00436473 0.02398 -0.00350207 -0.00265936 0.0321283 -0.00869455 -0.0100025 -0.0083974 -0.00705823 -0.00579286 0.0106813
internal_weight=927.781 739.714 723.046 448.201 191.718 256.483 213.112 43.3704 114.363 274.845 77.3558 270.792 266.504 16.6687 188.066 180.483 173.859 168.24 162.837 9.53382
internal_count=4000 3167 3087 1922 832 1090 901 189 493 1165 339 1148 1130 80 833 801 770 744 720 46
is_linear=0
shrinkage=0.05


Tree=43
num_leaves=31
num_cat=0
split_feature=0 4 7 8 10 10 14 30 6 13 30 6 14 3 13 0 29 9 8 29 8 3 30 9 0 8 14 14 9 0
split_gain=7.90474 6.25394 7.85362 7.76692 5.55842 10.3513 10.3451 7.32457 6.18486 6.93881 5.53793 5.52638 5.06819 5.72082 5.57253 5.05445 4.65664 4.46091 6.06495 6.34625 6.2913 5.0988 5.84984 5.80617 5.52723 5.02663 4.46007 4.802 3.8976 4.47247
threshold=-0.5396541655063628 -0.012321893125772474 -0.68684235215187062 -0.73159345984458912 0.24135310202836993 -0.35903909802436823 -0.83238163590431202 -0.78745409846305836 0.099913168698549285 0.59055170416831981 1.4143264889717104 -1.2490550279617307 1.0000000180025095e-35 0.48905766010284429 -0.26608666777610773 2.3604900836944585 -1.0000000180025095e-35 0.95593401789665233 -0.45532462000846857 1.2544842362403872 -1.6405305266380308 -1.9008151888847349 0.21375562995672229 0.92208170890808117 -0.44884388148784632 1.0307857394218447 -0.97640565037727345 0.35060970485210424 1.4704384207725527 -0.77993422746658314
decision_type=2 2 2 2 2 2 2 2 2 2 2 2 2 2 2 2 2 2 2 2 2 2 2 2 2 2 2 2 2 2
left_child=1 2 3 -1 5 28 -6 -8 9 -7 -9 16 13 -13 -14 17 -4 21 20 25 -19 22 -2 24 -23 -20 -5 -28 29 -3
right_child=15 4 11 26 6 8 7 10 -10 -11 -12 12 14 -15 -16 -17 -18 18 19 -21 -22 23 -24 -25 -26 -27 27 -29 -30 -31
leaf_value=0.054217447232108355 0.062973654941201107 0.0022966806040736589 -0.021188157785238543 0.03761995100528373 0.057682318101470113 0.0037162691570552619 -0.040295425384885661 0.020290351259974852 -0.057115722792301052 -0.060350851931644738 -0.039284341463950156 -0.026490464012332016 0.0070288450132265524 -0.065597305534273134 -0.029708365706852397 0.041293016686203256 0.050831930870392276 -0.020867394071661854 -0.0072628183062339305 0.048422480121210337 0.038405734716057779 0.023306963240564429 -0.0029100407298330161 -0.055539086032354405 -0.00086046527386811822 0.027679915111826988 -0.035626883472725274 0.010473715496388515 -0.035221781121765085 0.038991596075243433
leaf_weight=6.5985737740993491 6.9246324896812421 30.017259791493416 4.4691645056009293 4.8127303719520595 10.38996674120426 16.336374670267109 8.2432924658060056 29.089872404932976 12.299669444561003 5.7011397182941428 4.5050038248300543 32.500202775001526 18.322391211986542 13.129766225814818 23.641284629702568 8.468450188636778 4.5087164640426618 5.3047742247581473 56.497770294547081 7.2025283724069586 28.681309521198273 24.830589085817337 6.5619670748710632 4.7002596706151953 501.18554092943668 12.584581449627875 12.827437192201616 10.093499660491942 4.7821758836507788 11.47935166954994
leaf_count=28 35 132 20 21 45 70 37 125 55 25 20 141 83 68 109 45 20 23 246 32 128 103 30 20 2115 55 57 44 20 48
internal_value=-4.49052e-07 -0.00732178 -0.015078 0.00546214 0.000321104 -0.0079111 0.0130278 0.00193844 -0.0287112 -0.012858 0.0123015 -0.0223802 -0.0262095 -0.0377432 -0.013668 0.0029123 0.0149805 0.00241568 0.011586 0.00375922 0.029154 0.00055751 0.0309176 -0.000214004 0.000280358 -0.000897377 -0.00613804 -0.015326 0.00752184 0.0124477
internal_weight=926.69 263.748 130.904 34.3322 132.844 80.616 52.2281 41.8382 34.3372 22.0375 33.5949 96.5715 87.5936 45.63 41.9637 662.942 8.97788 654.474 110.271 76.2849 33.9861 544.203 13.4866 530.716 526.016 69.0824 27.7337 22.9209 46.2788 41.4966
internal_count=4000 1168 591 150 577 350 227 182 150 95 145 441 401 209 192 2832 40 2787 484 333 151 2303 65 2238 2218 301 122 101 200 180
is_linear=0
shrinkage=0.05


Tree=44
num_leaves=31
num_cat=0
split_feature=0 9 2 6 3 5 8 3 10 1 2 2 5 30 6 5 9 6 8 3 28 10 4 7 13 10 28 5 13 1
split_gain=7.53807 6.45708 6.89512 5.55672 5.43732 5.40061 5.24618 5.01051 7.34722 8.59924 5.81875 4.70832 6.43205 6.70024 7.59112 6.36899 9.69146 6.31983 5.67216 4.87038 7.99363 4.43927 5.21025 5.06069 3.9577 3.87294 3.57721 7.35894 4.62399 3.29566
threshold=0.11363437026739122 -0.19442385435104367 2.0907815694808964 -1.8187515735626218 1.8263851404190066 1.629889249801636 0.35819365084171301 -0.92128214240074147 -0.38037154078483576 0.64161390066146862 -0.1148850880563259 0.60232076048851024 0.94347020983695995 -0.023172204382717606 0.93192613124847423 1.3162159323692324 0.50759676098823558 -0.52838739752769459 0.30557747185230261 -1.2127205729484556 0.9392356574535371 -0.15400793403387067 0.2797673642635346 -0.69858485460281361 -0.0071765473112463942 0.65117534995079052 -1.0842323303222654 0.27988138794898992 1.7689122557640078 -0.15005560964345929
decision_type=2 2 2 2 2 2 2 2 2 2 2 2 2 2 2 2 2 2 2 2 2 2 2 2 2 2 2 2 2 2
left_child=1 4 7 6 5 26 -2 21 9 -9 -10 15 13 14 -13 19 25 -15 24 29 -21 23 -23 -3 -14 -17 27 -1 -28 -5
right_child=3 2 -4 11 -6 -7 -8 8 10 -11 -12 12 18 17 -16 16 -18 -19 -20 20 -22 22 -24 -25 -26 -27 28 -29 -30 -31
leaf_value=-0.011051174329376579 0.056475509001688545 0.039799936512587085 0.051455913517063884 0.0086945761190227143 -0.056969105252773891 -0.052145729478443661 0.00027798385886913725 0.018539652467280236 -0.02049137926559097 -0.021147679923196577 -0.0012219175697781469 0.01127680440824992 0.028955859245948942 -0.058662984870590455 -0.047371454704864063 -0.05605699783676036 0.030142273447078684 -0.014142130902288167 0.058334948085122601 0.010519207929901353 -0.014438215645711667 0.0080012972144371582 0.051312144106884797 -0.018164242113936996 -0.029231221080008824 -0.0046220605151454566 -0.0089668971156479215 0.042929428400918554 -0.052512044509533777 0.041517892907037945
leaf_weight=17.010435789823536 9.8826961666345614 5.0098482668399837 6.5302087366580954 13.267847433686258 6.2048354446887961 7.1470045000314704 7.1627983748912802 58.332055389881134 69.493529841303825 17.818014442920685 89.803871870040894 37.993632614612579 5.9964904338121423 10.479245290160177 6.454773321747779 11.074924096465116 7.2886603623628607 33.304022863507271 6.6853285431861869 208.68441331386566 37.91249717772007 15.872615605592729 12.344269245862959 15.161319568753241 5.7003528475761422 5.4662557989358893 162.48491978645325 10.040183141827582 6.3341050446033469 18.05305378139019
leaf_count=73 46 23 28 60 36 32 32 247 295 77 384 162 26 44 27 46 34 140 29 888 160 69 56 66 25 24 716 43 27 85
internal_value=-1.15167e-06 -0.00416627 0.000658904 0.00489026 -0.0108628 -0.00945368 0.0328604 -0.000509783 -0.0035214 0.00925339 -0.00962822 0.00372275 -0.00530949 -0.0109151 0.00275994 0.00691403 -0.0178933 -0.0247979 0.0215967 0.00904112 0.00668218 0.0141442 0.0269488 -0.00376786 0.000598902 -0.0390596 -0.00789591 0.00898442 -0.0106007 0.0276136
internal_weight=924.994 499.587 290.366 425.407 209.221 203.017 17.0455 283.836 235.447 76.1501 159.297 408.361 106.614 88.2317 44.4484 301.748 23.8298 43.7833 18.3822 277.918 246.597 48.3881 28.2169 20.1712 11.6968 16.5412 195.87 27.0506 168.819 31.3209
internal_count=4000 2172 1245 1828 927 891 78 1217 1003 324 679 1750 453 373 189 1297 104 184 80 1193 1048 214 125 89 51 70 859 116 743 145
is_linear=0
shrinkage=0.05


Tree=45
num_leaves=27
num_cat=0
split_feature=0 6 31 9 2 0 2 7 11 6 12 11 11 12 1 1 29 11 8 14 30 31 31 2 1 12
split_gain=6.99687 8.78504 5.54873 5.05425 4.85411 5.09828 5.26721 4.71347 10.2574 8.37397 4.66656 4.66475 4.82359 4.59356 5.09509 4.25255 4.2422 4.03095 5.17192 3.81625 4.10439 4.06824 3.28142 3.16059 2.21548 1.98255
threshold=1.2121176123619082 0.70323503017425548 -0.10168131440877913 -1.3171796798706052 2.328278779983521 -0.7882167100906371 0.20903760939836505 -0.85670173168182362 0.84633219242095958 -0.73690363764762867 0.25963433086872106 1.6369641423225405 1.5969247221946719 1.6606592535972597 -0.11417638137936591 -0.23485710471868512 -0.46634496748447413 1.8528294563293459 0.56360828876495372 -0.42069607973098749 -0.85777381062507618 1.0383868217468264 -0.54569530487060536 0.024582399986684326 1.0740720033645632 -0.3774730116128921
decision_type=2 2 2 2 2 2 2 2 2 2 2 2 2 2 2 2 2 2 2 2 2 2 2 2 2 2
left_child=4 3 15 -2 5 6 7 8 -1 -9 -4 12 16 14 -8 -3 -7 23 -19 20 -5 24 -22 -13 -21 -6
right_child=1 2 10 19 25 11 13 9 -10 -11 -12 17 -14 -15 -16 -17 -18 18 -20 21 22 -23 -24 -25 -26 -27
leaf_value=0.031367798161972285 -0.01822202762884503 -0.020885127716477166 -0.0071498993312128604 0.05366950088971726 0.010552945954125932 -0.0066442550034530468 -0.0083249791698996843 0.017711978417156066 -0.050667255820372306 -0.017432115965378008 -0.065933662391203907 0.013795599077217653 -0.048679632948457716 0.029289950282428014 -0.035219439149522171 0.033489365908897499 0.002514103044167197 0.021486009578324337 -0.035241050161009993 0.036000295420763863 -0.032036698278193047 -0.0033601759028161929 0.013068276235578795 0.067654261085454442 0.073434773493862127 0.055910673068444244
leaf_weight=21.011097148060802 7.2918285876512519 6.3515787273645392 7.2607437670230848 4.2518314123153713 4.7149012237787247 184.11948528885841 33.263284161686897 23.232276156544685 4.6546265780925742 62.680607572197914 6.3104240298271179 4.9532355964183825 5.2095653414726248 4.5457145124673835 37.422569781541824 8.2878108024597186 403.6462437659502 14.487682223320009 5.5600371062755576 33.189020022749901 5.7973921298980775 6.1635976433753958 13.243972629308695 6.052255392074585 4.4867427200078955 4.9262719154357892
leaf_count=90 30 27 31 20 20 786 147 101 20 285 26 21 22 21 175 36 1716 61 23 159 26 29 59 26 22 21
internal_value=-3.68249e-07 0.0123074 -0.0114526 0.0213136 -0.00153997 -0.00195933 -0.00920563 -0.00231166 0.0164903 -0.00792857 -0.0344836 0.000209937 -0.000779338 -0.0194303 -0.0225635 0.00989795 -0.000354782 0.0191006 0.00575332 0.0256079 0.00925336 0.0342976 -0.000664522 0.0434141 0.0404583 0.033729
internal_weight=923.115 102.635 28.2106 74.4244 820.48 810.839 186.81 111.579 25.6657 85.9129 13.5712 624.029 592.975 75.2316 70.6859 14.6394 587.766 31.0532 20.0477 67.1326 23.2932 43.8394 19.0414 11.0055 37.6758 9.64117
internal_count=4000 465 120 345 3535 3494 839 496 110 386 57 2655 2524 343 322 63 2502 131 84 315 105 210 85 47 181 41
is_linear=0
shrinkage=0.05


Tree=46
num_leaves=31
num_cat=0
split_feature=0 6 31 9 14 14 2 10 2 14 8 6 14 30 12 8 9 12 31 13 8 30 12 9 28 13 13 2 30 29
split_gain=6.35858 8.00042 5.00381 4.69527 6.45034 7.26961 8.43078 6.33942 5.92142 5.89178 6.03532 6.77157 5.13738 5.04729 7.75238 7.0956 4.61073 4.21112 4.18147 7.08295 4.25191 3.90621 4.92903 3.7723 3.89051 4.0356 7.39922 3.96938 6.09214 4.25996
threshold=1.2121176123619082 0.70323503017425548 -0.10168131440877913 -0.61183530092239369 -0.98602324724197377 -0.31718203425407404 -0.28105473518371576 -1.0400227308273313 0.024582399986684326 -1.3565686345100401 -0.58122131228446949 1.0680388808250429 -1.827153146266937 0.29083865880966192 0.10697888955473901 0.26576495170593267 -1.3171796798706052 0.25963433086872106 -0.42003324627876276 -0.92603361606597889 0.20213674753904345 0.5040717124938966 0.23058000206947329 -0.64382126927375782 -1.295323312282562 0.49467857182025915 -0.46897225081920618 -1.1088060736656187 0.48434713482856756 1.3566920757293703
decision_type=2 2 2 2 2 2 2 2 2 2 2 2 2 2 2 2 2 2 2 2 2 2 2 2 2 2 2 2 2 2
left_child=3 16 21 23 9 6 7 -6 -8 10 12 -12 -5 14 -7 -15 -2 -4 20 -20 -11 22 -3 24 25 26 -1 28 -26 -29
right_child=1 2 17 4 5 13 8 -9 -10 18 11 -13 -14 15 -16 -17 -18 -19 19 -21 -22 -23 -24 -25 27 -27 -28 29 -30 -31
leaf_value=0.036031053122796051 -0.017277821915738113 -0.045114847259699865 -0.0067847735690347915 0.066666732359516603 0.053584875326979864 -0.0020512832842597239 -0.048154254597465751 -0.0019396193414174465 -0.01466110007726236 0.023634848944297789 -0.00053959102438245229 -0.06021791963524456 0.003752418200063422 0.0033816443002250632 0.016834203911648481 -0.01941249737526661 0.024569157674308045 -0.062604770793869169 -0.031780623085097041 0.027184731347295529 0.075128422431710418 0.045810644290347896 0.026156726367331424 -0.038592682660608078 -0.041227660501767009 0.041681792552885441 -0.039387727867096309 -0.0030752774230474967 0.01428864750510199 -0.029413873422507966
leaf_weight=6.2626348584890366 7.3054362386465064 4.780435115098955 7.2686989158391935 5.500646710395813 5.8322953581809989 113.12964887917042 16.69801963865757 43.350418671965599 62.927845388650894 9.2693512141704577 31.255959570407867 5.6058218479156485 7.9118897020816785 93.181928113102913 104.56663657724857 53.884665727615356 66.503146603703499 6.3135334104299545 6.4897943437099483 23.659778416156769 7.0637964010238639 4.9016752243041983 4.9252248853445053 9.3777746558189374 18.946058034896854 8.1760795414447767 6.7652547508478182 156.12706249952316 6.6853173226118079 17.025969728827477
leaf_count=27 30 21 31 24 25 487 71 185 270 40 135 24 34 401 450 231 315 26 28 101 30 21 21 41 84 35 30 679 29 74
internal_value=1.4385e-07 0.0117731 -0.0108858 -0.00146482 0.000893983 -0.00142011 -0.0116315 0.00464471 -0.0216848 0.0126985 0.000834671 -0.00961528 0.0295544 0.00218582 0.00702003 -0.00497005 0.0204272 -0.032732 0.0255301 0.0144922 0.0459049 0.00942732 -0.00894744 -0.00753577 -0.00621186 0.0141471 -0.00313318 -0.00838351 -0.0267476 -0.00566513
internal_weight=921.693 101.998 28.1896 819.695 590.328 493.571 128.809 49.1827 79.6259 96.757 50.2743 36.8618 13.4125 364.763 217.696 147.067 73.8086 13.5822 46.4827 30.1496 16.3331 14.6073 9.70566 229.366 219.988 21.204 13.0279 198.784 25.6314 173.153
internal_count=4000 465 120 3535 2536 2120 551 210 341 416 217 159 58 1569 937 632 345 57 199 129 70 63 42 999 958 92 57 866 113 753
is_linear=0
shrinkage=0.05


Tree=47
num_leaves=27
num_cat=0
split_feature=3 9 28 3 5 13 0 3 6 28 5 11 0 6 2 29 29 29 0 11 2 3 30 6 13 30
split_gain=6.11517 5.45798 7.33218 6.301 7.44726 5.49492 5.46607 7.70215 7.7453 5.39063 4.91474 4.29199 5.32602 4.10896 3.88484 10.519 5.5993 5.84948 5.63393 5.39137 3.30837 3.09251 2.93781 2.86193 2.67764 1.90945
threshold=0.79650360345840465 -1.6113610863685606 -0.22178562730550763 0.76034474372863781 -0.17071782052516934 -0.2574926614761352 1.5969482064247134 -0.76328119635581959 2.1861282587051396 1.4325097203254702 0.48755674064159399 -2.0616984367370601 -1.2558817863464353 0.65949496626853954 1.1861650943756106 -0.48346376419067377 0.61244627833366405 0.031826752237975604 0.52977383136749279 0.65043389797210704 -0.28105473518371576 -0.26436139643192286 0.39267867803573614 -0.31165882945060724 -0.37443320453166956 -0.41702742874622339
decision_type=2 2 2 2 2 2 2 2 2 2 2 2 2 2 2 2 2 2 2 2 2 2 2 2 2 2
left_child=1 2 23 6 -5 21 7 9 -9 -3 20 -2 22 24 16 -16 17 -14 -18 -17 -7 -4 25 -1 -8 -13
right_child=11 3 5 4 -6 10 13 8 -10 -11 -12 12 14 -15 15 19 18 -19 -20 -21 -22 -23 -24 -25 -26 -27
leaf_value=-0.067475579583456985 0.052963595932701946 0.012757333407115545 0.052938753284721057 -0.0043052743859452918 0.08155431800201815 -0.011033337889682355 0.0092545448320565781 -0.0011586284350658396 -0.057796165841865088 -0.016276525863832967 0.022672480545336882 -0.044592166866501221 -0.010842309597012217 -0.0077953816734700372 -0.050860122030510914 0.014014388182495154 -0.04038444384401501 0.014250478350862251 -0.00013936111197040952 0.08018699670789603 -0.066591802590370369 0.00089816476329702434 -0.067393476395469457 -0.023950543231352733 0.046316631809768874 0.0047270327846454449
leaf_weight=6.7047369480133048 2.8346430957317343 172.01943612098694 5.6545806080102921 4.6645652055740356 5.5075627118349058 5.5435748100280735 7.2044784873724046 455.68675132095814 6.1173171997070304 17.625147253274918 4.8710522055625924 3.9005880206823349 81.89974345266819 7.824969306588172 4.494619786739352 8.6743956953287107 24.210911050438881 32.418455854058266 13.570357620716093 4.7711314111948004 5.186307668685914 5.7654559165239334 5.5151818990707397 8.6484343409538251 15.061886131763456 3.9498535394668561
leaf_count=28 12 757 24 21 23 24 37 1930 26 76 21 20 364 35 20 37 110 142 58 20 22 26 30 37 80 20
internal_value=5.06147e-07 0.0020534 -0.0153657 0.00312049 0.0421823 0.000312124 0.00253748 0.00157511 -0.00190888 0.010059 -0.018979 -0.00809121 -0.00903485 0.0233719 -0.00664602 0.0153595 -0.00924158 -0.00372647 -0.0259291 0.0374957 -0.0378876 0.0266658 -0.0394259 -0.0429579 0.0343249 -0.0197778
internal_weight=920.326 734.086 42.3741 691.712 10.1721 27.021 681.54 651.449 461.804 189.645 15.6009 186.24 183.405 30.0913 170.04 17.9401 152.099 114.318 37.7813 13.4455 10.7299 11.42 13.3656 15.3532 22.2664 7.85044
internal_count=4000 3167 182 2985 44 117 2941 2789 1956 833 67 833 821 152 751 77 674 506 168 57 46 50 70 65 117 40
is_linear=0
shrinkage=0.05


Tree=48
num_leaves=31
num_cat=0
split_feature=0 8 0 2 3 30 28 14 1 6 8 3 2 5 30 10 14 5 8 7 13 5 3 13 6 2 30 3 13 13
split_gain=5.86229 5.95123 8.30769 5.87725 5.21118 5.82411 10.0223 5.68523 6.28666 4.91998 4.96744 4.5548 4.40231 5.74007 5.83391 6.87101 5.80579 5.71683 5.15974 4.7667 7.0158 5.53573 3.93645 3.919 5.35552 3.76949 5.7784 3.61074 3.52662 1.20404
threshold=0.11363437026739122 -1.4814863204956052 -0.1718431934714317 2.0907815694808964 -1.312446594238281 0.27966149151325231 -0.37336105108261103 1.2346114516258242 0.049764245748519904 -1.8187515735626218 0.35819365084171301 0.9830303192138673 0.60232076048851024 0.94347020983695995 -0.023172204382717606 1.0017190575599673 0.80854851007461559 1.3162159323692324 0.30557747185230261 1.5801747441291811 -0.58366727828979481 0.036719707772135741 -1.9465773701667783 0.5162809193134309 0.38995876908302313 -0.018956609070301052 -0.11115565523505209 0.2973997443914414 1.3113656640052798 0.07538222894072534
decision_type=2 2 2 2 2 2 2 2 2 2 2 2 2 2 2 2 2 2 2 2 2 2 2 2 2 2 2 2 2 2
left_child=1 2 11 4 5 22 -7 8 -6 10 29 25 17 14 15 -14 -16 19 27 20 -11 -21 -3 24 -19 -1 -27 -15 -9 -2
right_child=9 3 -4 -5 7 6 -8 28 -10 12 -12 -13 13 18 16 -17 -18 23 -20 21 -22 -23 -24 -25 -26 26 -28 -29 -30 -31
leaf_value=-0.024753475655076462 0.03704493585718055 0.058361707904184226 -0.071295008413783403 0.0384773719819195 0.0034094833824819047 0.039429034208082574 -0.037544970899905918 -0.025300089682488709 -0.0097648663392900775 0.024658993368340626 -0.00080106958391829334 -0.057657044787149073 0.010369405992103635 0.023915055687382576 -0.033771862532992997 -0.044563205763074459 0.0094474284960476326 0.018700086261505228 0.055509745901428181 -0.039874713664282913 0.0053925042428675891 0.020853703536268947 0.015811242076669174 -0.049089307249251687 -0.038883555815580818 0.055515556392161727 -0.020089276960668114 -0.032518425271711525 0.01922036189583446 0.072436474045553978
leaf_weight=8.20983478426934 4.9206714779138583 7.6724635511636761 7.3926910907030097 8.672851160168646 196.30064414441586 6.7679731994867351 11.271780520677565 44.064973562955856 168.09356410801411 62.094991073012352 7.1037868112325659 4.1297289431095114 37.394975617527962 6.6971144080162066 33.578238740563393 6.7145879864692679 10.110048860311506 10.127594582736497 6.557921200990676 10.376299917697908 197.66111621260643 5.8785696178674689 18.642494007945061 6.860345020890235 6.7150079309940329 5.5018348842859321 4.6744471043348259 4.9142637699842453 4.9475866854190818 4.6971460580825806
leaf_count=35 23 37 32 37 848 29 49 195 743 270 32 22 160 30 141 29 43 45 29 44 854 25 81 30 29 23 20 21 21 23
internal_value=-1.2729e-07 -0.00368463 -0.0253058 -0.00229824 -0.00307078 0.0132161 -0.00866664 -0.00481821 -0.00266779 0.00432933 0.0309085 -0.0102061 0.00323377 -0.00552586 -0.0108197 0.00200728 -0.0237703 0.00633084 0.0200551 0.00835447 0.00999818 -0.0179123 0.0282174 -0.0172336 -0.00425804 0.000451929 0.0207867 3.08099e-05 -0.020806 0.0543294
internal_weight=918.746 496.343 29.9085 466.434 457.761 44.3547 18.0398 413.407 364.394 422.403 16.7216 22.5158 405.681 105.967 87.7979 44.1096 43.6883 299.714 18.1693 276.011 259.756 16.2549 26.315 23.7029 16.8426 18.3861 10.1763 11.6114 49.0126 9.61782
internal_count=4000 2172 132 2040 2003 196 78 1807 1591 1828 78 100 1750 453 373 189 184 1297 80 1193 1124 69 118 104 74 78 43 51 216 46
is_linear=0
shrinkage=0.05


Tree=49
num_leaves=19
num_cat=0
split_feature=3 3 11 11 9 12 3 5 12 28 10 13 30 5 28 1 6 4
split_gain=5.53586 4.72654 5.4186 5.96446 5.04554 5.94564 5.88833 6.71794 5.41768 5.16176 5.87506 4.96939 4.56274 3.2795 2.92375 1.41799 1.02104 0.991848
threshold=-2.0944153070449825 0.79650360345840465 -2.1621011495590206 -1.8088998794555662 -1.6113610863685606 0.65672317147254955 0.76034474372863781 -0.17071782052516934 2.4163610935211186 -0.22178562730550763 0.6402575969696046 -1.1897689104080198 0.21375562995672229 1.6648323535919192 -1.1608540415763853 -0.16599475592374799 -0.23859100043773648 -1.0000000180025095e-35
decision_type=2 2 2 2 2 2 2 2 2 2 2 2 2 2 2 2 2 2
left_child=12 4 -3 -4 5 9 8 -8 11 15 -11 -6 16 14 -5 -2 -1 -7
right_child=1 2 3 13 6 17 7 -9 -10 10 -12 -13 -14 -15 -16 -17 -18 -19
leaf_value=0.037377753896428466 -0.011910944250054451 0.063968941361000606 -0.070419218493905311 0.012447973639261041 -0.0093283663829496332 -0.034214375474076547 -0.004069259788494756 0.077491097399659536 -0.048822382749508113 -0.0068998149240480262 0.053429277429222634 0.0038167493539350813 0.0014435522257017453 -0.041139029473499872 -0.0082884570112675155 -0.048887520802563145 0.072450484146132213 -0.064224174126421493
leaf_weight=4.1610243916511545 4.7653805017471313 2.6047354042530051 3.8273842185735694 19.127914816141129 82.117818593978882 6.8134693801403046 4.6605604439973831 5.5092499554157239 5.2480776757001868 13.044429138302805 5.8432096838951102 577.68474265187979 7.7072567120194426 6.8987480103969565 152.69661870598793 5.6867966353893298 4.1395134776830682 4.6204739511013013
leaf_count=22 20 11 18 83 354 29 21 23 22 57 25 2491 37 33 688 25 21 20
internal_value=5.24064e-07 -0.000517211 -0.00763803 -0.00865976 0.00132423 -0.0157563 0.00235565 0.0401141 0.00177825 -0.00383708 0.011764 0.00218073 0.0291461 -0.00733717 -0.00598003 -0.0320291 0.0548687 -0.0463414
internal_weight=917.157 901.15 185.155 182.551 715.994 40.7738 675.22 10.1698 665.051 29.3398 18.8876 659.803 16.0078 178.723 171.825 10.4522 8.30054 11.4339
internal_count=4000 3920 833 822 3087 176 2911 44 2867 127 82 2845 80 804 771 45 43 49
is_linear=0
shrinkage=0.05


Tree=50
num_leaves=27
num_cat=0
split_feature=0 5 10 2 12 0 0 5 12 3 11 6 9 10 13 9 0 3 0 6 11 9 4 4 31 11
split_gain=5.56206 4.50987 4.99325 4.68384 5.52925 5.48939 5.22443 4.36062 4.29343 4.25083 4.26642 4.71274 4.44828 4.14058 6.96017 5.65943 5.70615 4.89445 4.62358 5.75696 4.73008 4.26597 3.62553 3.45165 2.24852 1.02316
threshold=-0.7882167100906371 -0.97612589597702015 -1.2210175991058347 0.20903760939836505 0.84146207571029674 -1.4708390831947324 -1.7021984457969663 1.2879828214645388 2.4163610935211186 -1.1094101667404173 -0.81970635056495655 -0.81340622901916493 -0.009638840798288582 0.94415313005447399 1.4912167787551882 -1.1495838165283201 -0.22461153566837308 -2.028914093971252 1.2121176123619082 0.65949496626853954 1.6369641423225405 -1.6774976849555967 0.32100366055965429 -0.43955782055854792 -0.032948056235909455 0.27264867722988134
decision_type=2 2 2 2 2 2 2 2 2 2 2 2 2 2 2 2 2 2 2 2 2 2 2 2 2 2
left_child=1 9 22 4 5 -4 -6 23 13 -1 -11 -12 -13 17 15 21 -17 24 20 -20 -19 -15 25 -5 -2 -3
right_child=8 2 3 7 6 -7 -8 -9 -10 10 11 12 -14 14 -16 16 -18 18 19 -21 -22 -23 -24 -25 -26 -27
leaf_value=0.053962856735914777 0.016034474741134726 -0.041964968424785858 -0.016023142924033489 -0.035052869976715716 0.012642316786647657 0.015295856297802463 -0.044141102438333787 -0.055547650630626312 -0.041959099203173568 0.036034696199313578 0.033545802084020963 -0.053641839983303942 0.00028075791744298559 0.0010162377274317541 0.036783227603833964 -0.025466507030752247 0.0019050596358937235 0.00050188990853997409 0.023148992476671973 -0.0061649479054771382 0.02281709859848835 -0.056143683016185081 -0.0038938557401240652 -0.0060478368195242757 0.058731254500067102 -0.076639773547809834
leaf_weight=4.586902096867564 6.9382817149162292 4.0920151621103269 20.130237445235252 14.299656063318251 6.0578653067350414 45.875605657696724 12.225980058312414 7.3157761842012397 5.5193394124507895 6.8714006394147935 4.8505936563015064 6.7040291130542835 8.9048154950141711 4.7978102862834922 8.8476797565817815 25.43007418513298 75.783966213464737 480.71419607102871 56.785385772585869 23.755551785230637 24.980896353721619 10.211667969822882 4.3500640094280234 36.280732318758965 5.550082400441168 4.4311841130256653
leaf_count=20 35 20 91 68 26 204 56 34 23 29 21 32 40 21 39 109 328 2049 268 101 105 44 20 165 30 22
internal_value=2.40879e-07 -0.00769345 -0.0112166 -0.00851677 -0.000995683 0.00574429 -0.0253274 -0.0194665 0.0019727 0.00942209 0.00194687 -0.00950169 -0.0228791 0.0023077 -0.00596653 -0.00922091 -0.00497206 0.00403616 0.00337634 0.0145028 0.00160424 -0.0378724 -0.0410358 -0.0142479 0.0350098 -0.0599923
internal_weight=916.292 186.977 155.059 142.186 84.2897 66.0058 18.2838 57.8962 729.315 31.9177 27.3308 20.4594 15.6088 723.796 125.071 116.224 101.214 598.724 586.236 80.5409 505.695 15.0095 12.8733 50.5804 12.4884 8.5232
internal_count=4000 848 706 644 377 295 82 267 3152 142 122 93 72 3129 541 502 437 2588 2523 369 2154 65 62 233 65 42
is_linear=0
shrinkage=0.05


Tree=51
num_leaves=31
num_cat=0
split_feature=3 9 14 3 10 10 31 0 9 5 14 4 4 5 31 7 0 29 9 14 11 29 10 30 10 1 9 14 30 10
split_gain=5.2109 5.44558 6.45366 6.96525 6.15821 8.36351 7.03566 5.8778 6.9974 5.83334 5.75757 5.46478 5.3478 5.22329 5.24684 4.87499 4.85519 5.9815 4.57823 4.57756 4.3396 6.71947 5.46962 8.33038 5.11126 6.10731 4.98132 4.87127 4.73529 4.31276
threshold=0.45706333220005041 0.5627761483192445 1.3282410502433779 -1.2254145145416258 2.0789847373962407 1.1769044995307925 -0.72909829020500172 -1.574338376522064 -1.7943935990333555 0.36605808138847357 2.4330677986145024 0.44046972692012792 -0.17242524772882459 0.64716187119483959 0.14020369946956637 -0.62597680091857899 0.5826174020767213 0.053254585713148124 1.1052127480506899 1.0444110035896303 -0.21944661438465116 1.475211560726166 0.37171129882335668 -0.20330964773893354 -1.1506116986274717 0.98366820812225353 -0.66053658723831166 -1.108671188354492 -0.05132989585399627 0.89256247878074657
decision_type=2 2 2 2 2 2 2 2 2 2 2 2 2 2 2 2 2 2 2 2 2 2 2 2 2 2 2 2 2 2
left_child=1 2 7 -4 5 13 -7 11 9 -9 12 -1 -5 14 -3 -10 20 29 -8 -19 21 22 27 -24 -22 26 -26 -2 -27 -18
right_child=16 4 3 10 -6 6 18 8 15 -11 -12 -13 -14 -15 -16 -17 17 19 -20 -21 24 -23 23 -25 25 28 -28 -29 -30 -31
leaf_value=-0.038002806595813676 0.017288564821852752 0.016347334090590949 0.023424713706947198 -0.01198298279690789 0.065743377762265562 0.027138936702241892 -0.064897417206232974 -0.044352121822776744 0.013735628847090404 0.010246353064962242 0.022523110413108591 0.012878428940720289 -0.053408777619126151 0.029447495045601388 -0.0052491228116186648 0.0010530124488812331 -0.0022252874894826049 0.011007279577900949 -0.0057588431209356162 0.058940312577647862 -0.03848694090488991 -0.072541647073739571 -0.033984337046419448 0.021494466624315783 -0.016707821354735124 -0.0016417407915028976 0.011160569338650844 -0.031254231371735844 -0.060860403419959269 -0.046168527286727948
leaf_weight=16.896506354212764 5.8868746608495703 67.115913107991219 8.1594308167695981 13.739056915044783 4.8261341229081145 5.1061093956232098 8.3138675987720472 13.649185806512834 106.42897012829781 7.6250655204057685 4.9463991075754157 7.6738118678331366 17.994075492024425 34.584135122597218 48.408457115292549 263.02459928393364 36.686868458986282 37.188329413533211 5.3971089124679557 5.7511506825685492 9.5869483575224859 5.4138881564140311 10.443416967988016 19.216947391629219 21.070249557495117 6.6712403148412704 67.093712702393532 42.328777104616165 6.833672031760214 6.5859002619981757
leaf_count=78 26 299 36 59 22 24 36 58 458 33 21 33 77 159 212 1122 154 159 24 25 47 25 48 86 99 31 293 195 33 28
internal_value=-3.53305e-07 0.0025113 -0.000336483 -0.0183576 0.0100529 0.00846186 -0.0229608 0.00160922 0.00310087 -0.0247831 -0.0276522 -0.0221116 -0.0354732 0.0124009 0.00729772 0.00470651 -0.0056711 0.00420609 -0.0416185 0.0174272 -0.0100481 -0.0186789 -0.0149344 0.00196037 -0.00358686 -0.000295926 0.00450032 -0.0253274 -0.0316072 -0.00891323
internal_weight=914.647 633.889 460.137 44.839 173.752 168.926 18.8171 415.298 390.728 21.2743 36.6795 24.5703 31.7331 150.109 115.524 369.454 280.758 86.2122 13.711 42.9395 194.546 83.2899 77.876 29.6604 111.256 101.669 88.164 48.2157 13.5049 43.2728
internal_count=4000 2751 1975 193 776 754 84 1782 1671 91 157 111 136 670 511 1580 1249 366 60 184 883 380 355 134 503 456 392 221 64 182
is_linear=0
shrinkage=0.05


Tree=52
num_leaves=27
num_cat=0
split_feature=0 5 10 2 12 0 0 0 5 12 11 6 7 6 5 8 5 5 2 1 4 31 13 10 6 11
split_gain=4.84266 4.11145 4.51993 4.18093 5.02376 4.84496 4.8115 4.07932 3.99503 3.80202 3.78905 4.20159 4.10489 3.48384 5.22846 5.21055 5.04973 3.7048 5.05238 3.65442 3.44334 3.1959 2.16083 1.91115 1.64086 0.981801
threshold=-0.7882167100906371 -0.97612589597702015 -1.2210175991058347 0.20903760939836505 0.84146207571029674 -1.7021984457969663 -1.4708390831947324 2.3604900836944585 1.2879828214645388 2.4163610935211186 -0.81970635056495655 -0.81340622901916493 -1.0000000180025095e-35 0.29019924998283392 0.77909654378891002 -0.2025802209973335 0.88506484031677257 1.3162159323692324 -0.029064222238957878 1.9562509059906008 0.32100366055965429 -1.2024537920951841 0.10508121550083162 0.11999187245965005 -0.0067627520766109219 0.27264867722988134
decision_type=2 2 2 2 2 2 2 2 2 2 2 2 2 2 2 2 2 2 2 2 2 2 2 2 2 2
left_child=1 10 20 4 6 -6 -4 9 21 13 -1 -12 22 14 15 -2 -16 19 -19 -15 25 -5 -13 -14 -9 -3
right_child=7 2 3 8 5 -7 -8 24 -10 -11 11 12 23 17 16 -17 -18 18 -20 -21 -22 -23 -24 -25 -26 -27
leaf_value=0.039645155983580121 0.0090286814776066576 -0.040394655888499276 -0.014986658592164488 -0.050300293070191952 0.012221351650855998 -0.042587840575234917 0.014409170330930877 0.063988496845170634 -0.0533111617063525 -0.039981862119735929 0.034706457692877439 0.033786546015496403 -0.062447927504696389 0.00019972200349339196 0.046425534880443854 -0.0032595936897417523 0.010751947478799942 -0.043664267705226863 0.0024013627501278546 -0.03483862063599711 -0.0030893402970865263 -0.009121200433580624 -0.014546759740683285 -0.014963502731923387 0.017915547682121072 -0.074835019575682379
leaf_weight=7.724900200963023 145.94275116920471 4.0153742879629117 19.980315029621124 5.2635634094476691 6.0604689121246365 12.046652406454085 45.896438881754875 3.3705628365278244 7.1806856244802466 5.495753437280654 6.2278389334678712 4.6986975073814463 4.1426612585782898 236.13782557100058 11.36898761987686 210.97021636366844 77.837797358632088 12.400862023234369 11.446369498968123 7.6838351041078559 4.3215869069099417 44.94131924957037 4.5532922297716141 4.337848573923111 4.529427967965602 4.2697208523750305
leaf_count=33 635 20 91 26 26 56 204 21 34 23 27 20 20 1007 50 912 344 53 50 33 20 207 20 22 24 22
internal_value=-1.15122e-06 -0.00720849 -0.0105838 -0.00802557 -0.000917823 -0.0242432 0.00549346 0.00183899 -0.0184278 0.00144652 0.00919381 -0.000623809 -0.0130322 0.0017655 0.00447125 0.00176512 0.0152984 -0.00274414 -0.0215533 -0.000904482 -0.0392709 -0.0134385 0.0099997 -0.0381593 0.0375728 -0.0581435
internal_weight=912.846 185.661 153.976 141.369 83.9839 18.1071 65.8768 727.184 57.3856 719.284 31.6852 23.9603 17.7325 713.789 446.12 356.913 89.2068 267.669 23.8472 243.822 12.6067 50.2049 9.25199 8.48051 7.89999 8.2851
internal_count=4000 848 706 644 377 82 295 3152 267 3107 142 109 82 3084 1941 1547 394 1143 103 1040 62 233 40 42 45 42
is_linear=0
shrinkage=0.05


Tree=53
num_leaves=31
num_cat=0
split_feature=0 6 31 7 0 7 6 13 13 14 7 9 28 29 5 31 13 13 9 10 28 8 9 5 29 14 31 11 9 8
split_gain=4.57365 6.30226 5.79473 3.89679 5.40152 5.0171 7.10369 6.91373 5.43154 7.12843 6.82665 4.86278 7.1895 6.27477 6.93559 5.65248 5.57288 5.32434 8.26549 5.21881 5.21782 4.7564 3.84058 3.72834 3.67795 3.64193 3.8647 3.54747 4.20463 3.03524
threshold=1.2121176123619082 0.65949496626853954 -0.6402684450149535 0.65747648477554332 -1.2058929204940794 0.85479164123535167 -0.34723801910877222 0.50467956066131603 -0.57129275798797596 -0.25660556554794306 1.4926485419273379 -1.1495838165283201 -1.3155897855758665 -0.17296443879604337 -0.12596496194601056 -1.5248190760612486 -0.74620327353477467 -1.1415936946868894 1.1755481362342837 1.9451918005943301 1.1297078132629397 1.0187620520591738 -1.3171796798706052 -0.13493971526622769 0.58790993690490734 -0.42069607973098749 1.0383868217468264 -0.32125879824161524 -0.22276023030281064 -0.7738232910633086
decision_type=2 2 2 2 2 2 2 2 2 2 2 2 2 2 2 2 2 2 2 2 2 2 2 2 2 2 2 2 2 2
left_child=3 22 -3 11 27 6 7 -6 10 -10 -7 12 -1 14 -14 16 -13 18 -17 -19 -15 -18 -2 -4 -8 29 -27 -5 -29 -24
right_child=1 2 23 4 5 8 24 -9 9 -11 -12 15 13 20 -16 17 21 19 -20 -21 -22 -23 25 -25 -26 26 -28 28 -30 -31
leaf_value=0.043635604444377099 -0.016327662333226252 0.024336645328193698 -0.0029857166817643934 -0.057794875790520166 -0.013852412236231917 0.028734640920552768 -0.046074250892467632 0.058643129830765098 -0.022205214371710792 0.0046053743058650492 -0.013263915617991787 0.024300843156394292 -0.0045670614403917264 -0.011814602564503646 -0.058275857058835694 -0.017753611220730478 -0.017466515507219876 0.0050541399627614574 0.031810712812853151 0.040125238481444496 0.033595788213168186 -0.072983917969985185 0.039412699212894697 -0.046148486308243683 -0.0048184029640397294 0.037169942905995519 -0.0062147767611306845 -0.044029836841321175 0.0077285089460181443 -0.0040696000223337855
leaf_weight=5.5924731045961371 7.2857094854116431 8.7223608493804949 10.038527861237529 7.5963938981294659 11.295439928770064 29.368362978100777 19.74952565133572 4.6395884752273551 41.305828556418419 62.015304550528526 14.429538443684576 6.686425417661666 10.393973633646967 38.715267494320869 14.253628730773924 51.970795713365078 23.944125682115558 413.41222771257162 10.03570970892906 10.886824712157248 7.5613153576850882 4.5989927053451529 5.2082152664661434 9.9739822149276698 7.4363801181316367 35.209202595055103 6.009210877120494 7.2999787032604226 8.4840445369482005 17.493787206709385
leaf_count=24 30 38 43 37 48 127 85 20 176 265 62 29 46 169 66 226 105 1797 45 48 32 21 24 42 32 178 29 37 38 81
internal_value=-1.78646e-06 0.0100911 -0.00967408 -0.00124452 -0.00704123 -0.00425394 -0.019252 0.00725514 0.000142035 -0.00611299 0.0148979 0.000826028 -0.0109448 -0.0152485 -0.0356267 0.00255298 -0.0167867 0.003954 -0.00973166 0.00595401 -0.00439482 -0.0264117 0.0180672 -0.0244975 -0.0347892 0.0219876 0.0308449 -0.0297206 -0.0162093 0.00590596
internal_weight=911.613 99.941 28.7349 811.672 213.62 190.24 43.1209 15.935 147.119 103.321 43.7979 598.052 76.5167 70.9242 24.6476 521.535 35.2295 486.306 62.0065 424.299 46.2766 28.5431 71.2061 20.0125 27.1859 63.9204 41.2184 23.3804 15.784 22.702
internal_count=4000 465 123 3535 927 815 185 68 630 441 189 2608 337 313 112 2271 155 2116 271 1845 201 126 342 85 117 312 207 112 75 105
is_linear=0
shrinkage=0.05


Tree=54
num_leaves=27
num_cat=0
split_feature=3 6 5 7 14 7 10 31 6 9 14 3 0 10 10 0 14 13 11 3 9 0 3 13 11 9
split_gain=4.77472 5.11379 4.81352 4.74195 7.67094 6.61288 5.75881 5.54568 5.18827 4.71145 5.97383 5.99233 5.43029 5.22192 7.31549 4.66823 5.31695 4.57153 5.5018 5.36476 3.8699 3.69257 3.3957 3.57555 2.47334 0.961106
threshold=0.45706333220005041 -2.7325917482376094 -2.1951884031295772 1.2103722095489504 0.29134355485439306 1.3960134983062746 0.26118060946464544 -1.1897071003913877 -0.40916544198989863 0.5627761483192445 1.3282410502433779 -0.68245449662208546 -1.574338376522064 2.0789847373962407 1.1769044995307925 1.3492807745933535 0.26162545382976538 1.0120230317115786 -0.20234464108943936 1.1121121644973757 1.2390856146812441 -1.0000000180025095e-35 1.7107324600219729 -0.0071765473112463942 0.055052261799573905 0.33929356932640081
decision_type=2 2 2 2 2 2 2 2 2 2 2 2 2 2 2 2 2 2 2 2 2 2 2 2 2 2
left_child=1 -1 21 7 5 -5 -6 20 -7 10 12 -12 -4 14 -11 17 24 18 -9 -19 22 -3 23 -2 -17 -10
right_child=3 2 9 4 6 8 -8 15 25 13 11 -13 -14 -15 -16 16 -18 19 -20 -21 -22 -23 -24 -25 -26 -27
leaf_value=0.081620378234793955 -0.026261382386271001 0.0094455142889187903 -0.022439903791062327 0.034946664369132754 0.013360055736549635 0.0099154872556291296 0.081444732105839718 -0.020651737764334741 -0.066086879007576316 0.011041711215916725 0.0022910650761927527 -0.035014960727527265 0.0022450982005328929 0.061946768619130038 -0.022141284248603538 0.023956678993696436 0.054699002847277349 0.026418868211229303 -0.0025877979675726689 -0.017491836475709059 0.011994742325791353 0.070081516411664185 1.843295096119238e-05 -0.071803687368753533 -0.02397791293090273 -0.032711326113141426
leaf_weight=2.0308973789215079 8.837290182709701 5.6787945181131363 23.657258614897728 6.7528450340032604 7.155352830886839 6.2715489119291297 5.4877970665693283 75.679401122033596 4.4304989129304868 145.68259141594172 19.179284185171127 24.532776966691017 382.42198039591312 4.4840123206377021 18.74664293974638 4.9540992975235003 6.6515454798936835 19.228629171848301 95.148119620978832 10.89817690849304 4.632830783724784 4.5006577074527723 4.566276676952838 8.4122378677129745 5.8911803066730499 4.2035540044307709
leaf_count=9 42 24 109 29 32 28 24 338 22 654 83 106 1641 21 84 22 32 84 420 50 20 20 22 38 26 20
internal_value=-1.99013e-06 0.00240719 0.00215138 -0.00544604 0.0119651 -0.00610047 0.0429124 -0.00788471 -0.0246965 0.00159028 -0.00108354 -0.0186464 0.000807006 0.00871027 0.0072585 -0.00526666 0.019504 -0.00742341 -0.0105904 0.0105345 -0.0295083 0.0362546 -0.038322 -0.0484714 -0.0020815 -0.0498377
internal_weight=910.116 630.915 628.884 279.201 34.3016 21.6584 12.6431 244.9 14.9056 618.705 449.791 43.7121 406.079 168.913 164.429 218.451 17.4968 200.954 170.828 30.1268 26.4486 10.1795 21.8158 17.2495 10.8453 8.63405
internal_count=4000 2751 2742 1249 155 99 56 1094 70 2698 1939 189 1750 759 738 972 80 892 758 134 122 44 102 80 48 42
is_linear=0
shrinkage=0.05


Tree=55
num_leaves=17
num_cat=0
split_feature=3 2 0 13 30 5 3 0 6 5 0 5 7 8 7 6
split_gain=4.56444 4.45942 4.77771 4.56715 4.37654 4.03948 7.55967 6.68296 6.09059 5.65874 5.25596 4.03501 3.7124 5.94657 5.52373 1.00287
threshold=-2.0944153070449825 2.328278779983521 -0.5396541655063628 1.9230330586433413 0.21375562995672229 0.019933130592107776 0.88220763206481945 -0.49445556104183191 -0.98196029663085926 -0.14185686409473416 1.2929543256759646 -0.5229215919971465 -0.67598327994346608 -0.7738232910633086 -0.12853783369064328 -0.23859100043773648
decision_type=2 2 2 2 2 2 2 2 2 2 2 2 2 2 2 2
left_child=4 2 3 12 15 7 8 -4 -7 -9 -8 -3 13 -2 -14 -1
right_child=1 11 5 -5 -6 6 10 9 -10 -11 -12 -13 14 -15 -16 -17
leaf_value=0.035215359698710133 0.032857325640881251 0.066191197723300427 0.0431248270875682 0.034987489108201979 -0.00032712149191047664 0.02715397682888664 -0.015864534913746776 -0.00093089974496399393 0.006037327738978763 -0.020581168269193668 0.023426356493114673 0.0034186538463572614 -0.026899906324851893 -0.0050067094874010854 -0.0064852508924253989 0.070763291335957809
leaf_weight=4.0030663162469864 12.776471748948095 4.7311284095048904 7.8634276241064063 6.3985920399427405 7.5584123656153679 41.119569540023804 54.075530990958214 276.48563601076603 201.36663273721933 42.233645677566528 10.101538285613058 5.5786617398262006 44.355481080710888 55.03887864947319 130.98691531270742 3.9337762892246229
leaf_count=22 55 20 33 28 37 186 236 1183 875 181 45 25 204 244 605 21
internal_value=-2.08354e-06 -0.000468874 -0.000850686 -0.00671004 0.0269027 0.00145843 0.00557952 -0.0024113 0.00961818 -0.00353477 -0.00968011 0.0322248 -0.0078073 0.00212691 -0.0116494 0.0528342
internal_weight=908.607 893.112 882.802 249.556 15.4953 633.246 306.663 326.583 242.486 318.719 64.1771 10.3098 243.158 67.8154 175.342 7.93684
internal_count=4000 3920 3875 1136 80 2739 1342 1397 1061 1364 281 45 1108 299 809 43
is_linear=0
shrinkage=0.05


Tree=56
num_leaves=19
num_cat=0
split_feature=3 30 2 0 8 0 2 14 28 3 29 12 6 29 29 2 12 31
split_gain=4.17375 4.09741 4.04879 4.43516 5.16869 7.54564 3.95422 4.59933 6.79511 5.58834 4.47426 5.37696 5.07473 3.91248 4.15541 3.57193 2.95644 0.987406
threshold=-2.0944153070449825 0.21375562995672229 2.328278779983521 0.11363437026739122 -1.4814863204956052 -0.1718431934714317 0.63075059652328502 0.80854851007461559 0.21006065607070926 -0.96576580405235279 -0.86830243468284596 0.27307078242301946 1.95675265789032 -2.4287439584732051 -1.8085015416145322 -0.018956609070301052 -0.35268162190914149 -0.33273079991340632
decision_type=2 2 2 2 2 2 2 2 2 2 2 2 2 2 2 2 2 2
left_child=1 17 3 4 5 15 10 9 -9 -8 11 -5 -12 -6 -15 -2 -4 -1
right_child=2 -3 16 6 13 -7 7 8 -10 -11 12 -13 -14 14 -16 -17 -18 -19
leaf_value=0.032281466849282417 -0.031791786867981509 -0.00031073077521698306 0.0061045839551767166 0.0065636130671405356 0.051665141881726911 -0.068705472144300991 -0.046237911434089618 -0.0072336916438543305 0.048291500900869151 -0.0062711118054844112 0.010289389173190548 -0.022906309421677359 -0.030191295787928292 -0.037788183800451368 -0.0024834753260964551 0.0089561620373903635 0.059993794967916125 0.068059004110108887
leaf_weight=3.6043011546134949 9.9584102332592064 7.5592189356684685 5.5550758838653564 36.37483873963356 3.2782454937696448 7.2545762658119193 10.07086995244026 14.550189293920996 8.8684959560632688 66.498416438698769 234.22597045451403 26.942799627780914 8.0067298859357816 8.4972837716341001 435.5524702295661 11.693083524703978 4.6971195042133314 4.1477099210023862
leaf_count=20 45 37 24 158 14 32 44 63 38 287 1027 116 34 39 1925 53 21 23
internal_value=-1.61167e-06 0.0258825 -0.000445901 -0.000809125 -0.00408142 -0.0245727 0.00303361 -0.00559721 0.0137933 -0.0115278 0.00585795 -0.00597637 0.00895135 -0.00275728 -0.00315906 -0.00978549 0.0307943 0.0514242
internal_weight=907.336 15.3112 892.025 881.772 476.234 28.9061 405.538 99.988 23.4187 76.5693 305.55 63.3176 242.233 447.328 444.05 21.6515 10.2522 7.75201
internal_count=4000 80 3920 3875 2108 130 1767 432 101 331 1335 274 1061 1978 1964 98 45 43
is_linear=0
shrinkage=0.05


Tree=57
num_leaves=31
num_cat=0
split_feature=3 14 29 29 4 7 3 2 3 14 11 7 5 7 6 28 5 30 5 5 30 13 28 5 8 30 6 10 10 4
split_gain=4.1582 6.49969 5.5951 9.8723 7.31269 5.91642 6.80114 5.21 5.89603 5.44602 5.23686 7.88491 4.56297 4.08881 4.92937 6.23196 4.84514 4.16417 4.05569 6.44313 6.13151 6.5133 9.33709 5.03745 4.78994 5.56872 4.35319 3.91801 3.92864 3.67743
threshold=-0.48365810513496393 2.1630783081054692 0.031826752237975604 0.35495644807815557 1.1885296106338503 0.47816561162471777 0.27815455198287969 1.2690911889076235 0.79650360345840465 -0.46333862841129297 0.71597784757614147 -0.4332090020179748 0.47620581090450292 0.57963630557060253 1.199942469596863 -1.5441691279411314 0.19755961745977405 1.7101531028747561 -0.43045702576637263 -0.3940147310495376 0.40156219899654394 -0.91071018576621998 0.74380308389663707 -0.32977639138698572 1.6835718750953677 -0.030738011002540585 -2.1194897890090938 1.9451918005943301 -1.0708660483360288 0.35838983952999121
decision_type=2 2 2 2 2 2 2 2 2 2 2 2 2 2 2 2 2 2 2 2 2 2 2 2 2 2 2 2 2 2
left_child=1 13 18 4 5 12 -7 8 9 -5 11 -9 -4 17 15 -15 -17 27 20 -20 24 -22 -23 -21 25 -2 -25 28 -1 -10
right_child=2 -3 3 7 -6 6 -8 10 29 -11 -12 -13 -14 14 -16 16 -18 -19 19 23 21 22 -24 26 -26 -27 -28 -29 -30 -31
leaf_value=0.022569315313664719 0.003363099988591231 0.059729177978424731 0.014199870988105646 -0.013294239447973514 0.066511639552078727 -0.043561373984503396 0.014019863058440864 0.053745118123998493 -0.0097040978802870222 0.0068936667635845997 0.066158935307008268 -0.018216165978633403 0.050419268645712924 0.049674943190370142 -0.039251017679051391 -0.014784415938420998 0.013004856991499223 0.042045329346039467 -0.071180103861268801 0.033457219807881876 -0.058154501454744628 0.010965488938448511 -0.054740780566525551 0.038965362494960708 -0.039075835949978259 0.035026175291717893 -0.012477099654275325 0.049261982366459948 0.0021258283789173786 -0.03677170029617282
leaf_weight=27.416500702500343 46.459415510296822 5.3024169206619254 35.357634335756302 50.818328075110912 7.0845624506473532 8.4369708150625247 13.075880140066145 5.8962152451276824 35.894900031387806 97.504057668149471 4.8869121372699729 10.741091772913933 11.531790785491465 5.5954670757055274 9.5362586081027967 45.381973743438721 23.969917312264442 8.449702247977255 4.3828017860651007 6.4832721054553977 7.2924334704875937 21.844071120023731 7.1852315217256537 4.204364761710166 4.7647950351238242 19.806351482868195 188.17629426717758 5.1443979889154425 164.51722579449415 19.292712137103081
leaf_count=124 204 25 154 219 30 36 59 25 166 424 21 46 51 26 40 195 107 38 19 28 32 95 33 19 20 84 835 24 733 88
internal_value=-1.1161e-06 0.00487053 -0.00235526 0.00250851 0.0181555 0.0131471 -0.00856251 -0.0027402 -0.00521441 -2.31289e-05 0.0206532 0.00728671 0.0231075 0.00386753 -0.00539245 -0.00108431 -0.00517968 0.0076739 -0.00706122 -0.0112136 0.000800336 -0.0159101 -0.0052979 -0.00989198 0.00934527 0.012827 -0.0113529 0.00620023 0.00504605 -0.0191665
internal_weight=906.434 295.314 611.12 300.521 75.4868 68.4023 21.5129 225.034 203.51 148.322 21.5242 16.6373 46.8894 290.011 84.4836 74.9474 69.3519 205.528 310.599 203.247 107.352 36.3217 29.0293 198.864 71.0306 66.2658 192.381 197.078 191.934 55.1876
internal_count=4000 1312 2688 1319 330 300 95 989 897 643 92 71 205 1287 368 328 302 919 1369 901 468 160 128 882 308 288 854 881 857 254
is_linear=0
shrinkage=0.05


Tree=58
num_leaves=26
num_cat=0
split_feature=9 9 7 7 4 7 2 8 11 11 1 2 7 9 11 11 28 2 5 5 29 5 5 29 2
split_gain=3.58105 5.39258 3.97138 4.35119 7.55575 6.25221 5.59294 4.36375 3.86374 3.02614 7.22966 5.33915 4.63755 3.84269 3.01163 9.07721 5.09595 4.00093 3.78487 3.31534 7.19396 4.66923 2.19592 2.15881 1.69064
threshold=-0.6232297122478484 -0.64382126927375782 1.7709864377975466 1.2103722095489504 0.36865261197090154 0.7257002890110017 0.39796574413776403 -1.1548337340354917 0.82689008116722118 -1.4805760383605955 -0.64575621485710133 -0.81359601020812977 0.65747648477554332 1.0883486866950991 -1.1533399224281309 -1.1008979082107542 1.1717298626899721 -0.45372538268566126 -0.19084355980157849 -0.56399375200271595 -0.94301596283912648 -0.54222130775451649 0.21960639953613284 0.11803631484508516 0.46950380504131323
decision_type=2 2 2 2 2 2 2 2 2 2 2 2 2 2 2 2 2 2 2 2 2 2 2 2 2
left_child=1 2 3 5 6 7 -5 -1 -7 10 22 -12 13 -13 16 24 17 23 -19 20 -17 -21 -2 -11 -16
right_child=9 -3 -4 4 -6 8 -8 -9 -10 14 11 12 -14 -15 15 19 -18 18 -20 21 -22 -23 -24 -25 -26
leaf_value=0.019745540156906383 -0.066744308725130583 -0.048484208861276377 -0.03840108766598626 0.02404437111119867 0.066983235355022999 -0.017748469613638344 -0.03986638302433803 -0.004214245186037158 -0.06494104624803447 -0.02349609013861333 -0.035400406139158534 0.011734840480686131 -0.021283058719314643 0.064377741177418679 -0.02561792451865777 0.033420118364616211 -0.0314451520059967 0.0091577606443421274 0.052811216044524115 -0.045310556592832812 0.0043339884161220877 0.0010183147831247389 -0.020577165179394882 0.023077707583298766 -0.067868582947209197
leaf_weight=21.508961632847786 5.9737345427274686 6.9654861837625495 8.045086704194544 9.097314268350603 5.9171973168849936 23.16817727684975 5.4884197264909735 163.1431727707386 5.3360126614570609 5.3489385694265383 8.1935056149959546 15.973382085561758 8.2411577552556974 4.4273656904697409 4.7810729742050153 25.174582868814468 4.7304467856883994 7.9201595336198833 13.309554338455198 5.514198586344718 136.66742998361588 396.31733030825853 4.5279930531978607 4.652073010802269 4.6905399113893509
leaf_count=94 25 32 38 40 25 103 25 724 23 23 35 72 36 21 21 110 21 35 61 25 598 1753 20 20 20
internal_value=-9.60756e-07 -0.00511084 -0.0038609 -0.00267165 0.0193284 -0.00478778 -4.40448e-06 -0.00142332 -0.026583 0.00193473 -0.0102429 0.000190535 0.0103719 0.0231594 0.00288112 0.00200046 0.016917 0.0242423 0.0365254 0.00281613 0.00885835 0.000382559 -0.0468386 -0.00183181 -0.0465413
internal_weight=905.113 248.67 241.704 233.659 20.5029 213.156 14.5857 184.652 28.5042 656.443 47.3371 36.8354 28.6419 20.4007 609.106 573.145 35.9612 31.2307 21.2297 563.674 161.842 401.832 10.5017 10.001 9.47161
internal_count=4000 1104 1072 1034 90 944 65 818 126 2896 209 164 129 93 2687 2527 160 139 96 2486 708 1778 45 43 41
is_linear=0
shrinkage=0.05


Tree=59
num_leaves=31
num_cat=0
split_feature=6 29 1 11 4 1 8 6 6 1 28 7 5 14 6 4 31 5 28 28 1 9 10 31 4 4 10 4 9 11
split_gain=3.32424 4.68779 8.08466 8.80925 5.14649 4.85348 4.36097 6.39066 6.08197 5.80239 5.14936 6.00289 5.11649 6.95086 4.15735 4.15014 4.93216 4.03032 4.02681 5.23902 8.11465 4.91053 6.58592 5.37416 4.74544 9.19128 7.12324 4.75968 5.59941 4.3218
threshold=0.29019924998283392 1.435726583003998 -0.30954517424106592 0.52378329634666454 0.37856107950210577 -2.2544988393783565 -0.2025802209973335 -0.14703887701034543 -1.7569160461425779 -0.49005804955959315 -1.4781851172447202 0.15789182484149936 -0.064604785293340669 -0.899144947528839 -0.68399545550346363 -0.77714163064956654 -0.38149990141391749 -0.41200301051139826 0.15520664304494861 0.26830165088176733 0.49032357335090643 0.24616552889347079 0.93103933334350597 -0.53600826859474171 0.29772499203681951 1.3531775474548342 -0.16322401165962216 0.23449824005365374 -1.1495838165283201 -1.3296553492546079
decision_type=2 2 2 2 2 2 2 2 2 2 2 2 2 2 2 2 2 2 2 2 2 2 2 2 2 2 2 2 2 2
left_child=6 5 -3 4 -4 -2 7 8 9 -1 14 -12 13 -9 -10 -14 -17 -15 24 20 -20 22 -21 -23 27 29 -27 28 -8 -26
right_child=1 2 3 -5 -6 -7 18 12 10 -11 11 -13 15 17 -16 16 -18 -19 19 21 -22 23 -24 -25 25 26 -28 -29 -30 -31
leaf_value=-0.011620277302305778 -0.056942662990042109 -0.060881595492609832 -0.058273738460624919 0.052323006871101668 0.0025128445638752171 -0.0014144271777765606 -0.033953955716286476 0.055895895877704875 -0.067483958513966172 0.050690077722789877 0.011409884996031405 -0.0094778008723496853 0.068107306038385898 0.0075813153850008063 -0.0075849774423410003 0.049999638365021581 0.0093228515446111635 -0.035468626513672975 -0.059687993458302474 -0.0057384230607857144 0.020441611603255225 0.036772970202971753 -0.045232339489000399 -0.0017468913766453794 -0.02272397405993578 -0.048582051643903057 0.012053214109864426 -0.048052441072143591 0.0032912278646203968 0.028517706754269428
leaf_weight=5.5224990621209171 3.9860941022634497 9.5288562029600161 6.3212092667818087 5.0264184623956671 7.7525850832462311 308.15761180967093 11.27297095954418 5.5266026556491878 4.9570590704679489 11.550479695200918 74.452758632600307 63.934475436806679 6.7527865171432486 17.188392937183387 6.9697803407907468 12.084389813244345 19.441126465797424 7.9518488943576768 10.524287045001982 67.954188831150532 4.5150098055601111 12.376609101891516 12.497223928570746 33.737647697329521 4.4945972859859458 8.9996880888938922 10.488382458686827 5.5608678162097922 96.258350573480129 48.707634568214417
leaf_count=25 17 42 29 21 34 1355 50 24 21 53 330 282 29 77 31 54 88 35 46 303 20 57 54 149 20 40 46 25 429 214
internal_value=-9.09197e-07 -0.00389955 -0.0232636 -0.0044964 -0.0247893 -0.00212353 0.00235585 0.00753191 0.00225509 0.0305349 -0.000956986 0.00175984 0.0203431 0.00512553 -0.0324803 0.0325348 0.0249151 -0.00603536 -0.00138062 -0.00773221 -0.035632 -0.00441699 -0.0118734 0.00859146 0.00346062 0.0134281 -0.0159485 -0.00294598 -0.000613345 0.0241887
internal_weight=904.492 340.773 28.6291 19.1002 14.0738 312.144 563.72 236.332 167.387 17.073 150.314 138.387 68.9451 30.6668 11.9268 38.2783 31.5255 25.1402 327.387 141.605 15.0393 126.566 80.4514 46.1143 185.782 72.6903 19.4881 113.092 107.531 53.2022
internal_count=4000 1498 126 84 63 1372 2502 1049 742 78 664 612 307 136 52 171 142 112 1453 629 66 563 357 206 824 320 86 504 479 234
is_linear=0
shrinkage=0.05


Tree=60
num_leaves=31
num_cat=0
split_feature=0 6 31 3 3 10 29 7 29 29 4 1 29 30 4 29 8 8 2 8 5 3 5 5 3 30 5 30 10 3
split_gain=3.82219 5.49293 5.19585 4.98189 5.42791 10.1997 6.50658 5.26464 4.8842 9.34417 6.59208 5.83777 5.49085 4.46811 3.6511 4.1538 8.12781 3.63312 5.68591 3.78002 3.35067 3.11614 4.06533 4.38792 3.8496 3.06337 2.75629 2.50825 2.10508 1.76406
threshold=1.2121176123619082 0.65949496626853954 -0.6402684450149535 -0.42472903430461878 -0.34549261629581446 0.30895397067070013 0.47006864845752722 1.7029850482940676 0.031826752237975604 0.35495644807815557 0.048661310225725181 -2.5901659727096553 0.37308602035045629 0.40156219899654394 -0.012321893125772474 0.02157226670533419 0.16602759808301928 -0.66411316394805897 -0.89748868346214283 0.089546319097280516 -0.13493971526622769 -2.0944153070449825 1.3648311495780947 0.19755961745977405 -1.0492602586746214 -0.24985028058290479 -0.49970617890357966 0.21375562995672229 0.35096518695354467 -0.059380155056715005
decision_type=2 2 2 2 2 2 2 2 2 2 2 2 2 2 2 2 2 2 2 2 2 2 2 2 2 2 2 2 2 2
left_child=3 14 -3 7 5 6 -5 21 11 10 -10 -6 -11 -13 15 16 28 29 -19 -20 -4 27 23 -23 -24 -22 -17 -1 -2 -16
right_child=1 2 20 4 8 -7 -8 -9 9 12 -12 13 -14 -15 17 26 -18 18 19 -21 25 22 24 -25 -26 -27 -28 -29 -30 -31
leaf_value=0.049493541402349954 0.0055104332283376 0.023219702249367546 -0.0027448214377806175 0.020973889410889825 0.06341897820645169 -0.069545675287349784 -0.04705149633078131 -0.03226321507600724 0.004872099053434875 -0.063737402237990334 0.038803284341841264 -0.0038689765343350793 -0.0020726301426462444 -0.018016589879162267 0.01022263668947984 0.018204909865280287 0.059766598813665028 -0.058933620348489285 -0.017836065937106033 0.022569034598256474 -0.072473765481961633 0.0010106645562588323 -0.045104023541168076 0.015156151595711473 0.00020787269689313267 -0.016993161305781736 0.057873687648298783 0.0054528914913078499 -0.041878922816391259 0.05578222850507758
leaf_weight=7.0861483141779882 4.5212479978799802 8.6384703069925326 9.9982590526342427 10.177462071180345 2.8517327606678 8.9403806179761869 5.3699381947517386 9.5309655219316465 32.869621217250824 3.6824057698249808 25.356347277760506 169.69628325849771 183.5612632855773 83.155494712293148 4.0005617961287498 6.7523432821035394 5.0202357023954383 3.8911470919847515 9.7232341915369052 14.303748287260531 4.7994704693555832 150.84969028830528 7.692030698060992 86.122360214591026 11.999995946884153 5.1661622375249827 12.457923330366611 5.9455922693014145 4.8649506866931915 4.531135641038416
leaf_count=40 20 38 43 43 12 38 23 41 145 17 108 744 804 373 20 32 26 18 47 71 20 648 34 384 52 22 63 29 23 22
internal_value=-7.1e-07 0.00928737 -0.00917707 -0.00113931 -0.00400629 -0.0269917 -0.00252149 0.00425795 -0.0028832 0.00215461 0.0196485 -0.00771939 -0.00328535 -0.00852171 0.0168249 0.0287098 0.00841413 0.00586371 -0.00286272 0.00621791 -0.0231953 0.0055486 0.00433756 0.00615154 -0.0174917 -0.0437127 0.0439302 0.0294005 -0.0190519 0.0344191
internal_weight=903.557 98.6689 28.6024 804.888 525.661 24.4878 15.5474 279.227 501.173 245.47 58.226 255.704 187.244 252.852 70.0665 33.6167 14.4064 36.4498 27.9181 24.027 19.9639 269.696 256.664 236.972 19.692 9.96563 19.2103 13.0317 9.3862 8.5317
internal_count=4000 465 123 3535 2307 104 66 1228 2203 1074 253 1129 821 1117 342 164 69 178 136 118 85 1187 1118 1032 86 42 95 69 43 42
is_linear=0
shrinkage=0.05


Tree=61
num_leaves=31
num_cat=0
split_feature=3 7 14 7 31 10 13 12 13 11 9 9 14 3 14 8 8 30 10 8 9 1 8 7 13 14 31 7 3 13
split_gain=3.69978 4.22702 6.83652 5.94918 5.08219 4.9859 3.98884 4.98955 4.45238 5.74705 4.62844 3.98842 5.04779 6.19141 7.79213 4.89536 4.77453 4.83295 4.82872 4.62918 4.62428 4.53047 4.30152 9.10803 5.53552 6.94132 5.87857 5.30138 4.11492 4.06423
threshold=0.45706333220005041 1.2103722095489504 0.29134355485439306 1.3960134983062746 -1.1897071003913877 0.26118060946464544 1.0120230317115786 0.73630723357200634 0.66776409745216381 -0.25567984580993647 0.14853489398956302 -1.5772885084152219 1.2346114516258242 -0.72026985883712757 1.7677731513977053 0.91849458217620861 -1.0268427729606626 0.51438841223716747 0.061934953555464752 0.91849458217620861 0.0076021314598619947 -0.15005560964345929 -0.21124839037656781 0.15789182484149936 -1.1897689104080198 1.025458097457886 -0.74224960803985585 0.25432460010051733 0.2973997443914414 -0.59609678387641896
decision_type=2 2 2 2 2 2 2 2 2 2 2 2 2 2 2 2 2 2 2 2 2 2 2 2 2 2 2 2 2 2
left_child=11 4 3 -3 -2 -4 8 -8 10 -10 -6 15 22 14 21 16 -1 18 -18 20 -15 -14 23 28 26 -26 -24 -25 -13 -21
right_child=1 2 5 -5 6 -7 7 -9 9 -11 -12 12 13 19 -16 -17 17 -19 -20 29 -22 -23 24 27 25 -27 -28 -29 -30 -31
leaf_value=0.020384859320819262 -0.02799685488751787 0.033344735559119341 0.013414524458145781 -0.023393500389762421 0.0030786097218099061 0.076967508506426474 -0.0005249957891924668 0.043224414047109576 -0.055884088628578965 -0.0066467238786991128 -0.014097428081990921 0.023380471662666887 -0.039487821052899878 -0.052274278045841116 0.04844710937726484 0.024935529355154321 -0.068500388229262452 0.0013766866945332697 -0.017022400359973763 0.043606049907182316 -0.014701286377855831 0.01472855125843598 0.021248199097378156 -0.033992507473251062 0.0017878767523997906 0.041711018378734893 -0.028744132781666078 0.0032599516137540676 -0.0067688799488960175 -0.018129174927782248
leaf_weight=5.6130325496196738 26.047406874597073 6.7499756067991283 7.1158987283706647 14.641334153711794 89.505586460232735 5.4495251625776291 23.825430661439896 8.9710676670074445 10.253817006945612 14.042963862419127 69.815351158380508 100.67663493007421 7.1980568170547476 13.462056040763853 8.8024530559778196 6.8836863189935675 9.8450216501951271 8.264805391430853 8.4785838872194272 4.6147796362638474 20.906676881015301 8.2920252233743685 7.5246038138866416 10.718790099024771 259.48606319725513 11.364443421363829 26.910798534750938 87.610557146370411 12.750726006925104 6.3129281401634199
leaf_count=24 122 29 32 70 406 24 108 39 47 61 311 447 32 59 41 30 43 37 37 20 92 37 33 47 1137 51 115 387 54 28
internal_value=3.86943e-07 -0.00481718 0.0117048 -0.00548989 -0.00713108 0.040977 -0.0046197 0.0114421 -0.00748854 -0.0274261 -0.00444803 0.00212861 0.00315901 -0.00948344 0.0108818 -0.0133367 -0.0215181 -0.0303642 -0.0446808 -0.0204054 -0.0294184 -0.0104652 0.00486056 0.0103364 0.00106231 0.00346299 -0.0178201 -0.000800904 0.0199913 0.00794166
internal_weight=902.135 276.418 33.9567 21.3913 242.462 12.5654 216.414 32.7965 183.618 24.2968 159.321 625.717 586.632 69.589 24.2925 39.0851 32.2014 26.5884 18.3236 45.2964 34.3687 15.4901 517.043 211.757 305.286 270.851 34.4354 98.3293 113.427 10.9277
internal_count=4000 1249 155 99 1094 56 972 147 825 108 717 2751 2580 309 110 171 141 117 80 199 151 69 2271 935 1336 1188 148 434 501 48
is_linear=0
shrinkage=0.05


Tree=62
num_leaves=27
num_cat=0
split_feature=3 9 30 14 5 30 3 6 5 1 1 14 14 1 1 7 29 1 12 30 10 3 4 6 29 30
split_gain=3.44295 3.44397 4.01819 7.33926 6.04959 8.23201 3.36827 5.39658 4.90854 5.71067 5.35552 4.53682 4.36214 3.04634 6.14174 5.14369 5.67698 4.80363 5.55813 4.68482 6.28142 4.78312 3.82862 2.7481 2.61126 2.58754
threshold=2.4616270065307622 -0.61183530092239369 1.3688237071037295 -0.87245300412178028 0.54797700047492992 1.7489169239997866 -0.76328119635581959 1.95675265789032 -0.4903187602758407 1.165196478366852 1.4309762716293337 1.6798923015594485 -0.54070231318473805 0.9227406680583955 1.057814955711365 -0.79114401340484608 -0.64366880059242237 0.091216254979372038 1.6606592535972597 0.45365785062313085 -1.1039050221443174 0.79650360345840465 -1.2481507062911985 0.18866039812564853 0.15078871697187426 0.25663532316684728
decision_type=2 2 2 2 2 2 2 2 2 2 2 2 2 2 2 2 2 2 2 2 2 2 2 2 2 2
left_child=1 13 6 24 5 -5 8 11 9 -3 -10 -8 -9 17 -15 25 -17 19 22 21 -21 -1 -19 -6 -4 -16
right_child=-2 2 3 4 23 -7 7 12 10 -11 -12 -13 -14 14 15 16 -18 18 -20 20 -22 -23 -24 -25 -26 -27
leaf_value=-0.0023350992586603607 -0.037789684610889322 0.017867567754582515 0.05206672649541616 -0.05372254657548247 0.029005859477891818 -0.0032290280002459149 0.0033918163591701517 -0.067951032166596675 0.0073472055947820221 0.075353883626942925 -0.0389110259963499 -0.021002969297354433 -0.0082780751771208035 0.04977028594454503 0.048974367961708218 -0.049217720718804009 0.0014934579726538283 -0.060511734362510596 0.03420810233983989 0.056945405718907161 0.0037437293781285605 -0.030879768520772358 -0.017877550543365605 -0.020260692162058738 0.00049888944653997261 -0.00032364495065610353
leaf_weight=72.110063418745995 5.9872253984212866 36.95791320502758 5.3054854869842512 17.675387144088745 7.6238870173692685 14.856390029191969 427.00348591059446 4.8341085761785498 81.720774665474892 4.8919830173254004 6.7757498472928992 19.949321821331978 8.356933265924452 7.0703207999467841 6.315337195992468 7.5788516849279395 20.304431661963466 5.7666239291429511 4.7864340245723715 6.5709520503878585 35.643287919461727 18.425791472196579 60.634595394134521 4.5019973516464233 4.5690154880285263 4.600943997502327
leaf_count=313 30 168 24 77 34 65 1862 22 383 23 31 90 36 32 27 34 91 26 21 29 158 89 273 21 21 20
internal_value=1.13031e-07 0.000252961 0.00218335 -0.0108027 -0.0194281 -0.0306635 0.00338262 0.00137275 0.0104778 0.0245873 0.00380544 0.00230298 -0.0301464 -0.00473145 0.00691091 -0.000899222 -0.0122902 -0.00735006 -0.0178291 -0.00173065 0.012025 -0.00814449 -0.0215801 0.0107146 0.0282059 0.0281965
internal_weight=900.817 894.83 645.022 54.5322 44.6577 32.5318 590.49 460.144 130.346 41.8499 88.4965 446.953 13.191 249.808 45.8699 38.7996 27.8833 203.938 71.1877 132.75 42.2142 90.5359 66.4012 12.1259 9.8745 10.9163
internal_count=4000 3970 2857 242 197 142 2615 2010 605 191 414 1952 58 1113 204 172 125 909 320 589 187 402 299 55 45 47
is_linear=0
shrinkage=0.05


Tree=63
num_leaves=18
num_cat=0
split_feature=0 2 0 2 3 14 5 4 8 5 29 29 9 2 10 9 6
split_gain=3.69178 3.5356 3.69674 5.0972 5.49695 5.4401 4.11038 3.58424 3.86393 3.58066 3.43501 5.56191 5.00129 4.97078 4.83077 4.77658 1.57832
threshold=2.3604900836944585 2.328278779983521 -0.71623405814170826 -0.61172920465469349 -0.38885109126567835 0.41877654194831854 -0.20556193590164182 -1.5305198431015012 0.0095249013975262659 -0.5229215919971465 -0.16278833895921704 -0.11973853036761282 -2.1361757516860957 -2.0378558635711665 0.21473720669746402 0.97368916869163524 -0.0067627520766109219
decision_type=2 2 2 2 2 2 2 2 2 2 2 2 2 2 2 2 2
left_child=1 2 3 4 5 -1 -6 -5 -9 -3 12 14 -4 -14 -12 -13 -2
right_child=16 9 10 7 6 -7 -8 8 -10 -11 11 15 13 -15 -16 -17 -18
leaf_value=0.0092816586766999738 0.062075008148433475 0.061660854766069084 -0.057192750376115188 -0.051218328548013226 0.014308602732396571 0.064524137537177104 -0.020279510245718987 -0.0015030111512924272 -0.018104996066419181 0.0019396490988412428 0.064470431774718395 0.00071795534682757615 -0.039429912017862057 -0.00098708790119163064 0.0002432144226132125 0.016279449286231783 0.01555720240483505
leaf_weight=14.052876219153406 3.1241078451275826 4.6016155630350113 4.1810807138681403 5.4673327356576911 14.831800311803816 6.5262176394462577 20.408780574798584 68.858521364629269 71.374139077961445 5.5213032066822034 7.0252714753150922 311.70533546805382 8.6642015725374204 285.2493344694376 5.0193655788898468 58.579615198075771 4.3798724934458724
leaf_count=61 21 20 19 29 69 28 97 317 333 25 31 1350 37 1249 22 268 24
internal_value=-1.16555e-07 -0.000293893 -0.00063113 -0.00657939 0.00626795 0.0268006 -0.00572232 -0.0115014 -0.00995291 0.0290874 0.00113055 0.00426746 -0.00289278 -0.00212033 0.037705 0.00317981 0.0349238
internal_weight=899.571 892.067 881.944 201.52 55.8197 20.5791 35.2406 145.7 140.233 10.1229 680.424 382.33 298.095 293.914 12.0446 370.285 7.50398
internal_count=4000 3955 3910 934 255 89 166 679 650 45 2976 1671 1305 1286 53 1618 45
is_linear=0
shrinkage=0.05


Tree=64
num_leaves=11
num_cat=0
split_feature=3 12 2 14 3 6 8 9 30 12
split_gain=3.2509 3.95033 3.23886 3.16437 4.01217 3.71109 4.28994 4.20771 3.04816 2.69456
threshold=-2.0944153070449825 0.23058000206947329 2.328278779983521 2.4330677986145024 2.4616270065307622 0.29019924998283392 1.7781833410263064 0.68695878982543956 0.21375562995672229 -0.35268162190914149
decision_type=2 2 2 2 2 2 2 2 2 2
left_child=1 8 3 4 5 7 -7 -2 -1 -4
right_child=2 -3 9 -5 -6 6 -8 -9 -10 -11
leaf_value=0.033684779499932711 -0.00060869723805492533 0.053642227858789707 0.0042125293393092521 0.033501954121147141 -0.042957086235788769 -0.0060518955302542813 0.023938375483137785 0.0098206874552168987 -0.026434753426533883 0.056194169728354386
leaf_weight=3.8971424102783185 408.95272739231586 6.2063532620668402 5.4880633354187012 6.7059227526187888 5.6545234620571128 313.30160059034824 12.396034777164457 126.66243128478527 4.5934332087635994 4.5682209283113462
leaf_count=23 1805 34 24 29 29 1383 53 576 23 21
internal_value=1.39487e-08 0.0233226 -0.000387854 -0.000712605 -0.000977252 -0.000701654 -0.00491047 0.00185765 0.00115989 0.027826
internal_weight=898.426 14.6969 883.73 873.673 866.967 861.313 325.698 535.615 8.49058 10.0563
internal_count=4000 80 3920 3875 3846 3817 1436 2381 46 45
is_linear=0
shrinkage=0.05


Tree=65
num_leaves=25
num_cat=0
split_feature=0 0 7 11 28 29 6 12 29 9 10 29 3 10 31 28 3 6 14 1 14 13 1 6
split_gain=3.40481 3.04131 4.81501 4.49837 5.61429 4.04021 4.21361 3.6827 3.5081 3.48085 5.44762 5.17226 4.25399 6.16248 8.27427 6.00849 7.09385 5.81197 4.93332 4.01997 3.99626 2.2403 1.95516 1.51748
threshold=2.3604900836944585 -1.1846712231636045 -0.53037595748901356 0.90741327404975902 0.90392816066741954 -0.99340808391571034 -1.2680528759956358 0.31689211726188665 -0.20457473397254941 -1.0076335072517393 1.5508342981338503 -1.3696358799934385 -0.76328119635581959 -0.28772866725921625 1.1810263991355898 -0.10060022026300429 1.8263851404190066 0.99502751231193554 1.811250686645508 -1.0516383647918699 1.0000000180025095e-35 -0.40388852357864374 -0.042885186150670045 -0.0067627520766109219
decision_type=2 2 2 2 2 2 2 2 2 2 2 2 2 2 2 2 2 2 2 2 2 2 2 2
left_child=1 2 3 4 8 22 -7 -8 -1 10 11 20 13 14 -11 18 -17 -15 -14 -13 -3 -12 -4 -2
right_child=23 9 5 -5 -6 6 7 -9 -10 12 21 19 15 17 -16 16 -18 -19 -20 -21 -22 -23 -24 -25
leaf_value=0.030810054538508914 0.061283016408174365 0.06477180037220609 -0.025492085674552363 -0.033073227924867499 0.062517598817630957 0.025658354985150858 -0.027996767408709652 0.00021413455557167086 -0.011197109274494844 0.0046788582160585757 -0.017916811350252242 0.015921694475568487 0.0069709077900651289 0.023264989761678852 -0.04910712268198833 -0.0033292981234968461 -0.041753806804759673 -0.0090390103496453232 -0.031935739078471692 -0.010926429245961418 0.00094511609382786537 -0.066968974901987582 -0.073064330252610193 0.015053600738931383
leaf_weight=7.9108381196856543 2.9951655939221382 4.611477777361868 4.4793366342782974 5.73622241616249 5.1678539812564841 6.646375134587287 29.152315534651279 19.179116763174534 13.37003667652607 45.322907067835331 4.4542910754680634 16.347561404109001 240.50370325148106 76.890749119222164 8.4898247420787794 255.06206177920103 12.605343788862227 17.00241020321846 8.4333398789167386 94.761279225349426 5.237910196185112 4.8755734562873823 4.1708773598074895 4.3578025847673407
leaf_count=35 21 20 21 26 23 29 142 91 60 210 20 70 1040 362 38 1110 62 73 36 420 24 22 21 24
internal_value=3.61063e-07 -0.000279454 -0.0086947 0.00706523 0.0157705 -0.0166665 -0.0116689 -0.016802 0.00441841 0.000735259 -0.00673735 -0.00389785 0.00220083 0.00968361 -0.00380675 6.13728e-05 -0.00513884 0.0174153 0.00565285 -0.00697624 0.0308287 -0.0435503 -0.04843 0.0338847
internal_weight=897.764 890.411 95.813 32.185 26.4487 63.628 54.9778 48.3314 21.2809 794.598 130.288 120.958 664.31 147.706 53.8127 516.604 267.667 93.8932 248.937 111.109 9.84939 9.32986 8.65021 7.35297
internal_count=4000 3955 448 144 118 304 262 233 95 3507 576 534 2931 683 248 2248 1172 435 1076 490 44 42 42 45
is_linear=0
shrinkage=0.05


Tree=66
num_leaves=25
num_cat=0
split_feature=0 6 31 3 3 3 30 4 9 14 8 31 8 11 31 2 14 14 7 8 7 4 3 11
split_gain=3.2955 4.73395 4.80897 6.2473 4.03582 3.57883 4.14649 3.34109 4.84006 3.4937 4.73574 3.58279 3.23446 3.94134 3.17902 2.8593 2.74733 6.53867 6.32813 2.23341 2.04364 1.72282 1.4081 1.27669
threshold=1.2121176123619082 0.65949496626853954 -0.10168131440877913 -0.31868377327919001 2.4616270065307622 -1.9465773701667783 0.29083865880966192 -0.012321893125772474 -1.1332792043685911 0.23891874402761462 -0.66411316394805897 0.29470096528530126 0.27495397627353674 0.20863484591245654 0.54442191123962413 2.328278779983521 -0.84360527992248524 -0.17006385326385495 -0.62597680091857899 -0.19357135891914365 0.11391129717230798 -0.5851263403892516 0.22649029642343524 0.34501332044601446
decision_type=2 2 2 2 2 2 2 2 2 2 2 2 2 2 2 2 2 2 2 2 2 2 2 2
left_child=4 7 3 -3 5 6 23 12 -9 10 -10 -11 13 19 -4 16 18 -18 -7 -2 -14 -17 -15 -1
right_child=1 2 14 -5 -6 15 -8 8 9 11 -12 -13 20 22 -16 21 17 -19 -20 -21 -22 -23 -24 -25
leaf_value=0.054016518090159699 0.013057958255298478 -0.023964008534683993 -0.059875585528051445 0.041239331653062192 -0.048436405497154139 0.02040041240745424 -0.0070210501453686867 -0.038862496903369986 0.043965491814985706 0.059728232687186661 -0.012654014292996696 -0.00075219638014530207 0.029791792918685323 0.060050540008425496 -0.010474198322674787 0.048751640874219529 -0.011103916961382358 0.00020819667470169903 -0.0020430868726177718 -0.031481268106152697 0.072420444846776691 0.005393871724165872 0.020728689873151962 0.019203411893162693
leaf_weight=6.743792302906515 8.0824490487575513 6.7963404059410095 5.3610944151878348 7.9952699989080447 4.4696879163384429 43.778285518288612 7.8894966244697562 5.3027668893337241 4.8483082726597813 6.379324369132517 15.50032948702574 3.9741238504648209 6.285066679120062 4.6648661121726018 8.295544430613516 4.4511777311563492 181.8019131347537 429.62012518942356 111.14724436402321 4.3185463696718243 5.0871984958648682 4.7212291657924634 4.4471339210867882 4.3209130316972733
leaf_count=39 39 30 23 35 24 192 38 22 25 35 76 20 34 24 35 20 798 1892 488 21 26 21 20 23
internal_value=8.16966e-08 0.00868617 -0.00847278 0.0112802 -0.00105818 -0.000791629 0.020674 0.015772 0.00524859 0.0128673 0.000836266 0.0365131 0.0272936 0.0158926 -0.0298674 -0.00131626 -0.00164841 -0.00315538 0.00429891 -0.00245247 0.048861 0.0264345 0.0408594 0.0404215
internal_weight=896.282 97.3384 28.4482 14.7916 798.944 794.474 18.9542 68.8901 36.0049 30.7021 20.3486 10.3534 32.8853 21.513 13.6566 775.52 766.348 611.422 154.926 12.401 11.3723 9.17241 9.112 11.0647
internal_count=4000 465 123 65 3535 3511 100 342 178 156 101 55 164 104 58 3411 3370 2690 680 60 60 41 44 62
is_linear=0
shrinkage=0.05


Tree=67
num_leaves=14
num_cat=0
split_feature=14 3 14 3 3 31 9 9 14 3 1 28 4
split_gain=2.97133 3.4371 3.00061 7.85703 5.20768 5.74231 3.32977 4.28394 3.3084 3.02052 3.1522 2.85148 2.83586
threshold=2.4330677986145024 2.4616270065307622 1.6217024326324465 -0.66067150235176075 0.0099949305877089518 -0.67241796851158131 -0.6232297122478484 -0.64382126927375782 1.7677731513977053 -2.255994319915771 0.81569671630859386 -1.2060743570327757 -0.012321893125772474
decision_type=2 2 2 2 2 2 2 2 2 2 2 2 2
left_child=1 2 6 8 12 -6 7 11 -4 -8 -11 -1 -5
right_child=-2 -3 3 4 5 -7 9 -9 -10 10 -12 -13 -14
leaf_value=0.012716315372063273 0.032932500639941104 -0.039932501868316012 -0.011712368753997685 -0.027354493334330446 -0.05516067977139677 0.0063558225802984123 0.038974297754799436 -0.044627764327905391 0.038532619514155292 0.0040194140711135974 -0.0051043928902590151 -0.0052893927268542707 -0.079902984998574358
leaf_weight=24.704062588512897 6.7978251725435248 5.4235877841711035 5.4931866228580466 4.6789484322071075 5.3828082382679012 12.848519042134283 5.6494666785001746 6.4536488950252524 8.1177680641412717 486.38980323821306 117.54609364271164 200.00882430374622 5.6893574148416537
leaf_count=110 30 29 24 20 26 60 35 30 38 2151 526 896 25
internal_value=1.45368e-06 -0.000250531 -6.7847e-06 -0.0130153 -0.027897 -0.011807 0.000646317 -0.00446342 0.0182545 0.00258403 0.00224362 -0.00330992 -0.0561892
internal_weight=895.184 888.386 882.962 42.2106 28.5996 18.2313 840.752 231.167 13.611 609.585 603.936 224.713 10.3683
internal_count=4000 3970 3941 193 131 86 3748 1036 62 2712 2677 1006 45
is_linear=0
shrinkage=0.05


Tree=68
num_leaves=31
num_cat=0
split_feature=30 30 5 30 1 14 31 30 1 12 6 2 9 4 1 28 30 14 6 4 29 6 4 28 14 14 29 31 5 11
split_gain=2.86317 8.67019 7.4372 6.79752 5.33319 6.8909 4.9435 4.89037 4.14638 6.12391 3.9069 3.40962 9.64192 4.67366 5.80337 4.39587 4.04257 3.7815 4.14589 6.31075 5.01274 3.40899 3.25812 3.14318 3.0834 2.82868 2.72304 2.68851 2.4794 1.68695
threshold=1.3688237071037295 1.7489169239997866 0.54797700047492992 2.0423431396484379 -0.018988762982189652 0.14296566694974902 0.16193937510252002 1.0970046520233157 0.53348106145858776 -0.03176541440188884 -0.56802114844322193 -1.1088060736656187 1.0265552401542666 0.34823255240917211 -0.66336962580680836 -0.47892279922962183 -0.27543194591999048 2.4330677986145024 -0.30312448740005488 -0.61188155412673939 -1.7197644710540769 -1.1063196063041685 0.59198275208473217 1.0089207291603091 -0.10305221751332282 -0.091962251812219606 -0.45023460686206812 0.29470096528530126 0.028023801743984226 -1.0000000180025095e-35
decision_type=2 2 2 2 2 2 2 2 2 2 2 2 2 2 2 2 2 2 2 2 2 2 2 2 2 2 2 2 2 2
left_child=7 2 22 24 5 -5 29 11 10 -10 21 12 13 14 -1 -15 -14 18 19 -13 -20 -9 25 26 -3 -2 -12 -27 -6 -4
right_child=1 3 6 4 28 -7 -8 8 9 -11 23 17 16 15 -16 -17 -18 -19 20 -21 -22 -23 -24 -25 -26 27 -28 -29 -30 -31
leaf_value=0.0046326386735367668 -0.077907058424026343 0.010111093534356273 0.0026940278221317948 -0.027399871930936199 -0.058071241581169664 0.058671649911557738 0.044396469777892293 0.027731628379484272 -0.042092908837324208 0.034714932685612494 0.071261546221332045 0.019347775518617279 0.0015634389749758443 -0.028158396782746561 -0.030915122721169742 0.015004174601579965 0.053726049809000545 0.040528110459582739 0.024843446493180227 0.0012736761807369604 -0.0033106341856974936 -0.034966585678800878 -0.015538852040589267 -0.0022615006075700603 0.053248262821275066 -0.015251496512128461 0.031800798101600546 -0.065194628731013352 -0.010220059863485344 -0.042037183726575035
leaf_weight=15.199054799973963 6.9223009049892452 8.1541035920381564 4.4827752858400336 4.5525026619434374 5.622686564922331 4.7534232139587402 4.9934862107038489 4.4362251907587051 6.2032506018877029 4.4616494774818403 6.4628563076257732 65.242269434034824 7.0940602123737335 8.3666361048817652 46.940304294228554 19.99953456223011 7.7963326871395093 6.0772210210561743 16.46926798671484 185.93170624226332 394.97084125876427 4.2401320636272413 8.672008812427519 4.3664258345961562 8.4203496351838094 6.1666484624147433 13.512217417359354 4.7859644591808319 5.2205640524625778 3.9783283174037924
leaf_count=67 31 38 20 20 25 21 22 20 28 20 28 299 31 37 209 87 35 27 75 830 1763 20 39 20 37 27 59 21 24 20
internal_value=1.19559e-06 -0.00923411 -0.0253387 0.00830795 -0.0112023 0.0165651 0.00494494 0.000867674 0.0171443 -0.00996043 0.0258993 -5.08386e-05 -0.00840935 -0.0145435 -0.0222203 0.00227332 0.0288748 0.00126659 0.000906499 0.00596841 -0.00218367 -0.00290896 -0.0406872 0.0361678 0.0320261 -0.0528879 0.0445682 -0.0370752 -0.0350329 -0.0183382
internal_weight=894.495 76.7251 40.0015 36.7236 20.1492 9.30593 13.4546 817.77 43.6828 10.6649 33.0179 774.087 105.396 90.5055 62.1394 28.3662 14.8904 668.691 662.614 251.174 411.44 8.67636 26.5469 24.3415 16.5745 17.8749 19.9751 10.9526 10.8433 8.4611
internal_count=4000 345 180 165 90 41 62 3655 195 48 147 3460 466 400 276 124 66 2994 2967 1129 1838 40 118 107 75 79 87 48 49 40
is_linear=0
shrinkage=0.05


Tree=69
num_leaves=25
num_cat=0
split_feature=3 11 8 29 5 30 7 2 9 28 13 6 28 13 9 31 5 3 5 10 10 6 7 5
split_gain=2.73677 4.40942 5.44522 5.59509 5.28932 5.98561 4.38207 3.8404 3.45748 5.34936 5.99891 4.29753 4.06166 3.74491 6.40157 4.10839 3.5947 2.57084 2.43964 3.09846 3.25475 1.66518 0.87345 0.740751
threshold=1.2236917614936831 -0.20234464108943936 -1.1121838688850401 -1.4059448242187498 1.2046120762825014 -1.0282619595527647 1.2103722095489504 2.328278779983521 -1.6113610863685606 -0.22178562730550763 -0.2574926614761352 2.4375346899032597 -0.62950462102890004 -1.1897689104080198 1.1593646407127383 -1.5248190760612486 0.48755674064159399 -0.26436139643192286 -1.0252284407615659 -1.0708660483360288 1.0509230494499209 -0.076373968273401246 -0.19454180449247357 0.22898600250482562
decision_type=2 2 2 2 2 2 2 2 2 2 2 2 2 2 2 2 2 2 2 2 2 2 2 2
left_child=7 6 23 -4 5 -5 18 8 9 12 17 13 21 14 -10 -15 -12 -11 -2 -20 -21 -1 -9 -3
right_child=1 2 3 4 -6 -7 -8 22 11 10 16 -13 -14 15 -16 -17 -18 -19 19 20 -22 -23 -24 -25
leaf_value=-0.037597688336710532 0.003963531791747776 -0.052436797686175832 0.058900363816522742 -0.046370418305122757 -0.041429738143820935 0.016772356501220571 0.021966650337785044 0.049535767692112598 -0.013311197838746035 0.052716041840135758 -0.035543975324837822 -0.044966390758888947 -0.071571735634200634 -0.011692405868570246 0.024426668842610841 0.0041311434717423035 0.013531948560059986 0.0053435741552516078 0.008847682476994502 -0.045346261937838042 -0.00077107512351819044 0.0016439969714744961 0.018006691328596412 -0.021491401956032725
leaf_weight=5.4916095584630975 5.7949724346399298 3.9551382586359969 4.8351416736841193 4.2548912912607149 5.9838868528604499 31.830731511116031 5.4787495657801619 4.4136112928390503 77.1410818323493 5.4934020936489105 11.03637905418873 4.9611933901906005 5.3409083634614936 44.012159392237663 13.153716638684271 603.53769110888243 5.6372908204793921 5.9832575917243975 4.1780267953872707 22.786630935966972 4.9923843741416922 5.3244793117046365 4.3730700463056547 3.7840012460947037
leaf_count=24 26 21 22 20 29 145 27 20 339 24 49 23 25 197 61 2676 25 28 19 114 23 24 20 19
internal_value=1.0291e-06 -0.00788883 0.00155073 0.00796203 0.00210757 0.00932713 -0.0198205 0.000971273 0.000604309 -0.0129642 0.000197836 0.00141365 -0.0358963 0.0017255 -0.00781372 0.00305566 -0.0189516 0.0280188 -0.0258848 -0.0312974 -0.0373353 -0.01828 0.033844 -0.0373063
internal_weight=893.774 97.8746 54.6438 46.9047 42.0695 36.0856 43.2308 795.9 787.113 44.3073 28.1503 742.806 16.157 737.845 90.2948 647.55 16.6737 11.4767 37.752 31.957 27.779 10.8161 8.78668 7.73914
internal_count=4000 465 256 216 194 165 209 3535 3495 199 126 3296 73 3273 400 2873 74 52 182 156 137 48 40 40
is_linear=0
shrinkage=0.05


Tree=70
num_leaves=30
num_cat=0
split_feature=0 2 12 6 13 31 7 30 4 2 5 0 3 13 11 4 10 28 28 7 0 10 2 12 12 0 13 7 2
split_gain=3.28503 3.78522 4.09564 3.67541 4.00108 6.93022 5.35613 4.66397 6.15995 4.6408 6.32572 5.63415 3.5255 3.82596 4.85035 5.05009 4.66696 6.31545 3.97751 3.34705 3.15854 3.12764 3.30821 6.15826 3.6212 2.73566 2.68582 2.86282 2.54576
threshold=0.11363437026739122 1.9930580854415896 -0.3774730116128921 -1.8187515735626218 -0.59609678387641896 -1.0416305065155027 -1.6072493791580198 1.7489169239997866 -2.235093235969543 0.63075059652328502 -0.57604479789733876 0.5173965096473695 0.23518273979425433 -0.85588920116424549 -1.9894763231277464 1.5772526264190676 -0.53272187709808339 0.78978839516639721 -0.03850379399955272 -0.048298388719558709 0.4185140877962113 2.0789847373962407 -1.3182885050773618 0.39762105047702795 0.20268806070089343 1.1937797665596011 0.72972452640533458 0.33246609568595892 0.18324483931064608
decision_type=2 2 2 2 2 2 2 2 2 2 2 2 2 2 2 2 2 2 2 2 2 2 2 2 2 2 2 2 2
left_child=1 12 -3 26 5 19 20 8 -8 10 -7 -11 21 16 -15 -16 18 -18 -14 -5 -6 22 23 -1 -24 -22 27 -2 -9
right_child=3 2 -4 4 6 9 7 28 -10 11 -12 -13 13 14 15 -17 17 -19 -20 -21 25 -23 24 -25 -26 -27 -28 -29 -30
leaf_value=0.0044633606538268906 -0.0086876462974709422 -0.0060867899866979998 0.056175852320541932 0.06746614837261615 0.01006126006578271 0.037357225541905265 -0.059625285414090193 0.059869319890090526 0.00089582724771629949 0.022247925425541826 0.0022695116371145171 -0.030221356417569983 0.033881378498327223 0.060016054625314112 -0.0042527676988979328 -0.044027405252026475 -0.049056838178458455 0.0078679254872079125 -0.034115678092842647 0.019745370414141528 -0.053672061589105674 0.037450806504328235 -0.0040979681223667205 -0.042631324518896098 0.0077666130929168464 -0.0062553341677813873 0.061323222401835159 0.041338711458343676 0.0082107288255569462
leaf_weight=15.075077533721926 6.1591629162430745 5.0078296661376953 5.5889682024717313 7.0755730718374252 4.428189322352412 18.321417734026909 4.2725430130958548 5.046618700027464 263.57878313958645 7.5337013900280025 42.974912367761135 15.944912165403364 5.4540054351091385 2.7763678431510916 127.49718923121691 8.513308256864546 19.353822901844982 6.5117422193288794 3.5508429482579213 7.6439897716045362 9.4523935690522176 5.4261672943830481 153.6041889116168 12.865670844912527 110.63041546940804 4.4852578938007346 4.1844599097967139 5.3386108130216599 4.5218185931444168
leaf_count=66 31 22 25 33 20 80 19 23 1168 32 191 68 25 12 598 40 95 32 20 34 41 25 670 56 486 21 22 25 20
internal_value=-1.28852e-07 -0.00280105 0.0267518 0.00328396 0.00234213 0.0110157 -0.000575412 0.00115577 -6.95555e-05 0.00551698 0.0127572 -0.0133853 -0.00346558 -0.00912695 -0.00540691 -0.00674238 -0.023933 -0.0347258 0.00706839 0.0426844 -0.0267253 -0.000162036 -0.000860567 -0.017222 0.000869525 -0.0384129 0.0270234 0.0145404 0.0354567
internal_weight=892.818 481.856 10.5968 410.962 395.28 99.4945 295.786 277.42 267.851 84.7749 61.2963 23.4786 471.259 173.657 138.787 136.01 34.8704 25.8656 9.00485 14.7196 18.3658 297.602 292.175 27.9407 264.235 13.9377 15.6822 11.4978 9.56844
internal_count=4000 2172 47 1828 1750 438 1312 1230 1187 371 271 100 2125 822 650 638 172 127 45 67 82 1303 1278 122 1156 62 78 56 43
is_linear=0
shrinkage=0.05


Tree=71
num_leaves=31
num_cat=0
split_feature=0 7 6 4 12 11 14 1 11 5 7 8 7 2 0 2 28 1 28 7 30 28 11 6 7 12 12 30 12 11
split_gain=3.0368 4.33888 4.69786 3.8486 4.21598 4.70229 4.17078 3.38729 3.37518 4.82539 4.12007 3.06975 2.9512 5.28051 4.79042 4.21777 6.21115 5.64506 4.55476 5.77862 8.55178 7.43197 5.10499 4.85107 4.16707 9.34606 6.16851 4.00082 5.34031 2.67401
threshold=1.2121176123619082 -1.8591616749763487 0.65949496626853954 -0.012321893125772474 0.36710381507873541 0.084916107356548323 -0.42069607973098749 0.060271468013525016 -0.041420333087444298 -0.13493971526622769 0.19897776842117312 -0.61051183938980091 0.65747648477554332 -1.8221772909164426 -1.2058929204940794 -1.0567514300346372 -0.96221974492073048 -0.29127377271652216 0.54643803834915172 0.245854027569294 -1.4693890213966367 0.38866908848285681 -1.8520017862319944 0.087758418172597899 1.0661479234695437 -0.96789792180061329 -0.88021948933601368 1.066494941711426 1.5581357479095461 -0.32125879824161524
decision_type=2 2 2 2 2 2 2 2 2 2 2 2 2 2 2 2 2 2 2 2 2 2 2 2 2 2 2 2 2 2
left_child=12 -2 3 6 11 -6 7 -3 9 -4 -10 -5 15 -14 29 16 17 -1 19 21 -21 -17 -20 -24 25 -16 -26 28 -18 -15
right_child=1 2 8 4 5 -7 -8 -9 10 -11 -12 -13 13 14 24 18 27 -19 22 20 -22 -23 23 -25 26 -27 -28 -29 -30 -31
leaf_value=0.062914231375704774 -0.051834864295667041 -0.027393489013425511 0.0063147188258131761 0.024739616510106567 0.057892095624531119 -0.0052073385691879144 0.04349526201705637 0.029887042745044362 0.040679741432508548 -0.048925944235607727 -0.01855408513353456 -0.017096116257356447 0.040495663168477011 -0.054770335500070967 -0.047968847307134167 0.00015746112070996358 -0.01410476217636125 -0.0058447309829311274 0.043459524175185262 -0.044270213812196466 0.022771584481008925 0.032272807037004407 0.0019924964459407855 -0.016808980707314108 0.027747935352417531 -0.0049717357106069454 -0.0039708784284170177 0.017975531448504136 -0.061494002270538028 -0.017410161735679896
leaf_weight=5.2462953329086304 2.9018332660198203 4.6068228334188479 7.6715419441461554 5.8946105912327758 6.7245679125189763 5.263688251376152 20.447827234864235 5.8690288066864014 6.3223778977990133 8.1563098132610339 5.4803138226270676 17.118899628520015 5.904519870877265 7.1224941611290005 15.610616683959959 263.01247853040695 60.14141546189785 6.9255258291959745 5.2445888370275489 5.1127288639545432 68.306817583739758 19.338916063308716 73.35850664973259 64.448912054300308 18.931730404496193 66.377453401684761 80.524891711771488 8.322746738791464 6.5970513075590125 14.621602185070513
leaf_count=23 13 21 33 30 35 27 108 28 29 35 23 83 26 37 69 1166 268 30 24 23 302 86 328 292 82 290 351 37 29 72
internal_value=-4.89101e-08 0.00837807 0.0102457 0.0174993 0.00614407 0.030187 0.030352 0.00469756 -0.00706106 -0.0221516 0.0131758 -0.00638044 -0.00101638 -0.00611608 -0.00747058 0.000803092 -0.0093401 0.0237917 0.00257691 0.00560655 0.018103 0.00235712 -0.00495782 -0.00680046 -0.00481289 -0.0131584 0.00206685 -0.0147127 -0.0187892 -0.0296479
internal_weight=891.607 96.4578 93.556 65.9254 35.0018 11.9883 30.9237 10.4759 27.6305 15.8279 11.8027 23.0135 795.149 209.093 203.189 586.056 87.233 12.1718 498.823 355.771 73.4195 282.351 143.052 137.807 181.445 81.9881 99.4566 75.0612 66.7385 21.7441
internal_count=4000 465 452 332 175 62 157 49 120 68 52 113 3535 927 901 2608 387 53 2221 1577 325 1252 644 620 792 359 433 334 297 109
is_linear=0
shrinkage=0.05


Tree=72
num_leaves=25
num_cat=0
split_feature=0 0 8 7 13 30 12 14 9 10 12 13 30 3 10 31 28 3 28 7 30 13 14 6
split_gain=2.86504 2.56361 5.49914 9.63317 3.50843 3.42096 4.08944 3.37522 2.72546 4.97716 4.85082 6.68879 5.89036 3.56413 5.56 7.3685 5.3591 6.09752 5.34384 4.48732 2.36121 1.97541 1.64952 1.48823
threshold=2.3604900836944585 -1.1846712231636045 -1.0585409998893736 -0.22328536212444303 0.069608476012945189 1.2914354801177981 1.210594177246094 -1.5251709818840025 -1.0076335072517393 1.5508342981338503 -0.82231956720352162 0.13766320794820788 -0.40218277275562281 -0.76328119635581959 -0.28772866725921625 1.1810263991355898 -0.10060022026300429 1.8263851404190066 -0.28048901259899134 -0.93841859698295582 1.6314255595207217 -0.40388852357864374 -0.20858070254325864 -0.0067627520766109219
decision_type=2 2 2 2 2 2 2 2 2 2 2 2 2 2 2 2 2 2 2 2 2 2 2 2
left_child=1 2 3 -1 -5 6 7 -4 9 10 12 -12 -3 14 15 -10 19 -18 -16 -15 -7 -11 -8 -2
right_child=23 8 5 4 -6 20 22 -9 13 21 11 -13 -14 16 18 -17 17 -19 -20 -21 -22 -23 -24 -25
leaf_value=0.076932491247164114 0.06010760878889683 -0.019042768853062438 -0.055226021257184114 0.02182435946017211 -0.041255019972807352 -0.071515106247114754 0.043861108600614228 -0.010825328076453779 0.0041175380473851882 -0.017319589677887156 -0.01987435389047933 0.0061582714067682474 0.037541740698961129 -0.009433532479724574 0.0014905682853599295 -0.046559493997515002 -0.0032456040946430074 -0.039376458650527912 0.02601539969876291 0.0083890726174111092 -0.0169803486841788 -0.063763799391902146 0.00084568424378029324 0.013084632432740929
leaf_weight=4.9584998935461035 2.796537421643734 6.8863425850868252 4.6122315078973761 4.3454056829214078 4.4738047569990158 3.9578951597213736 4.4096135348081589 59.452747277915478 44.916457325220108 4.4046337530016899 53.382496505975723 45.88285144418478 13.84809300303459 42.677457079291344 36.856345683336258 8.5361065268516523 253.57297542691231 12.240852169692515 55.900382593274117 204.77689218521118 3.9815636649727821 4.7675747573375684 4.5062042623758298 4.2243772223591796
leaf_count=22 21 31 23 21 21 21 20 281 210 20 238 203 62 185 171 38 1110 62 264 891 19 22 20 24
internal_value=4.97803e-07 -0.000252363 -0.0080256 0.0211747 -0.0101745 -0.0129973 -0.00960649 -0.0140219 0.000681017 -0.00596044 -0.00324698 -0.00784144 0.0187488 0.00198188 0.0088689 -0.00397533 2.00483e-05 -0.00490945 0.0162706 0.00531528 -0.0441664 -0.0414606 0.0221204 0.0318146
internal_weight=890.368 883.347 94.698 13.7777 8.81921 80.9203 72.9808 64.065 788.649 129.172 120 99.2653 20.7344 659.477 146.209 53.4526 513.268 265.814 92.7567 247.454 7.93946 9.17221 8.91582 7.02091
internal_count=4000 3955 448 64 42 384 344 304 3507 576 534 441 93 2931 683 248 2248 1172 435 1076 40 42 40 45
is_linear=0
shrinkage=0.05


Tree=73
num_leaves=31
num_cat=0
split_feature=30 30 5 30 1 14 31 30 1 12 6 13 7 31 31 8 14 8 5 1 9 1 2 6 6 6 13 14 5 13
split_gain=2.61884 7.50422 6.7481 6.28982 4.69381 6.16425 4.31034 4.29196 3.75604 5.38291 3.55019 3.46016 5.47038 3.13251 6.81821 5.40373 4.04853 3.98091 3.23669 3.28332 3.10322 4.70941 3.29469 3.03259 2.8552 3.99315 2.72104 4.80974 2.2362 1.75916
threshold=1.3688237071037295 1.7489169239997866 0.54797700047492992 2.0423431396484379 -0.018988762982189652 0.14296566694974902 0.16193937510252002 1.0970046520233157 0.53348106145858776 -0.03176541440188884 -0.56802114844322193 0.35607109963893896 0.18292547762393954 -2.0087285041809078 -1.7126532793045042 0.23306366801261905 -0.12432960420846938 -0.72233802080154408 -0.53509870171546925 0.56992417573928844 -0.59176698327064503 0.9227406680583955 0.60232076048851024 -1.1063196063041685 0.087758418172597899 -0.81340622901916493 0.082871943712234511 0.19160216301679614 0.028023801743984226 -0.74620327353477467
decision_type=2 2 2 2 2 2 2 2 2 2 2 2 2 2 2 2 2 2 2 2 2 2 2 2 2 2 2 2 2 2
left_child=7 2 26 24 5 -5 -4 13 10 -10 23 12 -12 15 18 17 -17 -1 -15 -20 21 -16 -22 -9 25 -3 29 -28 -6 -2
right_child=1 3 6 4 28 -7 -8 8 9 -11 11 -13 -14 14 20 16 -18 -19 19 -21 22 -23 -24 -25 -26 -27 27 -29 -30 -31
leaf_value=0.025562958325339627 -0.030308152698442642 0.045669665720498888 -0.016915535481270214 -0.026729793266379556 -0.055886799348634053 0.055064184301696198 0.041884316484088635 0.025920107816439098 -0.040176211155600161 0.032301097401785668 0.051892967000190075 0.06092506564643442 -0.0065120844518849145 -0.069085022040565033 -0.0085122216216453137 0.079107922763986538 0.014686045094710193 -0.038216126724445069 -0.0036585642700825297 -0.055235204700656064 0.0046827496238679633 0.010773121029963882 -0.0042830544780603184 -0.033541467658397391 0.05656553007587424 -0.01738982137622512 -0.052079744887555159 0.015538227291008769 -0.010205314438168082 -0.064837878747039543
leaf_weight=4.8626147955656052 5.9146588891744605 4.9677794277668008 8.3517633154988271 4.5351808518171328 5.5504212975501996 4.680899515748024 4.9722993820905677 4.3866420686244965 6.1208606511354446 4.4059052765369398 7.5476527661085191 8.1059910058975202 8.5517169907689077 4.1754971444606808 170.31667029857635 4.7523868680000305 5.0094493478536588 4.9242301881313342 10.248316675424574 4.4149363934993735 382.2204550281167 38.882591292262077 139.99469640851021 4.1947630867362005 6.3849853798747054 5.0752468481659898 5.3741468191146833 5.1501791626214981 5.1784012019634247 9.8004559800028819
leaf_count=22 28 22 40 20 25 21 22 20 28 20 33 35 39 19 769 21 22 23 48 20 1715 173 628 20 29 24 23 23 24 44
internal_value=1.26658e-07 -0.00887985 -0.0239508 0.00751307 -0.0113571 0.0148138 0.00502751 0.000829423 0.0161438 -0.00984133 0.0244868 0.0342833 0.0208692 -3.22533e-05 -0.000547105 0.0197271 0.0460488 -0.00652735 -0.0302471 -0.0191877 0.000217867 -0.00492777 0.00227921 -0.0031459 0.030423 0.0138025 -0.0386656 -0.0189902 -0.0338381 -0.051842
internal_weight=889.052 75.9364 39.5635 36.3729 19.9449 9.21608 13.3241 813.115 43.3135 10.5268 32.7868 24.2054 16.0994 769.802 750.253 19.5487 9.76184 9.78684 18.8388 14.6633 731.414 209.199 522.215 8.58141 16.428 10.043 26.2394 10.5243 10.7288 15.7151
internal_count=4000 345 180 165 90 41 62 3655 195 48 147 107 72 3460 3372 88 43 45 87 68 3285 942 2343 40 75 46 118 46 49 72
is_linear=0
shrinkage=0.05


Tree=74
num_leaves=31
num_cat=0
split_feature=0 8 31 31 4 2 7 28 5 4 31 5 7 4 13 5 13 31 4 12 31 12 12 6 8 3 3 2 4 12
split_gain=2.74058 4.53239 5.17667 3.724 8.258 7.60068 7.15226 9.62428 6.78758 6.18308 4.49357 6.00718 5.55356 5.31445 4.90598 3.45817 3.41918 8.68031 4.47817 5.20204 3.33216 3.32071 4.78566 6.30991 3.87479 4.29422 2.74852 2.70262 2.50354 1.59155
threshold=0.13464162498712542 -1.4814863204956052 0.32535514235496527 0.069658707827329649 1.713055491447449 1.6701706647872927 -0.070463646203279481 -0.18601296097040174 1.1505079269409182 1.8713681697845461 0.57055571675300609 -1.9475631117820738 -1.5714143514633176 0.1246599741280079 1.5792410969734194 -0.64193460345268238 -1.2284127473831175 1.0532351732254031 0.53425341844558727 -0.094681393355131135 -0.71317589282989491 1.210594177246094 2.2809116840362553 -1.1063196063041685 -1.339006721973419 -0.92128214240074147 0.025852289050817493 -0.14742150157690045 -0.22607041895389554 0.27307078242301946
decision_type=2 2 2 2 2 2 2 2 2 2 2 2 2 2 2 2 2 2 2 2 2 2 2 2 2 2 2 2 2 2
left_child=1 2 15 4 5 6 8 -8 -2 10 12 -12 -5 -13 -14 -1 17 18 19 -3 -20 24 23 -23 -18 -26 -4 -17 -29 -6
right_child=3 16 26 9 29 -7 7 -9 -10 -11 11 13 14 -15 -16 27 21 -19 20 -21 -22 22 -24 -25 25 -27 -28 28 -30 -31
leaf_value=0.0040579542257521547 0.02303839037223104 0.0088395749923637097 0.037962228415848016 -0.064755002434800854 0.031989367171195361 -0.039193930856039727 0.016788388945677149 -0.014771123636905623 -0.018871880542471721 -0.044373766910696895 0.06931147418603828 -0.0055631516157944837 -0.0026007491480703991 0.016929743872461725 -0.055931943309225053 -0.072881451527019692 0.033442626092819491 0.039048090426104312 -0.011291384872342139 -0.029036171672715751 -0.065435503953224103 0.068845777382836301 -0.035231152712778963 0.010797906097497388 0.0095368414232633869 -0.0047191455813473974 -0.017538246784113528 -0.05950496918312817 -0.0095572225242706327 0.069965249048461978
leaf_weight=4.399510979652411 77.648119620978832 16.870903067290779 4.4801671504974347 4.3388263881206504 5.9219734817743284 9.1392789483070356 41.234500542283058 58.329771526157856 11.033594891428946 8.2315929085016233 3.646461382508277 61.416321493685246 61.262675352394581 45.877341948449612 4.6387582272291175 5.9095063507556977 7.8454584777355185 7.0369705855846396 4.3987237885594359 19.594506412744526 8.0272637605667096 5.3768001049756995 4.6403953433036795 36.205887146294117 64.787069007754326 286.06841418147087 4.4428713321685791 4.315622374415403 5.992206767201413 5.1654929518699646
leaf_count=21 356 76 19 18 26 40 187 254 54 36 16 272 274 204 20 28 34 32 20 93 37 23 20 163 297 1289 21 20 27 23
internal_value=-1.51659e-07 -0.00250179 -0.021488 0.00308311 0.0076939 0.00533537 0.00749725 -0.00170077 0.017824 -0.00199167 -6.61185e-05 0.00619942 -0.00996215 0.00405451 -0.0063547 -0.0352581 -0.0012848 -0.0128731 -0.0203462 -0.0115128 -0.0462688 0.000315786 0.0129293 0.0183037 -0.00130962 -0.00208671 0.010328 -0.0459239 -0.0304691 0.0496818
internal_weight=888.277 490.392 29.5399 397.885 208.473 197.385 188.246 99.5643 88.6817 189.412 181.18 110.94 70.2403 107.294 65.9014 20.6168 460.852 55.9284 48.8914 36.4654 12.426 404.924 46.2231 41.5827 358.701 350.855 8.92304 16.2173 10.3078 11.0875
internal_count=4000 2220 136 1780 940 891 851 441 410 840 804 492 312 476 294 96 2084 258 226 169 57 1826 206 186 1620 1586 40 75 47 49
is_linear=0
shrinkage=0.05


Tree=75
num_leaves=20
num_cat=0
split_feature=0 3 12 30 0 4 14 8 12 0 6 0 31 5 3 11 30 0 29
split_gain=2.61062 2.42635 3.7512 2.80154 2.44378 4.78428 4.68272 6.47169 4.9563 3.90236 7.12613 3.28864 3.9459 3.82839 6.03186 4.33321 2.9583 2.91338 1.5908
threshold=2.3604900836944585 -2.0944153070449825 0.23058000206947329 0.21375562995672229 -0.5396541655063628 -0.012321893125772474 0.099508617073297514 0.99251639842987072 1.3508743047714236 -0.88158419728279103 0.94209903478622448 -0.48177878558635706 -0.54569530487060536 0.028023801743984226 0.27815455198287969 -0.57199019193649281 -0.030738011002540585 -0.92134958505630482 0.0096666780300438421
decision_type=2 2 2 2 2 2 2 2 2 2 2 2 2 2 2 2 2 2 2
left_child=1 2 3 -1 5 6 8 -8 -3 17 -11 12 -6 15 -15 -13 -14 -7 -2
right_child=18 4 -4 -5 11 9 7 -9 -10 10 -12 13 16 14 -16 -17 -18 -19 -20
leaf_value=0.030688753319945462 0.053725230147401395 -0.0251296515620213 0.051036258495399091 -0.028396125993934252 -0.0075151511411003227 -0.0018020154002267295 -0.008811212626053045 0.037134226790306389 0.023470259635252361 0.022009499210464262 -0.035718528189603672 -0.012852922733396957 0.014828779135128296 0.010629454859147489 -0.0040541661463814908 0.00027329208953026348 0.064957780416385724 -0.03799137833371713 0.0055169143970313222
leaf_weight=3.6753369793295843 3.5869965180754653 60.065745040774345 5.8320966362953177 4.4177650362253189 7.2238167077302959 74.007632024586201 45.747424460947514 9.2067704349756223 5.7479884251952162 38.285941787064075 6.2134904563426963 87.134630762040615 5.9986026287078866 170.32287293672562 118.66899639368057 225.81817673891783 5.7779240012168858 6.0131399035453788 3.2724145129323006
leaf_count=23 24 292 34 22 30 342 221 41 26 168 28 379 26 771 521 979 24 28 21
internal_value=4.20479e-08 -0.000239421 0.020466 -0.00156379 -0.000572272 -0.00479771 -0.0118883 -0.00111373 -0.0208851 0.00207924 0.0139489 0.00109688 0.0215778 0.000450399 0.00459991 -0.00338141 0.0394236 -0.00452146 0.0307265
internal_weight=887.018 880.158 13.9252 8.0931 866.233 245.288 120.768 54.9542 65.8137 124.52 44.4994 620.945 19.0003 601.945 288.992 312.953 11.7765 80.0208 6.85941
internal_count=4000 3955 79 45 3876 1146 580 262 318 566 196 2730 80 2650 1292 1358 50 370 45
is_linear=0
shrinkage=0.05


Tree=76
num_leaves=31
num_cat=0
split_feature=30 30 5 30 1 30 31 10 1 12 5 4 10 8 3 4 5 13 3 28 7 4 4 13 4 7 6 6 1 5
split_gain=2.41976 6.7538 6.10463 5.68764 4.24004 3.9543 3.90521 3.51266 3.36693 4.81162 3.36117 3.17209 4.63537 5.59868 5.64987 5.5614 8.95693 5.54457 4.239 3.40877 5.66435 4.59658 3.06277 4.23957 2.7182 2.76573 2.60637 3.59157 2.47993 2.04122
threshold=1.3688237071037295 1.7489169239997866 0.54797700047492992 2.0423431396484379 -0.018988762982189652 1.0970046520233157 0.16193937510252002 0.024779603816568855 0.53348106145858776 -0.03176541440188884 0.8659726381301881 -0.76747852563858021 0.32399970293045049 -1.2647394537925718 0.17025481909513476 -1.1836009025573728 0.82543048262596141 -0.0071765473112463942 -2.0944153070449825 -1.3155897855758665 0.85479164123535167 -0.10266283527016638 0.59198275208473217 0.0051988253835588702 -0.8224344253540038 -0.44407732784748072 0.087758418172597899 -0.81340622901916493 0.20899504423141482 0.028023801743984226
decision_type=2 2 2 2 2 2 2 2 2 2 2 2 2 2 2 2 2 2 2 2 2 2 2 2 2 2 2 2 2 2
left_child=5 2 22 26 7 11 -4 -5 10 -10 24 12 15 -14 -15 17 -17 -1 28 20 -20 -21 23 -2 -7 -26 27 -3 -13 -6
right_child=1 3 6 4 29 8 -8 -9 9 -11 -12 18 13 14 -16 16 -18 -19 19 21 -22 -23 -24 -25 25 -27 -28 -29 -30 -31
leaf_value=0.017281621390860171 -0.074103954009913778 0.043325381994522225 -0.016248524687383015 0.045043153422253041 -0.053685835050695296 -4.2402269928556888e-05 0.039864672022517325 -0.016906198901927055 -0.037937570556681205 0.03078273913715603 -0.0083541461502575892 0.011726626735145119 -0.055582399913059327 0.015496896534427091 -0.017711638655919158 0.016630530351594182 0.080899899663478506 -0.01517704175603196 0.0013938104586018493 -0.010129240593880963 0.040745569469697193 -0.00025958501859049232 -0.012413485208644437 -0.024866325558909563 0.065723040126374546 0.026867297366562543 0.053990715352820406 -0.01662791092622418 0.06467784976466838 -0.0098747271176581816
leaf_weight=26.814110085368156 8.5619818717241341 4.9363076537847528 8.3044376224279386 4.5625152885913867 5.4816602915525419 5.394608072936534 4.948176681995391 4.5905636698007584 6.0788815915584564 4.3843116164207441 6.6196304261684409 5.8951282724738103 5.0269347280263892 26.936580777168274 24.418643973767757 42.952784821391106 6.2041859775781623 25.830964371562004 43.549192406237125 172.7851000726223 11.575098618865011 371.85561951994896 8.5249845236539823 8.9334019273519498 6.8714589476585415 13.731719605624678 6.32991999387741 5.0572785362601289 3.538414478302002 5.1625025272369385
leaf_count=122 40 22 40 21 25 25 22 20 28 20 30 33 22 125 112 196 27 117 196 780 52 1655 39 39 30 62 29 24 23 24
internal_value=1.67007e-07 -0.00856772 -0.0229196 0.00703661 -0.0109795 0.000797198 0.00470266 0.0139736 0.0155374 -0.00914223 0.0234543 -3.03112e-05 0.00627831 -0.00522275 -0.000293267 0.0126481 0.0247421 0.00135537 -0.0016684 -0.00219149 0.00965696 -0.00339069 -0.036988 -0.0489625 0.0315534 0.0398263 0.0288867 0.0129859 0.031588 -0.0324371
internal_weight=885.857 75.3937 39.273 36.1207 19.7972 810.463 13.2526 9.15308 43.0806 10.4632 32.6174 767.383 158.184 56.3822 51.3552 101.802 49.157 52.6451 609.199 599.765 55.1243 544.641 26.0204 17.4954 25.9978 20.6032 16.3235 9.99359 9.43354 10.6442
internal_count=4000 345 180 165 90 3655 62 41 195 48 147 3460 721 259 237 462 223 239 2739 2683 248 2435 118 79 117 92 75 46 56 49
is_linear=0
shrinkage=0.05


Tree=77
num_leaves=22
num_cat=0
split_feature=0 7 14 13 11 7 3 3 5 10 9 3 12 14 11 7 8 2 9 12 4
split_gain=2.5548 4.01843 4.64847 6.57314 5.12572 3.6717 3.23764 2.66038 3.64248 2.94465 2.48989 2.3786 5.45274 4.0815 3.90387 6.6152 3.44489 2.8992 3.04574 4.5357 2.75644
threshold=1.2121176123619082 -1.9221082329750059 -0.81636896729469288 -0.39318054914474482 1.6156302690505984 -1.4901962280273435 -0.92128214240074147 -1.9465773701667783 0.38797682523727423 0.22475695610046389 0.18431193381547931 1.2236917614936831 -0.49772328138351435 -1.3770678639411924 0.96656525135040294 -0.28290323913097376 -0.89525994658470143 2.328278779983521 -1.6113610863685606 0.39762105047702795 -0.012321893125772474
decision_type=2 2 2 2 2 2 2 2 2 2 2 2 2 2 2 2 2 2 2 2 2
left_child=7 -2 3 -3 5 -4 -7 8 9 -1 -5 17 14 -14 15 -13 -15 18 19 -9 -20
right_child=1 2 4 10 -6 6 -8 11 -10 -11 -12 12 13 16 -16 -17 -18 -19 20 -21 -22
leaf_value=-0.025542104738173678 -0.055526277540861826 0.037023646409257774 0.071381801722027072 -0.014466220308664119 -0.037093959265579658 -0.0066966082949226459 0.020874250483418805 -0.0012063485131318542 0.046661195495871895 0.025560280562213281 -0.060108735585105336 0.036960824568064904 0.027704103113363118 -0.046502990250005892 0.048484415489345539 -0.023197211626975026 -0.015102462957951122 0.029375630289980609 -0.0032475419830369119 -0.037104985006159073 0.0033028046263856945
leaf_weight=5.5322692170739192 2.4454784840345374 4.5533807352185276 3.076759308576583 7.2527009546756727 4.4955476820468894 13.19991425424814 55.077557690441608 23.6015470251441 6.8786825761198989 5.7477578520774841 5.081515297293663 7.4378374516964021 4.5847176611423484 10.935465224087237 5.2904416620731345 11.851020328700541 43.398888826370239 8.0735558420419675 319.44478418678045 14.029084265232084 322.99587869644165
leaf_count=29 11 22 16 32 21 69 270 108 39 32 24 34 23 58 24 59 209 37 1415 65 1403
internal_value=2.99982e-07 0.00773886 0.00940716 -0.014317 0.0146892 0.0179517 0.015544 -0.000932311 0.0179845 0.000497207 -0.0332703 -0.00137747 -0.00934682 -0.0175995 0.0104357 -1.04793e-07 -0.0214222 -0.000410485 -0.000764094 -0.0145897 4.57349e-05
internal_weight=884.985 95.1829 92.7374 16.8876 75.8498 71.3542 68.2775 789.802 18.1587 11.28 12.3342 771.643 83.4984 58.9191 24.5793 19.2889 54.3344 688.145 680.071 37.6306 642.441
internal_count=4000 465 454 78 376 355 339 3535 100 61 56 3435 407 290 117 93 267 3028 2991 173 2818
is_linear=0
shrinkage=0.05


Tree=78
num_leaves=28
num_cat=0
split_feature=2 5 30 30 5 30 1 30 4 7 31 4 1 12 6 13 31 31 8 8 1 28 9 6 6 6 31
split_gain=2.15491 3.24148 2.21726 6.62868 5.40204 5.14997 3.83683 3.73693 3.71387 3.27844 3.22883 3.18599 3.09444 4.3668 3.17717 3.13409 3.00288 5.72906 4.38421 4.05665 3.60096 3.4288 3.07798 2.68945 2.37178 3.25145 1.98405
threshold=2.328278779983521 -0.5229215919971465 1.3688237071037295 1.7489169239997866 0.54797700047492992 2.0423431396484379 -0.018988762982189652 1.0970046520233157 -0.65051013231277455 0.30531097948551184 0.16193937510252002 -0.24113837629556653 0.53348106145858776 -0.03176541440188884 -0.56802114844322193 0.35607109963893896 -2.0087285041809078 -1.7126532793045042 0.23306366801261905 -0.72233802080154408 -1.0000000180025095e-35 0.70464390516281139 -0.6232297122478484 -1.1063196063041685 0.087758418172597899 -0.81340622901916493 -0.33273079991340632
decision_type=2 2 2 2 2 2 2 2 2 2 2 2 2 2 2 2 2 2 2 2 2 2 2 2 2 2 2
left_child=2 -2 7 4 8 24 9 16 -4 -7 -6 -10 14 -14 23 -16 18 21 19 -1 -20 -18 -19 -9 25 -5 -8
right_child=1 -3 3 5 10 6 26 12 11 -11 -12 -13 13 -15 15 -17 17 22 20 -21 -22 -23 -24 -25 -26 -27 -28
leaf_value=0.028913422599306474 0.055404180292331268 -0.0027059232379523582 -0.072336825195267337 0.041496505601993583 -0.015883539854106808 0.042772730318097023 -0.0087544406283184377 0.023726527550189939 0.012618646557653442 -0.017216158658249932 0.03657434632280062 -0.036432604412599073 -0.036328236028319381 0.029331796813694713 0.018957311768741936 0.057244404440242994 -0.040951533614367847 -0.0054231963515637277 0.013520556163747397 -0.036497887614474492 0.075032287446786944 0.008321457048145681 0.0019043603393713541 -0.032532644673921828 0.05175410237332545 -0.015608504358622932 -0.052097475997860236
leaf_weight=4.6063586324453354 4.3630978018045425 5.3332826644182187 5.5707695931196239 4.9146078079938897 7.7850044146180135 4.6565200909972209 5.1807722896337509 4.3374652713537216 4.1850619912147549 4.4579536616802216 4.7068641632795334 15.840098425745962 6.0565088838338852 4.3516200780868513 16.012336887419227 8.0231676697731 13.741576656699182 197.52196560055017 4.9194527566432953 4.8828619569540042 4.6077835410833341 4.7515915408730498 522.20169385522604 4.1633316501975042 6.2828631699085227 5.0582357272505769 5.3843417018651945
leaf_count=21 20 25 26 22 38 21 24 20 19 20 21 72 28 20 72 35 62 896 22 23 20 24 2351 20 29 24 25
internal_value=5.08569e-07 0.023442 -0.000259497 -0.00853857 -0.023072 0.00686538 -0.0103377 0.000506386 -0.0362268 0.0134317 0.00388229 -0.0261814 0.0148545 -0.00887589 0.0224457 0.0317377 -0.000307331 -0.000812686 0.0193105 -0.00474523 0.0432703 -0.0282914 -0.000106625 -0.00382684 0.0276919 0.0125328 -0.0308435
internal_weight=883.897 9.69638 874.201 74.0231 38.0878 35.9353 19.6796 800.178 25.5959 9.11447 12.4919 20.0252 42.9444 10.4081 32.5363 24.0355 757.233 738.217 19.0165 9.48922 9.52724 18.4932 719.724 8.5008 16.2557 9.97284 10.5651
internal_count=4000 45 3955 341 176 165 90 3614 117 41 59 91 195 48 147 107 3419 3333 86 44 42 86 3247 40 75 46 49
is_linear=0
shrinkage=0.05


Tree=79
num_leaves=19
num_cat=0
split_feature=14 14 31 8 13 12 13 6 8 10 29 6 28 14 30 4 2 9
split_gain=2.2533 2.63489 6.23467 3.65377 3.08544 4.7039 2.99254 2.94939 4.50361 3.9511 4.07094 2.67765 2.67202 4.29354 4.2685 1.98964 1.96908 1.47822
threshold=2.4330677986145024 1.6217024326324465 -0.88559031486511219 1.2482949495315554 -0.39318054914474482 0.55955636501312267 -1.1681226491928098 -1.7569160461425779 -0.39316231012344355 -0.50523734092712391 0.02157226670533419 2.4375346899032597 -0.10060022026300429 -2.5245738029479976 -1.4410652518272398 0.2797673642635346 -0.029064222238957878 0.058815546333789832
decision_type=2 2 2 2 2 2 2 2 2 2 2 2 2 2 2 2 2 2
left_child=1 7 16 4 6 -6 -4 8 15 -10 -11 12 14 -14 -9 17 -3 -1
right_child=-2 2 3 -5 5 -7 -8 11 9 10 -12 -13 13 -15 -16 -17 -18 -19
leaf_value=0.072795803571977277 0.028865491032586784 -0.021734411827537027 -0.0047904784014510086 0.037644861191797808 -0.01435087438296509 0.040848514036544527 -0.061058742018354067 -0.015165259010910051 -0.033500935134250086 -0.0091839196541470096 0.04188783278975907 -0.035324338034770746 0.072585361338094498 -0.003051197647494782 0.0046657180001150097 0.011100236938600388 -0.067233478138602851 0.030994272295335981
leaf_weight=4.3089251369237882 6.709697648882865 4.1814103499054909 4.8642827421426773 4.9500718414783469 12.125713616609579 5.6614779382944098 4.59512911736965 29.464697003364563 6.0665152370929727 8.597807325422762 7.1439548283815393 5.3973422646522513 1.8846771270036686 419.87540342658758 343.15901886671782 4.4897512942552558 5.5132444426417333 4.15362798422575
leaf_count=20 30 20 24 23 55 26 21 137 29 41 33 26 9 1905 1534 21 26 20
internal_value=4.54825e-07 -0.000220527 -0.0124569 -0.0018723 -0.00905165 0.00321852 -0.0321241 0.000393701 0.0146516 0.00078178 0.0139936 -0.000225983 1.24884e-05 -0.00271321 0.00309761 0.0380046 -0.0476092 0.0522786
internal_weight=883.143 876.433 41.8913 32.1967 27.2466 17.7872 9.45941 834.542 34.7606 21.8083 15.7418 799.781 794.384 421.76 372.624 12.9523 9.69465 8.46255
internal_count=4000 3970 195 149 126 81 45 3775 164 103 74 3611 3585 1914 1671 61 46 40
is_linear=0
shrinkage=0.05


Tree=80
num_leaves=19
num_cat=0
split_feature=0 0 8 8 14 5 5 14 10 8 14 6 5 5 3 14 1 29
split_gain=2.41661 2.14769 4.96753 4.05436 3.81655 3.20398 3.10362 4.18492 7.79476 4.8096 3.11141 2.62494 5.79854 5.00512 4.08631 3.69344 3.05172 1.47478
threshold=2.3604900836944585 -1.1846712231636045 -1.0585409998893736 -1.2471876144409177 -1.0000000180025095e-35 -2.6178061962127681 1.043002247810364 0.47705636918544775 -0.23362637311220166 -0.79168522357940663 0.24925544112920764 0.29019924998283392 0.77909654378891002 1.2215653061866762 -1.9008151888847349 -0.91449537873268116 -2.2544988393783565 0.0096666780300438421
decision_type=2 2 2 2 2 2 2 2 2 2 2 2 2 2 2 2 2 2
left_child=1 2 3 4 -1 -3 7 9 -9 -4 -8 12 15 -14 -13 -7 -16 -2
right_child=17 5 6 -5 -6 11 10 8 -10 -11 -12 14 13 -15 16 -17 -18 -19
leaf_value=-0.027817660920830073 0.052538338984057291 0.049277270651216787 0.039328552322490537 0.059923506609299064 0.036904588103698607 0.010350308250034938 -0.0130779870034204 0.04277818586474557 -0.017009731616444 -0.02128898707190648 -0.065581726434297119 0.035232939333161795 0.024132350648269199 0.0015820581303771974 -0.046617661686233408 -0.0023779309126627083 -0.0035860012036396508 0.0057373489170268804
leaf_weight=5.0088274478912345 3.4688205793499938 3.3695709705352774 3.5432975590229026 4.4135111570358267 4.1773764565587035 69.49828764796257 6.3924655541777593 9.8879496455192584 12.15028043836355 42.784387357532978 5.0515954345464706 6.7193164229392996 52.136438004672527 46.600143879652023 4.180926024913787 316.7930606380105 283.21542877703905 3.2701526880264282
leaf_count=24 24 15 16 20 20 308 32 46 58 207 25 38 239 214 18 1425 1250 21
internal_value=4.92864e-07 -0.000228985 -0.00739492 0.0205375 0.00161443 0.000626423 -0.0121546 -0.00812054 0.00981547 -0.0166528 -0.036254 0.000416022 0.00267596 0.0134894 -0.00331086 -8.79733e-05 -0.00421201 0.0298277
internal_weight=882.662 875.923 93.4097 13.5997 9.1862 782.513 79.81 68.3659 22.0382 46.3277 11.4441 779.144 485.028 98.7366 294.116 386.291 287.396 6.73897
internal_count=4000 3955 448 64 44 3507 384 327 104 223 57 3492 2186 453 1306 1733 1268 45
is_linear=0
shrinkage=0.05


Tree=81
num_leaves=23
num_cat=0
split_feature=3 3 5 12 14 31 30 7 14 3 4 7 7 7 5 7 28 30 30 13 2 28
split_gain=2.1082 4.013 4.68256 4.10256 3.03587 6.42409 7.80219 4.81902 3.62449 2.9523 2.89768 2.68742 5.34881 4.18626 6.02035 5.36792 3.97048 3.6767 3.8847 3.12996 3.11206 2.14859
threshold=0.79650360345840465 0.76034474372863781 -0.016416067257523533 2.4163610935211186 -1.3770678639411924 0.11756757646799089 -0.3897100538015365 -0.26217114925384516 -1.2770639061927793 -0.49715875089168543 -0.62825778126716603 1.2103722095489504 1.3769854903221133 0.67837712168693554 1.6648323535919192 0.59012478590011608 -0.10060022026300429 -0.60485142469406117 0.47402086853981024 0.88428154587745678 0.76783376932144176 0.076790284365415587
decision_type=2 2 2 2 2 2 2 2 2 2 2 2 2 2 2 2 2 2 2 2 2 2
left_child=1 3 -3 4 5 6 -1 -7 9 -6 -10 13 -13 14 15 16 -2 -14 -19 20 21 -15
right_child=11 2 -4 -5 8 7 -8 -9 10 -11 -12 12 17 19 -16 -17 -18 18 -20 -21 -22 -23
leaf_value=0.011097543301553839 0.0057504452038013749 -0.0032340915302190836 0.063137591449080016 -0.043493272556960318 0.052562969419175799 0.036302563635699496 -0.04308954959205976 -0.0082262236842888768 0.007385167268784955 0.0053733874610601903 -0.00046849189178764614 0.051040219242625723 -0.045844164869432061 -0.066979562281131458 -0.059299166352743432 0.047763176021268949 -0.012291032166335899 0.036372737645882919 -0.022571330946967907 0.0079974959657103627 -0.0010058027807862578 -0.026209242138918388
leaf_weight=9.8011972084641474 57.236747458577156 5.0530214831233025 5.6052088290452939 5.1989832967519751 6.3477784022688866 9.6205959171056765 20.616108015179634 16.491180211305618 157.46463233977556 6.9359903633594495 462.15777146071196 6.1598612740635899 3.9283140972256687 7.4185884222388321 4.7104206457734099 5.251093126833438 65.273187428712845 6.3170087188482231 5.0137955397367477 4.9651488810777655 4.4901490956544867 5.7255138978362083
leaf_count=46 258 24 24 23 30 42 92 75 714 31 2066 27 20 36 25 24 316 29 27 23 21 27
internal_value=3.01619e-07 0.00122328 0.0316711 0.000756103 0.00108978 -0.0100121 -0.0256291 0.00817992 0.00208137 0.0279234 0.00152736 -0.004887 0.0117143 -0.00718005 -0.00378688 -0.0017402 -0.00386204 -0.00416088 0.0102904 -0.0270699 -0.0369435 -0.0492202
internal_weight=881.782 705.292 10.6582 694.634 689.435 56.5291 30.4173 26.1118 632.906 13.2838 619.622 176.49 21.419 155.071 132.471 127.761 122.51 15.2591 11.3308 22.5994 17.6343 13.1441
internal_count=4000 3167 48 3119 3096 255 138 117 2841 61 2780 833 103 730 623 598 574 76 56 107 84 63
is_linear=0
shrinkage=0.05


Tree=82
num_leaves=24
num_cat=0
split_feature=0 7 14 13 11 7 4 30 3 14 7 3 5 11 29 29 1 5 14 12 5 0 5
split_gain=2.29991 3.54519 4.33692 5.87083 5.86029 3.42669 2.93778 2.66871 2.46919 6.12063 4.69664 4.50813 5.53879 4.62334 4.1041 8.58378 4.32229 3.95978 3.35955 2.84423 9.87111 4.72355 1.25942
threshold=1.2121176123619082 -1.9221082329750059 -0.81636896729469288 -0.39318054914474482 1.6771836876869204 -1.4901962280273435 -0.012321893125772474 -0.40218277275562281 -0.42472903430461878 1.811250686645508 1.7029850482940676 -0.34549261629581446 -0.60228782892227162 0.1028096489608288 0.031826752237975604 0.35495644807815557 -2.1507748365402217 0.1859070956707001 2.1630783081054692 -0.32351410388946528 1.3648311495780947 0.98892506957054149 -0.27320432662963862
decision_type=2 2 2 2 2 2 2 2 2 2 2 2 2 2 2 2 2 2 2 2 2 2 2
left_child=8 -2 3 -3 5 -4 -7 -5 10 11 18 12 -10 -14 16 -16 -13 -11 19 21 -21 -1 -12
right_child=1 2 4 7 -6 6 -8 -9 9 17 22 14 13 -15 15 -17 -18 -19 -20 20 -22 -23 -24
leaf_value=-0.0062633721798899342 -0.051781931905552719 0.035070910537657624 0.070087213171310975 -0.0015617417657997181 -0.043686498856698237 0.026277828832980549 0.0054678612743907559 -0.049764035227692439 0.022105674047514633 -0.060831405466360768 -0.013970975215588427 0.036065814957684211 -0.011769647237773972 -0.062097399399539378 0.020866050832376679 -0.0015901139636697349 -0.0065723246534886166 -0.0082219369995588411 0.045235781629207612 0.01066442596880663 -0.038975485496785256 0.041582777047339523 -0.050751762485949627
leaf_weight=88.918313585221767 2.4669371843338004 4.4644210785627392 2.9628090113401404 4.5672144815325746 4.1487737745046607 31.741557344794273 36.41767692565918 7.7338894680142376 5.2049543410539654 7.3297245651483518 4.7677678242325783 6.0968241542577735 9.3384589999914187 8.9242193996906263 55.927073910832405 177.97582175582647 236.65794025361538 6.9853888601064682 4.8952673301100722 152.8468234911561 10.717043258249758 5.4760757684707633 4.5469977110624296
leaf_count=397 11 22 16 22 19 161 180 34 22 35 21 27 40 39 247 797 1068 32 24 691 49 26 20
internal_value=-2.67186e-07 0.00736971 0.00895521 -0.0140426 0.0140776 0.0174472 0.015159 -0.0318673 -0.000885697 -0.0029233 0.00296569 -0.0020006 -0.0233949 -0.0363627 -0.000947285 0.00377924 -0.00550146 -0.0351594 0.00420213 0.00342344 0.00741192 -0.00348769 -0.0319255
internal_weight=881.112 94.5033 92.0363 16.7655 75.2708 71.122 68.1592 12.3011 786.609 514.44 272.168 500.125 23.4676 18.2627 476.658 233.903 242.755 14.3151 262.854 257.958 163.564 94.3944 9.31477
internal_count=4000 465 454 78 376 357 341 56 3535 2307 1228 2240 101 79 2139 1044 1095 67 1187 1163 740 423 41
is_linear=0
shrinkage=0.05


Tree=83
num_leaves=31
num_cat=0
split_feature=0 8 0 2 9 30 11 5 29 9 14 2 8 3 29 3 13 29 8 4 7 5 9 9 9 11 5 4 0 3
split_gain=2.21655 3.91117 4.5724 3.71185 3.55061 5.43879 5.42539 8.03852 5.153 4.53534 5.57252 4.49858 4.38729 4.30883 4.04716 3.68689 3.27271 5.05408 8.83012 6.1712 4.98373 5.42055 4.56881 9.8506 5.43198 4.2955 4.11157 4.03403 3.86051 3.63973
threshold=0.13464162498712542 -1.4814863204956052 -0.1718431934714317 1.0216236114501955 -0.19442385435104367 -1.6741868853569029 1.0041694045066836 1.629889249801636 0.51049500703811657 0.045410918071866042 1.58298796415329 -0.10755291208624838 0.40722106397151953 0.25174881517887121 -0.62373960018157948 0.82480508089065563 -0.59609678387641896 -0.51749226450920094 -0.36590930819511408 -0.55965539813041676 1.8290309906005862 1.4704929590225222 1.5588032603263857 1.1593646407127383 2.0268211364746098 0.6960849165916444 -0.044463885948061936 -2.235093235969543 0.62254655361175548 1.1896588802337649
decision_type=2 2 2 2 2 2 2 2 2 2 2 2 2 2 2 2 2 2 2 2 2 2 2 2 2 2 2 2 2 2
left_child=1 2 3 -1 6 11 7 8 -3 12 -11 -6 -7 14 -8 -15 17 18 26 -20 21 28 23 27 -24 -25 -2 -18 -19 -29
right_child=16 4 -4 -5 5 9 13 -9 -10 10 -12 -13 -14 15 -16 -17 22 20 19 -21 -22 -23 24 25 -26 -27 -28 29 -30 -31
leaf_value=-0.018526391321843645 0.0059687176882515913 -0.0016903747425897559 -0.052605415956725278 0.03339532821627391 -0.060087142631373928 0.03259413760814802 -0.01524186986282091 -0.070777284878316346 -0.021405996667816563 0.0032899947623851373 -0.03037446851854644 0.0007162763774064872 -0.0017610631063925003 -0.047581184507916777 0.038487779153562517 0.012624051513413108 -0.050489980902317266 0.042454310249102907 0.021743264296945744 -0.040048596874689125 -0.026976746802626642 -0.031206892883763316 -0.044090760181991595 0.050610254405940761 0.013877359727997432 -0.0052522030903860368 0.070422065777863793 0.0021438239433320071 0.015991445907722477 -0.016598037724303318
leaf_weight=16.945218287408359 6.0697271227836609 102.80554454773664 7.8620959520339957 4.3196383416652671 6.1697562783956528 24.690709382295609 4.5220398455858275 5.2847114428877822 48.909215211868286 204.29240276664495 13.079754397273062 6.0005957335233671 14.901348561048506 4.4627518355846387 15.580082848668098 5.9111069664359093 4.0198847949504843 22.910673290491104 5.4266095608472869 15.820246443152424 5.5571625232696524 4.3735120296478263 11.828447274863722 14.019213408231737 6.1385849863290778 4.5607248544692984 4.1771375015378016 225.56881494820118 34.589117132127285 29.26600156724453
leaf_count=80 26 486 36 20 27 108 20 27 228 912 63 27 66 21 69 30 18 101 24 69 24 20 54 70 30 22 21 1008 160 133
internal_value=1.97623e-07 -0.00226069 -0.020025 -0.00797927 -0.00112752 0.00255239 -0.00641028 -0.0101578 -0.00804622 0.00409925 0.00126433 -0.030108 0.0196638 0.0128953 0.0264011 -0.0132758 0.0027852 0.0106566 -0.00588039 -0.0242665 0.0183803 0.022454 0.000149227 0.00173165 -0.0242855 0.036898 0.0322431 -0.0007925 0.0265355 -8.54817e-06
internal_weight=880.063 485.737 29.127 21.2649 456.61 269.135 187.475 156.999 151.715 256.964 217.372 12.1704 39.5921 30.476 20.1021 10.3739 394.326 98.9242 31.4937 21.2469 67.4305 61.8733 295.402 277.435 17.967 18.5799 10.2469 258.855 57.4998 254.835
internal_count=4000 2220 136 100 2084 1203 881 741 714 1149 975 54 174 140 89 51 1780 445 140 93 305 281 1335 1251 84 92 47 1159 261 1141
is_linear=0
shrinkage=0.05


Tree=84
num_leaves=16
num_cat=0
split_feature=14 3 6 29 10 7 1 14 5 5 8 6 10 10 28
split_gain=2.04284 2.87895 2.21375 4.23236 5.51896 5.88537 4.28413 4.63248 3.93988 6.01091 4.26771 3.8279 8.70292 3.38283 2.79929
threshold=2.4330677986145024 2.4616270065307622 0.29019924998283392 1.3290300965309145 1.3884610533714297 0.75764545798301708 -2.2544988393783565 1.2346114516258242 0.77909654378891002 0.8659726381301881 1.4051088094711306 0.12000523507595064 0.098888348788023009 2.0282984972000127 0.046233337372541435
decision_type=2 2 2 2 2 2 2 2 2 2 2 2 2 2 2
left_child=1 2 8 6 5 -5 -4 -8 11 14 -11 13 -13 -1 -10
right_child=-2 -3 3 4 -6 -7 7 -9 9 10 -12 12 -14 -15 -16
leaf_value=-0.0024388585881275782 0.027599853796779823 -0.037477723587272659 -0.053315927391137913 -0.041164785755871472 0.027819172366509621 0.017766044241477593 0.0015430951793707131 -0.018633114602831416 0.068347300312606482 0.0096215554068938211 -0.029010175031092014 -0.00939078242010573 0.035915927456045972 0.029277175309406364 0.016762958030225778
leaf_weight=379.48221153020859 6.6538028791546813 5.1515783369541159 3.9165117591619483 21.511150665581233 4.9683180078864089 5.2757975012063971 259.2026434019208 31.956977993249893 6.0758729428052884 91.025059372186661 7.7583467811346045 20.462368458509445 21.990076377987862 8.5979088544845563 4.6372379064559937
leaf_count=1722 30 29 17 98 23 23 1169 146 28 423 36 95 100 40 21
internal_value=3.54423e-07 -0.000210241 1.12323e-05 -0.00323669 -0.0205811 -0.0295581 -0.00137014 -0.000671397 0.00197691 0.0104454 0.00658746 -0.000176861 0.0140778 -0.00173619 0.0460187
internal_weight=878.666 872.012 866.86 326.831 31.7553 26.7869 295.076 291.16 540.029 109.497 98.7834 430.533 42.4524 388.08 10.7131
internal_count=4000 3970 3941 1476 144 121 1332 1315 2465 508 459 1957 195 1762 49
is_linear=0
shrinkage=0.05


Tree=85
num_leaves=20
num_cat=0
split_feature=0 3 28 3 3 2 3 14 9 30 10 14 13 31 6 28 8 10 29
split_gain=2.11418 4.59297 3.45855 3.69927 2.9916 2.34611 2.15778 5.75485 4.77719 7.32613 4.27564 3.91586 5.30586 7.44887 4.05931 3.54882 2.53218 1.17674 0.321344
threshold=1.8306517004966738 -1.2410907745361326 0.19142270833253863 0.052366193383932121 0.31875245273113256 2.328278779983521 -0.76328119635581959 1.7677731513977053 -1.4800750613212583 0.32424281537532812 -0.15400793403387067 1.6217024326324465 -0.36527886986732477 -0.7659851312637328 2.4375346899032597 -0.10060022026300429 0.51622703671455394 -0.18653420358896253 0.12888038158416751
decision_type=2 2 2 2 2 2 2 2 2 2 2 2 2 2 2 2 2 2 2
left_child=5 -2 4 -4 18 6 7 8 9 -1 -10 14 16 -14 15 -8 -13 -7 -3
right_child=1 2 3 -5 -6 17 11 -9 10 -11 -12 12 13 -15 -16 -17 -18 -19 -20
leaf_value=-0.054910297637460428 -0.047695708116947344 0.06771363710218152 -0.03877156431842263 0.025103190293493251 0.0049817477215236654 0.0068980795378781358 0.0032264055215865321 0.046539607600714961 -0.0046145254866422581 0.012657870523195719 0.011407588259009638 -0.063853000885034469 -0.051500265314359431 0.014561440721093164 -0.046925413929652916 -0.0043971957759814479 -0.016950027769931906 0.042348183579563693 0.046638517847561699
leaf_weight=8.7110982090234774 2.6147361993789699 4.5825122147798556 3.6931814923882467 5.8686404451727867 3.7907883450388908 4.7192314714193344 288.77502880990505 7.6167021691799155 71.938948579132557 7.4363893717527381 98.861159525811672 7.2728640735149366 5.9045674353837976 15.386515811085701 4.8081160634756079 323.84272557497025 4.761649027466774 4.6449995785951597 2.9881231337785721
leaf_count=38 17 27 19 32 20 22 1278 37 330 33 464 35 29 68 24 1462 23 22 20
internal_value=2.82683e-07 0.0147831 0.022591 0.000432049 0.04124 -0.000406838 -0.000682558 0.00393742 0.0022017 -0.0237932 0.00465927 -0.00206386 -0.0187586 -0.00375918 -0.00116276 -0.000803592 -0.0452951 0.0244826 0.0593953
internal_weight=878.218 23.538 20.9232 9.56182 11.3614 854.68 845.316 194.564 186.948 16.1475 170.8 650.751 33.3256 21.2911 617.426 612.618 12.0345 9.36423 7.57064
internal_count=4000 135 118 51 67 3865 3821 902 865 71 794 2919 155 97 2764 2740 58 44 47
is_linear=0
shrinkage=0.05


Tree=86
num_leaves=31
num_cat=0
split_feature=0 6 6 4 14 30 3 5 29 30 1 1 29 4 4 29 3 3 29 30 6 12 14 3 12 30 13 10 9 12
split_gain=2.0292 4.14576 3.21878 3.27437 4.3741 4.22149 6.33212 4.18609 3.64278 2.44802 8.22904 5.02858 7.05283 6.70058 7.01463 4.91832 6.13204 4.81781 4.64475 4.54157 5.71794 6.96974 4.43777 6.79829 4.3573 4.01613 3.8655 7.35409 3.5095 3.17879
threshold=1.2121176123619082 1.8975993394851687 -1.7151784300804136 -0.012321893125772474 -1.0166275501251218 0.32424281537532812 -0.73198932409286488 -0.17071782052516934 0.02157226670533419 0.27149069309234625 1.1023678779602053 1.1913852691650393 -0.9176945388317107 0.25951109826564794 -0.85314068198204029 0.063556533306837096 -0.30432850122451777 -1.9465773701667783 0.54319623112678539 0.51438841223716747 0.30455620586872106 0.25963433086872106 1.58298796415329 -0.64637118577957142 -0.044292645528912537 1.3688237071037295 -0.99056565761566151 1.1072683334350588 -1.0000000180025095e-35 1.0318834185600283
decision_type=2 2 2 2 2 2 2 2 2 2 2 2 2 2 2 2 2 2 2 2 2 2 2 2 2 2 2 2 2 2
left_child=9 2 -2 4 -4 6 -5 -7 -6 11 19 17 28 14 -14 -12 -17 -1 -18 20 21 -11 25 -24 -15 -21 27 -19 -13 -22
right_child=1 -3 3 5 8 7 -8 -9 -10 10 15 12 13 24 -16 16 18 26 -20 22 29 -23 23 -25 -26 -27 -28 -29 -30 -31
leaf_value=0.036150366610028704 0.062454863806211139 -0.03917488007183801 -0.021398891141709321 -0.058577614482035238 0.0072121156753100673 -0.0087241692879248319 -0.0010367456385161767 0.044593216262831796 0.039807311588915387 0.014747010999323346 -0.044809735885093183 0.011952724555041159 0.054725438314707442 0.025521162849281388 -0.0055960106957356117 0.026262978440788561 0.001084980216585524 -0.0059957432845553051 -0.062207930425547821 0.0085338581946166458 -0.039585182556522353 -0.027402765275339708 0.022777881403721216 -0.058861658394787401 0.082076946652392666 -0.0071465990219925935 0.0010282526066745623 -0.05741263391159597 -0.047922036514071086 0.0062735699844254081
leaf_weight=8.8813653290271741 2.7650480419397345 4.6300417780876151 6.000504992902278 5.9104491993784896 15.838727496564386 6.7395342737436286 25.024424403905872 8.1130070611834508 18.682228736579418 25.931757345795631 18.260985538363457 4.4738554209470749 6.6307423859834662 6.6049337536096573 17.643483415246013 7.6226816773414638 5.6367622762918455 57.106642112135887 5.9671474322676659 142.45279374718666 20.835370093584064 15.773312658071516 4.0467838048934937 6.8942369893193227 7.0310832932591421 57.24416134506464 346.51156014949083 7.918692283332347 5.4029748886823636 4.6160221919417372
leaf_count=54 19 21 28 29 78 31 122 40 97 116 84 20 30 30 80 34 25 260 29 636 95 70 18 34 32 263 1544 36 24 21
internal_value=5.47443e-07 0.00695434 0.00935213 0.00765089 0.0180032 -0.0015108 -0.0120306 0.0203998 0.0248522 -0.000831117 -0.004237 0.00146235 0.0168319 0.0266364 0.0108814 -0.0262264 -0.00857634 -0.00028463 -0.0314625 -0.0012696 -0.0125919 -0.00119449 0.00234023 -0.0286654 0.0546828 0.00403897 -0.00107093 -0.0122572 -0.0208009 -0.031268
internal_weight=877.191 93.704 89.0739 86.3089 40.5215 45.7874 30.9349 14.8525 34.521 783.487 315.282 468.205 47.7871 37.9102 24.2742 37.4876 19.2266 420.418 11.6039 277.794 67.1565 41.7051 210.638 10.941 13.636 199.697 411.537 65.0253 9.87683 25.4514
internal_count=4000 465 444 425 203 222 151 71 175 3535 1425 2110 216 172 110 172 88 1894 54 1253 302 186 951 52 62 899 1840 296 44 116
is_linear=0
shrinkage=0.05


Tree=87
num_leaves=31
num_cat=0
split_feature=0 2 13 12 2 13 29 5 3 12 31 12 13 1 10 3 0 5 10 29 1 9 12 10 30 29 29 13 5 13
split_gain=1.97574 3.8848 5.32918 4.5879 4.30575 4.17926 5.28599 4.21171 3.80134 3.78162 5.07113 4.21871 4.67203 4.41292 3.56804 3.56241 3.28229 3.06707 2.96413 6.18305 4.73985 7.3982 4.88814 3.8751 3.63515 5.86364 6.82582 4.71491 3.86565 6.96553
threshold=-0.71623405814170826 -0.61172920465469349 0.35607109963893896 0.69632455706596386 1.9930580854415896 -0.73182252049446095 0.51936441659927379 -1.084868788719177 -0.059380155056715005 1.1774002909660342 0.43550305068492895 -0.44323219358921045 -1.2284127473831175 -0.60706445574760426 -0.21365109086036679 -0.51897373795509327 -1.1456172466278074 -2.6178061962127681 0.86679509282112133 1.2544842362403872 0.84804219007492077 -1.1673514842987058 0.028285309672355655 1.1563185453414919 0.22420413047075274 -0.18387745320796964 -0.11973853036761282 -1.4478703141212461 0.0059052198193967351 0.28664413094520574
decision_type=2 2 2 2 2 2 2 2 2 2 2 2 2 2 2 2 2 2 2 2 2 2 2 2 2 2 2 2 2 2
left_child=1 2 5 15 9 6 -1 -7 -9 11 14 13 -13 -3 -11 -4 -17 -2 24 20 21 -20 -22 -21 25 27 -27 -19 -26 -30
right_child=17 4 3 -5 -6 7 -8 8 -10 10 -12 12 -14 -15 -16 16 -18 18 19 23 22 -23 -24 -25 28 26 -28 -29 29 -31
leaf_value=0.039537576527025185 0.052922741767196406 0.025997656894131568 0.074697684604113745 -0.011489224122925558 0.039324719633416383 0.029745205160038382 -0.029601817947118476 -0.0078474645296552851 -0.055038147731872045 0.024631376118228705 0.054583365786687259 -0.050814393025635507 -0.015324674568307717 -0.010324804751577429 -0.031877850977394165 -0.009724772433028054 0.048805925052226397 -0.032400369011893804 -0.057334143469393486 -0.014345570234779746 -0.0058605846550257405 -0.0098384056990912586 0.043408886059298435 0.040982722163946966 -0.0085251313908127051 0.053211675774062966 0.0097443182024556235 0.0011199322696911673 0.015036969968224441 -0.010601284028302332
leaf_weight=8.6057478040456754 2.8630165606737128 11.407573156058787 5.2382726669311532 5.6329797506332389 4.5152910202741614 3.6445133164525059 4.0728468000888816 9.3318119198083895 7.8632429167628279 5.1301821842789659 4.9495133608579627 10.717426739633082 68.827958770096302 31.322279237210751 6.1325611472129831 4.2081263661384583 5.5599094778299332 11.454593569040297 9.0595125481486303 4.5114076361060134 14.439616680145265 86.310661733150482 7.7286605536937705 10.601264283061026 115.8524717092514 9.5321137085556966 172.02927372604609 124.64314587414265 64.904502891004086 44.763172708451748
leaf_count=40 13 53 23 26 20 18 20 41 41 25 22 57 331 151 30 21 25 52 42 20 64 386 36 49 509 44 779 563 295 204
internal_value=9.07809e-07 -0.00440511 0.0069997 0.0269874 -0.00872429 -0.00530804 0.0173274 -0.0190792 -0.0294276 -0.0102909 0.0124 -0.0132994 -0.0201063 -0.00062781 -0.00613789 0.0414306 0.0235906 0.00128085 0.00106208 -0.00563856 -0.00950932 -0.0143502 0.0113165 0.0244662 0.00269846 0.00614491 0.0120264 -0.00170129 -0.00215607 0.00457218
internal_weight=875.854 197.16 54.1575 20.6393 143.003 33.5182 12.6786 20.8396 17.1951 138.487 16.2123 122.275 79.5454 42.7299 11.2627 15.0063 9.76804 678.693 675.83 132.651 117.538 95.3702 22.1683 15.1127 543.179 317.659 181.561 136.098 225.52 109.668
internal_count=4000 944 255 95 689 160 60 100 82 669 77 592 388 204 55 69 46 3056 3043 597 528 428 100 69 2446 1438 823 615 1008 499
is_linear=0
shrinkage=0.05


Tree=88
num_leaves=18
num_cat=0
split_feature=0 5 4 28 8 13 30 13 28 4 0 10 10 4 1 9 29
split_gain=1.92889 1.86331 1.85109 4.82184 5.40178 5.11169 8.38788 7.08793 4.63609 3.47896 5.5583 6.20489 5.53649 4.67983 5.90983 4.47123 1.40793
threshold=2.3604900836944585 -2.6178061962127681 -0.76747852563858021 1.0089207291603091 -1.0268427729606626 0.72972452640533458 -0.98944231867790211 0.45070712268352514 1.6316602826118471 -0.41108572483062739 -0.47154499590396876 -1.1927288770675657 0.96742451190948497 -0.3679704070091247 -0.17361490428447721 1.5588032603263857 0.0096666780300438421
decision_type=2 2 2 2 2 2 2 2 2 2 2 2 2 2 2 2 2
left_child=1 -1 3 5 -5 7 -7 -3 -6 10 12 -12 -4 14 -11 -15 -2
right_child=16 2 9 4 8 6 -8 -9 -10 13 11 -13 -14 15 -16 -17 -18
leaf_value=0.036018443306906754 0.050434946139692988 0.0071137900669887601 -0.03793061548940091 -0.074238455262756964 -0.023202449850564501 -0.040618943209171268 0.034045608451753584 -0.030906155293794608 0.022668349855554663 0.00071542135420256034 0.041321223378705016 -0.0070765318497967473 0.011772860615696721 0.00043307117120404919 0.066893071319073197 -0.017980923005473111 0.0035528922232697714
leaf_weight=3.5363697558641425 3.2500005364418021 105.9484596401453 25.50685478001833 3.393010318279269 15.441340163350107 4.3036523163318625 29.860279284417629 13.86237397789955 8.5629301965236646 7.9676806107163429 7.3595351278781882 66.130032517015934 7.179846078157424 528.08123698085546 5.8509231656789762 35.161398366093636 3.1570705398917198
leaf_count=16 24 486 124 15 75 20 138 63 39 36 34 298 32 2393 26 160 21
internal_value=2.59282e-07 -0.000201468 -0.000349612 0.00414068 -0.0151862 0.00757958 0.0246401 0.0027148 -0.00683918 -0.0015416 -0.00985936 -0.00222979 -0.0270129 -1.11793e-05 0.0287356 -0.000716454 0.0273339
internal_weight=874.553 868.146 864.61 181.372 27.3973 153.975 34.1639 119.811 24.0043 683.238 106.176 73.4896 32.6867 577.061 13.8186 563.243 6.40707
internal_count=4000 3955 3939 836 129 707 158 549 114 3103 488 332 156 2615 62 2553 45
is_linear=0
shrinkage=0.05


Tree=89
num_leaves=31
num_cat=0
split_feature=9 9 2 12 0 4 6 0 5 4 28 28 2 10 6 4 3 5 10 2 31 0 4 29 4 4 12 12 3 4
split_gain=1.91615 6.51462 6.71488 4.90688 4.83026 4.67275 4.92304 5.23185 3.9586 3.85722 5.81141 5.74837 3.87781 3.66786 3.46784 2.86706 2.76989 3.10991 2.85831 3.53434 4.39092 4.21517 5.05956 3.74864 3.50399 5.91256 8.44956 5.63887 5.30818 4.72517
threshold=1.1593646407127383 1.5868932604789736 1.0216236114501955 -0.52345880866050709 0.92944112420082103 0.2797673642635346 -0.051818594336509698 -0.20397192984819409 -0.070546485483646379 -0.32844692468643183 -0.68715715408325184 -0.025187620893120762 -0.64711946249008168 0.18019405007362368 -0.1043935865163803 -0.10919928550720213 -1.9465773701667783 0.38797682523727423 0.85868516564369213 1.2418538928031924 0.16193937510252002 0.039382545277476318 0.2797673642635346 1.0143451094627383 -0.76747852563858021 -1.1621211767196653 0.358716830611229 -0.44323219358921045 2.2376103401184086 -0.41108572483062739
decision_type=2 2 2 2 2 2 2 2 2 2 2 2 2 2 2 2 2 2 2 2 2 2 2 2 2 2 2 2 2 2
left_child=16 3 9 4 14 6 7 -5 -8 12 -11 -12 -3 -7 -2 -4 17 -1 24 21 -21 22 -20 -23 25 27 -27 -18 29 -26
right_child=1 2 15 5 -6 13 8 -9 -10 10 11 -13 -14 -15 -16 -17 18 -19 19 20 -22 23 -24 -25 28 26 -28 -29 -30 -31
leaf_value=0.0035271577922733419 0.0056305229357238602 -0.013793965562655922 -0.015844034964120207 -0.0465200208634746 0.037150491351678347 0.025663104199126492 0.058946115973091677 0.021187464794161979 0.0039290941952820242 -0.061381681254155177 0.040713075804456635 -0.015143952349959525 0.03959381368435521 0.075666572068501053 -0.046440597074137446 -0.071016944576773919 0.020027284831826097 0.049822148908648931 -0.029381040755444177 -0.0077295797889047188 0.047892125662858401 -0.0061554889584683244 -0.0017879993838655333 0.025888829636014882 -0.012771391605184194 0.0053106798495820484 0.044952682543226374 -0.011869391752814764 -0.053039988433308628 0.00099904475278045682
leaf_weight=10.359288118779657 6.4108924865722665 5.0917118638753882 4.4882327318191528 5.2228799611330032 5.1145851016044608 7.5353429242968542 7.5481470227241498 6.2882419228553772 5.7680167332291621 4.5024449452757827 6.4518303424119976 16.100296653807167 10.244966462254522 7.1444787457585335 6.3790274262428293 4.95324859023094 19.588405728340149 5.5824677348136893 42.327048480510712 8.2955566942691785 6.2001187726855269 57.698591515421867 27.346660032868385 10.841567382216452 74.103311471641064 38.468141809105873 20.661879077553749 47.348981574177742 4.9900833293795577 390.98277379572392
leaf_count=58 29 24 21 23 27 36 34 32 28 21 29 74 49 34 29 22 90 33 199 37 28 254 123 50 340 178 94 216 30 1758
internal_value=1.47679e-07 0.00619446 -0.00665583 0.017796 -0.00391744 0.0276365 0.014414 -0.00953309 0.035115 0.00183732 -0.00951839 0.000835918 0.0218693 0.0499991 -0.0203402 -0.0447892 -0.000884656 0.0197387 -0.00132369 -0.00742704 0.016061 -0.00989044 -0.0185509 -0.00108677 0.000239759 0.00764193 0.0191628 -0.00253522 -0.00174539 -0.00119503
internal_weight=874.039 109.244 51.8327 57.4116 17.9045 39.5071 24.8273 11.5111 13.3162 42.3913 27.0546 22.5521 15.3367 14.6798 12.7899 9.44148 764.795 15.9418 748.853 152.71 14.4957 138.214 69.6737 68.5402 596.144 126.067 59.13 66.9374 470.076 465.086
internal_count=4000 512 240 272 85 187 117 55 62 197 124 103 73 70 58 43 3488 91 3397 691 65 626 322 304 2706 578 272 306 2128 2098
is_linear=0
shrinkage=0.05


Tree=90
num_leaves=15
num_cat=0
split_feature=14 3 6 8 1 4 8 30 30 5 12 30 1 31
split_gain=1.83959 2.45584 2.12774 3.92421 5.5147 4.32593 4.20652 2.20691 5.64622 4.60164 4.21312 3.40454 3.73874 2.9169
threshold=2.4330677986145024 2.4616270065307622 -1.8187515735626218 0.35819365084171301 -0.80138441920280445 0.61187788844108593 0.71272954344749462 1.3688237071037295 1.7489169239997866 0.54797700047492992 0.84146207571029674 1.0970046520233157 0.53348106145858776 -2.0087285041809078
decision_type=2 2 2 2 2 2 2 2 2 2 2 2 2 2
left_child=1 2 3 4 -1 -6 -5 11 9 -9 -10 13 -13 -4
right_child=-2 -3 7 6 5 -7 -8 8 10 -11 -12 12 -14 -15
leaf_value=-0.024747398374576356 0.02635090174637509 -0.035225046832482801 0.01922506195471976 -0.044614454330008574 0.053814681227545125 -0.0056643106754619438 0.014062049261804477 -0.035374200020002515 0.013374148932811893 0.0022446116283142688 -0.036803918433265137 0.02329922816159443 -0.013063306346360186 -0.0010092957839113212
leaf_weight=4.2724291980266598 6.5737370997667304 4.9757630825042716 18.274936020374298 5.0992543399333936 12.306967757642271 4.0672637298703185 7.6171319559216499 24.021899946033955 28.147875808179379 12.287095725536345 4.9135021045804015 29.771057933568954 9.270141586661337 701.2024138122797
leaf_count=20 30 29 84 23 59 20 37 111 131 59 24 135 43 3195
internal_value=7.93271e-07 -0.000199176 3.18136e-06 0.0123831 0.0258408 0.0390404 -0.00946715 -0.000495716 -0.00903207 -0.0226439 0.00591681 0.000284977 0.0146651 -0.000495337
internal_weight=872.801 866.228 861.252 33.363 20.6467 16.3742 12.7164 827.889 69.3704 36.309 33.0614 758.519 39.0412 719.477
internal_count=4000 3970 3941 159 99 79 60 3782 325 170 155 3457 178 3279
is_linear=0
shrinkage=0.05


Tree=91
num_leaves=22
num_cat=0
split_feature=12 9 9 1 11 12 4 4 0 1 29 12 10 4 4 7 11 14 30 14 9
split_gain=1.77677 2.00059 6.17432 6.33086 5.34622 4.91819 4.61159 4.53098 4.38409 5.87332 4.17256 3.95226 2.85803 2.62807 3.62457 3.57207 4.88873 3.35876 6.1479 4.87461 2.54056
threshold=2.4163610935211186 1.1593646407127383 1.5868932604789736 -0.90162965655326832 0.46329760551452642 -0.52345880866050709 0.2797673642635346 -0.045093026012182229 0.92944112420082103 -0.25462490320205683 0.76358100771904003 -0.43258440494537348 0.18019405007362368 2.4081414937973027 1.8713681697845461 -0.4221858531236648 -0.08479729667305945 -0.13217312097549436 1.4631226658821108 -0.081538859754800783 1.9241090416908266
decision_type=2 2 2 2 2 2 2 2 2 2 2 2 2 2 2 2 2 2 2 2 2
left_child=1 13 5 20 11 8 10 -6 9 -3 -7 -5 -8 14 17 -16 -17 18 -1 -19 -4
right_child=-2 2 3 4 7 6 12 -9 -10 -11 -12 -13 -14 -15 15 16 -18 19 -20 -21 -22
leaf_value=-0.0022314254154953963 -0.025614759412641627 0.027541544569592975 -0.064355976544577864 0.037912854263858771 0.0011573254544139349 0.0032681587223418644 0.028607762461079496 -0.06472017029976472 0.035748856040412585 -0.043828813148666761 0.051792962984145076 0.00024093085148838616 0.073417861954712796 0.032784535099629517 -0.049473011075331058 0.030284716860077821 -0.031876263814096931 0.030712898990689415 -0.029063129389115979 0.0016367560093935184 -0.012914106127057205
leaf_weight=313.41824318468571 6.7174963504075995 4.3903949260711679 5.5615761429071409 10.514726072549818 5.8580287247896194 18.617430627346042 7.2455327957868558 4.7076534479856473 5.038992963731288 8.3937597423791885 5.8134673163294783 20.607117354869846 6.9925610572099686 5.812224142253398 7.4036335349082973 5.4230739623308191 7.5897079557180378 14.982888802886007 22.909122563898563 380.12154135853052 4.2222880199551582
leaf_count=1426 30 20 25 49 29 88 35 22 27 38 28 94 34 26 33 25 33 67 107 1744 20
internal_value=7.90197e-07 0.000199574 0.00656728 -0.00595943 0.00253571 0.0179807 0.0279966 -0.0281951 -0.00374973 -0.0193185 0.0148149 0.0129686 0.0506147 -0.000707798 -0.000966713 -0.021746 -0.00597069 -0.000386702 -0.00405908 0.00273936 -0.0421559
internal_weight=872.341 865.624 107.964 51.4714 41.6875 56.4921 38.669 10.5657 17.8231 12.7842 24.4309 31.1218 14.2381 757.66 751.848 20.4164 13.0128 731.432 336.327 395.104 9.78386
internal_count=4000 3970 509 239 194 270 185 51 85 58 116 143 69 3461 3435 91 58 3344 1533 1811 45
is_linear=0
shrinkage=0.05


Tree=92
num_leaves=31
num_cat=0
split_feature=0 7 7 14 29 6 12 29 12 31 28 7 10 13 5 5 9 10 10 28 29 1 6 0 6 0 11 31 11 31
split_gain=1.73222 3.84381 3.8768 5.17491 3.59076 3.05467 2.90901 4.87349 4.17943 2.8834 3.79903 2.46777 2.12635 4.58928 4.35901 10.77 4.45842 4.16346 3.5706 5.16843 7.64428 5.93645 5.80287 4.8768 4.3394 4.10102 6.73085 6.6699 5.92599 3.86313
threshold=-1.1846712231636045 -0.53037595748901356 -1.1789679527282713 0.38155783712863928 -0.99340808391571034 -1.2680528759956358 0.31689211726188665 -0.13228816539049146 -0.17790319025516507 -0.57398113608360279 -0.025187620893120762 -1.6072493791580198 0.94415313005447399 1.4912167787551882 1.1176201701164248 1.3162159323692324 -1.1495838165283201 0.99325969815254223 0.24135310202836993 -0.10060022026300429 1.3857665061950686 0.63082417845726024 -2.2279957532882686 -0.77993422746658314 -0.44411437213420862 -0.48177878558635706 0.29248964786529547 -1.0416305065155027 1.3311853408813479 -0.54569530487060536
decision_type=2 2 2 2 2 2 2 2 2 2 2 2 2 2 2 2 2 2 2 2 2 2 2 2 2 2 2 2 2 2
left_child=1 2 3 11 -3 -6 8 -8 -7 -4 -11 -1 18 14 16 -16 -14 -18 19 22 23 -22 -2 -21 -24 26 29 -27 -29 -20
right_child=12 4 9 -5 5 6 7 -9 -10 10 -12 -13 13 -15 15 -17 17 -19 25 20 21 -23 24 -25 -26 27 -28 28 -30 -31
leaf_value=-0.0023009971469695493 -0.053408060848060573 -0.044669571214010668 0.057907025474441855 0.028789026654874275 0.022816824393576848 -0.0095021789830900469 0.034782958951652149 -0.018219261300343764 -0.050279504710785586 -0.019357893834582921 0.040364600823866406 -0.052128823998219581 -0.036148343809386828 0.030648301526767868 0.079301047870088945 -0.010333255464364926 -0.053653802925062014 -0.0045292712399284596 0.0080005923853214249 -0.024651410635173523 -0.04574210462303805 0.019792669982211804 0.016657167878404808 -5.9930266447278707e-05 0.0014092454895180022 0.028772311982136339 -0.0049836968256154433 -0.004248745944321012 0.0342030823577563 0.050169968552841615
leaf_weight=4.322975017130374 4.143991954624652 8.1640546992421132 4.7700191438198081 5.6363395154476157 6.5869924277067176 17.807101041078568 6.961478695273402 11.504181690514086 9.7103339731693286 5.2153859287500373 5.440536528825759 5.8439934253692654 14.937439337372778 8.5121678411960584 4.8554414361715308 10.817597933113573 4.523319959640502 92.84395445138216 7.7978974208235767 22.468920610845089 18.132825113832954 4.2691841125488272 68.898817017674446 196.25067140161991 144.56236743181944 22.695329584181309 14.774640798568724 110.38818123191595 11.020300827920435 17.893490731716156
leaf_count=20 19 42 22 25 29 88 34 57 54 25 24 28 70 40 23 51 20 420 38 112 81 21 317 886 651 103 71 495 52 82
internal_value=1.24675e-06 -0.00648893 0.00776647 -0.00963867 -0.013819 -0.00902794 -0.0135896 0.00176236 -0.0238917 0.0255974 0.0111343 -0.0309421 0.000766659 -0.00490167 -0.0072662 0.0174351 -0.0107135 -0.00681141 0.00196932 -0.000393538 -0.00543538 -0.033253 0.00519317 -0.0025862 0.00633081 0.00784194 0.0219066 0.00389243 -0.000758457 0.0373706
internal_weight=871.75 91.9634 31.2292 15.8033 60.7341 52.5701 45.9831 18.4657 27.5174 15.4259 10.6559 10.167 779.787 136.49 127.978 15.673 112.305 97.3673 643.297 458.727 241.122 22.402 217.605 218.72 213.461 184.57 40.466 144.104 121.408 25.6914
internal_count=4000 448 144 73 304 262 233 91 142 71 49 48 3552 624 584 74 510 440 2928 2087 1100 102 987 998 968 841 191 650 547 120
is_linear=0
shrinkage=0.05


Tree=93
num_leaves=15
num_cat=0
split_feature=0 3 11 11 3 28 12 0 1 30 14 3 0 5
split_gain=1.69627 1.64822 4.67965 4.56137 3.48144 4.23332 3.47843 3.39264 3.41178 2.84117 2.63381 5.03451 3.51647 0.854613
threshold=2.3604900836944585 0.79650360345840465 -2.1621011495590206 -1.8088998794555662 0.76034474372863781 1.0000000180025095e-35 2.4163610935211186 -1.2558817863464353 1.7947361469268801 0.39267867803573614 -1.3770678639411924 -0.93943941593170155 -2.3236590623855586 -1.0000000180025095e-35
decision_type=2 2 2 2 2 2 2 2 2 2 2 2 2 2
left_child=1 4 -3 -4 6 -6 10 9 -9 -5 11 -1 -12 -2
right_child=13 2 3 7 5 -7 -8 8 -10 -11 12 -13 -14 -15
leaf_value=0.018998254332796852 0.010127483883979126 0.062651813211943227 -0.063448146761044572 -0.010896276614953722 0.059713484791320742 -0.0041493892808059946 -0.040711690688336299 -0.0011282845043330369 -0.042925199091281473 -0.062429487167737698 -0.041572070892453405 -0.017636068608560412 0.0020297302463719974 0.047576806829456142
leaf_weight=11.975173525512217 3.6003395467996597 2.5509429126977912 3.3379386961460105 6.8846654742956144 5.5020633786916715 4.9111538156867027 5.090933069586753 149.91210758686066 5.0467581897974005 4.3738043606281281 4.6591424122452727 43.245481498539448 616.92278660833836 2.6408662274479857
leaf_count=59 24 11 18 39 24 23 23 701 24 30 23 192 2788 21
internal_value=6.03797e-07 -0.000186925 -0.00456586 -0.00557714 0.00090167 0.029594 0.000463508 -0.00441499 -0.00248954 -0.0309164 0.00077323 -0.00969153 0.00170291 0.0259736
internal_weight=870.654 864.413 172.106 169.555 692.307 10.4132 681.894 166.217 154.959 11.2585 676.803 55.2207 621.582 6.24121
internal_count=4000 3955 823 812 3132 47 3085 794 725 69 3062 251 2811 45
is_linear=0
shrinkage=0.05


Tree=94
num_leaves=31
num_cat=0
split_feature=9 9 2 12 6 10 3 3 7 30 8 30 13 14 2 2 7 31 8 14 30 12 6 29 6 14 30 14 3 10
split_gain=1.62124 5.3571 5.86515 4.15118 3.95637 3.64761 4.66548 3.91527 3.51514 3.44431 5.9971 4.31852 3.52619 3.14593 2.53527 4.11118 6.10722 6.84062 4.99031 3.89126 3.85803 3.96216 3.6304 5.25021 4.6963 6.51623 4.23721 3.89436 3.06051 2.94834
threshold=1.1593646407127383 1.5868932604789736 1.0216236114501955 -0.52345880866050709 -0.1043935865163803 0.23237867653369906 -0.82728135585784901 0.41866573691368109 0.65747648477554332 -0.48196506500244135 -0.39316231012344355 0.31222480535507208 -0.12421129271388053 -0.074989594519138322 -1.1088060736656187 -0.65680071711540211 1.656755864620209 -0.090425256639718996 0.76420995593070995 -0.81636896729469288 1.1308661699295046 -0.23904908448457715 -0.16849245131015775 1.0252246260643008 -0.87159368395805348 -0.42955151200294489 0.22420413047075274 -1.2249098420143125 2.2376103401184086 0.051310839131474502
decision_type=2 2 2 2 2 2 2 2 2 2 2 2 2 2 2 2 2 2 2 2 2 2 2 2 2 2 2 2 2 2
left_child=14 3 9 4 -2 6 -5 -8 -7 10 -3 12 -11 -6 20 16 17 19 -19 -16 22 -22 24 27 26 -26 -1 -24 -17 -25
right_child=1 2 -4 5 13 8 7 -9 -10 11 -12 -13 -14 -15 15 28 -18 18 -20 -21 21 -23 23 29 25 -27 -28 -29 -30 -31
leaf_value=0.0096848450320621837 0.021061103785511643 0.030072384018876047 -0.041667132744394257 -0.032912354245590074 0.0023218810264420439 0.058313263402919473 0.045495555699011342 -0.004468525707114787 0.012433959185944221 0.06202912039459671 -0.045335498059633272 -0.0053980833073283682 0.009554324286179923 -0.05596789478048092 -0.0018238815069786985 -0.00090319746997021423 -0.04251421310460686 -0.009039788415597232 0.028955912666242686 0.036177045732346924 -0.018644815539164042 0.042834193301580892 0.050454313739610068 -0.065857447305017178 -0.0033059402123031371 -0.061374175717912496 -0.041024678600608169 -0.00022177586047891106 -0.037880210241616634 -0.0096119115859327215
leaf_weight=13.920747481286528 8.4414527043700236 3.9197244793176642 9.388137534260748 4.6545953378081348 4.7202003821730614 11.647094607353212 9.099954351782797 6.8893056586384764 6.507574349641799 5.7518327087163925 8.0545693561434728 17.178140163421631 7.2200817465782183 4.5422141849994642 8.5220828801393491 560.56814161688089 5.209891401231288 35.526065833866596 11.419460020959376 32.154005452990532 4.207517996430397 6.9489221572875959 4.2136752754449835 4.4781757891178113 7.761342108249667 12.797172248363493 5.8508808463811866 37.806402213871479 5.6523205116391173 4.8568795770406723
leaf_count=64 41 19 43 23 23 59 44 31 30 28 37 78 35 21 40 2561 23 160 53 148 19 32 19 21 34 59 26 170 36 23
internal_value=5.92461e-08 0.0057328 -0.00592913 0.0163648 -0.00369818 0.0255196 0.0111427 0.0239675 0.0418677 0.0020357 -0.0206511 0.0110459 0.032822 -0.026263 -0.00081268 0.000326677 0.0100797 0.0132069 0.000202634 0.0282154 -0.00811415 0.0196481 -0.0114923 -0.00267532 -0.0227196 -0.039452 -0.00532127 0.0048599 -0.00127232 -0.0365938
internal_weight=869.909 108.015 51.5125 56.5024 17.7039 38.7985 20.6439 15.9893 18.1547 42.1243 11.9743 30.1501 12.9719 9.26241 761.894 659.052 92.8315 87.6216 46.9455 40.6761 102.842 11.1564 91.6853 51.3551 40.3301 20.5585 19.7716 42.0201 566.22 9.33506
internal_count=4000 512 240 272 85 187 98 75 89 197 56 141 63 44 3488 3021 424 401 213 188 467 51 416 233 183 93 90 189 2597 44
is_linear=0
shrinkage=0.05


Tree=95
num_leaves=31
num_cat=0
split_feature=0 6 11 14 13 6 10 1 12 7 7 12 13 28 14 1 3 6 12 10 10 14 4 0 1 11 1 12 12 13
split_gain=1.63968 3.71512 3.02696 3.94611 4.03932 4.03598 3.49047 4.58335 4.12869 2.29279 3.91481 4.74279 5.72611 8.73054 5.92612 4.51551 4.41001 4.33071 3.86905 3.29619 5.97877 3.95148 6.13407 4.28593 3.75831 5.08338 7.94295 5.95144 4.07492 4.93318
threshold=1.2121176123619082 1.8975993394851687 1.6771836876869204 -0.81636896729469288 -0.39318054914474482 -0.18629747629165647 1.0638625025749209 0.34324932098388677 0.44999128580093389 0.65747648477554332 0.87241628766059887 1.3267017602920534 -0.37443320453166956 0.67544150352478038 -0.25660556554794306 -0.32141287624835962 -0.14892300963401792 -0.37257716059684748 -0.33549202978610987 0.098888348788023009 0.069434367120265975 -0.39805078506469721 1.8306570053100588 -0.58694317936897267 0.015735047403723005 -0.050204699859023087 1.1913852691650393 0.39762105047702795 1.8178949356079104 0.91484755277633678
decision_type=2 2 2 2 2 2 2 2 2 2 2 2 2 2 2 2 2 2 2 2 2 2 2 2 2 2 2 2 2 2
left_child=9 2 3 4 -2 -6 8 -8 -5 19 17 12 13 -12 -14 -13 -17 18 -11 20 21 23 -23 -1 28 26 -26 -27 29 -21
right_child=1 -3 -4 6 5 -7 7 -9 -10 10 11 15 14 -15 -16 16 -18 -19 -20 24 -22 22 -24 -25 25 27 -28 -29 -30 -31
leaf_value=-0.009297713061855728 0.035128048474922589 -0.037613288333025151 -0.03108813915933429 0.012088379984582431 0.0060703085072667268 -0.05078919323739961 -0.038889731561177976 0.029571726778855056 0.041446186243976828 -0.025268425447814047 -0.0042071787483392471 -0.018608869867051746 -0.028373458871161845 0.04060016479135737 -0.0016710143570274876 0.0027736061777934029 0.06825517401167952 -0.028842435641390336 0.022338833988047549 0.0081361023907281088 -0.047912593932457254 -0.0037954091993659973 -0.044940147577612159 0.013111199320070144 0.00029350088692716667 -0.019189903696518691 0.044733586231405394 0.012428537364538054 -0.035442813489389872 0.034673487435294394
leaf_weight=30.530222825706005 3.6222061738371876 4.5788261517882338 4.5588331222534171 39.874658480286598 5.7491668015718469 6.826883323490617 5.9919597879052144 4.129615418612957 17.116548843681812 7.3863365948200252 37.852262131869793 4.2067473754286775 34.240795560181141 15.251686230301855 52.847383350133896 4.2406775057315818 6.5313864722847912 31.187453426420689 10.108049750328062 112.19424401968718 7.1465740650892249 183.46406484395266 9.5290762037038785 70.864680498838425 48.441138632595539 51.538541652262211 12.688463963568209 20.925209820270538 4.6291531398892394 20.751775681972504
leaf_count=148 18 21 21 202 28 30 31 23 91 33 175 19 153 70 239 19 29 144 46 505 33 837 43 315 224 235 59 96 22 91
internal_value=5.58872e-07 0.00629525 0.00858329 0.0107541 -0.0113958 -0.0247958 0.0161002 -0.0109574 0.0209056 -0.000748822 -0.0053026 -0.00142159 -0.00427891 0.00866169 -0.0121697 0.0253211 0.0424768 -0.0176731 0.00223849 0.000872088 -0.0027251 -0.00162812 -0.00582694 0.00636383 0.00487209 -0.00110134 0.00951778 -0.0100595 0.0106726 0.0122784
internal_weight=869.005 92.4487 87.8699 83.311 16.1983 12.5761 67.1128 10.1216 56.9912 776.556 203.853 155.171 140.192 53.1039 87.0882 14.9788 10.7721 48.6818 17.4944 572.703 301.535 294.388 192.993 101.395 271.169 133.593 61.1296 72.4638 137.575 132.946
internal_count=4000 465 444 423 76 58 347 54 293 3535 927 704 637 245 392 67 48 223 79 2608 1376 1343 880 463 1232 614 283 331 618 596
is_linear=0
shrinkage=0.05


Tree=96
num_leaves=19
num_cat=0
split_feature=30 30 30 5 0 6 7 1 4 30 0 12 8 2 2 1 4 5
split_gain=1.58607 2.33569 5.72515 4.34409 3.64156 4.60102 4.22767 5.81806 2.88187 2.75713 4.20989 4.29184 2.61472 2.45212 7.37421 4.61284 2.35484 1.77567
threshold=2.4666501283645634 1.7489169239997866 1.3688237071037295 0.54797700047492992 0.38840739428997045 -1.0000000180025095e-35 0.57963630557060253 -0.2188121825456619 0.59198275208473217 1.0970046520233157 -1.3609409928321836 0.24864400178194049 0.038134802132844932 -0.84671917557716359 -0.66744238138198841 0.7921065390110017 0.048661310225725181 0.94347020983695995
decision_type=2 2 2 2 2 2 2 2 2 2 2 2 2 2 2 2 2 2
left_child=1 2 9 8 6 -6 7 -3 12 13 -11 -12 -4 15 -15 -1 -9 -5
right_child=-2 4 3 17 5 -7 -8 16 -10 10 11 -13 -14 14 -16 -17 -18 -19
leaf_value=-0.0015791519544335426 -0.025321517052022981 0.061962413377055728 -0.025586224697865201 0.02818175035269474 0.0037448465131038854 0.070887115295757933 -0.03633417418138548 -0.035819153532170599 -0.0073497754955672125 -0.037651499027288537 0.0066524019513264643 0.042701812864557064 -0.065291742404056149 0.021187842081108049 -0.0002093649131254728 -0.023960674963723678 0.016101248772925843 -0.010130289622223166
leaf_weight=121.79030273854733 6.1400234103202811 4.5609816908836391 9.289186850190168 4.8653630018234235 4.9775491505861282 5.2350921481847745 5.3879322335124007 4.0209511816501635 8.3418620899319631 3.7271842509508124 26.190545186400414 12.057300008833407 7.4892032146453849 43.389978915452957 559.31705056130886 28.38706897944212 4.7799386531114578 7.9926628172397614
leaf_count=556 30 20 43 24 23 25 25 20 39 20 118 57 36 198 2575 131 22 38
internal_value=8.37683e-07 0.000181251 -0.000304163 -0.0192695 0.0141397 0.0381626 0.00105491 0.0161314 -0.0313679 0.000601999 0.0130736 0.0180167 -0.0433092 -9.33212e-05 0.00133106 -0.00580979 -0.00762015 0.00436665
internal_weight=867.94 861.8 832.838 37.9783 28.9624 10.2126 18.7498 13.3619 25.1203 794.859 41.975 38.2478 16.7784 752.884 602.707 150.177 8.80089 12.858
internal_count=4000 3970 3835 180 135 48 87 62 118 3655 195 175 79 3460 2773 687 42 62
is_linear=0
shrinkage=0.05


Tree=97
num_leaves=20
num_cat=0
split_feature=2 5 2 2 4 28 2 2 9 4 4 5 3 9 7 5 28 0 0
split_gain=1.56392 2.92444 2.08693 3.81562 6.40105 3.99706 3.98157 3.62898 3.2978 4.50997 11.5003 8.86753 7.46805 5.84677 3.14719 4.79425 3.75569 1.95906 4.39002
threshold=2.328278779983521 -0.5229215919971465 0.49386617541313177 0.39796574413776403 -0.86765223741531361 -0.81205061078071583 0.41828073561191564 0.37172761559486395 1.5868932604789736 -0.13646642863750455 -0.21620409190654752 1.0990151762962344 1.5769235491752627 0.97368916869163524 1.8290309906005862 0.036719707772135741 1.6630350947380068 0.4185140877962113 -0.38382482528686518
decision_type=2 2 2 2 2 2 2 2 2 2 2 2 2 2 2 2 2 2 2
left_child=2 -2 3 7 -5 -6 -7 14 9 10 11 -4 13 -11 16 -16 -1 18 -10
right_child=1 -3 8 4 5 6 -8 -9 17 12 -12 -13 -14 -15 15 -17 -18 -19 -20
leaf_value=0.00062846124192246326 0.051280289526586947 -0.0047773184911227848 -0.011606546316586362 0.072785182061254491 0.050766975513699769 0.036872181967087102 -0.012141450729570144 -0.035776685703369858 -0.047019110180904468 0.0021446424892838465 -0.070134492615768262 0.034125340025345993 -0.051321691260615157 0.035762155704587198 -0.038205135274933938 0.011404664878233748 0.019369695970357186 -0.051535140889451575 0.020780310187361269
leaf_weight=519.13895361125469 4.2058280855417252 5.2068629264831525 83.545887477695942 4.6053857132792499 4.7181545346975389 5.5196114480495444 16.618679814040661 6.8345110565423957 4.826515667140483 113.44919767975807 7.4912565872073165 12.140281721949576 5.9509074762463561 14.597994737327097 12.226929761469366 8.0936378538608533 28.183336958289146 5.235899105668067 4.7248203903436652
leaf_count=2393 20 25 390 21 22 25 76 32 24 512 35 59 33 69 56 36 128 23 21
internal_value=7.80919e-07 0.0202706 -0.000221615 0.00136861 0.018323 0.00898375 7.88333e-05 0.000440085 -0.00404591 -0.0026176 -0.010475 -0.00580427 0.00343253 0.0059772 0.000876141 -0.0184457 0.00159351 -0.0269549 -0.0134803
internal_weight=867.315 9.41269 857.902 605.939 31.4618 26.8564 22.1383 574.477 251.963 237.176 103.177 95.6862 133.998 128.047 567.643 20.3206 547.322 14.7872 9.55134
internal_count=4000 45 3955 2789 144 123 101 2645 1166 1098 484 449 614 581 2613 92 2521 68 45
is_linear=0
shrinkage=0.05


Tree=98
num_leaves=30
num_cat=0
split_feature=0 8 28 3 14 1 31 4 2 7 28 5 4 9 14 9 8 9 4 13 13 31 8 9 29 29 1 1 8
split_gain=1.53476 3.47479 4.56995 4.12785 3.94314 3.41561 3.16731 7.53056 6.55889 6.2404 8.06972 6.05716 5.05999 3.86853 5.04553 5.93926 5.39725 4.62589 4.46797 3.08248 7.89753 5.92832 4.22019 3.71135 3.23213 2.49169 2.44696 2.29434 2.8826
threshold=0.13464162498712542 -1.4814863204956052 0.090836599469184889 0.46795482933521276 -0.17006385326385495 -2.3809921741485591 0.069658707827329649 1.713055491447449 1.6701706647872927 -0.070463646203279481 -0.18601296097040174 1.1505079269409182 1.8713681697845461 0.12574137747287753 -0.047585830092430108 0.50759676098823558 0.90439486503601085 0.067614302039146437 0.50449562072753917 -0.87352159619331349 -0.76960268616676319 -1.3984534740447996 0.29490928351879125 -0.18422541022300717 -0.45818713307380671 -0.0076502589508891097 0.21700812131166461 -0.32141287624835962 -1.8750287294387815
decision_type=2 2 2 2 2 2 2 2 2 2 2 2 2 2 2 2 2 2 2 2 2 2 2 2 2 2 2 2 2
left_child=1 2 27 4 -4 -3 7 8 9 11 -11 -2 13 17 15 -15 -16 18 -8 21 24 -7 -23 -22 -21 -9 -10 -1 -29
right_child=6 5 3 -5 -6 19 12 25 26 10 -12 -13 -14 14 16 -17 -18 -19 -20 20 23 22 -24 -25 -26 -27 -28 28 -30
leaf_value=-0.065175074261903096 0.021213718081966607 0.036328105029613408 -0.01254284242813905 -0.042246651802837924 0.051035336298940748 0.031449620112707542 -0.0030907667538381377 0.023161392545251944 -0.063892429667070344 0.014993798676687257 -0.014274270415938206 -0.019109069760517752 -0.040903214183151022 -0.052780272657361141 -0.0048923439713983588 -0.0086807564299820755 0.049751649355458956 0.052068983236085491 0.020736847932516927 0.063262610479963774 -0.0069713416930142318 -0.0037798063700562518 -0.026524479684426977 0.0036736600979655632 0.012574490051151049 0.071334011433277292 -0.011668385979340425 0.0037856407298978395 -0.049916463113204287
leaf_weight=5.060235232114791 75.371824137866497 6.1033791899681082 4.8453680276870719 3.7532665356993666 4.910038247704505 8.0558983981609327 77.243288025259972 5.3348639607429504 4.4150769710540754 39.962267227470875 57.348210796713829 10.626464970409868 8.1529901847243291 11.503498449921606 29.053152270615101 22.702969886362553 5.3511499986052504 5.031804420053958 26.397188901901245 6.7383663430809975 137.94455344229937 47.88842811435461 35.522668190300465 201.46491884440184 5.8974820673465711 5.4028452038764936 4.5591803193092346 4.8539042025804511 5.1503054350614574
leaf_count=25 356 28 22 22 21 36 341 24 19 187 254 54 36 51 136 106 28 23 119 31 655 226 170 910 28 25 21 23 23
internal_value=7.25934e-07 -0.00189572 -0.0188031 0.00231317 0.019457 -0.000821258 0.00233525 0.00665015 0.00437453 0.00641779 -0.00225482 0.0162312 -0.00238883 -0.00061761 -0.00991311 -0.0235112 0.00360683 0.00525115 0.00297812 -0.00133249 0.000792226 -0.00951025 -0.0134662 -0.000652737 0.0396051 0.0474002 -0.0373611 -0.0377386 -0.0238609
internal_weight=866.646 478.189 28.5731 13.5087 9.75541 449.616 388.457 203.021 192.283 183.309 97.3105 85.9983 185.436 177.283 68.6108 34.2065 34.4043 108.672 103.64 443.512 352.045 91.467 83.4111 339.409 12.6358 10.7377 8.97426 15.0644 10.0042
internal_count=4000 2220 136 65 43 2084 1780 940 891 851 441 410 840 804 321 157 164 483 460 2056 1624 432 396 1565 59 49 40 71 46
is_linear=0
shrinkage=0.05


Tree=99
num_leaves=20
num_cat=0
split_feature=3 30 5 4 5 1 4 29 2 30 14 14 8 5 7 14 2 5 31
split_gain=1.53406 2.9688 1.81686 3.83452 5.96072 5.55946 3.7969 3.19894 4.81386 3.5404 3.16948 2.8529 5.78076 5.24519 3.92275 2.86576 5.6391 3.44059 1.04528
threshold=-2.0944153070449825 0.21375562995672229 1.3162159323692324 -0.61188155412673939 1.5533122420310976 1.057814955711365 -1.0715426206588743 0.40393452346324926 -0.6755271553993224 -0.5816584825515746 2.4330677986145024 1.2346114516258242 0.6169530749320985 -1.1466925144195554 0.97566205263137828 0.60388538241386425 0.27174359560012823 1.1176201701164248 -0.33273079991340632
decision_type=2 2 2 2 2 2 2 2 2 2 2 2 2 2 2 2 2 2 2
left_child=1 18 10 4 -4 7 -6 8 -5 -9 11 15 13 -13 -14 17 -17 -2 -1
right_child=2 -3 3 5 6 -7 -8 9 -10 -11 -12 12 14 -15 -16 16 -18 -19 -20
leaf_value=0.020739488749078602 -0.0010453673699372041 -0.0053541860471997826 -0.022447752419523386 0.05116073666358191 0.00161547870135806 -0.052590068143514627 0.062810903661761258 -0.052909961531318307 -0.00599385746285995 -0.0075127222832980208 0.039143261474803875 -0.057649426694402678 0.001171763179348006 -0.011828571316556194 0.050552684667711546 0.016044883039751351 -0.0067557381258101503 0.018849804260477585 0.062208397420801476
leaf_weight=2.8970110639929771 553.00363435596228 6.9292081594467163 7.2238292545080212 4.3882636278867748 4.4187012910842904 8.1231860890984517 5.9449969306588146 6.6598271429538753 22.958842575550079 12.09328595548868 5.2544015645980826 7.18831443786621 19.543282583355907 47.624019272625446 5.0637812465429297 79.031348407268524 41.283447504043579 22.61976133286953 3.1960686370730382
leaf_count=20 2528 37 35 20 20 38 27 31 108 57 24 34 93 226 23 357 191 108 23
internal_value=1.0822e-06 0.0170327 -0.000259106 -0.00786981 0.0124173 -0.01445 0.0367194 -0.00772946 0.00317748 -0.0236347 0.000441027 0.000178751 -0.00879934 -0.0178377 0.0113336 0.00120332 0.00822134 -0.000263564 0.0424916
internal_weight=865.445 13.0223 852.423 71.8109 17.5875 54.2234 10.3637 46.1002 27.3471 18.7531 780.612 775.358 79.4194 54.8123 24.6071 695.938 120.315 575.623 6.09308
internal_count=4000 80 3920 336 82 254 47 216 128 88 3584 3560 376 260 116 3184 548 2636 43
is_linear=0
shrinkage=0.05


Tree=100
num_leaves=16
num_cat=0
split_feature=6 7 8 31 8 14 28 9 12 7 12 6 3 7 9
split_gain=1.52553 3.65381 3.53728 3.84051 3.37258 2.16026 2.15946 4.70329 4.18266 5.10313 4.28235 3.21911 2.59941 2.54514 1.91816
threshold=-1.8187515735626218 -1.2803111672401426 0.35819365084171301 -0.27638782560825342 0.71272954344749462 2.4330677986145024 -1.3155897855758665 -1.2233828306198118 0.040138669312000282 0.7048456370830537 -0.45435896515846247 -1.7151784300804136 2.4616270065307622 -0.57929310202598561 -0.38389761745929712
decision_type=2 2 2 2 2 2 2 2 2 2 2 2 2 2 2
left_child=1 -1 3 -3 -4 6 7 -2 10 -10 -9 -8 13 -13 -5
right_child=5 2 4 14 -6 -7 11 8 9 -11 -12 12 -14 -15 -16
leaf_value=-0.038206734256168662 0.049988477460809422 0.0015180927472320934 -0.03860418720904496 0.072930179055352248 0.016729492840352751 0.028876065650140205 -0.037443711563022154 0.0054673702550549182 0.0062173429694337623 0.054006987204096892 -0.030850611687882758 0.0036485339573226593 -0.04024999825770649 -0.0027981346732518495 0.0306429649082018
leaf_weight=3.4452933445572844 5.9919340759515753 7.2060734331607845 4.6153538897633535 4.6384014114737528 6.8271342590451241 6.2463582307100287 6.1574954390525809 21.117757685482502 26.300471276044846 7.0925301462411872 13.184009328484533 216.0614335462451 4.2249905467033377 525.40781204402447 6.3569119647145271
leaf_count=17 27 34 21 22 34 29 28 99 125 34 60 997 26 2415 32
internal_value=1.31808e-06 0.0105298 0.0161941 0.0298886 -0.00558947 -0.000417515 -0.000639162 0.0075294 0.00377118 0.0163677 -0.00849158 -0.00143974 -0.00114244 -0.000919599 0.0484819
internal_weight=864.874 33.0892 29.6439 18.2014 11.4425 831.785 825.538 73.6867 67.6948 33.393 34.3018 751.852 745.694 741.469 10.9953
internal_count=4000 160 143 88 55 3840 3811 345 318 159 159 3466 3438 3412 54
is_linear=0
shrinkage=0.05


Tree=101
num_leaves=22
num_cat=0
split_feature=0 3 31 7 5 6 31 31 29 29 3 10 14 14 3 3 3 3 31 30 9
split_gain=1.49142 4.02296 3.19587 2.50753 1.68348 3.48567 4.5067 5.61032 3.9538 2.91787 2.8014 2.56509 2.55856 2.94936 4.74588 5.61018 3.20878 4.48833 4.27711 2.45395 1.23463
threshold=1.8306517004966738 -1.2410907745361326 -0.40636914968490595 0.2817444652318955 1.3162159323692324 1.199942469596863 -0.84570810198783863 0.48717582225799566 1.1349151730537417 0.35495644807815557 0.50419756770133983 -0.41915108263492579 2.4330677986145024 1.3282410502433779 -1.0851196646690366 0.50419756770133983 0.20048770308494571 0.098324939608573927 2.0246987342834477 0.37047015130519872 0.045410918071866042
decision_type=2 2 2 2 2 2 2 2 2 2 2 2 2 2 2 2 2 2 2 2 2
left_child=4 -2 -3 20 12 6 11 8 -8 -7 -9 -6 13 16 19 -16 17 -1 -18 -15 -4
right_child=1 2 3 -5 5 9 7 10 -10 -11 -12 -13 -14 14 15 -17 18 -19 -20 -21 -22
leaf_value=0.0025081521083439064 -0.045353670854018195 -0.0078915947645001108 0.0676224059713154 0.0063733689144481482 0.049720663735981691 -0.012650450029751369 -0.016099480134501708 0.022023573423076623 -0.065810668562254704 -0.067803721099826048 -0.02010267611267301 0.0047510037346072086 0.03556587302274547 0.00025295437399549023 -0.026161065720861066 0.0084251365526849132 -0.0038910733269210936 0.023679592612774549 0.039144759040398033 0.049885864950494192 0.028614213256140771
leaf_weight=386.03761141747236 2.6380776464939144 6.6724717393517556 4.8398931100964493 4.9609065577387801 5.2549247145652771 5.8716147094964963 23.865006625652317 14.144259206950666 4.8052538931369773 4.0536766648292542 5.4737347587943068 7.9965088218450529 5.1211870908737174 5.852857828140257 38.929143942892551 16.778361231088638 280.64679347351193 26.769613087177277 5.8946344703435889 4.3348736613988876 3.4919721409678459
leaf_count=1753 17 39 29 27 25 27 112 65 22 20 27 38 24 28 180 84 1297 117 26 20 23
internal_value=1.54839e-06 0.012676 0.0203437 0.0345167 -0.000338764 -0.0076799 -0.00324524 -0.0103334 -0.0244313 -0.0351761 0.0102697 0.022584 0.000342256 0.000106532 -0.0100059 -0.0157442 0.00105936 0.00388107 -0.00300575 0.0213717 0.0512737
internal_weight=864.433 22.6033 19.9652 13.2928 841.83 71.465 61.5397 48.2883 28.6703 9.92529 19.618 13.2514 770.365 765.244 65.8952 55.7075 699.349 412.807 286.541 10.1877 8.33187
internal_count=4000 135 118 79 3865 336 289 226 134 47 92 63 3529 3505 312 264 3193 1870 1323 48 52
is_linear=0
shrinkage=0.05


Tree=102
num_leaves=29
num_cat=0
split_feature=9 1 9 9 13 30 10 2 31 30 8 3 8 3 30 10 2 31 0 0 0 10 31 1 8 12 30 7
split_gain=1.48283 4.70239 4.74135 4.2419 3.9659 3.67584 4.77799 6.10506 5.12603 3.32241 2.59718 4.11101 2.56049 2.39364 2.82783 2.46185 3.2092 3.86684 3.78408 4.9997 3.93664 3.04379 5.84532 2.91632 3.89173 3.70222 1.4427 1.05048
threshold=1.1593646407127383 -0.73940587043762196 1.5588032603263857 2.0268211364746098 -0.27339479327201838 1.1951388716697695 0.6056136190891267 0.32998518645763403 -0.59504047036170948 -0.40218277275562281 -0.76359897851943959 -0.37294924259185785 0.35162316262722021 -1.9465773701667783 0.29083865880966192 0.85868516564369213 1.2418538928031924 0.16193937510252002 0.12774419039487842 0.16977809369564059 -1.731259763240814 0.79698503017425548 0.053449336439371116 0.41877578198909765 2.0767652988433842 0.50954765081405651 -0.78745409846305836 -0.38390150666236872
decision_type=2 2 2 2 2 2 2 2 2 2 2 2 2 2 2 2 2 2 2 2 2 2 2 2 2 2 2 2
left_child=13 2 12 -4 9 6 8 -8 -6 26 -11 -12 -2 14 27 21 18 -18 20 -20 -17 23 -23 24 -15 -25 -3 -1
right_child=1 4 3 -5 5 -7 7 -9 -10 10 11 -13 -14 15 -16 16 17 -19 19 -21 -22 22 -24 25 -26 -27 -28 -29
leaf_value=0.016495060480322551 -0.010831275649132343 0.020539162115719895 -0.05981766666703231 0.0033366476986959742 0.01929319414909398 0.044935622725951023 0.053351742809917682 -0.01779136321026514 -0.024273669702469837 -0.00057805459713352323 0.01544697693610305 0.066226810984953727 0.035774126595291882 0.0029307680278241439 -0.0060332124515262396 0.033739528672094281 -0.0067367086501677392 0.045704063581175472 0.055801978480381965 -0.0038016863496647042 -0.019605753542695253 0.057079595498397043 -0.016794724646872622 -0.010462882723968685 -0.034207952432465903 0.0042047349688181818 -0.013636938478850048 0.051440722903795082
leaf_weight=3.6477924436330786 7.4916560798883456 6.5049178078770638 7.3832036629319173 4.1552527248859406 9.4355230033397621 4.6004972234368315 7.4093240424990636 5.0851492807269096 23.736082367599014 3.7169601172208813 6.6956199631094959 9.8478701636195165 4.8581950962543488 383.17552004754543 6.6399204581975928 3.6386623457074156 8.256534203886984 6.1215519607067099 3.73951831459999 59.485798999667168 69.804088808596134 6.4284260869026166 4.5893453359603882 122.70080243051052 7.1861841902136794 66.249646671116352 5.8786165639758092 5.2392314895987502
leaf_count=23 35 33 34 20 46 23 39 23 109 19 33 45 25 1751 34 17 37 28 16 267 326 29 20 569 33 304 28 34
internal_value=1.75275e-06 0.00551707 -0.014029 -0.0370744 0.0111487 0.00233623 -0.00195532 0.0243971 -0.0118813 0.0247185 0.0371893 0.0456748 0.0075024 -0.000776458 0.0186528 -0.00118337 -0.00687943 0.0155902 -0.00924334 -0.000276374 -0.0169628 0.000274062 0.026308 -0.000221069 0.00224708 -0.00532014 0.00431535 0.0370968
internal_weight=863.702 106.799 23.8883 11.5385 82.9106 50.2666 45.6661 12.4945 33.1716 32.644 20.2605 16.5435 12.3499 756.903 15.5269 741.376 151.046 14.3781 136.668 63.2253 73.4428 590.33 11.0178 579.312 390.362 188.95 12.3835 8.88702
internal_count=4000 512 114 54 398 240 217 62 155 158 97 78 60 3488 91 3397 691 65 626 283 343 2706 49 2657 1784 873 61 57
is_linear=0
shrinkage=0.05


Tree=103
num_leaves=31
num_cat=0
split_feature=8 7 7 3 3 2 14 29 4 4 5 7 12 5 8 13 13 28 13 13 13 14 29 4 14 14 7 4 28 28
split_gain=1.50032 5.97165 5.34481 5.28398 5.19331 5.67474 6.65651 6.11661 4.74622 6.36714 4.97791 4.54816 4.33534 5.24802 4.12997 8.72776 5.6976 3.96238 3.79757 4.34372 3.76731 3.40306 3.89071 2.89403 2.99658 4.6275 6.57845 5.37793 4.21525 5.58732
threshold=-0.21124839037656781 0.15789182484149936 0.26312074065208441 -0.66067150235176075 0.2973997443914414 -1.0567514300346372 1.0444110035896303 0.26420249044895178 -0.99577614665031422 -1.4056022763252256 -0.66930675506591786 0.038758896291255958 0.81522616744041454 -0.070546485483646379 -0.32302883267402643 -0.55838888883590687 -1.8924227952957151 1.5201698541641238 1.28817754983902 -0.41521722078323359 0.0051988253835588702 -1.827153146266937 0.19515135884284976 -2.235093235969543 -0.84360527992248524 -0.36939929425716395 0.64625930786132824 -0.63927462697029103 -0.72662401199340809 -0.42017181217670435
decision_type=2 2 2 2 2 2 2 2 2 2 2 2 2 2 2 2 2 2 2 2 2 2 2 2 2 2 2 2 2 2
left_child=1 4 3 -3 5 12 11 -8 9 20 -11 -7 13 -1 16 -16 -10 18 19 -6 -4 22 -2 -23 28 26 -26 -27 -25 -30
right_child=21 2 8 -5 17 6 7 -9 14 10 -12 -13 -14 -15 15 -17 -18 -19 -20 -21 -22 23 -24 24 25 27 -28 -29 29 -31
leaf_value=-0.023651356836974793 -0.053219902894687636 0.017751734411003996 0.018411001699488991 -0.044897693436223213 0.014549138933029235 0.021829691964989923 0.017739884606756805 -0.047990130156092874 0.044441132988635529 0.0012765105084450975 0.070078564735924651 0.063796899649479807 -0.045294426652020527 0.043808954295917579 -0.040790215325502033 0.047216241684593763 -0.011047571974466193 -0.047955972145487344 0.040483554644715182 -0.01182255650462391 -0.040805183851929799 -0.036667674532939468 -0.00080340927295144784 0.029024246553519397 -0.0040139842372084343 0.01188079181097899 -0.035374273930608241 -0.0033507738409258589 -0.031060609526394889 0.0082107210394707173
leaf_weight=6.351279392838479 6.7867684662342054 4.4257860481739071 6.1256137341260928 14.050459064543245 24.711414024233818 75.645996898412704 7.9566529393196088 6.3752357810735703 4.8459356874227515 4.0658367872238159 7.439030244946478 7.0582564249634734 6.0222928375005713 5.2793666794896135 4.0201201140880576 9.4147105962038022 102.01550671458244 4.3431714773178092 5.6742747053503981 42.415573328733444 4.7832047045230865 5.6355695202946654 7.4007569402456284 18.406544603407383 57.589698806405067 75.835111603140831 23.565391302108765 245.7456688284874 10.730836950242518 58.070693001151085
leaf_count=29 32 21 30 65 113 353 37 30 24 19 35 33 26 25 18 45 472 21 25 199 23 27 35 83 268 357 108 1136 47 264
internal_value=2.38791e-06 0.0025079 -0.0045865 -0.0298907 0.0084689 0.0152161 0.0199598 -0.0114987 -0.00131044 0.019814 0.0457638 0.0254113 -0.0108599 0.00697013 -0.00524637 0.020882 -0.00853128 -0.00156197 0.0012058 -0.00211436 -0.0075536 -0.00173271 -0.0258775 -0.00104149 -0.0006317 -0.00245131 -0.0131202 0.000241131 0.00777144 0.00208565
internal_weight=862.787 353.02 161.186 18.4762 191.834 114.689 97.0361 14.3319 142.71 22.4137 11.5049 82.7043 17.6529 11.6306 120.296 13.4348 106.861 77.1444 72.8013 67.127 10.9088 509.767 14.1875 495.58 489.944 402.736 81.1551 321.581 87.2081 68.8015
internal_count=4000 1643 752 86 891 533 453 67 666 107 54 386 80 54 559 63 496 358 337 312 53 2357 67 2290 2263 1869 376 1493 394 311
is_linear=0
shrinkage=0.05


Tree=104
num_leaves=22
num_cat=0
split_feature=2 12 2 2 4 12 13 2 13 29 12 10 10 10 30 1 8 1 1 4 4
split_gain=1.48415 2.36706 1.74745 3.55862 5.57931 3.647 3.61547 3.24295 3.22486 3.70686 3.34369 3.1335 5.72439 4.76327 6.05529 5.89321 3.70639 4.10597 3.80331 3.33832 4.46991
threshold=2.328278779983521 -0.35268162190914149 0.49386617541313177 0.39796574413776403 -0.86765223741531361 -0.85259863734245289 -1.1681226491928098 0.37172761559486395 1.28817754983902 1.0747333765029909 0.43335050344467169 -1.0901782512664793 -0.73242080211639393 -0.91788071393966664 0.067877139896154418 0.56171950697898876 -1.0493143200874326 0.86817702651023876 -0.24468690901994702 1.8306570053100588 1.3358497023582461
decision_type=2 2 2 2 2 2 2 2 2 2 2 2 2 2 2 2 2 2 2 2 2
left_child=2 -2 3 7 -5 -6 -7 8 9 -1 -10 16 13 14 -13 -15 -4 18 -18 20 -14
right_child=1 -3 11 4 5 6 -8 -9 10 -11 -12 12 19 15 -16 -17 17 -19 -20 -21 -22
leaf_value=0.0013097945046618175 -0.0025027509174437089 0.048235989515404053 0.048818815671990395 0.068913155092191911 -0.03324257976502748 -0.025686521910362359 0.026538611959569004 -0.034000791260261835 0.0042097509540300363 -0.010685049942322849 0.031378081462229632 0.019883669825927611 -0.0040599744777339193 -0.080699095240431395 -0.051057849558085747 -0.0091615626065225473 0.014770071867211807 0.04369431838738936 -0.02771845481081299 -0.041995397884120086 0.02514660243082055
leaf_weight=434.94269226491451 5.2202620059251785 4.1071286275982839 5.3770485073328045 4.5424062013626125 4.293875113129622 4.0475645065307679 18.2840899080038 6.7904723137617102 37.520625934004784 75.607266016304493 16.221144296228886 7.8493712171912211 174.48669439181685 7.0081556886434537 4.8768379017710686 4.8860041797161102 10.532537728548057 5.0568071678280822 10.535240590572354 5.3292618989944449 14.163560271263121
leaf_count=2016 24 21 25 21 20 19 84 32 173 351 73 36 813 31 24 23 50 25 49 24 66
internal_value=2.54247e-06 0.019839 -0.000214531 0.00124439 0.0176963 0.00895858 0.0170729 0.000346496 0.000759818 -0.00046652 0.0124101 -0.00372765 -0.00585221 -0.0285634 -0.00730198 -0.0513122 0.0110153 0.00323448 -0.00647692 -0.00296965 -0.00186719
internal_weight=861.679 9.32739 852.352 602.25 31.1679 26.6255 22.3317 571.082 564.292 510.55 53.7418 250.102 218.6 24.6204 12.7262 11.8942 31.5016 26.1246 21.0678 193.98 188.65
internal_count=4000 45 3955 2789 144 123 103 2645 2613 2367 246 1166 1017 114 60 54 149 124 99 903 879
is_linear=0
shrinkage=0.05


Tree=105
num_leaves=28
num_cat=0
split_feature=12 0 2 7 11 7 7 4 3 0 13 8 29 29 28 3 9 28 7 12 8 12 12 7 5 0 31
split_gain=1.46919 1.55741 3.57173 3.88843 5.8062 3.75332 5.04465 3.69206 3.63668 4.17723 3.39453 3.05617 2.27451 5.24345 4.67278 4.61685 6.18627 5.80883 4.9116 6.84958 5.56144 3.62797 3.26591 6.34595 5.04289 2.15035 1.14078
threshold=2.4163610935211186 -0.97071135044097889 0.20903760939836505 -0.79114401340484608 0.59404507279396068 -1.1789679527282713 -0.5956607162952422 0.78666615486145031 -0.12456623464822768 -1.1456172466278074 -0.43010824918746943 0.35162316262722021 -0.18387745320796964 -0.11973853036761282 0.55768370628356945 -0.24116706103086469 -0.44765658676624293 1.4325097203254702 0.89868366718292247 -0.59663265943527211 -0.68880105018615712 1.290465295314789 0.44999128580093389 1.8290309906005862 -1.7820567488670347 0.3303643018007279 -0.24094188958406446
decision_type=2 2 2 2 2 2 2 2 2 2 2 2 2 2 2 2 2 2 2 2 2 2 2 2 2 2 2
left_child=1 2 3 4 10 26 -7 -8 9 -5 -1 -10 15 14 25 16 21 -18 20 -20 -17 -3 23 -15 -24 -14 -4
right_child=-2 12 5 8 -6 6 7 -9 11 -11 -12 -13 13 22 -16 18 17 -19 19 -21 -22 -23 24 -25 -26 -27 -28
leaf_value=0.0071602739290799276 -0.023511024694804344 -0.015061411902956696 -0.065996933608695282 -0.0029074290080227687 -0.022005365478897219 0.029887919034783085 -0.025642049582672424 0.014124513609694576 -0.0044338610595610192 0.041191891449545381 0.057857806315252169 -0.037360524678250566 0.063914633735581317 0.00046830783249209289 -0.0033290934389696132 0.0060333260261017201 0.017787999674251008 -0.026113410248085445 0.040439090332357625 -0.0052442719697100224 -0.016829039836223553 0.028042044343241163 -0.047839631429908137 -0.047614878316758903 0.010884395637777326 0.020415343925026051 -0.029048069802668261
leaf_weight=5.3696734756231317 6.5923893004655829 39.434888549149036 3.8202459812164307 21.686026796698574 5.583401381969451 6.8841608539223662 26.883462205529213 7.4554413333535186 18.67672331631184 7.1371944546699515 8.5735616087913513 11.31784852594137 7.6564460471272486 265.64856880158186 7.0720189437270156 34.939943633973598 74.070001743733883 8.3880740404129011 11.787613876163958 26.998220339417458 111.44354901462793 5.5715186744928351 3.7725006937980643 7.043942615389823 118.22236893698573 4.5173555091023445 4.6097016632556898
leaf_count=25 30 176 20 99 26 34 145 37 96 33 38 61 35 1217 32 159 359 37 53 121 510 25 18 32 539 21 22
internal_value=2.53549e-06 0.000183927 -0.0049016 0.00174772 0.0210805 -0.0153932 -0.00917664 -0.0170082 -0.00467047 0.00801243 0.0383337 -0.0168581 0.00107983 0.00351108 0.0289953 -0.00213919 0.00518425 0.0133221 -0.0071804 0.00863961 -0.0113721 -0.00972547 0.00226841 -0.000773733 0.00906845 0.0477733 -0.0457924
internal_weight=861.157 854.564 127.997 78.3444 19.5266 49.653 41.2231 34.3389 58.8178 28.8232 13.9432 29.9946 726.567 413.933 19.2458 312.634 127.464 82.4581 185.169 38.7858 146.383 45.0064 394.687 272.693 121.995 12.1738 8.42995
internal_count=4000 3970 636 378 89 258 216 182 289 132 63 157 3334 1894 88 1440 597 396 843 174 669 201 1806 1249 557 56 42
is_linear=0
shrinkage=0.05


Tree=106
num_leaves=20
num_cat=0
split_feature=30 30 30 5 12 14 31 4 4 30 4 28 11 3 2 2 30 28 11
split_gain=1.45065 2.00689 5.12091 3.89242 3.34879 3.65783 3.07452 2.77457 2.88984 2.60717 2.85662 4.86093 4.10186 2.43425 2.36762 6.38616 4.27952 2.17138 1.36461
threshold=2.4666501283645634 1.7489169239997866 1.3688237071037295 0.54797700047492992 0.84146207571029674 0.6929801106452943 0.16193937510252002 -0.65051013231277455 -0.24113837629556653 1.0970046520233157 -0.55000123381614674 0.54643803834915172 0.067834038287401213 -0.49715875089168543 -0.84671917557716359 -0.66744238138198841 0.24768851697444919 -0.40098781883716578 -1.0000000180025095e-35
decision_type=2 2 2 2 2 2 2 2 2 2 2 2 2 2 2 2 2 2 2
left_child=1 2 9 7 5 13 18 -4 -9 14 12 -12 -11 -3 16 -16 -1 -15 -5
right_child=-2 4 3 6 -6 -7 -8 8 -10 10 11 -13 -14 17 15 -17 -18 -19 -20
leaf_value=0.00011140043437943385 -0.024405905359636215 0.041690725905975029 -0.061476566607050823 0.0042493591385216415 -0.026457411263029237 0.058868308510206718 0.035824780021319433 0.016692780023870812 -0.030928096382334593 0.022864863852781258 0.03391887897135229 -0.010425769840569647 -0.036735494196468037 -0.023841431260719605 0.01989266491965018 -0.00012602345780130227 -0.018009459708429723 0.016003489495916356 -0.037306064644683286
leaf_weight=101.08661210909486 6.0446572080254546 4.7513559460640034 5.4267377629876163 4.2832717746496201 4.4849290847778311 4.9582230895757666 4.7802257388830185 4.0232242494821575 15.3056753128767 5.5204233229160291 21.144373804330829 8.7318886145949346 6.0512984469532967 5.6199073493480745 42.92463444173336 554.21161751449108 48.078564696013927 8.7317874878644872 3.6668273434042913
leaf_count=466 30 24 27 20 22 22 22 19 72 26 100 41 28 25 198 2575 221 42 20
internal_value=2.18308e-06 0.000174989 -0.000275873 -0.0183316 0.0132088 0.0206025 0.00413633 -0.0298855 -0.021016 0.000583329 0.0127891 0.0209583 -0.00830246 0.0106705 -9.45545e-05 0.001313 -0.00572927 0.000400819 -0.0149173
internal_weight=859.826 853.782 825.235 37.486 28.5462 24.0613 12.7303 24.7556 19.3289 787.749 41.448 29.8763 11.5717 19.1031 746.301 597.136 149.165 14.3517 7.9501
internal_count=4000 3970 3835 180 135 113 62 118 91 3655 195 141 54 91 3460 2773 687 67 40
is_linear=0
shrinkage=0.05


Tree=107
num_leaves=14
num_cat=0
split_feature=0 12 29 11 10 7 29 1 30 1 7 1 29
split_gain=1.44451 1.4782 3.84097 4.21843 1.73005 2.93357 2.03679 5.31948 4.24197 7.89641 4.94242 3.94957 1.2488
threshold=2.3604900836944585 1.9860740303993227 0.32474957406520849 -0.29471057653427118 2.144814252853394 0.0091444039717316645 -0.2663660049438476 -2.3809921741485591 0.29083865880966192 1.0863754749298098 0.91193440556526195 0.41877578198909765 0.0096666780300438421
decision_type=2 2 2 2 2 2 2 2 2 2 2 2 2
left_child=1 4 3 -3 6 -6 7 -1 9 -8 -10 -9 -2
right_child=12 2 -4 -5 5 -7 8 11 10 -11 -12 -13 -14
leaf_value=0.053809271669178073 0.047694242554808371 0.037202446333066845 -0.047442912486727468 -0.020784749472896602 0.038922689070728607 -0.0054659335793103316 0.0024785685239705579 -0.00018151972114269078 -0.00019479720115336718 0.026821146065805719 -0.020933753759151592 -0.012177937712248364 0.002045942073908629
leaf_weight=4.0300795882940283 2.9435809515416613 5.0193946659564981 5.9053943902254096 8.3602862954139709 7.5489785149693471 7.3424361646175385 266.0570524930954 215.54497722536325 159.7836626470089 38.083449862897396 35.025384277105331 100.64655949920416 3.0513365715742111
leaf_count=18 24 22 28 38 37 36 1227 1002 737 178 163 469 21
internal_value=2.01651e-06 -0.000169804 -0.0138554 0.000969179 0.000146632 0.0170362 -0.000160398 -0.00327254 0.00183695 0.00552666 -0.00392353 -0.00400009 0.0244598
internal_weight=859.343 853.348 19.2851 13.3797 834.063 14.8914 819.171 320.222 498.95 304.141 194.809 316.192 5.99492
internal_count=4000 3955 88 60 3867 73 3794 1489 2305 1405 900 1471 45
is_linear=0
shrinkage=0.05


Tree=108
num_leaves=20
num_cat=0
split_feature=13 10 11 5 5 28 8 10 11 1 7 8 10 29 1 11 14 8 10
split_gain=1.44256 1.43432 5.31905 4.39359 3.74785 4.96661 3.08022 2.56319 5.02735 5.11311 4.24442 3.59677 3.10568 3.89301 4.4864 3.3355 5.88182 3.52338 2.22212
threshold=-2.700346708297729 0.85868516564369213 1.7507176995277407 -1.9475631117820738 -1.084868788719177 0.87413200736045849 1.7781833410263064 0.56236258149147045 -0.77481546998023976 1.282980263233185 0.7257002890110017 -0.058757107704877846 0.50774472951889049 -0.34385359287261957 0.40116548538208013 -1.4805760383605955 -0.25660556554794306 -0.14071873575448987 0.71775475144386303
decision_type=2 2 2 2 2 2 2 2 2 2 2 2 2 2 2 2 2 2 2
left_child=-1 7 3 -3 5 -5 -6 12 10 11 18 -10 15 -14 -15 16 -2 -17 -9
right_child=1 2 -4 4 6 -7 -8 8 9 -11 -12 -13 13 14 -16 17 -18 -19 -20
leaf_value=-0.033028765282912313 0.010381018146987728 0.050377571816662761 -0.056721361046484724 -0.010163073308161644 -0.0023304596730853067 -0.069186485891176652 0.037341731900863429 0.074583435296916467 -0.014701225356180878 0.048364185881753639 -0.0049157891992152166 0.011221216163252674 -0.045617783826609193 0.037738886319896719 -0.032142290622957502 0.0063205574946772654 -0.027980627252522917 -0.0017599552830091362 0.029481014826500326
leaf_weight=3.2928154915571204 16.461156062781811 3.8398128822445861 4.64686245471239 14.975734189152719 138.5442972779274 4.6772668063640586 5.0718175768852225 5.5012412890791875 26.352321654558178 5.6774892657995215 4.6332973614335051 27.186135403811935 8.2598545104265231 4.4504150599241239 4.7461847364902496 237.57573474943638 25.425956707447767 312.15454829856753 5.4229923933744431
leaf_count=16 76 19 23 68 648 20 23 26 122 27 22 127 38 20 22 1113 119 1446 25
internal_value=2.03304e-06 0.000129153 -0.00395574 -0.00248846 -0.00373178 -0.0242102 -0.000929432 0.00115512 0.00989171 0.00324638 0.0351856 -0.00153815 8.25624e-05 -0.0207027 0.00167458 0.000695859 -0.0129049 0.00173218 0.0521938
internal_weight=858.896 855.603 171.756 167.109 163.269 19.653 143.616 683.847 74.7735 59.2159 15.5575 53.5385 609.074 17.4565 9.1966 591.617 41.8871 549.73 10.9242
internal_count=4000 3984 801 778 759 88 671 3183 349 276 73 249 2834 80 42 2754 195 2559 51
is_linear=0
shrinkage=0.05


Tree=109
num_leaves=23
num_cat=0
split_feature=6 7 13 10 1 29 14 7 14 8 9 14 7 7 31 0 4 29 6 2 9 1
split_gain=1.41925 4.41949 3.98538 3.5994 2.20656 3.49778 1.77409 1.63516 4.82115 6.61375 7.3067 5.10746 3.87651 3.56897 3.53634 2.82506 6.39504 4.11304 4.10248 8.02008 4.26396 1.58497
threshold=-1.7569160461425779 0.33246609568595892 -0.63974824547767628 -0.54353681206703175 -0.87073045969009388 -0.11973853036761282 2.4330677986145024 -0.67598327994346608 -0.83238163590431202 -0.4223527312278747 0.62469044327735912 0.12095422670245172 -1.406454801559448 -1.5714143514633176 -0.081981744617223726 -1.2058929204940794 1.0969156026840212 -0.99340808391571034 0.97181460261344921 -0.97865408658981312 1.9241090416908266 -0.15906932950019834
decision_type=2 2 2 2 2 2 2 2 2 2 2 2 2 2 2 2 2 2 2 2 2 2
left_child=1 2 -1 -3 -4 -6 7 8 9 12 -11 14 -2 -13 -10 16 17 -9 20 -20 -17 -5
right_child=6 3 4 21 5 -7 -8 15 11 10 -12 13 -14 -15 -16 18 -18 -19 19 -21 -22 -23
leaf_value=-0.040759112269366571 0.010964938110099076 -0.0016198940409625684 -0.026240202810980408 0.032039668602988014 -0.0045464325520170176 0.047181244490072743 0.026354223357448515 -0.055164228701336263 0.00014878524277879592 0.017005198475563456 -0.040955246276260265 -0.0074388488458445442 0.064273676642568223 0.014102661525454058 -0.021231154789370911 0.00030169229334913415 0.036190351681565675 -0.012887951590815811 0.020942856579424376 -0.017028762649483466 0.029670756077593674 0.075361055704094654
leaf_weight=5.5084339827299145 5.3441075310111037 4.9051001220941535 3.6557123214006451 4.5406522750854483 7.6319459676742571 5.7153789624571765 6.1396239399909964 6.6320645213127127 39.757747493684292 25.391012951731682 6.9192344620823851 28.088629007339478 9.4239340201020223 60.952219694852829 37.663393206894398 438.93981026858091 5.9867093414068213 43.415030527859926 16.906495809555054 78.352323979139328 12.716753773391245 3.9462943449616423
leaf_count=27 25 23 17 21 38 30 29 37 186 115 34 128 44 288 173 2017 29 225 75 357 62 20
internal_value=2.01031e-06 0.00973295 -0.00379739 0.0324769 0.00817701 0.0176036 -0.000422695 -0.000624045 0.00313584 0.0172629 0.00459298 -0.000859539 0.0449829 0.00730722 -0.010252 -0.00195565 -0.0126481 -0.0184903 -0.000860156 -0.0102896 0.0011286 0.0521834
internal_weight=858.533 35.9035 22.5115 13.392 17.003 13.3473 822.629 816.489 213.54 47.0783 32.3102 166.462 14.768 89.0408 77.4211 602.949 56.0338 50.0471 546.915 95.2588 451.657 8.48695
internal_count=4000 176 112 64 85 68 3824 3795 993 218 149 775 69 416 359 2802 291 262 2511 432 2079 41
is_linear=0
shrinkage=0.05


Tree=110
num_leaves=30
num_cat=0
split_feature=0 6 14 11 6 10 29 11 11 4 1 12 11 10 14 13 9 3 14 28 28 4 14 31 13 28 12 3 28
split_gain=1.40258 3.51698 3.22962 5.03279 3.66312 3.1255 4.59194 4.01493 1.86042 1.68283 1.67443 6.35823 5.97221 4.58692 6.31474 3.76389 5.32213 2.29697 5.434 4.31431 5.28 4.26287 4.00542 4.23951 3.83868 3.35872 7.40116 5.78696 1.35418
threshold=1.2121176123619082 1.4395173788070681 -0.81636896729469288 1.6771836876869204 -0.076373968273401246 1.0328314900398257 0.02157226670533419 -1.6163447499275205 -0.10287733376026152 -0.045093026012182229 -1.2909001708030698 0.62287378311157238 -1.4438065886497495 -0.20503739267587659 0.19160216301679614 1.0120230317115786 1.2172956466674807 -0.76328119635581959 1.7677731513977053 1.4325097203254702 0.076790284365415587 0.35838983952999121 1.811250686645508 -0.57398113608360279 -0.30991226434707636 -0.10060022026300429 1.0989326834678652 1.8263851404190066 0.3625775426626206
decision_type=2 2 2 2 2 2 2 2 2 2 2 2 2 2 2 2 2 2 2 2 2 2 2 2 2 2 2 2 2
left_child=10 2 4 5 9 7 -7 -4 -3 -2 11 12 -1 28 -15 16 -14 18 19 20 -12 -21 25 -24 -25 26 -19 -27 -13
right_child=1 8 3 -5 -6 6 -8 -9 -10 -11 17 13 15 14 -16 -17 -18 22 -20 21 -22 -23 23 24 -26 27 -28 -29 -30
leaf_value=-0.046170051354009624 0.038201071303929836 -0.042863730028509378 -0.030250085648002436 -0.039157326912678612 -0.034644402502679708 -0.038184303845821992 0.028312972712811624 0.026674430959608832 0.0011799770161828001 -0.0078764836499314473 -0.0037195845657207287 -0.060046824572154538 0.032324376848782449 -0.030356515111953936 0.039172942152827905 -0.014842431955795606 -0.022350757195259863 -0.0014788553057801688 0.047600391952900271 -0.047847661878122838 0.016055002097308826 0.0092280100696359845 -0.0616685572017176 -0.043273077277048246 0.017828150717868488 -0.0046659751675846954 0.023868072209408859 -0.043051638225635819 -0.021873241568720791
leaf_weight=3.614115595817565 3.6447163522243509 5.2254180908203125 3.3143678233027449 4.1381952315568915 8.0492096841335279 5.5550270304083806 4.8740077391266823 47.351559996604919 4.4305633157491666 4.3423305451869982 81.362607575953007 5.0889959186315554 37.578640766441822 6.7617175802588445 6.3157280161976814 6.5572396367788306 5.0488793700933448 211.91431081295013 6.7796569243073455 8.1707892864942533 57.692892670631409 5.45589855313301 5.81870820373297 4.5103787332773217 5.9767654836177799 260.18692436814308 33.329343296587467 10.203723356127737 4.2747311219573021
leaf_count=16 18 23 18 19 36 28 28 252 21 22 388 23 169 31 29 31 25 954 35 37 274 25 30 23 26 1187 150 62 20
internal_value=2.20457e-06 0.00587377 0.00926336 0.0142053 -0.0108398 0.0178198 -0.00710681 0.0229507 -0.0226547 0.01315 -0.000694176 0.00638933 0.0158653 -0.0159054 0.00322261 0.0204237 0.0258486 -0.00146502 0.00379861 0.00185364 0.00448472 -0.0249955 -0.00304292 -0.0274414 -0.00845066 -0.00227137 0.00196587 -0.00611453 -0.0426198
internal_weight=857.567 90.9254 81.2694 65.2332 16.0363 61.095 10.429 50.6659 9.65598 7.98705 766.642 75.24 52.7989 22.4412 13.0774 49.1848 42.6275 691.402 159.462 152.682 139.056 13.6267 531.94 16.3059 10.4871 515.634 245.244 270.391 9.36373
internal_count=4000 465 421 345 76 326 56 270 44 40 3535 344 241 103 60 225 194 3191 759 724 662 62 2432 79 49 2353 1104 1249 43
is_linear=0
shrinkage=0.05


Tree=111
num_leaves=14
num_cat=0
split_feature=2 12 11 11 9 29 12 9 9 7 14 14 0
split_gain=1.38174 2.25465 1.64186 4.14065 3.31359 2.58551 2.49609 2.21283 4.53279 3.51295 2.27632 6.69136 4.85116
threshold=2.328278779983521 -0.35268162190914149 -1.9894763231277464 -1.8088998794555662 0.83930605649948131 0.084130439907312407 0.5491921901702882 -0.6232297122478484 -0.64382126927375782 1.7709864377975466 -0.98602324724197377 -0.34024351835250849 0.98892506957054149
decision_type=2 2 2 2 2 2 2 2 2 2 2 2 2
left_child=2 -2 4 6 5 -1 -4 8 9 -5 12 -12 -9
right_child=1 -3 3 7 -6 -7 -8 10 -10 -11 11 -13 -14
leaf_value=0.043775828390733927 -0.0024861589550141446 0.047314241648541401 -0.056599015795894318 -0.0020727763920099099 -0.022417303892056598 0.0032095927813291683 -0.0055057963538817124 0.013328963389192171 -0.046971620914461346 -0.038461339624182432 -0.0098638797960853668 0.0034564819278598228 -0.01817249908534645
leaf_weight=8.4121481031179446 5.2118447870016098 4.0302575007081014 5.2096722200512868 211.04488123580813 4.8507540076971045 7.3683452755212775 4.4172233715653419 80.29372838139534 6.0842346251010886 6.8477756455540648 126.32545405626297 371.66714061796665 14.415705580264328
leaf_count=38 24 21 26 989 23 33 21 369 30 35 583 1739 69
internal_value=2.28966e-06 0.0192306 -0.000207537 -0.000555397 0.0137247 0.0248343 -0.0331553 -0.000171114 -0.00440496 -0.00321637 0.00142882 7.75145e-05 0.00853413
internal_weight=856.179 9.2421 846.937 826.306 20.6312 15.7805 9.6269 816.679 223.977 217.893 592.702 497.993 94.7094
internal_count=4000 45 3955 3861 94 71 47 3814 1054 1024 2760 2322 438
is_linear=0
shrinkage=0.05


Tree=112
num_leaves=19
num_cat=0
split_feature=30 7 12 0 30 30 31 5 8 8 1 8 8 13 29 10 12 7
split_gain=1.36027 5.28911 1.68179 1.70547 3.21334 3.66464 8.07742 5.66788 2.79296 2.12287 1.9202 5.31611 7.25866 3.52048 2.27468 4.76097 3.73181 1.23042
threshold=-2.1287356615066524 -0.26217114925384516 2.4163610935211186 1.2121176123619082 -0.91184103488922108 0.34091994166374212 -1.1545675396919248 0.10325526818633081 -0.31337453424930567 0.71272954344749462 -1.2909001708030698 0.91849458217620861 -0.17723792046308515 -0.079695757478475557 -0.2663660049438476 2.0789847373962407 0.43335050344467169 0.57963630557060253
decision_type=2 2 2 2 2 2 2 2 2 2 2 2 2 2 2 2 2 2
left_child=1 -1 3 10 8 6 -6 -7 -5 -10 11 12 -2 -13 15 -12 -16 -3
right_child=2 17 -4 4 5 7 -8 -9 9 -11 14 13 -14 -15 16 -17 -18 -19
leaf_value=0.026796674289754796 0.018624948417508613 -0.057358567002737504 -0.025881100936665426 0.066401452098925215 0.047194865541842962 0.0013540241387511019 -0.014665282772829259 0.047200903928160454 -0.0080729158847386313 0.040462125252549913 -0.005841191380022411 0.0080339650249677645 -0.016119314310860767 0.059726216757655361 -0.0020711633543433307 0.040273379929893389 0.0081494656353349199 -0.018776685290174316
leaf_weight=4.6275425404310218 29.682749010622501 4.5565537810325605 6.113045632839202 3.7611416578292838 6.1239067986607543 20.549909509718422 38.159981049597263 10.032278746366499 4.7146092951297742 4.3149215281009674 254.82220751047134 6.0881870612502098 30.457105070352554 7.1760590896010381 284.95297016575933 5.72275187075138 130.08158060535789 3.7813309580087662
leaf_count=23 135 21 28 22 33 97 191 58 25 24 1184 29 139 33 1311 29 598 20
internal_value=2.07903e-06 -0.0160701 0.000249343 0.000440269 0.00703908 0.00308214 -0.0061108 0.0163938 0.0301998 0.0151204 -0.000332018 0.00734841 0.00102913 0.0359999 -0.00116652 -0.00482831 0.00113222 -0.0398612
internal_weight=855.719 12.9654 842.753 836.64 87.6567 74.8661 44.2839 30.5822 12.7907 9.02953 748.984 73.4041 60.1399 13.2642 675.58 260.545 415.035 8.33788
internal_count=4000 64 3936 3908 450 379 224 155 71 49 3458 336 274 62 3122 1213 1909 41
is_linear=0
shrinkage=0.05


Tree=113
num_leaves=22
num_cat=0
split_feature=6 7 13 6 9 12 29 5 4 13 12 6 11 12 30 30 28 30 0 6 14
split_gain=1.32967 3.98002 3.66148 3.38625 2.83191 2.82518 2.51383 2.01635 1.73378 3.7299 5.30398 4.51223 5.09122 4.26177 3.38115 4.73777 5.67098 4.55024 4.90624 3.75776 3.62958
threshold=-1.7569160461425779 0.33246609568595892 -0.63974824547767628 -1.7151784300804136 0.37157942354679113 0.33360318839550024 -0.11973853036761282 -1.0000000180025095e-35 0.77478381991386425 0.038692882284522064 1.602225184440613 -1.3157694935798643 0.73014140129089367 1.0589054822921755 1.3688237071037295 0.87641707062721264 -0.77756199240684498 1.7489169239997866 -0.5396541655063628 -0.87159368395805348 0.24925544112920764
decision_type=2 2 2 2 2 2 2 2 2 2 2 2 2 2 2 2 2 2 2 2 2
left_child=1 2 -1 -2 7 6 -4 -3 14 10 13 -11 -13 -10 15 19 -17 20 -19 -5 -16
right_child=3 4 5 8 -6 -7 -8 -9 9 11 -12 12 -14 -15 17 16 -18 18 -20 -21 -22
leaf_value=-0.038881566910986536 -0.048056435409281242 -0.005587955876759477 -0.02606027657371356 0.0080464944641392977 0.065461333261258955 0.03736213795417672 0.021642043054695005 0.041771190114718658 0.011392822100163808 -0.046488694552442908 -0.033302540435497012 0.0061827571649566435 -0.022864006058197814 0.052160406958904428 -0.047910447121598365 0.041220294376811642 0.0048579253884114331 -0.032759796104337484 0.014699267724097402 -0.0037800999435397796 -0.010233267638613021
leaf_weight=5.4860743768513229 3.7119092345237723 5.0272217541933051 6.6201489195227641 79.418102979660034 4.1426579356193534 5.5511257499456397 4.7387693002820015 4.0646642148494712 74.684499748051167 5.5564645528793326 6.1376699209213248 70.267021603882313 19.209965486079454 7.0125472247600547 12.521689400076868 13.463762566447256 52.662212017923594 7.6761555597186115 18.741062179207802 435.369823589921 13.057709857821463
leaf_count=27 16 23 32 374 21 29 24 20 347 25 28 322 86 32 63 61 246 38 88 2036 62
internal_value=2.75659e-06 0.00945832 -0.00338771 -0.000408362 0.031197 0.00812746 -0.00615959 0.0155847 -0.000191557 0.00409672 0.0115244 -0.00276835 -5.33415e-05 0.0148921 -0.00143058 -0.000337218 0.0122616 -0.0136457 0.0009089 -0.00195557 -0.0286771
internal_weight=855.121 35.6307 22.3961 819.491 13.2345 16.91 11.3589 9.09189 815.779 182.868 87.8347 95.0335 89.477 81.697 632.911 580.914 66.126 51.9966 26.4172 514.788 25.5794
internal_count=4000 176 112 3824 64 85 56 43 3808 840 407 433 408 379 2968 2717 307 251 126 2410 125
is_linear=0
shrinkage=0.05


Tree=114
num_leaves=31
num_cat=0
split_feature=4 8 5 13 5 13 8 29 8 8 14 14 4 6 4 14 5 9 0 4 8 6 6 5 4 9 9 9 28 28
split_gain=1.30408 4.53012 6.029 7.45913 5.72868 5.15292 5.42649 4.72987 4.54467 3.6371 4.01064 4.03305 3.27577 2.9598 2.87996 6.85845 6.96588 6.35567 5.85844 5.45117 5.42897 4.95653 5.2347 4.83403 4.276 3.84515 3.4924 7.64021 5.73671 4.69268
threshold=-0.76747852563858021 0.73326650261878978 -0.56399375200271595 0.72972452640533458 0.30942445993423467 -0.0071765473112463942 -0.74090257287025441 0.76358100771904003 0.29490928351879125 -1.3878108859062193 1.2616040706634524 0.67774862051010143 -0.9815998077392577 -0.27049337327480311 -0.41108572483062739 -0.34024351835250849 0.069313056766986861 0.61461529135704052 -0.47154499590396876 -0.63927462697029103 -0.2025802209973335 -0.8393614888191222 -0.51537826657295216 0.28700663149356848 -0.3679704070091247 0.045410918071866042 1.5588032603263857 1.1593646407127383 -0.70226433873176564 -0.16533039510250089
decision_type=2 2 2 2 2 2 2 2 2 2 2 2 2 2 2 2 2 2 2 2 2 2 2 2 2 2 2 2 2 2
left_child=1 4 13 7 9 -6 -7 12 -8 -1 11 -11 -4 -3 15 18 17 20 -2 -18 -17 -20 -23 -21 25 -16 27 -26 -28 -30
right_child=14 2 3 -5 5 6 8 -9 -10 10 -12 -13 -14 -15 24 16 19 -19 21 23 -22 22 -24 -25 26 -27 28 -29 29 -31
leaf_value=-0.044117425058235564 -0.055710368289403067 0.08233298293747604 -0.031416826828222985 0.063784978110989196 0.030020390054389091 -0.040272501645785524 0.024376326640052525 0.03284866227221505 -0.03251057539271264 -0.0055560085297922789 -0.038378424369169328 0.032318861675808962 0.015834274702470136 0.028272838475255132 0.0089521385681709635 0.0038114374483640199 0.050146938747348893 0.025042157671766121 0.029307275844855527 0.051665864530100615 -0.040808400000928106 -0.072671147708411585 -0.011336182715515139 -0.0092076990275422651 -0.0008919782557843403 0.064619439279206603 -0.060861330839135024 0.023211202443042259 0.026526899182595806 -0.018864702587573688
leaf_weight=6.4794609993696204 11.275495193898676 4.4579976052045822 12.509892955422407 4.8306689709424964 23.699974223971367 6.8795566260814693 15.242684379220011 6.312552221119403 4.5615797936916342 66.437482513487339 8.2087949737906438 7.8602063506841651 5.1896438300609615 5.8602064698934537 9.1324769258499128 10.883578985929491 9.7037084475159663 8.4827582985162717 5.5503542274236706 4.1751598641276386 18.245541736483574 4.3520318567752865 17.33490976691246 14.900137834250925 487.3219433054328 4.6978126987814894 5.838217817246913 35.255862012505531 7.8273007124662426 20.890491865575314
leaf_count=31 58 20 60 23 115 33 74 30 22 311 40 37 24 28 43 51 48 40 26 20 84 19 79 71 2253 21 28 177 36 98
internal_value=2.85732e-06 0.00380358 0.018829 0.00709489 -0.000418351 0.0130535 -0.00201605 -0.00430983 0.0112734 -0.00804613 -0.00521335 -0.0015491 -0.0175624 0.0516296 -0.0010011 -0.00861561 0.00112163 -0.0130454 -0.0254013 0.0196368 -0.024137 -0.0128542 -0.0236446 0.00411617 0.000397915 0.027861 -0.000283828 0.00073415 -0.0156783 -0.0064928
internal_weight=854.398 178.531 39.161 28.8428 139.37 50.3838 26.6838 24.0121 19.8043 88.9859 82.5065 74.2977 17.6995 10.3182 675.868 104.904 66.3909 37.6119 38.5128 28.779 29.1291 27.2373 21.6869 19.0753 570.964 13.8303 557.134 522.578 34.556 28.7178
internal_count=4000 848 185 137 663 244 129 114 96 419 388 348 84 48 3152 496 314 175 182 139 135 124 98 91 2656 64 2592 2430 162 134
is_linear=0
shrinkage=0.05


Tree=115
num_leaves=20
num_cat=0
split_feature=30 30 30 5 0 7 1 1 13 14 13 30 0 12 2 2 30 13 10
split_gain=1.3372 1.80626 4.09873 3.52091 3.15686 3.44714 5.17767 2.70514 2.30659 3.81363 2.21553 2.20944 3.62744 3.83936 2.26503 5.92167 3.87183 1.55193 1.30926
threshold=2.4666501283645634 1.7489169239997866 1.3688237071037295 0.54797700047492992 0.38840739428997045 0.57963630557060253 -0.2188121825456619 0.38971579074859625 0.082871943712234511 0.19160216301679614 0.28664413094520574 1.0970046520233157 -1.3609409928321836 0.24864400178194049 -0.84671917557716359 -0.66744238138198841 0.24768851697444919 -0.74620327353477467 0.041594363749027259
decision_type=2 2 2 2 2 2 2 2 2 2 2 2 2 2 2 2 2 2 2
left_child=1 2 11 8 5 6 -3 -6 17 -10 -5 14 -13 -14 16 -16 -1 -4 -8
right_child=-2 4 3 10 7 -7 18 -9 9 -11 -12 12 13 -15 15 -17 -18 -19 -20
leaf_value=-7.5643489820147408e-05 -0.02357908338759452 0.058051467245658177 -0.019281859880875194 0.023495478071580853 0.058800557960675306 -0.033887311049202923 -0.028828665127566516 0.0060144573462452312 -0.039950234015501754 0.021784511649545868 -0.018736158322587803 -0.035958176748753637 0.0056600436041859287 0.04025492335372341 0.019217973245498014 -0.00012494730981955674 -0.017371476463747631 -0.05333175367939838 0.010108506322499163
leaf_weight=100.49023335054517 5.9693167433142653 4.4293039292097118 5.352405682206153 7.0526579022407514 5.4895714186131936 5.2464405298233023 4.1179263293743151 4.3506947308778763 5.0328967571258527 4.9738842844963074 5.5490241721272469 3.6242364943027487 25.758490413427353 11.646060861647127 42.632398627698421 550.40322557464242 47.724406249821186 8.9289144128561038 4.5381636768579483
leaf_count=466 30 20 28 36 28 25 20 20 23 23 26 20 118 57 198 2575 221 44 22
internal_value=2.94088e-06 0.000169071 -0.000259038 -0.0165458 0.0126173 0.000354551 0.0140834 0.0354621 -0.0276724 -0.00926489 0.0048992 0.000508996 0.0118035 0.0164313 -0.000116166 0.00126558 -0.00564482 -0.0405704 -0.00841492
internal_weight=853.31 847.341 819.169 36.8898 28.1721 18.3318 13.0854 9.84027 24.2881 10.0068 12.6017 782.279 41.0288 37.4046 741.25 593.036 148.215 14.2813 8.65609
internal_count=4000 3970 3835 180 135 87 62 48 118 46 62 3655 195 175 3460 2773 687 72 42
is_linear=0
shrinkage=0.05


Tree=116
num_leaves=25
num_cat=0
split_feature=12 12 5 30 30 7 13 0 0 1 13 14 0 13 6 30 5 2 9 14 5 9 6 30
split_gain=1.28578 4.07243 4.37758 3.60152 4.59526 4.54114 5.80626 5.80784 4.66184 4.33716 4.29937 3.82461 3.74793 3.32341 4.56539 2.3384 4.97581 2.61333 2.79745 4.5286 3.30868 2.14662 2.04242 0.313817
threshold=-1.075080335140228 -0.98324474692344654 0.50840455293655407 -0.41702742874622339 0.067877139896154418 1.0455984473228457 -0.051142400130629533 -0.23854839056730268 0.77062317728996288 0.28543876111507421 -0.81243461370468129 -0.18158248811960218 -0.33387295901775355 -0.51463252305984486 0.49993675947189337 -2.1287356615066524 0.35844163596630102 2.328278779983521 -1.1332792043685911 -1.827153146266937 1.8138207793235781 -0.35947115719318384 -0.019958191551268097 -0.48196506500244135
decision_type=2 2 2 2 2 2 2 2 2 2 2 2 2 2 2 2 2 2 2 2 2 2 2 2
left_child=3 2 21 5 9 6 12 -8 -9 22 11 -6 -1 -12 -15 16 -3 18 19 -17 -20 -2 -5 -23
right_child=1 15 -4 4 10 -7 7 8 -10 -11 13 -13 -14 14 -16 17 -18 -19 20 -21 -22 23 -24 -25
leaf_value=-0.014859291056711669 -0.012723874995065151 -0.050590784800977853 0.0073997379130938045 0.03341228754852351 -0.0033655747819839594 0.027863987359047295 -0.029068935281091612 0.058233473269607788 -0.010216075738534218 0.06085021062545231 -0.040551493115950604 0.055626101107621395 -0.06646095783811802 -0.010996497355247201 0.028156776753371193 -0.058912948901900714 0.020011721272149823 0.032121796478203145 0.0018327146453762208 -0.0056894111139626641 -0.019942541996837565 -0.064448011898037227 -0.011865357901088169 -0.045358390997621761
leaf_weight=7.4922570735216141 4.7482904791831979 6.4969252422451955 7.8077457249164572 5.17241171002388 4.6709174513816833 7.589405156672 7.6414288058877018 5.7570906430482847 4.3798685297369957 8.1051955223083478 5.2756101414561263 6.672472804784773 6.6352227032184619 22.165698200464249 11.210978120565413 4.1810472160577765 4.0519195273518562 6.3713543117046347 594.16520092263818 90.62384582683444 17.972580298781395 4.168685108423233 4.803921580314638 4.4521951451897621
leaf_count=36 21 32 35 24 21 35 37 26 21 37 26 32 32 109 53 20 21 32 2773 427 87 19 23 21
internal_value=2.82435e-06 -0.000734976 -0.0223474 0.00511278 0.0120812 -0.00689854 -0.0151675 0.00384636 0.0286585 0.0336821 0.00426896 0.0313348 -0.0390949 -0.00367414 0.0021548 -0.000102695 -0.0234716 0.000242897 -4.44135e-05 -0.00803665 0.00119339 -0.0397201 0.0116097 -0.0545893
internal_weight=852.612 745.04 21.1769 107.572 68.0772 39.4953 31.9059 17.7784 10.137 18.0815 49.9957 11.3434 14.1275 38.6523 33.3767 723.863 10.5488 713.314 706.943 94.8049 612.138 13.3692 9.97633 8.62088
internal_count=4000 3488 96 512 325 187 152 84 47 84 241 53 68 188 162 3392 53 3339 3307 447 2860 61 47 40
is_linear=0
shrinkage=0.05


Tree=117
num_leaves=20
num_cat=0
split_feature=3 11 11 3 5 12 7 7 6 7 5 31 14 31 30 31 14 3 4
split_gain=1.24728 3.87313 3.96068 3.08917 3.93409 2.70834 2.47418 4.26295 4.18138 2.76345 4.5284 4.13798 2.36027 5.54089 6.66212 4.72648 3.18502 2.54026 2.05007
threshold=0.79650360345840465 -2.1621011495590206 -1.8088998794555662 0.76034474372863781 -0.20556193590164182 2.4163610935211186 1.2103722095489504 1.3769854903221133 -0.095562767237424837 0.91193440556526195 1.6648323535919192 0.26588611304759985 -1.3770678639411924 0.11756757646799089 -0.3897100538015365 0.85929948091506969 -1.2770639061927793 -0.49715875089168543 -0.62825778126716603
decision_type=2 2 2 2 2 2 2 2 2 2 2 2 2 2 2 2 2 2 2
left_child=3 -2 -3 5 -5 12 9 -8 -9 10 -4 -11 13 14 -1 -15 17 -14 -18
right_child=1 2 6 4 -6 -7 7 8 -10 11 -12 -13 16 15 -16 -17 18 -19 -20
leaf_value=0.010654187819707941 0.057482032078735756 -0.060781380187228722 -0.0022307339956499097 -0.010498893818812591 0.052635995282390526 -0.036488386112906855 0.047949191286373441 0.024529296431893256 -0.030567183689863012 -0.0050007725740875385 -0.054551244708122108 -0.065510858707308148 0.050223891154637802 0.025713165627519803 -0.040195294092938934 -0.018483624282517659 0.0062023038541942589 0.0053903396434143505 -0.00052453714305209474
leaf_weight=9.4953551217913645 2.5363454073667517 3.0978455543518058 127.73915406316519 4.0431166887283325 6.3312877565622312 4.9029691368341437 6.0222985446453121 7.0247144773602495 6.7549562901258442 7.0627141669392568 4.2739910557866088 4.7092273235321045 5.9695376828312874 15.154874935746195 20.027470357716084 10.067825317382811 151.51857700943947 6.7116912305355054 448.59023667499423
leaf_count=46 11 18 623 20 28 23 27 35 38 33 25 23 30 70 92 47 714 31 2066
internal_value=2.66805e-06 -0.00384012 -0.00477322 0.000955024 0.028031 0.000537294 -0.0037126 0.0128571 -0.00247964 -0.00599456 -0.00392464 -0.0292071 0.000809244 -0.00913782 -0.0238407 0.00807169 0.0016979 0.0264952 0.00117389
internal_weight=852.034 169.221 166.685 682.813 10.3744 672.439 163.587 19.802 13.7797 143.785 132.013 11.7719 667.536 54.7455 29.5228 25.2227 612.79 12.6812 600.109
internal_count=4000 833 822 3167 48 3119 804 100 73 704 648 56 3096 255 138 117 2841 61 2780
is_linear=0
shrinkage=0.05


Tree=118
num_leaves=22
num_cat=0
split_feature=31 31 13 9 28 30 0 11 9 12 0 29 10 13 10 10 12 13 1 9 31
split_gain=1.26213 5.112 4.53642 3.89618 3.66365 3.17212 3.13236 2.65744 1.64941 4.31538 4.85704 3.6622 2.83941 2.58655 5.56164 4.77201 2.59218 6.69067 4.48667 1.47189 1.46207
threshold=-2.0087285041809078 -1.622306168079376 -0.76960268616676319 -0.13484594970941541 0.035332048311829574 0.098060626536607756 -0.19480773806571958 0.22288294881582263 -1.6113610863685606 -0.67477223277091969 0.78191855549812328 1.1060771942138674 -0.15400793403387067 -1.1897689104080198 1.1769044995307925 0.66710957884788524 0.44999128580093389 -1.0984091162681577 -0.60706445574760426 -0.85286852717399586 -1.7700975537300108
decision_type=2 2 2 2 2 2 2 2 2 2 2 2 2 2 2 2 2 2 2 2 2
left_child=5 2 -2 19 20 6 -1 -7 9 12 11 -11 -3 14 15 -10 18 -18 -15 -4 -5
right_child=1 8 3 4 -6 7 -8 -9 13 10 -12 -13 -14 16 -16 -17 17 -19 -20 -21 -22
leaf_value=0.0047599686152791669 0.02008710845572825 -0.0070164847334616212 -0.034725575062438639 -0.05410079178740318 0.025042705479819211 0.015487904999289662 0.057912951235288918 -0.038389808573618754 -0.0084976845802176761 -0.018093631622237642 0.019788303106520362 -0.0650730413422448 0.046654219570469925 0.0080621957088829969 -0.046806164001980538 0.022915549617165548 0.057699306408603018 0.0050129926182921778 -0.0031830863599440332 -0.076191432592994643 -0.012425422162378255
leaf_weight=5.7661763280630112 5.1457268148660686 4.8606213331222534 3.819650799036026 4.1644797325134295 4.007104203104972 4.9585009291768056 5.3374488055706042 4.2506352216005325 70.539799578487873 22.308093212544922 7.0182929933071128 5.0958627462387076 4.9985166043043119 121.73238591104746 7.9647923558950415 14.590323880314825 6.2015391066670409 212.62397329881787 326.88159212097526 4.8670291379094177 4.2544718086719442
leaf_count=27 23 23 19 20 22 23 25 21 336 110 31 25 23 566 38 68 29 996 1531 24 20
internal_value=2.06059e-06 -0.000298909 -0.0220089 -0.0322688 -0.01431 0.0123159 0.0303103 -0.00938028 0.000409415 -0.00897127 -0.0173248 -0.0268296 0.0201942 0.000955596 -0.00685194 -0.00311382 0.0020446 0.00650613 -0.000131654 -0.0579583 -0.0330404
internal_weight=851.387 831.074 26.2585 21.1127 12.4261 20.3128 11.1036 9.20914 804.816 44.2814 34.4222 27.404 9.85914 760.534 93.0949 85.1301 667.439 218.826 448.614 8.68668 8.41895
internal_count=4000 3904 128 105 62 96 52 44 3776 212 166 135 46 3564 442 404 3122 1025 2097 43 40
is_linear=0
shrinkage=0.05


Tree=119
num_leaves=29
num_cat=0
split_feature=28 0 5 10 12 0 0 3 3 12 30 14 7 14 8 5 1 28 0 4 14 2 2 1 5 9 9 12
split_gain=1.26233 3.8579 5.93068 4.24183 3.80896 4.45494 3.46313 3.31306 2.96914 2.84084 2.82047 2.21919 1.8267 1.8041 5.45285 5.38156 4.49126 3.62777 3.01279 4.17166 2.91686 4.5909 6.66811 6.3337 4.10021 5.74557 3.14139 2.07438
threshold=-1.3684006929397581 0.57071781158447277 0.78957572579383861 -0.67238739132881153 -0.17790319025516507 -0.97071135044097889 -0.32477974891662592 -0.58801141381263722 0.30823023617267614 -0.70310962200164784 -0.50678968429565419 2.4330677986145024 -0.036932455375790589 1.2346114516258242 0.6169530749320985 0.93341350555419933 0.083602678030729308 -0.10060022026300429 0.18984545022249225 -0.46424373984336847 0.60388538241386425 0.27174359560012823 1.1861650943756106 -1.1005815863609312 1.629889249801636 0.59125021100044262 1.5868932604789736 -0.038892857730388634
decision_type=2 2 2 2 2 2 2 2 2 2 2 2 2 2 2 2 2 2 2 2 2 2 2 2 2 2 2 2
left_child=1 2 4 -3 9 -6 -7 -5 -9 10 -1 13 -4 20 15 16 -15 -17 19 -16 24 23 -23 -22 26 -26 -2 -20
right_child=11 3 12 7 5 6 -8 8 -10 -11 -12 -13 -14 14 18 17 -18 -19 27 -21 21 22 -24 -25 25 -27 -28 -29
leaf_value=-0.042432623056045275 0.00033432362853738965 0.071065271672899638 0.012866234900169336 0.053568420105735273 -0.036841544989888245 0.043526417638386307 7.1117216814017725e-05 -0.032512470050204488 0.022558514947559921 -0.049998029935088339 0.0085929123945052543 0.031653950708188931 0.058079037110064902 -0.037400283917267955 0.027027923520695725 -0.01940660386331599 -0.0049897362256516864 0.04245411474511944 0.059115896994869091 -0.030222982550249231 0.052602816301561633 -0.018434164752951326 0.02554152959335329 0.0089591944461530348 -0.036703366503022597 0.020285019405834444 -0.015568340191884689 0.014136179433962942
leaf_weight=4.2427512854337701 518.721529584378 4.1165330708026913 4.2357691824436188 3.6918641328811654 5.1184459924697867 7.0874811261892345 12.984192416071894 4.4060596525669062 5.5060673952102661 7.0634471476078025 7.4879328161478051 5.3038705736398688 4.7272016182541829 26.246350266039371 5.7964244037866592 4.0485307276248932 18.032968290150166 5.7163732349872571 4.1584728583693504 7.054208420217039 9.4375028535723668 30.880607429891825 11.958310879766939 69.765118472278118 17.237174399197105 5.9493543356657019 33.031858563423157 6.6821317002177221
leaf_count=20 2420 22 19 21 26 32 60 20 25 32 35 26 24 128 27 19 89 28 20 35 44 148 56 323 82 30 156 33
internal_value=1.55102e-06 0.00640058 -0.000357942 0.0265944 -0.00791196 0.0047973 0.0154156 0.0131376 -0.0019212 -0.0249464 -0.00986199 -0.000578184 0.0367121 -0.000798851 -0.00802372 -0.0167915 -0.0242009 0.0168067 0.0119773 -0.00439931 6.94987e-06 0.00702756 -0.00615853 0.0141596 -0.0014833 -0.0220809 -0.000617722 0.0313905
internal_weight=850.689 70.6677 52.9472 17.7205 43.9843 25.1901 20.0717 13.604 9.91213 18.7941 11.7307 780.021 8.96297 774.717 77.7355 54.0442 44.2793 9.7649 23.6912 12.8506 696.981 122.042 42.8389 79.2026 574.94 23.1865 551.753 10.8406
internal_count=4000 336 248 88 205 118 92 66 45 87 55 3664 43 3638 379 264 217 47 115 62 3259 571 204 367 2688 112 2576 53
is_linear=0
shrinkage=0.05


Tree=120
num_leaves=20
num_cat=0
split_feature=30 30 30 4 31 8 12 12 14 9 14 30 1 12 6 2 9 1 8
split_gain=1.21227 1.63498 3.69088 3.2101 7.37642 3.49791 3.44252 3.00393 3.19498 3.31135 2.4822 2.04299 2.86524 2.9016 2.86647 2.09824 7.52827 2.6552 1.36091
threshold=2.4666501283645634 1.7489169239997866 1.3688237071037295 0.41363285481929785 -0.20925446599721906 0.21164789050817492 0.53265050053596508 0.84146207571029674 -0.018484394997358319 0.077546931803226485 -0.95718693733215321 1.0970046520233157 0.53348106145858776 -0.058238824829459183 -0.56802114844322193 -1.1088060736656187 1.0265552401542666 1.282980263233185 0.8316735327243806
decision_type=2 2 2 2 2 2 2 2 2 2 2 2 2 2 2 2 2 2 2
left_child=1 2 11 5 -5 6 -4 8 10 -10 -3 15 14 -14 -13 16 -1 -17 -7
right_child=-2 7 3 4 -6 18 -8 -9 9 -11 -12 12 13 -15 -16 17 -18 -19 -20
leaf_value=-0.012341026914587123 -0.022499135832114995 0.026410849516607743 -0.027790350944879277 -0.038014189976869922 0.039809718324979516 -0.069656506027533135 0.023707266458936168 -0.025875209317443894 0.055402945456108604 0.0004006058875244913 -0.020931700091245783 -0.0070884336126363513 -0.03697225028400522 0.017674585453105265 0.027750156247081312 -9.190541000225797e-05 0.027087380038171828 0.011029643452014376 -0.031565021652947632
leaf_weight=86.586548075079918 5.9440461397171012 4.9475568756461143 10.101809948682787 5.5061697065830231 6.8113561272621137 4.5972932204604131 4.7811405137181273 4.3935096114873877 8.109848275780676 4.1299471482634535 6.2868482321500831 7.9370632767677334 5.3560293912887573 4.4450819417834264 23.053385302424431 578.77423182874918 14.074303202331064 59.151787653565407 4.7858766913414001
leaf_count=400 30 25 51 27 32 23 23 22 38 20 30 40 26 22 107 2713 66 281 24
internal_value=1.99655e-06 0.000160497 -0.000246241 -0.0157676 0.00502094 -0.0263199 -0.0112468 0.0120697 0.0191716 0.0368441 -8.23579e-05 0.000482325 0.0113753 -0.0121884 0.0188275 -0.000119282 -0.00682819 0.000939342 -0.050228
internal_weight=849.774 843.83 815.962 36.5836 12.3175 24.2661 14.883 27.8677 23.4742 12.2398 11.2344 779.378 40.7916 9.80111 30.9904 738.587 100.661 637.926 9.38317
internal_count=4000 3970 3835 180 59 121 74 135 113 58 55 3655 195 48 147 3460 466 2994 47
is_linear=0
shrinkage=0.05


Tree=121
num_leaves=17
num_cat=0
split_feature=13 6 8 7 13 30 10 9 13 2 2 5 7 5 28 28
split_gain=1.3461 1.50838 1.35388 7.48491 5.07831 5.61565 4.04616 4.06386 3.01955 2.29395 4.79842 3.88801 3.32542 6.23696 4.14317 2.98421
threshold=-2.700346708297729 2.4375346899032597 -0.68880105018615712 0.15789182484149936 -1.8220295310020445 -0.48196506500244135 -1.1039050221443174 1.4926106333732607 -0.41521722078323359 0.49386617541313177 0.39796574413776403 -0.38563495874404902 0.19031625241041186 -1.4923223853111265 -1.6498999595642088 1.6316602826118471
decision_type=2 2 2 2 2 2 2 2 2 2 2 2 2 2 2 2
left_child=-1 2 3 6 -5 -6 8 -8 -2 10 15 -12 14 -14 -11 -4
right_child=1 -3 9 4 5 -7 7 -9 -10 12 11 -13 13 -15 -16 -17
leaf_value=-0.032113327005504379 0.075738329825115511 -0.025866535986515796 -0.0011508069689222411 0.052503946418689829 0.0096178073772823745 -0.01769411731644302 0.012050860960387419 -0.028392753284631596 0.023050454249707961 -0.065707237210950828 -0.004652724666007046 0.037475175462062096 -0.048987252776222262 0.0052398811820783646 -0.0097456690781769148 0.016676181200046592
leaf_weight=3.2503840178251258 3.9148444384336463 5.5452826246619216 404.53673584386706 3.4820264354348174 27.500759094953537 59.628838039934635 88.929392404854298 6.6776541620492926 8.9047174081206304 3.42365489155054 8.4045655354857463 15.721989341080187 5.6728100031614295 81.226117946207523 97.443291291594505 24.92167853936553
leaf_count=16 19 29 1894 17 128 282 421 33 46 16 39 74 26 386 460 114
internal_value=1.77307e-06 0.000125171 0.000296676 0.00389914 -0.00670734 -0.00907364 0.0127629 0.00922609 0.0391403 -0.00082132 0.00110263 0.0227998 -0.00546899 0.0016999 -0.0116451 -0.000116298
internal_weight=849.185 845.934 840.389 199.038 90.6116 87.1296 108.427 95.607 12.8196 641.351 453.585 24.1266 187.766 86.8989 100.867 429.458
internal_count=4000 3984 3955 946 427 410 519 454 65 3009 2121 113 888 412 476 2008
is_linear=0
shrinkage=0.05


Tree=122
num_leaves=19
num_cat=0
split_feature=0 28 0 10 3 3 1 3 29 14 14 8 11 3 9 28 14 9
split_gain=1.28206 1.36231 3.90498 3.68273 3.66095 4.30248 5.66075 2.83369 3.45205 1.87363 1.77852 5.09358 3.80373 2.98941 2.80748 6.4814 2.9151 0.863836
threshold=2.3604900836944585 -1.3684006929397581 0.57071781158447277 -0.67238739132881153 1.3122109770774844 -1.4302983880043028 0.70740413665771495 -0.58801141381263722 0.44217769801616674 2.4330677986145024 1.2346114516258242 0.6169530749320985 -0.69048443436622609 -0.89443176984786976 -1.7943935990333555 -0.22921494394540784 0.60388538241386425 0.19925625622272494
decision_type=2 2 2 2 2 2 2 2 2 2 2 2 2 2 2 2 2 2
left_child=1 2 4 -4 5 -1 -7 -5 -9 10 14 12 -12 -13 15 -3 -16 -2
right_child=17 9 3 7 -6 6 -8 8 -10 -11 11 13 -14 -15 16 -17 -18 -19
leaf_value=0.037127119617274475 0.0045019406772189505 -0.052676934185471695 0.070114046028803861 0.052468448769308354 0.040790514303792234 -0.0010004591110633401 -0.047705271674962635 -0.028405084048910508 0.031810966918939455 0.029403458150307722 -0.040776234770577645 0.051235504233011611 -0.0093015874838465167 0.0032256099961447734 -0.0010662465735157714 0.00098064115418704072 0.0076247852719266837 0.043125367849186177
leaf_weight=5.5090563520789138 2.9518765956163397 8.3186026886105555 3.8857022523880032 3.6052779704332361 4.9382427409291259 34.227703958749771 8.0050134956836683 4.9698950946330989 4.5674297511577606 5.1133326962590209 12.612245030701159 3.8885173574090031 40.178250186145306 19.512858934700489 549.18422153964639 17.399278663098812 117.04636688902974 2.8409325666725636
leaf_count=30 20 42 21 21 23 157 38 22 21 25 65 19 193 94 2557 82 545 25
internal_value=1.94419e-06 -0.000159148 0.00653543 0.0273503 -0.000192785 -0.00443195 -0.00985314 0.0147069 0.000432414 -0.000762659 -0.000963468 -0.00821387 -0.0168212 0.0112032 -0.000165111 -0.0163752 0.000460633 0.0234438
internal_weight=848.755 842.962 69.7083 17.0283 52.68 47.7418 42.2327 13.1426 9.53732 773.254 768.14 76.1919 52.7905 23.4014 691.948 25.7179 666.231 5.79281
internal_count=4000 3955 333 85 248 225 195 64 43 3622 3597 371 258 113 3226 124 3102 45
is_linear=0
shrinkage=0.05


Tree=123
num_leaves=12
num_cat=0
split_feature=3 3 2 2 5 0 13 9 11 11 9
split_gain=1.22324 1.43831 3.49969 1.56784 2.24165 1.48195 3.26539 3.77284 1.48669 4.16253 2.62509
threshold=2.4616270065307622 2.1529262065887456 0.25077004730701452 2.328278779983521 -0.5229215919971465 1.8306517004966738 1.0806509852409365 0.60389119386672985 -1.9894763231277464 -1.8088998794555662 0.83930605649948131
decision_type=2 2 2 2 2 2 2 2 2 2 2
left_child=1 3 -3 5 -5 8 7 -7 10 -10 -1
right_child=-2 2 -4 4 -6 6 -8 -9 9 -11 -12
leaf_value=0.022709418099611446 -0.025143942817807515 0.05061824239305858 -0.015174451420160729 0.048446415277831396 -0.0024424915689464782 -0.0078559153684441257 0.058250495000352079 0.048068487683840165 -0.034769888395856249 -0.00057548689601855791 -0.020102715833016319
leaf_weight=15.463073939085008 4.8088534474372855 4.4938321560621244 3.673461027443409 4.0192263573408127 4.6882642060518247 13.893511913716798 3.3287514746189109 3.8519559837877742 9.0032029971480352 776.04564838856459 4.6594914123415938
leaf_count=70 30 23 22 20 23 79 21 31 44 3615 22
internal_value=2.1665e-06 0.000145591 0.0210262 -5.86579e-05 0.0210469 -0.000281082 0.0128077 0.00428343 -0.000623663 -0.00096764 0.012796
internal_weight=847.929 843.12 8.16729 834.953 8.70749 826.246 21.0742 17.7455 805.171 785.049 20.1226
internal_count=4000 3970 45 3925 43 3882 131 110 3751 3659 92
is_linear=0
shrinkage=0.05


Tree=124
num_leaves=9
num_cat=0
split_feature=13 6 4 4 14 2 6 28
split_gain=1.21078 1.36574 1.4494 1.76482 4.37308 4.25288 2.01037 1.81405
threshold=-2.700346708297729 2.4375346899032597 2.4081414937973027 1.7810456156730654 1.1869229674339297 -0.5610525608062743 -2.4559980630874629 -1.3155897855758665
decision_type=2 2 2 2 2 2 2 2
left_child=-1 2 3 6 5 -5 -2 -8
right_child=1 -3 -4 4 -6 -7 7 -9
leaf_value=-0.030540148827476611 0.029861217322195235 -0.024743305981793404 0.024112470952090709 0.029153000159215112 -0.057930908049291643 -0.017189946581016725 0.0079565686613540607 -0.00042346320238595566
leaf_weight=3.2324784100055686 5.801208719611167 5.4876306876540175 6.3324361741542807 6.973679304122931 4.4061314910650244 17.064745739102364 70.872094579041004 727.40425460040569
leaf_count=16 28 29 29 32 20 80 343 3423
internal_value=2.35908e-06 0.000119288 0.000281934 0.000100672 -0.012139 -0.0037456 0.000533656 0.000320528
internal_weight=847.575 844.342 838.855 832.522 28.4446 24.0384 804.078 798.276
internal_count=4000 3984 3955 3926 132 112 3794 3766
is_linear=0
shrinkage=0.05


Tree=125
num_leaves=18
num_cat=0
split_feature=3 11 11 11 3 5 12 0 31 5 14 31 1 5 14 0 3
split_gain=1.20238 3.36964 3.58206 3.54755 2.86257 3.55513 2.51566 2.47886 3.33045 2.37328 2.12168 4.92191 5.24797 4.29092 2.90054 3.79006 2.29152
threshold=0.79650360345840465 -2.1621011495590206 -1.8088998794555662 -1.7147423624992368 0.76034474372863781 -0.20556193590164182 2.4163610935211186 -1.2558817863464353 0.18503327667713168 0.11411941051483156 -1.3770678639411924 0.11756757646799089 0.98366820812225353 -1.084868788719177 -1.2770639061927793 -2.3236590623855586 -0.49715875089168543
decision_type=2 2 2 2 2 2 2 2 2 2 2 2 2 2 2 2 2
left_child=4 -2 -3 -4 6 -6 10 9 -9 -5 11 12 -1 -13 16 -16 -12
right_child=1 2 3 7 5 -7 -8 8 -10 -11 14 13 -14 -15 15 -17 -18
leaf_value=-0.013613405398878696 0.053286472813598641 -0.059326886741242674 0.080641267975286618 -0.0058830473571308299 -0.0096473625834772939 0.05052660864164922 -0.035324582258614845 0.0039236365372727821 -0.011034670376964146 -0.053547484473775088 0.048229518477180433 0.050084582100631249 -0.072515168970880853 -0.0024665607692258441 -0.045981093430122633 0.001479636461456576 0.0053943271450589345
leaf_weight=24.863873071968559 2.547310307621955 2.9434332996606818 1.2381113171577443 5.6817197874188405 4.0224387124180794 6.2973987460136396 4.8550041094422332 84.251763232052326 66.647954314947128 4.8330364711582661 5.8687275648117065 4.8040384873747852 4.4599047899246207 20.292086832225323 4.2365255877375594 592.87477625533938 6.671501621603964
leaf_count=117 11 18 6 35 20 28 23 408 321 34 30 23 21 94 22 2758 31
internal_value=2.2233e-06 -0.00378327 -0.00466116 -0.0036719 0.000939301 0.0270722 0.000536137 -0.00431862 -0.00268301 -0.0277917 0.000798313 -0.0086611 -0.0225719 0.00759307 0.0016427 0.0011429 0.0254409
internal_weight=847.39 168.143 165.596 162.653 679.246 10.3198 668.926 161.414 150.9 10.5148 664.071 54.4199 29.3238 25.0961 609.652 597.111 12.5402
internal_count=4000 833 822 804 3167 48 3119 798 729 69 3096 255 138 117 2841 2780 61
is_linear=0
shrinkage=0.05


Tree=126
num_leaves=17
num_cat=0
split_feature=3 12 12 6 8 8 10 13 1 13 13 8 6 1 5 10
split_gain=1.17578 3.08836 1.63031 1.34851 3.52496 4.71538 3.46533 3.28623 3.16584 2.9463 3.30618 4.56514 3.62634 2.78033 2.80139 2.47535
threshold=-2.0944153070449825 0.23058000206947329 -0.40035597980022425 0.29019924998283392 1.7201900482177737 1.6092654466629031 0.71775475144386303 0.56546622514724743 -2.2544988393783565 -2.1443914175033565 -0.76960268616676319 0.8837086856365205 0.52017453312873851 -2.5901659727096553 0.77909654378891002 -0.33685469627380366
decision_type=2 2 2 2 2 2 2 2 2 2 2 2 2 2 2 2
left_child=1 2 -1 4 5 13 7 15 -5 -10 12 -12 -11 -2 -15 -6
right_child=3 -3 -4 8 6 -7 -8 -9 9 10 11 -13 -14 14 -16 -17
leaf_value=0.019735885388580138 0.042329824342841577 0.045574372759113961 -0.027118063247016957 -0.045701716798820159 -0.059519241684941208 0.047930899258590766 0.021004563996738172 0.008721884652825803 -0.041159580197821018 -0.014339624080369396 -0.0074890407211508445 0.009734268392599589 0.015541483069450593 -0.00056234525082886203 0.0088311958380729114 -0.017719148499849516
leaf_weight=3.4930302202701569 4.1787261068820944 5.0161024779081345 3.9629690833389741 4.2435052245855323 7.2609489709138906 5.5831748843193045 4.6835666224360457 4.803805209696292 4.7832436561584464 13.005858607590197 199.05636094510555 47.691141195595264 46.296260207891464 385.79692719876766 99.927946493029594 6.9146608188748377
leaf_count=23 19 34 23 19 35 26 23 23 23 65 926 218 221 1810 479 33
internal_value=1.63518e-06 0.0152401 -0.00516765 -0.000226187 0.0013399 0.00224027 -0.0175132 -0.0270182 -0.00280662 -0.00222102 -0.00161245 -0.00416013 0.0089881 0.00171956 0.00137018 -0.0391298
internal_weight=846.698 12.4721 7.456 834.226 519.15 495.487 23.663 18.9794 315.076 310.833 306.05 246.748 59.3021 489.904 485.725 14.1756
internal_count=4000 80 46 3920 2448 2334 114 91 1472 1453 1430 1144 286 2308 2289 68
is_linear=0
shrinkage=0.05


Tree=127
num_leaves=20
num_cat=0
split_feature=6 7 14 14 10 6 2 1 4 2 2 9 0 7 8 29 10 14 14
split_gain=1.16003 3.62848 3.37808 3.95381 3.16958 2.93172 2.56282 1.60009 1.59283 5.19719 4.91487 3.71983 3.06857 5.23409 8.83472 3.14652 2.95724 6.93666 3.37148
threshold=-1.7569160461425779 0.33246609568595892 0.05794446915388108 0.94699782133102428 -0.54353681206703175 -1.7151784300804136 -0.3512763231992721 -0.15906932950019834 0.77478381991386425 -2.1064854860305782 -1.8221772909164426 1.5588032603263857 -1.1846712231636045 -0.53037595748901356 -0.74090257287025441 -0.43166385591030115 -1.0708660483360288 -0.19602996855974195 -0.12432960420846938
decision_type=2 2 2 2 2 2 2 2 2 2 2 2 2 2 2 2 2 2 2
left_child=1 2 6 -4 -3 -2 -1 -6 12 -10 -11 -12 13 14 -7 -15 17 -14 -18
right_child=5 4 3 -5 7 8 -8 -9 9 10 11 -13 16 15 -16 -17 18 -19 -20
leaf_value=0.0089071544118351342 -0.044954862134758779 -0.0024188049725855955 0.044724798876663793 -0.01946388385705158 0.028478404151898708 0.065308467613212615 -0.038576846544499263 0.072854068301743055 -0.064693409708670158 0.064757595654118538 0.0057691418291183627 -0.023712805422097596 0.025211122779057418 -0.040086118361802994 -0.009262133666540719 -0.011965319893124248 -0.0061183554667127793 -0.0047039158696408128 0.0022712161825547222
leaf_weight=4.5070649832487089 3.6726158633828154 4.7869287431240073 5.8228459209203702 4.0800560638308525 4.4353139400482169 5.2225752025842693 7.6899053156375921 3.7479849159717551 2.7162376940250388 3.3750288337469092 163.61798287928104 11.447784997522829 35.436722755432129 14.853707082569597 16.585733883082867 30.116655677556992 223.88445921242237 42.76191970705986 257.46406634896994
leaf_count=22 16 23 31 22 21 24 37 20 12 15 760 53 167 81 80 160 1040 202 1214
internal_value=1.63339e-06 0.00890481 -0.0034161 0.0182787 0.0298983 -0.000383293 -0.0210304 0.0488026 -0.000180572 0.00394858 0.00499345 0.00384128 -0.00137488 -0.0115055 0.00859576 -0.0212536 -0.000165843 0.00885247 -0.00163093
internal_weight=846.226 35.0701 22.0999 9.9029 12.9702 811.155 12.197 8.1833 807.483 181.157 178.441 175.066 626.326 66.7787 21.8083 44.9704 559.547 78.1986 481.349
internal_count=4000 176 112 53 64 3824 59 41 3808 840 828 813 2968 345 104 241 2623 369 2254
is_linear=0
shrinkage=0.05


Tree=128
num_leaves=31
num_cat=0
split_feature=9 1 9 9 13 12 30 10 2 30 5 1 31 13 9 6 6 5 8 1 10 30 1 7 7 30 12 6 0 13
split_gain=1.22564 4.20531 3.91808 3.62478 3.54045 3.43518 3.99278 4.52007 2.51074 2.43338 3.88002 2.75264 2.15119 1.95967 5.62441 4.20412 4.09808 5.23836 4.88738 3.00911 3.86593 2.54737 2.43551 5.87715 6.49144 6.64081 6.13085 5.75801 4.18529 3.78703
threshold=1.1593646407127383 -0.73940587043762196 1.5588032603263857 2.0268211364746098 -0.2574926614761352 -1.3395319581031797 1.1951388716697695 0.6056136190891267 -0.53666415810585011 -0.40218277275562281 0.29545047879219061 0.024456681683659557 -0.061678750440478318 -1.1897689104080198 0.12574137747287753 -1.5166573524475095 -0.076373968273401246 -0.1010083071887493 -0.11257757991552352 0.13947714120149615 0.1615950018167496 0.86676165461540233 0.38971579074859625 -0.79114401340484608 -1.5714143514633176 0.46370492875576025 0.62287378311157238 0.73393765091896068 -1.8717179298400877 -1.0984091162681577
decision_type=2 2 2 2 2 2 2 2 2 2 2 2 2 2 2 2 2 2 2 2 2 2 2 2 2 2 2 2 2 2
left_child=13 2 8 -4 9 -6 7 -7 -2 -3 12 -12 -11 14 15 -1 17 -17 -18 21 -21 -16 28 24 -24 -26 -25 -28 -15 -30
right_child=1 4 3 -5 5 6 -8 -9 -10 10 11 -13 -14 22 19 16 18 -19 -20 20 -22 -23 23 26 25 -27 27 -29 29 -31
leaf_value=0.055070982127717751 -0.027949831909870222 0.0057629103792403305 -0.056401400682599225 0.0030855852660789454 -0.046932980838226966 -0.0092507991052080858 0.052060419970895278 0.028350891870036889 0.021524489479472574 0.078485471038939339 0.035103840114666836 -0.022737805377459099 0.034965717390732717 -0.033112942827005859 -0.0489479305145867 -0.037515904549719564 0.031296712265046683 0.0072202088313839527 -0.009242571121204286 -0.027711899047455968 0.03359368385778215 -0.0084856837735527713 -0.015263469378596498 -0.015215882520026876 0.036158336655103353 -0.0086188197195727467 0.014239991500931658 -0.025994830056036328 0.033014802875686186 0.0023649747352908362
leaf_weight=3.4192201271653166 3.7221137583255759 12.329492114484308 7.1426481679081899 3.9920685663819313 3.3520116657018653 29.984997645020485 4.1828964427113524 10.896706119179724 8.244492284953596 4.721848748624323 4.3336536884307844 3.9150817543268204 7.1229801028966939 8.1258543953299505 13.561448879539972 13.885402612388136 14.610955119132997 12.375909976661204 15.137168787419794 6.7635402753949148 4.1490268558263779 5.4543023556470862 17.296301506459713 113.9804530069232 25.653405033051968 12.226909019052981 40.822366256266832 11.368547670543192 10.33070959150791 412.32260002940893
leaf_count=16 18 62 34 20 18 141 22 56 42 23 21 20 35 41 63 64 69 59 72 35 20 26 81 545 120 56 192 53 49 1927
internal_value=1.72997e-06 0.0050865 -0.013727 -0.0350739 0.0104628 0.00189996 0.00553227 0.000771645 0.00613591 0.0232494 0.0339792 0.00765057 0.0523145 -0.000711052 -0.0076551 0.0012469 -0.00203891 -0.0164336 0.0106685 -0.0253318 -0.00440313 -0.0373421 0.000240448 -0.00402229 0.0101166 0.0217053 -0.00871706 0.00547579 0.00243078 0.00311413
internal_weight=845.425 103.941 23.1013 11.1347 80.8397 48.4166 45.0646 40.8817 11.9666 32.4231 20.0936 8.24874 11.8448 741.484 89.357 59.4287 56.0094 26.2613 29.7481 29.9283 10.9126 19.0158 652.127 221.348 55.1766 37.8803 166.171 52.1909 430.779 422.653
internal_count=4000 512 114 54 398 237 219 197 60 161 99 41 58 3488 424 280 264 123 141 144 55 89 3064 1047 257 176 790 245 2017 1976
is_linear=0
shrinkage=0.05


Tree=129
num_leaves=24
num_cat=0
split_feature=31 8 0 31 3 14 29 14 8 7 0 6 13 3 8 11 5 3 11 13 11 14 6
split_gain=1.14315 4.70514 7.04747 4.51018 6.49881 3.98531 3.17027 2.58498 1.49771 3.41094 5.77636 5.14586 4.20212 3.47314 2.80834 5.70286 8.20962 7.09542 3.65181 7.23585 3.6425 2.40798 1.08893
threshold=-2.0087285041809078 0.23306366801261905 0.3303643018007279 -1.622306168079376 0.25736615061759954 0.79309087991714489 -0.18387745320796964 -0.12432960420846938 -0.17723792046308515 0.15789182484149936 1.433829188346863 0.29019924998283392 -2.1978213787078853 0.2973997443914414 0.055962687358260162 0.28335359692573553 -0.11355473473668097 0.73299860954284679 -0.29471057653427118 -1.3786608576774595 -0.22710895538330075 -0.34024351835250849 -0.16849245131015775
decision_type=2 2 2 2 2 2 2 2 2 2 2 2 2 2 2 2 2 2 2 2 2 2 2
left_child=1 2 -1 4 5 6 -2 -3 9 12 11 -11 -5 -14 15 17 -17 -10 19 -16 -20 -12 -6
right_child=3 7 -4 8 22 -7 -8 -9 14 10 21 -13 13 -15 18 16 -18 -19 20 -21 -22 -23 -24
leaf_value=-0.049953330458083998 -0.017699700008181513 0.061840841910882266 0.033166877803685491 -0.051437517211269761 -0.038541251368276533 -0.047821568480844567 0.030927188551878537 0.010311078985167199 -0.0097589806867740374 0.0016569168475865004 0.0081272395778746783 -0.018362870037298945 0.014020691414099902 6.7639762588663977e-05 -0.0335085256000947 0.037631406195799882 -0.016076249325386725 -0.053774384455502561 -0.036645842408316635 0.0096870260382971203 -0.0023691862671312864 0.05857989188993834 -0.074718807854282601
leaf_weight=5.5560532212257403 6.0369429290294674 4.9892973825335503 4.7135274186730385 2.9861810505390158 4.0320839881896973 3.9400671422481528 7.5359844788908985 4.7516158521175367 39.537934243679047 93.962421521544456 4.4277868792414665 48.752028919756413 109.77736714482307 75.11589589715004 10.450583115220068 12.824302524328234 15.98309153318405 11.915394730865954 8.0265443995594961 134.10850008577108 225.55744390934706 5.0763393417000753 4.2962706312537176
leaf_count=27 29 23 24 14 21 20 35 22 181 440 22 234 523 353 52 58 74 60 39 642 1055 29 23
internal_value=1.91363e-06 0.0118101 -0.0118029 -0.000284724 -0.0208433 -0.00355196 0.00929901 0.0367046 0.000380599 0.00289461 -0.00266841 -0.00518195 0.00740173 0.00835204 -0.00148459 -0.00997928 0.007833 -0.0199519 0.000318403 0.0065643 -0.00354702 0.035075 -0.0572038
internal_weight=844.354 20.0105 10.2696 824.343 25.8413 17.513 13.5729 9.74091 798.502 340.098 152.219 142.714 187.879 184.893 458.404 80.2607 28.8074 51.4533 378.143 144.559 233.584 9.50413 8.32835
internal_count=4000 96 51 3904 128 84 64 45 3776 1615 725 674 890 876 2161 373 132 241 1788 694 1094 51 44
is_linear=0
shrinkage=0.05


Tree=130
num_leaves=31
num_cat=0
split_feature=9 9 1 1 7 3 1 7 9 4 4 5 11 1 29 9 29 5 29 13 11 8 5 10 30 10 9 10 0 3
split_gain=1.13626 4.40549 2.9775 4.35523 3.70695 4.81729 3.67749 3.93603 4.55485 3.69266 6.99341 6.2942 2.03184 5.32123 4.62387 4.31418 4.83625 2.36574 7.38788 5.16417 5.61364 5.27105 3.38998 2.92326 2.97246 2.80093 4.18757 2.70909 1.89119 1.60055
threshold=-0.6232297122478484 -0.64382126927375782 0.9227406680583955 1.057814955711365 -0.79114401340484608 -0.0098608108237385732 0.091216254979372038 1.2103722095489504 -0.71491381525993336 0.1246599741280079 -0.48940642178058619 -0.64193460345268238 -1.4805760383605955 -0.64575621485710133 -1.1880469322204588 1.0883486866950991 -0.40220823884010309 -0.56399375200271595 -0.94301596283912648 -0.44411596655845637 1.4344868063926699 0.56360828876495372 -0.54222130775451649 -0.31934434175491327 0.46370492875576025 2.0282984972000127 0.45305657386779791 1.1072683334350588 0.12060905247926713 -0.21427363902330396
decision_type=2 2 2 2 2 2 2 2 2 2 2 2 2 2 2 2 2 2 2 2 2 2 2 2 2 2 2 2 2 2
left_child=1 2 6 -4 28 -6 9 8 -8 10 -1 -11 13 29 -15 16 -16 18 23 21 -21 -20 -19 -14 -25 27 -27 -24 -5 -2
right_child=12 -3 3 4 5 -7 7 -9 -10 11 -12 -13 17 14 15 -17 -18 22 19 20 -22 -23 25 24 -26 26 -28 -29 -30 -31
leaf_value=-0.005230769587301118 -0.020427226462982003 -0.044296348097453038 0.047268899440968765 0.004301576905720297 0.015429958421280055 -0.028564944611663718 -0.023071941802477309 0.018430202761155316 0.029853760929027459 -0.037538974569533569 0.028663964892470552 0.001030245109220837 0.053722380363423083 -0.051271056747779757 0.032787602063890524 0.046200668490441819 -0.016510816687543003 -0.04079296556394451 0.027540558450481242 -0.007436850188765669 0.045587492922919429 -0.0098695078027962041 0.0012150184588774645 0.034499057545376931 -0.0097862017749643735 -0.0044197185580279567 0.064956223415629191 -0.012206218220815019 0.047790231882395617 -0.060881797573909095
leaf_weight=36.252123385667801 4.6496294438838959 6.2787612080574027 6.6652661859989157 4.4644809365272504 12.09614449739456 12.812958918511869 51.736784864217043 8.0703409016132337 4.4118452072143546 14.129902586340902 26.228812843561172 42.078871816396713 9.4073008224368113 3.8734955787658683 6.9787802696228054 5.6353051960468283 17.32559168338776 5.0585522502660742 31.34628514945507 86.874267175793648 5.2958186045289031 13.458578340709208 349.72044874355197 10.70497599989176 5.8651324957609168 4.5958535671234113 4.1295631155371666 42.128533959388733 5.6810282915830612 5.1564721316099149
leaf_count=175 21 32 32 21 56 65 251 38 21 65 126 197 44 18 33 30 83 25 149 404 25 63 1658 51 27 21 22 198 25 24
internal_value=1.37298e-06 -0.00298742 -0.00183277 0.0102206 0.00317629 -0.00720052 -0.00458204 -0.0142204 -0.0189133 0.000632951 0.00899787 -0.00866538 0.00112867 -0.00927113 0.000133512 0.00678406 -0.00235522 0.00192649 0.00701502 0.00237866 -0.00439023 0.0163032 -0.000117688 0.0314618 0.0188239 0.000395969 0.0284145 -0.000227928 0.0286533 -0.0417
internal_weight=843.112 230.907 224.629 41.7199 35.0546 24.9091 182.909 64.219 56.1486 118.69 62.4809 56.2088 612.205 43.6193 33.8132 29.9397 24.3044 568.585 162.952 136.975 92.1701 44.8049 405.633 25.9774 16.5701 400.574 8.72542 391.849 10.1455 9.8061
internal_count=4000 1104 1072 199 167 121 873 310 272 563 301 262 2896 209 164 146 116 2687 763 641 429 212 1924 122 78 1899 43 1856 46 45
is_linear=0
shrinkage=0.05


Tree=131
num_leaves=20
num_cat=0
split_feature=12 12 5 2 7 7 0 13 2 4 30 2 30 7 2 30 6 12 30
split_gain=1.15595 3.79978 3.86053 3.55232 3.18174 5.54091 8.15849 4.57067 4.41059 3.99927 3.9026 3.41143 2.13115 4.91442 2.25181 2.12719 3.88947 1.97111 1.72658
threshold=-1.075080335140228 -0.98324474692344654 0.50840455293655407 1.6701706647872927 1.0661479234695437 0.66754114627838146 0.050274429842829711 -0.71418631076812733 -0.89748868346214283 0.024142078123986725 0.47402086853981024 -0.62508308887481678 -2.1287356615066524 -0.26217114925384516 2.328278779983521 -1.0665003657341001 1.5983164906501772 -0.88021948933601368 -0.24985028058290479
decision_type=2 2 2 2 2 2 2 2 2 2 2 2 2 2 2 2 2 2 2
left_child=3 2 18 4 5 8 -7 -6 9 -1 -9 -10 13 -3 15 16 -14 -17 -2
right_child=1 12 -4 -5 7 6 -8 10 11 -11 -12 -13 14 -15 -16 17 -18 -19 -20
leaf_value=-0.046979274272049704 -0.059577544434597098 0.022921981775226048 0.0063315031473875731 -0.031021050666200624 0.072391303379620853 -0.068693467140609199 0.0088239014516565059 0.034901272501753892 0.048255415440894449 0.012385156556686538 -0.021217591365430354 0.010170481393656115 0.0098774687001624908 -0.048588076904196587 0.030331896227192165 0.01558577111995707 -0.037307415534812781 -0.0015374983111962664 -0.022915360798210247
leaf_weight=6.119439594447611 5.4754659831523904 3.7762095779180527 7.7639456391334525 6.4696539714932433 4.1688178777694729 6.1409075409173948 7.5890822634100914 7.63813968002796 6.6495922803878775 5.2892151474952698 5.2118386328220367 50.798795260488987 81.359200365841389 6.6048918142914754 6.1645985245704642 17.294828712940216 4.6151679679751387 595.28754970058799 7.7663794979453096
leaf_count=28 25 19 35 32 19 30 36 36 33 25 26 247 385 34 32 78 23 2821 36
internal_value=1.3072e-06 -0.000701882 -0.021662 0.00488107 0.00721301 0.00315634 -0.0258467 0.0268987 0.00893951 -0.0194571 0.01214 0.0145788 -8.61894e-05 -0.0225757 0.000245099 -2.04098e-05 0.00734455 -0.00105406 -0.0380751
internal_weight=842.184 736.108 21.0058 106.075 99.6058 82.587 13.73 17.0188 68.857 11.4087 12.85 57.4484 715.102 10.3811 704.721 698.557 85.9744 612.582 13.2418
internal_count=4000 3488 96 512 480 399 66 81 333 53 62 280 3392 53 3339 3307 408 2899 61
is_linear=0
shrinkage=0.05


Tree=132
num_leaves=31
num_cat=0
split_feature=4 8 5 13 5 13 8 30 9 3 10 10 30 30 6 6 4 14 5 9 3 0 10 6 30 4 3 5 7 9
split_gain=1.13177 3.74453 5.63019 6.4933 4.92073 4.6024 4.86761 4.38022 4.15901 3.91339 3.7445 5.7965 4.03823 5.85176 3.22775 2.71489 2.71487 5.87908 6.11575 5.46888 5.45185 5.35883 5.22263 4.61277 4.57761 3.81739 5.93137 3.4556 3.17247 2.82037
threshold=-0.76747852563858021 0.73326650261878978 -0.56399375200271595 0.72972452640533458 0.30942445993423467 -0.0071765473112463942 -0.74090257287025441 0.27966149151325231 -0.57853117585182179 0.10734546184539796 0.94415313005447399 1.2531758546829226 -0.73026558756828297 0.067877139896154418 -0.15916401147842404 -0.27049337327480311 -0.41108572483062739 -0.34024351835250849 0.069313056766986861 0.61461529135704052 0.41866573691368109 -0.47154499590396876 -0.91788071393966664 -0.8393614888191222 -0.60485142469406117 -0.3679704070091247 -0.63629654049873341 0.75635451078414928 0.8390951156616212 1.5588032603263857
decision_type=2 2 2 2 2 2 2 2 2 2 2 2 2 2 2 2 2 2 2 2 2 2 2 2 2 2 2 2 2 2
left_child=1 4 15 8 10 -6 -7 -8 -4 -10 12 -12 14 -14 -1 -3 17 21 19 24 28 -2 -23 -24 -19 26 -18 -22 -20 -27
right_child=16 2 3 -5 5 6 7 -9 9 -11 11 -13 13 -15 -16 -17 25 18 20 -21 27 22 23 -25 -26 29 -28 -29 -30 -31
leaf_value=0.0024037222258249699 -0.053721670169955382 0.079448777942244253 -0.034149551602654697 0.05901272071622448 0.028501318302569287 -0.038533387066707003 0.028514072107365753 -0.020830900533917892 0.029199354600129075 -0.022659092440741276 -0.070286974996397078 -0.0060453434684201758 0.024799377274222444 -0.0084612898477480439 -0.045647283200046275 0.026933965269069257 -0.024926396543544355 0.010547775197568308 0.021620632564802539 0.023087735817541515 0.011862244302591913 0.038786795760053776 0.021769099738913986 -0.033432875222320933 -0.034979757352331338 0.00069313458101067933 0.047590344652520634 -0.050977174568020249 0.068677365600454732 -0.014177741685580961
leaf_weight=5.8504494577646247 10.879889659583567 4.322519525885582 7.9801931455731419 4.8004790917038909 23.257953934371471 6.7792282775044468 12.428705532103779 7.047346055507659 9.9272460788488406 5.7422189414501181 5.6250229105353347 9.3445030525326711 20.332923427224159 37.82367280870676 8.6802605688571912 5.7150428369641286 3.9750574380159369 7.476390756666663 14.334015786647802 8.2731208056211454 5.3776199594140035 4.2417248860001591 4.807976774871352 17.775305368006229 21.111872635781765 515.55606053769588 9.7024963162839395 3.6882176324725151 4.7748681902885428 33.985837109386921
leaf_count=28 58 20 39 23 115 33 62 34 48 27 27 45 96 182 41 28 18 35 69 40 27 20 23 81 100 2430 46 20 23 162
internal_value=1.04958e-06 0.00357116 0.0173529 0.00599382 -0.000295772 0.0123047 -0.00204287 0.0106588 -0.00476812 0.0101954 -0.0074132 -0.0301851 -0.00272346 0.00316743 -0.0263007 0.0495486 -0.000940624 -0.00841521 0.000691774 -0.0127131 0.0182295 -0.0241236 -0.012119 -0.0216804 -0.0230734 0.00042287 0.0265151 -0.0137025 0.033379 -0.000226539
internal_weight=841.618 175.658 38.4877 28.4501 137.17 49.5132 26.2553 19.4761 23.6497 15.6695 87.6568 14.9695 72.6873 58.1566 14.5307 10.0376 665.96 102.741 65.0361 36.8614 28.1747 37.7049 26.825 22.5833 28.5883 563.219 13.6776 9.06584 19.1089 549.542
internal_count=4000 848 185 137 663 244 129 96 114 75 419 72 347 278 69 48 3152 496 314 175 139 182 124 104 135 2656 64 47 92 2592
is_linear=0
shrinkage=0.05


Tree=133
num_leaves=24
num_cat=0
split_feature=9 9 1 13 14 13 10 2 1 4 0 4 4 31 12 2 28 2 7 2 10 29 13
split_gain=1.1325 3.86264 3.91264 5.07347 3.97246 3.71845 3.40307 3.70139 3.28322 2.68744 4.52966 2.13447 2.25968 4.29125 4.97937 2.85439 3.52983 3.21972 5.12602 3.37894 2.87353 2.66082 1.4105
threshold=1.1593646407127383 1.1895142793655398 -0.73940587043762196 0.048531683161854751 -1.0000000180025095e-35 -0.2574926614761352 0.6056136190891267 0.32998518645763403 -0.46753706037998194 -1.3697608113288877 -0.89500010013580311 2.4081414937973027 1.8713681697845461 -0.26291474699974055 -0.21283148974180219 -1.1088060736656187 -1.1397169828414915 -0.65680071711540211 1.656755864620209 -0.49913440644741053 -0.20503739267587659 -0.78463152050971974 -0.87352159619331349
decision_type=2 2 2 2 2 2 2 2 2 2 2 2 2 2 2 2 2 2 2 2 2 2 2
left_child=11 -2 3 22 -5 9 8 -8 -7 -4 -11 12 15 -14 -15 16 20 18 -17 -19 -1 -18 -3
right_child=1 2 5 4 -6 6 7 -9 -10 10 -12 -13 13 14 -16 17 21 19 -20 -21 -22 -23 -24
leaf_value=0.048585377265879491 0.042904723097278857 -0.016135863632439542 0.061351886186947473 -0.017765876745508096 0.04611524161316697 0.030235209874284887 0.044468713192573131 -0.010822727877478362 -0.01618095631094519 0.051992920383150724 0.0042545390686266737 0.029899834189261471 0.012829231168722055 -0.075758734632027203 -0.010761128535505956 0.012787411002080501 0.004018476185803161 -0.015178646981484609 -0.039312172748155655 0.00043724604902700427 -0.0026254286640891938 -0.016839237493627836 -0.054570925350581424
leaf_weight=4.5279809832572937 6.282157100737094 3.6628087535500526 3.6416319534182575 5.9201588481664658 4.1323188841342908 4.4019349887967065 7.0854444913566095 5.2841934561729431 28.321899689733986 6.5237046778202119 20.850775334984061 5.6608028933405867 7.3316401541233089 4.7372138798236856 7.795380994677541 81.193281561136246 19.97256039083004 37.264761872589588 5.0126671642065039 491.93187205120921 6.9341785758733732 65.225498162209988 6.8531926274299639
leaf_count=22 32 19 19 28 21 24 39 25 134 30 107 26 35 21 36 385 94 176 23 2333 32 305 34
internal_value=9.08207e-07 0.00491316 0.00244446 -0.0169046 0.00849403 0.0076735 -0.00149225 0.0208487 -0.00993716 0.0209993 0.0156312 -0.000684795 -0.00092134 -0.0175548 -0.0353297 -0.00045732 -0.00844505 0.000797299 0.00975795 -0.000662388 0.0176048 -0.0119497 -0.0411837
internal_weight=840.548 102.96 96.6781 20.5685 10.0525 76.1096 45.0935 12.3696 32.7238 31.0161 27.3745 737.588 731.927 19.8642 12.5326 712.063 96.6602 615.403 86.2059 529.197 11.4622 85.1981 10.516
internal_count=4000 512 480 102 49 378 222 64 158 156 137 3488 3462 92 57 3370 453 2917 408 2509 54 399 53
is_linear=0
shrinkage=0.05


Tree=134
num_leaves=19
num_cat=0
split_feature=12 29 5 7 30 12 28 6 31 9 30 30 4 2 0 7 6 12
split_gain=1.11706 3.43044 3.69199 3.57465 1.35657 1.42527 5.39152 5.67158 4.6455 3.01286 2.90293 2.8588 4.74535 2.71693 2.58619 4.44701 3.20767 2.04329
threshold=1.9860740303993227 0.32474957406520849 0.50840455293655407 -0.20361754298210141 2.4666501283645634 1.0989326834678652 -1.1837940812110899 -0.8393614888191222 -1.5542614459991453 -0.080207541584968553 1.7489169239997866 1.3688237071037295 0.41363285481929785 0.10520440712571145 0.38840739428997045 0.57963630557060253 -0.1043935865163803 -1.0425709486007688
decision_type=2 2 2 2 2 2 2 2 2 2 2 2 2 2 2 2 2 2
left_child=4 2 3 -2 5 10 9 13 -9 -7 11 17 -13 -8 15 -12 -16 -1
right_child=1 -3 -4 -5 -6 6 7 8 -10 -11 14 12 -14 -15 16 -17 -18 -19
leaf_value=0.0062539681836174367 -0.015164421785237157 -0.044459579289161187 -0.034188985666948037 0.049752783481686498 -0.024209023097949832 0.017781340722552434 0.013466097297402335 -0.065025298002455476 -0.0015475835131818631 0.071563384439197214 0.020321862650290363 -0.029912231823244415 0.012458597589859472 0.055607221360458814 0.0051965258857170973 -0.040439667792853372 0.06662796568282893 -0.0014282960067826113
leaf_weight=102.37589590251446 3.7768611684441566 5.6936114430427542 4.6021341234445563 4.8355964720249194 5.6173441857099524 6.4936672151088715 11.130990132689478 3.0101897716522208 67.80702592805028 4.3473562076687795 11.644134260714056 20.160110123455528 9.8301921263337118 5.8270400539040557 3.8901843205094337 4.0616596564650527 4.6829222068190557 560.09391514956951
leaf_count=493 18 28 21 23 29 31 52 14 318 21 56 104 48 29 19 20 24 2652
internal_value=1.16727e-06 -0.0120142 0.00196511 0.0212843 0.000277899 0.000446601 0.00608235 0.00197369 -0.0042458 0.0393485 -0.000328823 -0.000924657 -0.016024 0.0279464 0.016665 0.00460838 0.0387525 -0.000241104
internal_weight=839.881 18.9082 13.2146 8.61246 820.973 815.355 98.6163 87.7752 70.8172 10.841 716.739 692.46 29.9903 16.958 24.2789 15.7058 8.57311 662.47
internal_count=4000 90 62 41 3910 3881 465 413 332 52 3416 3297 152 81 119 76 43 3145
is_linear=0
shrinkage=0.05


Tree=135
num_leaves=19
num_cat=0
split_feature=3 12 30 5 6 6 6 9 13 9 14 14 8 5 7 3 5 9
split_gain=1.09897 2.82807 1.8591 1.28007 3.13639 4.33427 3.2761 4.17045 2.79292 2.07498 1.88165 1.74487 3.88313 4.66346 3.32369 2.00261 3.5512 3.30372
threshold=-2.0944153070449825 0.23058000206947329 0.21375562995672229 1.3162159323692324 1.199942469596863 0.84378895163536083 0.21070352941751483 -0.20597425103187558 0.038692882284522064 -0.28562164306640619 2.4330677986145024 1.2346114516258242 0.6169530749320985 -1.1466925144195554 0.97566205263137828 0.52868759632110607 -2.0210988521575923 -1.7943935990333555
decision_type=2 2 2 2 2 2 2 2 2 2 2 2 2 2 2 2 2 2
left_child=1 2 -1 10 5 6 7 -5 -8 -6 11 15 13 -13 -14 17 -17 -2
right_child=3 -3 -4 4 9 -7 8 -9 -10 -11 -12 12 14 -15 -16 16 -18 -19
leaf_value=0.02426482881605516 -0.018545408617640157 0.044434065794653727 -0.026407662116793396 -0.019167909436609201 -0.06098377448272771 0.039178984409969857 -0.052567292340651987 0.013375816232202365 -0.0068732242165482314 -0.013128618574181192 0.031087082204594413 -0.05296295376164354 0.00028429065179849162 -0.0087807235130517008 0.046638827764553949 -0.046039763476863838 -0.0022096070185361133 0.0035338923508344946
leaf_weight=3.1731064319610578 17.58717418462038 4.8718116655945778 4.2138349860906601 16.576773717999455 3.9985828250646591 5.636212818324565 6.3001015335321409 24.2392787411809 7.1272119730710983 5.2250963971018773 4.9546379745006552 6.8665069118142119 18.661963351070884 45.869509302079678 4.8777472376823416 4.7351472228765479 192.29587306082249 462.0678098872304
leaf_count=23 84 34 23 82 21 26 31 118 33 25 24 34 93 226 23 23 928 2149
internal_value=1.3059e-06 0.0148622 -0.00464098 -0.000218974 -0.0067336 -0.00255291 -0.0068891 0.000158713 -0.0283129 -0.0338744 0.000375 0.000172908 -0.0069962 -0.0145335 0.00988958 0.000981006 -0.00326296 0.00272433
internal_weight=839.278 12.2588 7.38694 827.02 69.1033 59.8796 54.2434 40.8161 13.4273 9.22368 757.916 752.962 76.2757 52.736 23.5397 676.686 197.031 479.655
internal_count=4000 80 46 3920 336 290 264 200 64 46 3584 3560 376 260 116 3184 951 2233
is_linear=0
shrinkage=0.05


Tree=136
num_leaves=19
num_cat=0
split_feature=0 9 31 1 31 4 4 12 2 31 29 14 10 11 4 4 6 10
split_gain=1.078 2.66364 3.70954 4.11207 3.96604 1.19042 1.5594 5.03794 3.05098 3.2182 2.82392 1.96221 4.50325 8.30691 5.49291 4.31734 3.05896 2.85786
threshold=1.8306517004966738 0.60389119386672985 -0.40636914968490595 -0.73032790422439564 0.32535514235496527 2.4081414937973027 1.7810456156730654 -0.14148277044296262 -0.5610525608062743 -1.0000000180025095e-35 -0.20457473397254941 -0.17006385326385495 -0.97088405489921559 -1.0860346555709837 -0.4015361070632934 1.4690731763839724 -1.0194825530052183 0.37171129882335668
decision_type=2 2 2 2 2 2 2 2 2 2 2 2 2 2 2 2 2 2
left_child=5 2 -2 -4 -5 6 11 10 -9 -10 -8 12 13 -1 -14 16 -13 -17
right_child=1 -3 3 4 -6 -7 7 8 9 -11 -12 15 14 -15 -16 17 -18 -19
leaf_value=0.05249521436245641 -0.032664741819641817 0.047691254192889276 0.067864909774612611 0.042703104662346239 -0.025185108403866133 0.021621167810033023 -0.065075500128290012 0.040161527026432602 0.01715879969398729 -0.035427937993826063 -0.015459123753500016 0.010774876388000334 -0.014784940891514482 0.0014846424095574873 -0.0003536255039230464 0.0091673810104348653 -0.00067001937789721536 0.05258461365709402
leaf_weight=9.553761921823023 5.2219573184847894 4.0316881649196139 3.0595990642905262 3.4902866929769463 5.6079475432634354 6.1525867059826842 5.0980920642614365 4.6429184824228313 6.1398221999406841 5.5296144485473588 6.5551048964262026 70.125448279082775 101.10288268327713 48.481942124664783 189.57229097560048 8.6422864943742734 348.68219869956374 6.7507745251059523
leaf_count=45 28 35 19 22 31 28 23 21 29 26 32 336 483 234 880 40 1656 32
internal_value=1.0097e-06 0.0110759 0.00258201 0.017721 0.000858333 -0.000289224 -0.000455471 -0.012057 0.00587995 -0.00775966 -0.0371655 -4.10639e-05 -0.00283425 0.00988194 -0.00537314 0.00220217 0.00124632 0.0282084
internal_weight=838.441 21.4115 17.3798 12.1578 9.09823 817.03 810.877 27.9656 16.3124 11.6694 11.6532 782.912 348.711 58.0357 290.675 434.201 418.808 15.3931
internal_count=4000 135 100 72 53 3865 3837 131 76 55 55 3706 1642 279 1363 2064 1992 72
is_linear=0
shrinkage=0.05


Tree=137
num_leaves=31
num_cat=0
split_feature=4 28 28 8 3 8 11 5 0 28 6 4 14 5 0 3 29 8 29 10 6 4 3 4 1 3 1 29 5 1
split_gain=1.11825 4.06197 4.1529 4.00298 3.64427 3.85068 4.27082 3.86131 3.44951 3.02126 2.70731 2.31532 5.08543 5.50315 5.06177 4.945 6.72696 4.70642 4.73065 4.65407 4.15187 3.48075 5.38731 3.39126 3.01853 2.58773 3.51888 4.23013 2.8304 3.82707
threshold=-0.76747852563858021 1.0089207291603091 -1.7378415465354917 -1.0268427729606626 1.7796086072921755 0.78056466579437267 -0.11025388166308402 0.30942445993423467 -0.81427851319313038 1.6316602826118471 0.03197907283902169 -0.41108572483062739 -0.34024351835250849 0.069313056766986861 -0.47154499590396876 0.41866573691368109 0.093640808016061797 -0.2025802209973335 -0.45023460686206812 -0.91788071393966664 -0.8393614888191222 -0.3679704070091247 -0.63629654049873341 -0.5851263403892516 -0.17361490428447721 -1.312446594238281 -1.481588542461395 -0.57889512181282032 1.7611065506935122 0.040759816765785224
decision_type=2 2 2 2 2 2 2 2 2 2 2 2 2 2 2 2 2 2 2 2 2 2 2 2 2 2 2 2 2 2
left_child=1 2 -1 -3 5 7 -7 -4 -5 10 -10 12 14 17 -2 -15 -17 23 -19 -16 -21 22 -13 -14 -24 26 -23 -28 -27 -30
right_child=11 3 4 8 -6 6 -8 -9 9 -11 -12 21 13 15 19 16 -18 18 -20 20 -22 25 24 -25 -26 28 27 -29 29 -31
leaf_value=-0.032751384205927929 -0.051745128204376427 -0.067075920656261154 -0.0045415173454347877 -0.056580149249358128 0.048764695956763991 0.04236717533818065 0.0030391455580559175 0.014924908512227034 0.0098838227606452313 0.025195417060124278 -0.037072472310045512 -0.023857505097683751 -0.014376818693402321 0.031856465523663641 0.037433035602180316 -0.058707006419711064 0.02807390474229747 0.0076115882095195075 -0.040980901461819437 0.021363090475273586 -0.031136503657370303 -0.040651010233987039 0.018563395251812474 0.035992337739092765 0.074465183009341809 -0.00069012746628328565 0.038585302327913774 0.0046161463334534972 0.0001326831522298321 -0.049879616258991621
leaf_weight=6.3642121851444236 10.629705194383858 3.1916817054152515 68.383606716990471 3.0768908560276094 5.4143486917018881 14.463502421975138 13.206215269863604 40.597853317856789 5.8023631274700147 7.55919325351715 6.517804317176342 3.95883785188198 6.501824751496315 18.917406104505066 4.1908696666359928 4.2629301473498327 4.6898772343993187 7.3032356724143037 15.941855102777481 4.7844283804297474 17.690442532300949 3.1062488332390776 5.0335082262754431 6.8755607232451421 4.6416227594017974 484.45655144751072 12.863246805965899 31.875725381076336 8.4786159992218 6.9695484191179267
leaf_count=32 58 15 326 18 26 70 63 201 30 35 32 18 32 92 20 23 24 35 75 23 81 15 24 33 22 2264 69 166 41 37
internal_value=1.65447e-06 0.00356208 0.0067632 -0.0146092 0.00853336 0.00693933 0.0235967 0.00271013 -0.00731459 0.000310646 -0.0149577 -0.000935614 -0.00787377 0.000625041 -0.0225702 0.0173677 -0.0132473 -0.0121163 -0.0257139 -0.0109403 -0.0199604 0.000322388 0.0252773 0.0115114 0.0453822 -0.000298762 0.0108099 0.0143829 -0.00136196 -0.0224307
internal_weight=837.75 174.578 148.43 26.1479 142.066 136.651 27.6697 108.981 22.9563 19.8794 12.3202 663.172 101.788 64.4927 37.2954 27.8702 8.95281 36.6225 23.2451 26.6657 22.4749 561.384 13.634 13.3774 9.67513 547.75 47.8452 44.739 499.905 15.4482
internal_count=4000 848 718 130 686 660 133 527 115 97 62 3152 496 314 182 139 47 175 110 124 104 2656 64 65 46 2592 250 235 2342 78
is_linear=0
shrinkage=0.05


Tree=138
num_leaves=12
num_cat=0
split_feature=3 3 4 2 5 11 11 28 29 12 9
split_gain=1.02043 1.26061 3.55317 1.33447 2.02153 1.1983 3.03215 2.60507 3.95697 2.25766 1.77444
threshold=2.4616270065307622 2.1529262065887456 -0.31747068464756006 2.328278779983521 -0.5229215919971465 -1.9894763231277464 -1.8088998794555662 0.63109207153320324 0.16377969831228259 0.5491921901702882 -0.6232297122478484
decision_type=2 2 2 2 2 2 2 2 2 2 2
left_child=1 3 -3 5 -5 7 9 8 -1 -7 -8
right_child=-2 2 -4 4 -6 6 10 -9 -10 -11 -12
leaf_value=0.024471825258225194 -0.023386560692693327 0.052600831035017018 -0.013730377053018989 0.046171119696329338 -0.0028436599938894136 -0.052451284668567744 -0.0040994999591452896 0.044754002644137023 -0.026863558179408904 -0.0023102112923207578 0.0012225471699673254
leaf_weight=8.5346691086888331 4.6380277797579756 4.0813869684934616 3.9952384606003744 3.8926517367362976 4.5771189928054792 4.8762936331331712 215.87063579633832 4.6202420666813842 6.7011142522096625 4.1603374928236008 570.60430083423853
leaf_count=40 30 23 22 20 23 26 1034 22 31 20 2709
internal_value=1.12412e-06 0.000131513 0.019789 -6.12018e-05 0.0196832 -0.0002663 -0.000569131 0.0118663 0.00189312 -0.029367 -0.000238242
internal_weight=836.552 831.914 8.07663 823.837 8.46977 815.368 795.512 19.856 15.2358 9.03663 786.475
internal_count=4000 3970 45 3925 43 3882 3789 93 71 46 3743
is_linear=0
shrinkage=0.05


Tree=139
num_leaves=31
num_cat=0
split_feature=8 1 12 28 8 7 31 8 11 12 12 4 4 2 11 1 9 5 5 8 9 14 4 28 28 7 2 9 28 12
split_gain=1.05941 4.39496 3.48951 1.99811 1.78268 5.5947 4.2458 4.48044 4.0766 3.2725 3.02255 2.85744 4.72298 5.99619 6.7078 4.92842 4.02415 3.99414 3.5633 3.28582 4.44748 4.85068 3.89901 3.69569 2.7556 5.69874 4.37132 4.86377 3.73097 3.18487
threshold=-1.8750287294387815 0.11696918308734895 -0.16232816129922864 0.090836599469184889 -0.68880105018615712 0.15789182484149936 -1.0006763935089109 -0.87693381309509266 -1.3778177499771116 0.26527768373489385 0.54050639271736156 -0.71916213631629933 -1.2481507062911985 0.28433638811111456 0.95532894134521495 -1.0691625475883482 -0.033649330958724015 0.2531976997852326 -1.6009174585342405 -0.49285821616649622 0.75954812765121471 -0.30744647979736323 -0.69130530953407276 -0.5615302026271819 -0.61772313714027394 -1.406454801559448 -1.0877820849418638 -1.0000000180025095e-35 -0.89756780862808216 0.25963433086872106
decision_type=2 2 2 2 2 2 2 2 2 2 2 2 2 2 2 2 2 2 2 2 2 2 2 2 2 2 2 2 2 2
left_child=1 3 -3 -1 5 24 9 8 -8 -7 -9 12 15 17 -15 16 -6 -14 -17 20 23 -22 -21 -13 25 -2 27 -26 -27 -28
right_child=4 2 -4 -5 11 6 7 10 -10 -11 -12 19 13 14 -16 18 -18 -19 -20 22 21 -23 -24 -25 26 28 29 -29 -30 -31
leaf_value=-0.0097711664095820293 -0.054258292828483989 -0.071270561477713976 -0.010930854489631369 0.030661278282021222 -0.0042938871432153013 -0.012234655476864474 0.035479985950353947 0.0055246045090537122 -0.01351760436614162 -0.066463614317670838 0.046512255792813803 0.00089453995026149771 0.01205867816565856 -0.017023230717755602 0.039878778605862059 -0.049956861005539283 -0.071097021631935417 0.04091956364316926 0.0041793933631741964 -0.048706166617970018 0.046809745792456114 -0.020743011722807934 -0.0010679449890031792 -0.03828693006331866 0.020391853423308133 0.021666810759449633 0.015045023027617597 -0.047136542693354065 -0.02127728157756277 0.039633864908030274
leaf_weight=6.4996024593710917 4.1743057817220715 4.043646976351738 5.880636662244795 5.7666658908128738 4.3224435299634933 7.3538481593132001 4.7144855707883826 13.083033934235575 42.637990050017834 4.4748624637722969 6.8543785884976378 8.5409982874989527 28.586310688406229 23.096363656222824 6.6763564050197592 3.2392128258943549 4.7117072343826276 20.645981974899769 49.3242207467556 4.3362961933016768 5.0215420052409172 5.6444332003593427 453.25915107131004 20.37594048678875 5.712669312953949 17.122112505137927 37.680843517184258 5.0006157010793668 7.178045198321338 20.244283102452755
leaf_count=32 20 20 30 30 20 36 22 62 202 22 32 41 141 112 32 15 21 101 242 21 24 29 2144 97 26 84 185 24 35 98
internal_value=1.02599e-06 -0.010778 -0.0355163 0.00923709 0.000294869 0.00474615 -0.00512382 -0.000267535 -0.00863933 -0.0327498 0.0196159 -0.000935107 0.00535825 0.0134499 -0.00426329 -0.00502007 -0.0391347 0.0241617 0.000843256 -0.00271488 -0.0165354 0.0110608 -0.00151938 -0.0267142 0.0127873 -0.000289327 0.0182121 -0.0111282 0.00898152 0.0236386
internal_weight=836.203 22.1906 9.92428 12.2663 814.012 176.231 79.1186 67.2899 47.3525 11.8287 19.9374 637.781 140.603 79.005 29.7727 61.5976 9.03415 49.2323 52.5634 497.178 39.5829 10.666 457.595 28.9169 97.1129 28.4745 68.6384 10.7133 24.3002 57.9251
internal_count=4000 112 50 62 3888 848 376 318 224 58 94 3040 684 386 144 298 41 242 257 2356 191 53 2165 138 472 139 333 50 119 283
is_linear=0
shrinkage=0.05


Tree=140
num_leaves=23
num_cat=0
split_feature=31 8 31 13 8 6 30 8 7 6 13 7 13 2 10 11 31 11 10 31 31 3
split_gain=1.04089 4.16485 3.83799 4.42341 2.60982 2.45829 1.87259 1.5484 3.34925 4.90032 5.75838 4.40195 3.89454 3.37324 2.4556 5.96952 4.52939 4.52235 4.44566 3.68626 3.15141 1.09684
threshold=-2.0087285041809078 0.23306366801261905 -1.7126532793045042 -0.75581222772598255 -0.66411316394805897 0.10644539073109628 0.080990109592676177 -0.21124839037656781 0.15789182484149936 0.56889456510543834 0.88428154587745678 0.3413857370615006 -2.1978213787078853 -0.19447703659534452 -1.2934948801994322 -0.29471057653427118 -0.6647416055202483 1.2459740638732912 -1.1039050221443174 -0.22958220541477201 0.11756757646799089 -0.26436139643192286
decision_type=2 2 2 2 2 2 2 2 2 2 2 2 2 2 2 2 2 2 2 2 2 2
left_child=1 4 3 -2 -1 -5 -3 8 12 10 -10 -11 -4 -14 15 16 -9 -17 19 -16 -20 -7
right_child=2 6 7 5 -6 21 -8 14 9 11 -12 -13 13 -15 18 17 -18 -19 20 -21 -22 -23
leaf_value=0.011057634674354716 0.026292160861698229 0.055739937165113232 -0.04940932815766292 -0.013341406349614761 -0.040278491401635468 -0.034003344051193617 0.011566877668555062 0.055192675455026853 0.0084939289933216103 -0.061758939478545639 -0.018875031636600481 -0.011634446744413491 0.00063815677441345022 0.014646825231669588 -0.005346507041868195 -0.038205979145272351 -0.0038829153275142508 0.015131342202264432 0.0027316524696454911 0.047146747951120713 -0.006046479486634255 -0.071278729811071237
leaf_weight=5.7386529073119164 3.7046896964311626 5.0806944668292982 2.9525717347860327 7.1016850471496564 4.3541905954480189 3.707253225147725 4.5458492636680603 4.0382051467895534 87.146274819970131 5.1246649026870719 24.656235344707966 30.14793835580349 76.580526404082775 97.920567344874144 5.40311574935913 21.328791067004207 16.51043975353241 4.8841795697808257 221.05090595781803 8.7774664908647519 190.23627273738384 4.2199602276086798
leaf_count=29 17 24 14 37 22 19 21 19 420 25 116 149 367 471 27 103 81 23 1058 41 894 23
internal_value=9.01697e-07 0.011352 -0.000273579 -0.0226435 -0.0110895 -0.0347064 0.0348805 0.000252389 0.00291127 -0.00266817 0.00245815 -0.0189169 0.00753555 0.00849906 -0.00157486 -0.0124506 0.00772658 -0.0282678 -0.000379545 0.0271457 -0.00132857 -0.0538465
internal_weight=835.211 19.7194 815.492 18.7336 10.0928 15.0289 9.62654 796.758 324.529 147.075 111.803 35.2726 177.454 174.501 472.229 46.7616 20.5486 26.213 425.468 14.1806 411.287 7.92721
internal_count=4000 96 3904 96 51 79 45 3808 1562 710 536 174 852 838 2246 226 100 126 2020 68 1952 42
is_linear=0
shrinkage=0.05


Tree=141
num_leaves=21
num_cat=0
split_feature=0 28 0 5 10 12 0 5 29 3 10 14 14 8 5 12 9 28 14 9
split_gain=0.976921 1.06414 3.41511 5.43578 3.49517 3.10328 3.66464 2.78152 2.55662 2.11404 1.65527 1.46303 1.5823 4.04485 4.58004 2.71984 2.39936 6.18621 2.66111 1.01819
threshold=2.3604900836944585 -1.3684006929397581 0.57071781158447277 0.78957572579383861 -0.67238739132881153 -0.17790319025516507 -0.97071135044097889 0.13453011959791186 -0.51749226450920094 -0.13497558981180188 0.024779603816568855 2.4330677986145024 1.2346114516258242 0.6169530749320985 0.93341350555419933 -0.19990148395299909 -1.6113610863685606 -0.22921494394540784 0.60388538241386425 0.13213454931974414
decision_type=2 2 2 2 2 2 2 2 2 2 2 2 2 2 2 2 2 2 2 2
left_child=1 2 3 5 -4 7 -7 -1 -6 -10 -5 12 16 14 -14 -15 17 -3 -18 -2
right_child=19 11 4 10 8 6 -8 -9 9 -11 -12 -13 13 15 -16 -17 18 -19 -20 -21
leaf_value=-0.0095426928400571959 -0.00098871376443741984 -0.041689080064107785 0.068648247036832477 0.060486211422088799 -0.01857483390101573 -0.034539050674180831 0.013579900075518851 -0.050778359441313217 0.0023938080531483224 0.052181276732244812 0.016428381682373368 0.026314084190243212 -0.022585644909841909 0.034150194775091278 0.015664176090886009 -0.0024106458217388405 -0.00086135457871819537 0.0014306381990256067 0.0075635528648318228 0.042387056233539402
leaf_weight=12.282415822148325 2.6483016572892657 12.174905300140379 3.6763947457075146 3.7819194942712766 4.2110100239515313 4.9563158676028243 19.61959478259087 6.1309072747826567 3.9892791658639908 4.5799524784088099 4.8863213211297989 4.9888977184891692 42.215098585933447 7.6135258451104191 9.6072739809751493 15.328162141144274 528.92352816835046 26.255802989006042 113.91545984894037 2.7659376189112663
leaf_count=58 18 61 21 20 20 26 92 29 22 22 23 25 211 38 47 75 2498 129 538 27
internal_value=5.39169e-07 -0.000137699 0.00584968 -0.000469452 0.0256855 -0.00775262 0.00387557 -0.0232725 0.0133267 0.0290035 0.0356506 -0.00067359 -0.000851676 -0.00775657 -0.0154946 0.00972259 -9.39175e-05 -0.0122298 0.000631597 0.0211704
internal_weight=834.551 829.137 68.1141 51.6575 16.4566 42.9892 24.5759 18.4133 12.7802 8.56923 8.66824 761.023 756.034 74.7641 51.8224 22.9417 681.27 38.4307 642.839 5.41424
internal_count=4000 3955 333 248 85 205 118 87 64 44 43 3622 3597 371 258 113 3226 190 3036 45
is_linear=0
shrinkage=0.05


Tree=142
num_leaves=30
num_cat=0
split_feature=13 12 12 30 7 0 2 9 2 9 13 28 11 7 9 2 7 12 5 4 13 6 3 8 8 9 8 12 5
split_gain=1.05318 5.27528 3.82241 4.24068 3.65785 4.20968 4.06727 4.61491 3.22678 3.21647 2.56227 5.03228 4.25479 6.44912 4.40917 3.64378 2.88956 2.62894 4.1425 2.49146 2.1825 3.53067 3.93515 2.47242 4.51514 4.43824 2.06305 1.63425 1.39194
threshold=1.28817754983902 0.43335050344467169 0.97103369235992443 -0.25715409219264979 1.0061408877372744 -1.4708390831947324 0.60232076048851024 -0.27206245064735407 0.17418789863586429 -0.47248780727386469 0.94289177656173717 -0.8643662929534911 0.46329760551452642 -0.5956607162952422 -1.1332792043685911 -0.074688095599412904 -0.4332090020179748 2.0991597175598149 -0.43045702576637263 -0.21620409190654752 0.74623477458953869 -1.7151784300804136 -1.2645405530929563 0.25758971273899084 0.19302766770124438 0.24616552889347079 0.26576495170593267 0.41221004724502569 0.45734979212284094
decision_type=2 2 2 2 2 2 2 2 2 2 2 2 2 2 2 2 2 2 2 2 2 2 2 2 2 2 2 2 2
left_child=10 4 26 -4 5 -2 9 -8 -5 -7 17 19 13 15 -15 -13 -14 20 -19 -12 23 -22 -23 24 -1 -25 -3 -18 -20
right_child=1 2 3 8 -6 6 7 -9 -10 -11 11 12 16 14 -16 -17 27 18 28 -21 21 22 -24 25 -26 -27 -28 -29 -30
leaf_value=0.0013496701712494997 -0.05599661103472512 0.02821219971946411 0.042207451352723364 0.015056258539793985 -0.034848077643210705 -0.0094104899130129146 0.023276305848110149 -0.03888649220445229 -0.044069609961404174 0.025248545100361675 0.053130242454268395 0.045017827114676168 -0.022174800676179666 0.0083125550622824961 -0.04711144868069217 -0.01787847887727961 0.033993082346354966 0.022185031680390752 -0.021792639647657326 0.0039046529519472344 0.064408279542616423 0.058543050352117945 0.0031687907451856193 -0.0089299201496148475 0.027564289057453496 0.0047661383134954445 0.073882193358666789 -0.0050317730351817271 -0.061743610947636508
leaf_weight=356.47004704549909 2.9384740218520156 5.593408942222597 5.7703034058213225 4.9726218543946725 7.8043066859245291 9.4129375964403099 4.5396709740161887 8.7219849675893766 4.3055891990661621 23.174665689468387 3.7783424705266944 4.0961003303527832 6.8592335768044022 4.2522940188646308 22.984169527888302 5.2594470903277379 6.9585229307413083 3.6548715680837622 4.4835803955793363 8.040648899972437 2.924604780972003 3.4903492704033843 39.714190825819969 159.19243102893233 17.219127424061298 94.124064445495605 4.4322356134653091 4.3659139275550842 4.2439842596650124
leaf_count=1718 15 26 28 23 36 45 21 43 21 111 19 19 33 21 108 25 33 16 22 39 17 19 188 752 80 460 21 20 21
internal_value=7.81116e-07 0.0053936 0.0244849 0.00855056 -0.00306517 0.00201897 0.00573718 -0.0176072 -0.0123813 0.0152373 -0.000584785 -0.00994812 -0.0163327 -0.0261561 -0.0384584 0.00965915 0.00343557 0.000324818 -0.0225048 0.0196413 0.000744774 0.0112413 0.00764229 -2.74597e-05 0.00255761 -0.00384092 0.0484024 0.0189478 -0.0412197
internal_weight=833.778 81.6662 25.0742 15.0485 56.592 48.7877 45.8493 13.2617 9.27821 32.5876 752.112 66.5947 54.7757 36.592 27.2365 9.35555 18.1837 685.517 12.3824 11.819 673.135 46.1291 43.2045 627.006 373.689 253.316 10.0256 11.3244 8.72756
internal_count=4000 390 119 72 271 235 220 64 44 156 3610 317 259 173 129 44 86 3293 59 58 3234 224 207 3010 1798 1212 47 53 43
is_linear=0
shrinkage=0.05


Tree=143
num_leaves=22
num_cat=0
split_feature=3 11 11 3 5 3 1 29 30 13 13 8 11 12 5 10 6 1 3 29 30
split_gain=0.983194 2.88203 3.17676 2.60561 3.17319 2.19477 2.70786 5.9504 4.71388 2.14202 3.24239 3.11949 2.93608 4.10976 6.44478 3.96325 3.92285 2.34397 3.90967 2.93626 1.09596
threshold=0.79650360345840465 -2.1621011495590206 -1.8088998794555662 0.76034474372863781 -0.20556193590164182 0.82480508089065563 -0.30954517424106592 0.85379156470298778 0.96706584095954906 -1.1897689104080198 -1.0984091162681577 -0.38163410127162928 0.31550739705562597 0.95541319251060497 0.50840455293655407 1.1769044995307925 -0.55198001861572255 0.35002234578132635 -0.69995728135108937 1.8324131369590761 0.21375562995672229
decision_type=2 2 2 2 2 2 2 2 2 2 2 2 2 2 2 2 2 2 2 2 2
left_child=3 -2 -3 9 -5 -4 7 -7 -8 12 11 -11 15 14 -14 16 -1 19 -19 -12 -13
right_child=1 2 5 4 -6 6 8 -9 -10 10 17 20 13 -15 -16 -17 -18 18 -20 -21 -22
leaf_value=0.02723730828027611 0.049902394704489761 -0.057874186100733666 -0.031814238053923236 -0.0091876854439976938 0.048299520070049264 -0.0025411207859849117 0.0081972171863928019 -0.041509246635245363 -0.022999728620676257 -0.0092061536183969447 0.004314376190574779 0.024964098948666545 0.0063889239379642318 -0.054848134500693618 -0.054272534888654606 -0.043144032718230148 -0.0048239425931068478 0.0068787591579984588 -0.0080739519591883444 -0.01797491288925232 0.05991149121883832
leaf_weight=13.458421908318995 2.4925419986248007 2.7180243022739878 6.5019321218132964 3.9175070822238922 6.19874459505081 49.553101278841496 77.186669424176216 12.210348822176455 14.361580349504946 4.2681732177734366 346.6758138500154 4.4161763787269575 16.449105173349388 6.5244441032409659 5.9667037129402152 4.8179444670677176 32.774855509400368 63.879653945565224 138.4951876103878 15.433245740830897 4.5597053170204163
leaf_count=65 11 18 31 20 28 247 384 61 81 20 1638 21 78 31 29 23 158 318 644 73 21
internal_value=1.08251e-06 -0.00345484 -0.00427312 0.000855053 0.0260377 -0.0033615 -0.00215482 -0.0102449 0.00330321 0.000467724 0.00152947 0.0259838 -0.00720062 -0.0199234 -0.00975812 1.17845e-05 0.00450903 0.000955719 -0.00335413 0.0033644 0.0427172
internal_weight=832.86 165.024 162.532 667.836 10.1163 159.814 153.312 61.7635 91.5482 657.719 577.728 13.2441 79.9915 28.9403 22.4158 51.0512 46.2333 564.484 202.375 362.109 8.97588
internal_count=4000 833 822 3167 48 804 773 308 465 3119 2735 62 384 138 107 246 223 2673 962 1711 42
is_linear=0
shrinkage=0.05


Tree=144
num_leaves=20
num_cat=0
split_feature=10 9 29 1 10 10 8 11 6 11 2 9 10 11 28 1 10 31 11
split_gain=1.01033 6.24885 4.82246 2.85551 1.81192 4.01816 2.76364 3.9852 3.3836 3.1876 2.58302 2.46218 1.96316 2.94867 5.03308 4.72003 2.6912 7.48266 2.70282
threshold=2.0282984972000127 0.49744082987308508 -0.43166385591030115 -0.059921545907855027 1.5508342981338503 1.438213109970093 -0.4223527312278747 0.23436168581247332 -1.1699351072311399 0.74774387478828441 -1.0000000180025095e-35 -0.44765658676624293 0.85868516564369213 -0.034073956310749047 -0.73244577646255482 1.1422161459922793 0.56236258149147045 0.76008206605911266 -1.0364561080932615
decision_type=2 2 2 2 2 2 2 2 2 2 2 2 2 2 2 2 2 2 2
left_child=4 2 -2 -4 5 12 7 -6 -8 11 -7 -10 16 15 -15 -14 18 -18 -1
right_child=1 -3 3 -5 6 10 8 -9 9 -11 -12 -13 13 14 -16 -17 17 -19 -20
leaf_value=-0.0082717905256077928 0.031521279331889328 0.048658364504019801 -0.063282046675741818 -0.005747594230386374 -0.065246821945149164 0.002147198114333281 -0.04438032601523384 0.00074579328779087102 -0.011478133391299888 -0.028682742434502861 0.056002909493077915 0.029950427962871975 -0.003138538447145504 -0.042994645332462722 -0.0061850780535494376 0.048669123342051701 0.018145879878674356 -0.021208446850011189 0.0011376263585678671
leaf_weight=89.999248459935188 4.7340017557144174 7.1640951596200457 3.8588755428791046 4.8887403234839439 4.9792545288801175 3.8596624732017517 4.135028928518298 4.2321426942944527 5.3910590037703576 5.2806587293744078 5.2613848820328695 10.713793709874151 48.107950001955032 12.374852545559405 37.210719898343086 4.8385738581418982 57.580014444887638 15.284676983952521 502.0819041877985
leaf_count=436 23 39 18 25 23 20 19 20 27 26 25 50 231 58 178 22 278 74 2408
internal_value=5.52951e-07 0.0109233 -0.00912904 -0.031128 -0.000277395 0.000222302 -0.0114505 -0.0349268 -0.00297699 0.00502862 0.0332133 0.0160823 -0.000169778 -0.00660967 -0.0153715 0.00159596 0.000823229 0.0098906 -0.000292651
internal_weight=831.977 20.6457 13.4816 8.74762 811.331 776.599 34.7319 9.2114 25.5205 21.3855 9.12105 16.1049 767.478 102.532 49.5856 52.9465 664.946 72.8647 592.081
internal_count=4000 105 66 43 3895 3730 165 43 122 103 45 77 3685 489 236 253 3196 352 2844
is_linear=0
shrinkage=0.05


Tree=145
num_leaves=22
num_cat=0
split_feature=30 7 13 12 1 7 12 1 13 0 30 28 12 13 28 12 7 30 3 14 7
split_gain=0.999951 4.26383 1.14497 5.21607 4.7244 3.46891 5.78437 4.34649 6.34637 3.52094 3.36544 5.04619 2.79724 2.33771 4.49566 3.98496 2.21234 3.45958 2.6023 1.12495 1.10972
threshold=-2.1287356615066524 -0.26217114925384516 1.28817754983902 0.43335050344467169 -0.90162965655326832 0.62822896242141735 -0.21283148974180219 0.73517340421676647 1.6517364382743838 -0.77993422746658314 -0.25715409219264979 -0.42827625572681421 2.4163610935211186 0.94289177656173717 -1.5097128152847288 -0.30586673319339747 1.2103722095489504 1.1607088446617129 0.45706333220005041 -0.30744647979736323 0.57963630557060253
decision_type=2 2 2 2 2 2 2 2 2 2 2 2 2 2 2 2 2 2 2 2 2
left_child=1 -1 12 5 -5 7 19 9 -9 -4 -6 -12 13 16 -15 -16 18 -18 -2 -7 -3
right_child=2 20 3 4 10 6 -8 8 -10 -11 11 -13 -14 14 15 -17 17 -19 -20 -21 -22
leaf_value=0.024994481797498115 0.0018810989179847207 -0.052768578936205096 -0.018697897857915518 -0.023861616953787263 0.061933212349838333 -0.016887068567028995 -0.063546300393018187 0.015046866404077416 -0.053539719851382277 0.024934189464911091 -0.025126425224813405 0.041339190229573129 -0.037260776592386448 0.062720042593254838 -0.028885525018131505 -0.0024594871547328478 0.012757381882765227 -0.016756817886362321 -0.0053364451333907216 0.019639826486128314 -0.015265777857752403
leaf_weight=4.4764289036393166 408.14031793177128 4.4054990410804731 5.8348312005400649 4.0973901450634029 7.3839866220951142 4.0674123242497435 5.5853678733110419 6.8660468310117704 6.6291973665356636 22.274705693125728 4.2379274964332607 8.7554018646478564 5.1115605533123007 2.1040413081645957 21.777818702161312 41.358477428555489 68.958844996988773 11.598954878747461 179.9508608430624 4.375345677137374 3.5717821270227432
leaf_count=23 1942 21 31 18 37 20 26 33 32 106 19 43 25 10 103 198 327 60 886 20 20
internal_value=5.30662e-07 -0.014061 0.000214322 0.00589214 0.025128 -0.00257034 -0.024072 0.0046795 -0.0186446 0.0158773 0.0349787 0.0196606 -0.000401153 -0.000144425 -0.00917866 -0.0115747 0.000737049 0.00850784 -0.000327408 0.0020425 -0.0359769
internal_weight=831.562 12.4537 819.108 80.1076 24.4747 55.6329 14.0281 41.6048 13.4952 28.1095 20.3773 12.9933 739.001 733.889 65.2403 63.1363 668.649 80.5578 588.091 8.44276 7.97728
internal_count=4000 64 3936 385 117 268 66 202 65 137 99 62 3551 3526 311 301 3215 387 2828 40 41
is_linear=0
shrinkage=0.05


Tree=146
num_leaves=27
num_cat=0
split_feature=12 30 7 11 30 30 11 30 30 13 1 12 0 5 13 1 4 4 11 8 30 5 2 9 8 5
split_gain=0.970656 3.53501 4.23303 3.76115 3.95176 3.65159 4.19847 4.19578 4.12415 3.7109 3.57145 3.28461 3.68047 8.79597 3.21947 4.13116 3.11104 3.00762 2.57572 1.89216 1.85837 4.23831 1.88171 1.9107 4.28812 2.66495
threshold=-1.075080335140228 -0.41702742874622339 -1.0723170042037962 0.021361473016440872 -1.2328669428825376 0.067877139896154418 0.07460536435246469 1.3428488969802859 0.62905928492546093 -0.71418631076812733 0.28543876111507421 -0.98324474692344654 0.072702366858720793 -0.15377526730298993 -0.73182252049446095 0.23768126964569095 -0.14764122664928434 0.63827160000801098 -0.33635209500789637 0.065315693616867079 -2.1287356615066524 0.35844163596630102 2.328278779983521 -1.1332792043685911 0.93613168597221386 1.8138207793235781
decision_type=2 2 2 2 2 2 2 2 2 2 2 2 2 2 2 2 2 2 2 2 2 2 2 2 2 2
left_child=1 2 -1 4 -4 10 7 8 -7 -8 18 12 13 -2 -5 -16 -6 -11 -3 -14 21 -13 23 24 -22 -25
right_child=11 5 3 14 16 6 9 -9 -10 17 -12 20 19 -15 15 -17 -18 -19 -20 -21 22 -23 -24 25 -26 -27
leaf_value=-0.054266178838720862 -0.056682609352016855 -0.018334245597656004 0.018009156797036765 -0.023819775519084371 -0.012995614256898939 0.0052291608751592403 0.025178874889133226 -0.020630557756721499 0.050282362415983363 -0.0095371831608799997 0.056235015106130909 -0.046927793993311512 -0.019639927739174931 0.037665718723897824 0.043872150062877042 -0.012903800933274548 -0.067840587287471166 -0.055996417852576044 0.033806624205391163 -0.062430785334279905 -0.011798959873197382 0.019598371208485066 0.028134556622257875 0.0016035268556010181 0.016140998906637501 -0.018399351997540742
leaf_weight=4.3091151863336554 4.0569974556565285 4.2505960091948518 4.6795939542353144 4.464280202984809 5.8466768115758887 9.7324410974979454 5.3885141834616688 5.4561591260135165 10.624756038188933 12.708785139024259 7.8215646520256987 6.2263611778616887 5.0826773196458799 6.3164669424295443 9.5351931676268595 4.8252818137407294 4.6358402483165255 4.7989248782396308 5.3493503257632264 5.2538311034440994 75.342236362397671 3.8898271396756172 5.992879092693328 580.1564315520227 16.793689958751202 17.143191993236542
leaf_count=20 20 21 23 23 29 52 27 27 49 62 37 32 24 28 46 22 24 24 26 24 368 21 32 2773 79 87
internal_value=6.22283e-07 0.00450799 -0.00758085 -0.00166173 -0.0201953 0.0115085 0.00448197 0.0183071 0.0287432 -0.0111045 0.0311545 -0.000647486 -0.0202739 0.000766674 0.0132659 0.0247948 -0.0372505 -0.0222718 0.0107201 -0.0413896 -7.13894e-05 -0.0213475 0.000238107 -4.38083e-06 -0.00670632 0.00102942
internal_weight=830.682 104.427 38.296 33.9869 15.1621 66.1311 48.7096 25.8134 20.3572 22.8962 17.4215 726.255 20.71 10.3735 18.8248 14.3605 10.4825 17.5077 9.59995 10.3365 705.545 10.1162 695.428 689.436 92.1359 597.3
internal_count=4000 512 187 167 76 325 241 128 101 113 84 3488 96 48 91 68 53 86 47 48 3392 53 3339 3307 447 2860
is_linear=0
shrinkage=0.05


Tree=147
num_leaves=24
num_cat=0
split_feature=6 8 7 13 30 6 13 6 10 0 4 4 2 28 5 8 0 6 4 5 5 8 30
split_gain=0.994485 1.11192 4.80881 5.02792 4.81361 4.17524 3.37657 3.50195 3.32932 3.10707 2.75698 4.07913 5.15 6.53732 3.74975 2.91215 4.66697 5.71629 3.21983 2.90242 5.30527 2.6741 2.31731
threshold=2.4375346899032597 -0.68880105018615712 0.15789182484149936 -1.8220295310020445 -0.48196506500244135 0.62044233083724987 -2.1978213787078853 1.1075224876403811 -1.1039050221443174 -0.84139373898506153 -0.71916213631629933 -1.2481507062911985 0.28433638811111456 1.1717298626899721 0.079237010329961791 -0.49285821616649622 0.72989141941070568 0.81446820497512828 -0.69130530953407276 -1.6009174585342405 -0.69243687391281117 -0.46516129374504084 0.5040717124938966
decision_type=2 2 2 2 2 2 2 2 2 2 2 2 2 2 2 2 2 2 2 2 2 2 2
left_child=1 2 6 -4 9 -6 -1 8 -8 -5 11 19 14 -14 -13 16 17 -12 -17 -3 -21 -20 -9
right_child=-2 10 3 4 5 -7 7 22 -10 -11 15 12 13 -15 -16 18 -18 -19 21 20 -22 -23 -24
leaf_value=-0.04768898591208319 -0.021170120272353751 -0.048802386498908001 0.052683839795248481 -0.02606865946558632 -0.0085918654097052564 -0.040976184901177576 0.034201927563209299 0.018772674556669838 0.004903988697484628 0.017973211957006793 -0.014647648427795413 0.0095209126661432112 0.0071621630390664203 -0.055066503931494731 0.037249556147013162 -0.045279839691010799 0.020838079776075217 -0.072256865127780012 0.0282470883761347 0.027527634366261163 -0.0096233751043823604 -0.0016083612494335955 0.061469718820040313
leaf_weight=2.4254861027002326 5.5104002952575675 3.4679654091596595 3.6041867136955252 4.9007815644145039 45.386506825685501 12.748625077307222 11.045507930219172 7.8480298817157728 79.402839846909046 21.89937062561512 26.8039989694953 25.388993315398693 24.291833944618705 5.1078967452049246 23.456533078104258 4.1623088270425788 7.1301731318235388 5.1300924047827712 7.6302227526903144 12.216553792357443 45.032219931483269 440.01903020218015 5.34013432264328
leaf_count=11 30 16 18 26 220 62 59 37 388 102 131 125 118 25 117 20 34 25 35 59 220 2096 26
internal_value=3.73141e-07 0.000141873 0.00344533 -0.00515722 -0.00761167 -0.0156935 0.0106267 0.0119915 0.00848184 0.00991954 -0.0008788 0.00533862 0.0128849 -0.00364942 0.0228367 -0.00263889 -0.0157361 -0.0239024 -0.00150648 -0.00438617 -0.00169557 -0.00109947 0.0360615
internal_weight=829.95 824.439 194.601 88.5395 84.9353 58.1351 106.062 103.637 90.4483 26.8002 629.838 138.962 78.2453 29.3997 48.8455 490.876 39.0643 31.9341 451.812 60.7167 57.2488 447.649 13.1882
internal_count=4000 3970 949 428 410 282 521 510 447 128 3021 680 385 143 242 2341 190 156 2151 295 279 2131 63
is_linear=0
shrinkage=0.05


Tree=148
num_leaves=27
num_cat=0
split_feature=8 1 12 28 8 10 9 10 13 1 2 6 12 4 4 12 31 2 2 30 28 8 10 9 4 14
split_gain=0.98083 4.00645 3.13985 1.68511 1.47715 3.35194 3.33583 4.6784 3.22729 3.08069 3.03989 5.0511 4.44653 2.28092 3.85041 4.76439 5.61961 4.00528 3.97192 5.1074 4.91486 2.75223 4.31979 4.19446 3.07985 2.5267
threshold=-1.8750287294387815 0.11696918308734895 -0.16232816129922864 0.090836599469184889 -0.68880105018615712 1.5508342981338503 0.67095136642456066 1.2755858898162844 -0.47730609774589533 0.23768126964569095 -0.65680071711540211 -0.064529400318860994 0.10697888955473901 -0.71916213631629933 -1.1836009025573728 -0.17790319025516507 0.40186017751693731 -1.0212727189064024 0.13654239475727084 -1.712823688983917 1.185698449611664 -0.49285821616649622 -0.81286615133285511 0.77191561460495006 -0.69130530953407276 -1.827153146266937
decision_type=2 2 2 2 2 2 2 2 2 2 2 2 2 2 2 2 2 2 2 2 2 2 2 2 2 2
left_child=1 3 -3 -1 5 6 7 8 -2 -7 11 -8 -12 14 15 17 -17 -6 19 -16 -20 22 -15 -24 -23 -26
right_child=4 2 -4 -5 13 9 10 -9 -10 -11 12 -13 -14 21 18 16 -18 -19 20 -21 -22 24 23 -25 25 -27
leaf_value=-0.0088696201458655904 0.012463885657798199 -0.068638761476120913 -0.010879158750606986 0.028408575628007856 -0.033215036058684345 -0.04355681692142694 -0.037736073329645167 0.046839410935036623 -0.0050523824222780591 0.01034230563876103 0.0091458125089884865 0.032776810250982606 0.051700688166617131 0.025042969085622997 -0.037471768291687434 -0.0011925098008027271 -0.040087664789666314 0.021143536941534341 0.0081880479291251401 0.028909642316793223 -0.046326940921343429 -0.043602150943536408 -0.033245800575114177 0.00604393356369313 -0.021953165724220052 -0.00027052228814345992
leaf_weight=6.4280742332339305 38.166423209011555 3.9570599496364594 5.8039335831999761 5.7371695041656494 3.9917704313993481 6.7034410238265973 5.1705706715583801 5.6728651970624915 84.551641017198563 4.3854596465826035 12.893785923719408 4.9915454015135747 11.71652080118656 5.7022603005170813 3.1502628251910201 27.761565759778023 13.954504773020743 22.43133282661438 26.942472696304325 36.137078687548637 4.8839285522699347 4.2701475545763961 23.840200133621693 9.4997725039720518 13.862750463187693 436.43232368677855
leaf_count=32 187 20 30 30 19 32 25 25 401 23 70 24 61 25 15 136 67 110 132 181 24 21 118 48 66 2078
internal_value=2.80136e-07 -0.010434 -0.0342946 0.0087109 0.000283742 0.00436017 0.00616802 0.00244743 0.000395335 -0.0222407 0.0199056 -0.00310074 0.0294054 -0.000838666 0.00481279 -0.00368097 -0.0142034 0.0129315 0.0129513 0.0235868 -0.000177564 -0.00243301 -0.0151725 -0.0220507 -0.00133883 -0.000938043
internal_weight=829.039 21.9262 9.76099 12.1652 807.113 174.252 163.163 128.391 122.718 11.0889 34.7724 10.1621 24.6103 632.86 139.253 68.1392 41.7161 26.4231 71.1137 39.2873 31.8264 493.607 39.0422 33.34 454.565 450.295
internal_count=4000 112 50 62 3888 848 793 613 588 55 180 49 131 3040 684 332 203 129 352 196 156 2356 191 166 2165 2144
is_linear=0
shrinkage=0.05


Tree=149
num_leaves=15
num_cat=0
split_feature=3 3 4 2 13 2 30 11 1 7 1 2 30 8
split_gain=0.971704 1.03812 3.07256 1.10375 3.95147 3.29209 4.04166 4.09528 2.9425 4.55598 4.15842 2.35853 3.84048 3.61726
threshold=2.4616270065307622 2.1529262065887456 -0.31747068464756006 -0.84671917557716359 1.9230330586433413 -0.60063779354095448 -1.6741868853569029 -0.8500797152519225 1.282980263233185 -0.2146428972482681 0.29644007980823522 -0.49913440644741053 0.55463418364524852 1.6835718750953677
decision_type=2 2 2 2 2 2 2 2 2 2 2 2 2 2
left_child=1 3 -3 4 8 6 -5 -8 10 -10 -1 12 -7 -13
right_child=-2 2 -4 5 -6 11 7 -9 9 -11 -12 13 -14 -15
leaf_value=-0.0081533907076152615 -0.0229294120389671 0.04845822983844443 -0.01361869436093046 -0.037999439185119326 0.041790847838713729 -0.028041142996854465 0.042713478816857615 0.0087053605561849389 0.0048321495077582512 -0.049607460923284108 0.011038755222341032 0.0012654260523251343 0.012961517094507304 -0.017541874556789634
leaf_weight=101.57442208006978 4.5947296656668177 4.0730652213096619 3.9038568437099448 3.8737208396196356 4.6246791630983344 17.893498666584495 10.732393540441988 50.53404376655817 6.8513032272458068 8.7532617673277837 39.084475461393595 536.43224078789353 8.387942820787428 26.845675032585859
leaf_count=483 30 23 22 19 22 86 51 244 32 43 188 2585 41 131
internal_value=3.19074e-07 0.000128246 0.0180782 -4.73148e-05 -0.00375779 0.000864509 0.0115311 0.0146628 -0.00510582 -0.0257053 -0.00282053 -0.000314034 -0.0149548 0.000369075
internal_weight=828.159 823.565 7.97692 815.588 160.888 654.7 65.1402 61.2664 156.263 15.6046 140.659 589.559 26.2814 563.278
internal_count=4000 3970 45 3925 768 3157 314 295 746 75 671 2843 127 2716
is_linear=0
shrinkage=0.05


Tree=150
num_leaves=23
num_cat=0
split_feature=31 31 13 9 30 28 29 11 9 13 10 10 11 31 9 12 5 11 13 12 9 10
split_gain=0.964981 3.48723 3.37782 3.44797 2.48362 2.4615 2.35106 2.22848 1.65499 1.34209 3.41538 4.29906 5.50947 4.09549 2.30448 5.10104 2.89855 2.23146 1.85792 5.08092 2.68466 1.45529
threshold=-2.0087285041809078 -1.622306168079376 -0.76960268616676319 -0.13484594970941541 0.098060626536607756 0.02729042433202267 -0.11973853036761282 0.22288294881582263 -0.63356634974479664 -1.1681226491928098 1.1769044995307925 0.66710957884788524 1.5236277580261233 0.27603666484355932 -1.6113610863685606 -0.67477223277091969 0.40144841372966772 0.055052261799573905 -1.0984091162681577 0.18929999321699145 -1.5431856513023374 -0.10667602345347403
decision_type=2 2 2 2 2 2 2 2 2 2 2 2 2 2 2 2 2 2 2 2 2 2
left_child=4 2 -2 8 6 -5 -1 -6 -4 10 11 12 -3 -13 15 21 -17 -12 19 -16 -20 -11
right_child=1 9 3 5 7 -7 -8 -9 -10 14 17 13 -14 -15 18 16 -18 -19 20 -21 -22 -23
leaf_value=0.0018926018313732747 0.018291029364756715 -0.010623972730961686 -0.03191432384406314 -0.02718910436377044 0.014531236216488681 0.020896984580760572 0.049043958018709359 -0.035856295296798436 -0.07723584810563601 0.0021487999331838582 -0.059202938743436719 0.044199731863754567 0.047086238350379388 -0.0081210508350531944 -0.010346419918889295 -0.034371579761267923 -0.0015513549096878422 -0.008101383247160426 0.039456390311846022 0.054952023660680152 0.0011478768913213125 0.043913611901317998
leaf_weight=4.9113297164440155 4.940462693572047 70.091667581349611 4.3229195922613144 7.7415150851011223 4.7816940769553167 4.0555457398295403 5.7259199395775813 4.055328831076622 3.7718341723084503 4.1388458460569382 4.5634148120880109 8.7702847495675069 4.3949768096208564 6.521366409957408 6.1384423524141294 16.92698481306434 11.164220370352266 4.0166039913892746 4.6067204326391211 5.7880240380764008 632.22580076009035 4.2047752216458303
leaf_count=24 23 348 25 39 23 23 28 21 18 20 22 43 22 31 29 85 54 21 21 27 3033 20
internal_value=3.0606e-07 -0.000264649 -0.0187117 -0.0279019 0.0109987 -0.0106583 0.0272737 -0.00859171 -0.0530324 0.000319973 -0.00514174 -0.00226141 -0.00721887 0.0218867 0.00110399 -0.0111318 -0.0213279 -0.0352805 0.00179117 0.0213435 0.00142499 0.0231962
internal_weight=827.859 808.384 24.8323 19.8918 19.4743 11.7971 10.6372 8.83702 8.09475 783.552 98.3583 89.7783 74.4866 15.2917 685.194 36.4348 28.0912 8.58002 648.759 11.9265 636.833 8.34362
internal_count=4000 3904 128 105 96 62 52 44 43 3776 487 444 370 74 3289 179 139 43 3110 56 3054 40
is_linear=0
shrinkage=0.05


Tree=151
num_leaves=26
num_cat=0
split_feature=0 13 5 31 2 5 1 9 6 11 13 31 4 29 12 0 9 12 1 30 1 29 1 13 28
split_gain=0.977103 3.13993 3.43047 4.9039 3.81145 1.11453 2.70901 3.66972 4.94966 3.72857 4.1355 3.34634 2.67796 1.58205 4.09189 7.90013 6.01936 3.48225 3.72193 9.68134 3.11082 5.11662 4.25171 2.93909 2.86223
threshold=1.8306517004966738 1.0806509852409365 0.49685142934322363 -0.40636914968490595 0.63075059652328502 1.3162159323692324 0.98366820812225353 -0.080207541584968553 -1.0368377566337583 0.89296379685401928 -0.87352159619331349 0.082101576030254378 -0.30966882407665247 -0.2663660049438476 1.290465295314789 0.24696628749370578 -0.22276023030281064 2.2809116840362553 1.1913852691650393 0.38286985456943518 1.1023678779602053 -1.5547056794166563 0.94449251890182506 1.3394768238067629 -0.88229590654373158
decision_type=2 2 2 2 2 2 2 2 2 2 2 2 2 2 2 2 2 2 2 2 2 2 2 2 2
left_child=5 2 3 -2 -5 13 7 9 -9 10 -7 -10 -8 14 20 24 -17 18 23 -20 22 -22 -1 -15 -16
right_child=1 -3 -4 4 -6 6 12 8 11 -11 -12 -13 -14 17 15 16 -18 -19 19 -21 21 -23 -24 -25 -26
leaf_value=-0.0041165199315525772 -0.053453352808526935 0.057051774246658041 0.040691429903167833 0.036417068316827922 -0.030960864945877256 0.016978283845489179 0.0020147532816639406 0.065521941549404425 -0.012443874250005328 0.021170493365831728 -0.037609882893543202 0.022358325848536687 -0.050632419027772525 -0.00041130945153156561 0.075467976303117065 0.022190367723477766 -0.044148406578398899 -0.039325496744349174 0.032910029160132429 -0.010986423175730294 -0.069196548092012394 -0.011007519896382597 0.030152921822244501 0.01479835166334815 0.026499456656608952
leaf_weight=222.09444802626967 4.3794287703931358 3.1072275005280963 4.4293917976319781 5.5893940106034297 3.3610523045063019 4.421421177685267 3.947251632809639 3.4705822393298176 16.352254383265976 5.3030074350535861 16.115660160779953 11.958208121359347 6.2241495773196203 356.6586769297719 3.9036921560764339 6.4024882540106773 7.3391203135251981 5.0051050037145606 31.06703744828701 21.086187027394772 4.5021941959857967 23.48005548119545 9.435373090207575 34.867571219801903 12.667313493788244
leaf_count=1072 24 21 35 38 17 21 19 18 81 26 81 59 31 1692 18 30 33 24 151 104 21 114 45 165 60
internal_value=3.7108e-08 0.0106824 0.00256944 -0.0100981 0.0111155 -0.000276415 -0.00641198 -0.00221261 0.00916519 -0.0162063 -0.0258576 0.00225641 -0.0302014 0.000286808 -0.00259261 0.0147907 -0.0132399 0.00214675 0.00261459 0.0151622 -0.00462308 -0.0203698 -0.00271996 0.000943195 0.0380351
internal_weight=827.168 20.8665 17.7593 13.3299 8.95045 806.302 67.7925 57.6211 31.781 25.8401 20.5371 28.3105 10.1714 738.509 289.825 30.3126 13.7416 448.685 443.679 52.1532 259.512 27.9822 231.53 391.526 16.571
internal_count=4000 135 114 79 55 3865 336 286 158 128 102 140 50 3529 1393 141 63 2136 2112 255 1252 135 1117 1857 78
is_linear=0
shrinkage=0.05


Tree=152
num_leaves=22
num_cat=0
split_feature=3 12 5 1 12 11 9 11 6 14 1 8 2 29 5 1 31 29 9 29 5
split_gain=0.943022 2.61399 1.33128 1.0651 4.64973 5.24369 3.95357 3.88677 3.2992 2.38487 1.94575 4.80463 5.25242 4.98778 5.92582 3.05125 5.43823 4.86754 2.46103 3.61947 2.54572
threshold=-2.0944153070449825 0.23058000206947329 -0.17071782052516934 -1.316781163215637 0.62287378311157238 -1.4438065886497495 1.1593646407127383 -0.49128936231136316 1.0897848606109621 0.18431138992309573 -0.87073045969009388 0.91849458217620861 0.20903760939836505 1.4093390107154848 0.33074073493480688 -0.60706445574760426 -1.3166176080703733 -1.5187906622886655 1.1420526504516604 -1.6759391427040098 -0.7521536350250243
decision_type=2 2 2 2 2 2 2 2 2 2 2 2 2 2 2 2 2 2 2 2 2
left_child=1 2 -1 4 5 -2 8 -6 -7 -9 11 13 -13 14 -5 16 -12 -18 19 -17 -20
right_child=3 -3 -4 10 7 6 -8 9 -10 -11 15 12 -14 -15 -16 18 17 -19 20 -21 -22
leaf_value=-0.024265711535367229 -0.042358749204354534 0.043103997299660572 0.018701067358016892 -0.021138352041222844 0.019164477238710492 0.029099637366249029 -0.015931321840114861 -0.04667014243221862 -0.012445793624072811 -0.0075544844328435988 -0.036709177247015251 0.045963984030173599 -0.013915918149835824 -0.058943388917906292 0.012483493183647724 0.018120368524519745 -0.036791611701519476 0.018094935919403522 0.026746707583367127 -0.0031178019337088476 0.0030000987736186827
leaf_weight=3.9803835228085518 3.9092360362410536 4.6775156408548355 3.2952574193477613 38.767644923180342 6.3070074543356922 36.731510430574417 7.3973431140184394 7.891002878546713 5.4932668954133979 7.6984299719333649 5.6946809068322173 7.7299610897898656 6.9591403603553772 5.6554641649126998 19.797846421599388 20.90356944128871 4.3382927700877181 58.631947938352823 13.965718492865561 497.64146776124835 58.823599580675364
leaf_count=23 19 34 23 182 31 173 38 37 26 37 26 37 33 27 94 103 22 281 70 2388 296
internal_value=5.52892e-07 0.0139426 -0.00480535 -0.000204093 0.00545561 0.0133952 0.0177876 -0.0139548 0.0236948 -0.0273539 -0.000781835 -0.00820216 0.0175952 -0.0141027 -0.00977261 0.000105346 0.010082 0.0143136 -0.00105313 -0.00226165 0.00755624
internal_weight=826.29 11.9532 7.27564 814.337 75.4278 53.5314 49.6221 21.8964 42.2248 15.5894 738.909 78.9101 14.6891 64.221 58.5655 659.999 68.6649 62.9702 591.334 518.545 72.7893
internal_count=4000 80 46 3920 361 256 237 105 199 74 3559 373 70 303 276 3186 329 303 2857 2491 366
is_linear=0
shrinkage=0.05


Tree=153
num_leaves=24
num_cat=0
split_feature=10 9 6 29 10 11 0 29 2 4 9 9 2 10 31 2 29 7 10 12 29 29 8
split_gain=0.989197 5.51288 4.39627 5.79974 1.54921 3.8079 2.77391 4.95933 4.87014 3.50915 5.32113 4.2411 2.73261 2.45678 7.39659 2.78498 2.18455 5.43104 5.48851 5.19142 2.76043 3.33356 2.93293
threshold=2.0282984972000127 0.49744082987308508 -0.47537982463836664 -0.43166385591030115 0.85868516564369213 1.8528294563293459 0.039382545277476318 0.19515135884284976 -1.3182885050773618 0.2797673642635346 0.68695878982543956 1.335428833961487 0.094381865113973631 0.79698503017425548 0.33788047730922705 0.28433638811111456 1.3290300965309145 -0.010186237283051012 -0.41915108263492579 -1.2582079172134397 0.95596972107887279 1.0900804400444033 1.8415863513946535
decision_type=2 2 2 2 2 2 2 2 2 2 2 2 2 2 2 2 2 2 2 2 2 2 2
left_child=4 2 -2 -4 13 6 9 8 -8 11 -11 -6 -9 16 15 -15 20 19 -19 -18 22 -22 -1
right_child=1 -3 3 -5 5 -7 7 12 -10 10 -12 -13 -14 14 -16 -17 17 18 -20 -21 21 -23 -24
leaf_value=0.00083937810178963911 -0.05722580169453087 0.04668927201025317 0.058555475824858871 -0.020491213077651768 -0.023962728809607047 -0.051905936288750891 0.047776959953613356 0.0034856572686546381 -0.013404209673992777 0.014604158288994518 -0.039579372557055854 0.02826822833760111 0.034373488501704678 0.072727081248739167 -0.029812589201661133 0.017303148968985986 0.038797903677790679 -0.017361988214873985 0.025633602316341916 -0.030050597073361593 0.028828803518333918 0.0029051845192940729 -0.019790915846000262
leaf_weight=512.7849874868989 3.3855357393622407 7.0367996953427783 3.681296207010746 6.2775111235678196 40.685318022966385 4.1933017149567595 3.5787987932562819 13.795108363032343 35.69847759604454 22.275244116783146 5.6882389038801184 4.2970098704099646 14.888485133647917 5.0198453664779645 4.6366680562496176 4.1324466690421104 3.0340583771467236 13.387977402657272 16.657605245709419 28.062076285481453 19.052654583007097 35.520970888435841 17.826781291514635
leaf_count=2487 18 39 17 31 202 21 17 68 171 104 27 20 69 23 21 20 14 66 82 139 91 167 86
internal_value=6.32477e-07 0.0108791 -0.00800442 0.00872858 -0.000274718 -0.00495256 -0.00355526 0.00371285 -0.00782961 -0.0103267 0.00358232 -0.0189733 0.0195183 0.000753519 0.021637 0.047702 0.000307983 -0.00868498 0.00647525 -0.023333 0.00124759 0.0119556 0.000146269
internal_weight=825.597 20.3811 13.3443 9.95881 805.216 145.1 140.907 67.9609 39.2773 72.9458 27.9635 44.9823 28.6836 660.116 13.789 9.15229 646.327 61.1417 30.0456 31.0961 585.185 54.5736 530.612
internal_count=4000 105 66 48 3895 699 678 325 188 353 131 222 137 3196 64 43 3132 301 148 153 2831 258 2573
is_linear=0
shrinkage=0.05


Tree=154
num_leaves=13
num_cat=0
split_feature=6 4 4 14 2 8 28 6 31 10 14 31
split_gain=0.930086 1.1082 1.32963 3.65822 3.36951 2.70489 1.60211 3.42304 3.6943 3.21323 2.9346 2.09744
threshold=2.4375346899032597 2.4081414937973027 1.7810456156730654 1.1869229674339297 -0.66744238138198841 0.56360828876495372 -1.3155897855758665 0.69230815768241893 -0.14420778304338452 -0.45039394497871393 2.4330677986145024 0.57055571675300609
decision_type=2 2 2 2 2 2 2 2 2 2 2 2
left_child=1 2 6 4 -4 -6 7 8 -1 -9 11 -8
right_child=-2 -3 3 -5 5 -7 10 9 -10 -11 -12 -13
leaf_value=0.017562893399123463 -0.020539920951250318 0.021200012155824149 0.029978544720577777 -0.052505724593028436 -0.024698943060857587 0.021839424312052286 -0.0022951187325361082 0.065186540074075733 -0.009438135040968243 0.014532828011657931 0.040589944305054297 0.0037338002107489762
leaf_weight=21.207902863621712 5.4744734913110724 6.1981195434927931 5.846783906221396 4.4166700169444075 13.415754251182081 4.0692943930625907 511.11113921925426 4.2238083109259632 31.460280191153288 12.09899780154228 4.3520262241363517 200.99218006432056
leaf_count=109 30 29 28 21 64 20 2479 21 156 59 23 961
internal_value=7.45491e-07 0.00013798 -2.25531e-05 -0.0107792 -0.00288044 -0.0138681 0.000357461 0.00763453 0.00143437 0.0276404 -0.000343284 -0.000593448
internal_weight=824.867 819.393 813.195 27.7485 23.3318 17.485 785.446 68.991 52.6682 16.3228 716.455 712.103
internal_count=4000 3970 3941 133 112 84 3808 345 265 80 3463 3440
is_linear=0
shrinkage=0.05


Tree=155
num_leaves=31
num_cat=0
split_feature=0 6 4 14 30 3 31 1 14 3 29 4 31 4 4 31 8 4 1 5 2 1 5 7 8 13 1 30 7 13
split_gain=0.93501 3.13106 2.40128 3.82335 3.53206 5.21733 3.78142 3.02832 3.18315 3.01119 3.70757 1.70074 4.93819 6.40859 4.32497 6.02456 5.49865 4.24374 7.08713 6.38308 5.47535 4.02157 3.85321 3.83406 3.96608 3.64565 3.37509 3.3722 3.31089 3.93276
threshold=1.2121176123619082 1.8975993394851687 -0.012321893125772474 -1.0166275501251218 0.32424281537532812 -0.73198932409286488 -0.72909829020500172 0.97096851468086254 -0.061364959925413125 -1.062373101711273 0.02157226670533419 -0.012321893125772474 0.74775734543800365 1.8713681697845461 -0.21620409190654752 -0.11128912493586539 0.51622703671455394 0.10106496140360834 0.62113934755325328 0.47620581090450292 -2.0378558635711665 0.091216254979372038 -0.24706440418958661 1.0661479234695437 0.33705885708332067 -0.69927909970283497 0.73517340421676647 0.23524351418018344 0.66754114627838146 0.71326503157615673
decision_type=2 2 2 2 2 2 2 2 2 2 2 2 2 2 2 2 2 2 2 2 2 2 2 2 2 2 2 2 2 2
left_child=11 2 3 -2 5 -4 -7 8 -6 -5 -11 14 17 23 28 21 26 18 19 -13 -19 25 -23 24 -14 -16 -17 -25 29 -1
right_child=1 -3 4 9 7 6 -8 -9 -10 10 -12 12 13 -15 15 16 -18 20 -20 -21 -22 22 -24 27 -26 -27 -28 -29 -30 -31
leaf_value=-0.0011662808795097504 -0.021686491678900289 -0.037110341231254382 -0.052649276935753331 -0.0090805139158986678 -0.027581335571965244 0.039264028048875271 -0.010129136127683444 0.056109172557508739 0.028886441967501248 0.0089622969147098736 0.046912124851411302 0.051465500549737503 0.022087301990081527 -0.036771463819687281 -0.023258847932715369 -0.0069882239390468342 -0.058296066502540649 -0.046597595699641156 -0.031809002202045029 -0.014514431680699822 -0.0017450051711520359 0.017609288895294135 -0.038620699591096284 0.074810111852345137 -0.0048081688559031381 0.039360728367718575 -0.053875401490324396 0.017464698240277476 -0.0092131889557573055 0.014265701720217792
leaf_weight=170.64948608353734 5.6209193542599669 4.2141145989298812 5.9074309766292563 5.9531153365969649 4.3065823242068282 4.8453570455312756 19.347125276923183 4.0738173350691786 5.9353158064186564 11.43606746569276 14.719832964241503 13.565792433917528 38.659277133643627 5.9230738878250113 3.0885695517063132 20.960751116275791 10.660760909318922 6.9845505878329268 5.3206106647849074 5.0228292793035498 263.50962007045746 5.081215925514698 7.6090397611260396 5.0387862920761091 21.236741952598095 9.393207363784315 4.6984372884035102 5.2189105898141861 81.143367417156696 54.4608069434762
leaf_count=827 28 21 30 35 22 26 103 20 33 62 85 63 179 27 18 100 49 32 26 23 1246 25 41 22 102 44 22 27 398 264
internal_value=8.62635e-07 0.00492352 0.00707988 0.0163551 -0.000799179 -0.0105231 -0.000236496 0.0196461 0.00514249 0.0230146 0.0303194 -0.000575003 0.00181603 0.0131718 -0.00298381 -0.0150848 -0.0281137 -0.00111842 0.0190731 0.0336371 -0.00290316 0.00371432 -0.016106 0.0173885 0.0125512 0.0238657 -0.0155737 0.0456339 -0.000554092 0.00256717
internal_weight=824.586 86.3597 82.1456 37.7299 44.4156 30.0999 24.1925 14.3157 10.2419 32.109 26.1559 738.226 370.48 76.0768 367.746 61.492 36.3199 294.403 23.9092 18.5886 270.494 25.172 12.6903 70.1537 59.896 12.4818 25.6592 10.2577 306.254 225.11
internal_count=4000 465 444 210 234 159 129 75 55 182 147 3535 1747 357 1788 299 171 1390 112 86 1278 128 66 330 281 62 122 49 1489 1091
is_linear=0
shrinkage=0.05


Tree=156
num_leaves=31
num_cat=0
split_feature=8 1 12 3 8 7 31 8 29 12 3 30 30 31 31 7 3 4 4 12 31 11 2 29 8 0 28 4 8 4
split_gain=0.920647 3.55855 2.87112 2.64811 1.31267 4.30751 3.57999 3.85112 3.81043 2.97697 2.87774 4.14158 7.89316 3.43629 4.48536 3.36371 2.8264 2.04242 3.35177 4.12927 5.15705 3.75472 5.22458 3.59438 2.42943 4.01223 3.38428 2.79151 2.39165 2.33258
threshold=-1.8750287294387815 0.11696918308734895 -0.16232816129922864 0.1245059370994568 -0.68880105018615712 0.15789182484149936 -1.0006763935089109 -0.87693381309509266 0.416819378733635 0.26527768373489385 0.32887709140777593 -0.94921225309371937 -0.31803900003433222 -0.46210847795009607 -0.69184166193008412 -1.1199937462806699 0.32887709140777593 -0.71916213631629933 -1.1836009025573728 -0.17790319025516507 0.40186017751693731 0.93732687830924999 0.1227998659014702 0.30118387937545782 -0.49285821616649622 0.72989141941070568 0.35079380869865423 -0.69130530953407276 -0.46516129374504084 -0.86765223741531361
decision_type=2 2 2 2 2 2 2 2 2 2 2 2 2 2 2 2 2 2 2 2 2 2 2 2 2 2 2 2 2 2
left_child=1 3 -3 -1 5 10 9 8 -8 -7 13 -12 -13 14 -2 -15 -9 18 19 23 -21 22 -20 -6 25 26 -19 -26 -29 -23
right_child=4 2 -4 -5 17 6 7 16 -10 -11 11 12 -14 15 -16 -17 -18 24 21 20 -22 29 -24 -25 27 -27 -28 28 -30 -31
leaf_value=0.031386555687019889 0.021229716298237427 -0.066152662037521917 -0.010475400556263472 -0.01549514758470843 0.029284762669807174 -0.010645588200606106 -0.017898404336656255 0.034787396865908475 0.012609118780885779 -0.063068477308957788 0.034701725653011543 -0.052803544488933589 0.00727280678449634 -0.014707421261315865 0.075090051898032292 0.018097452771940262 -0.003674237504687719 -0.033639856328247571 0.019875028547632553 -0.00073763399116643432 -0.038191398849585806 0.048454028778710523 -0.010873597658872178 -0.0078397614800075708 -0.041702271096635345 0.01971639748451174 0.00097666694196107571 0.026910217856696419 -0.0013664137431730508 0.0050331407416456288
leaf_weight=6.0257508680224436 16.410819992423061 3.8662255853414536 5.7726383656263334 6.0226693004369736 14.127468153834345 7.2323651835322362 31.357447594404221 11.277502320706846 15.195058591663836 4.3292307555675507 6.8354999572038642 7.4490954503417042 20.552210506051779 10.808755360543726 5.0564578883349887 28.204396843910217 8.2862283214926702 20.914181686937813 31.428463533520699 27.612320147454739 13.776089467108248 9.9475480988621694 24.649587117135525 12.107684895396231 4.2286078706383696 7.0703380852937689 10.658994160592554 7.6071458309888831 440.28119076788425 4.4886540323495856
leaf_count=29 83 20 30 33 69 36 149 55 75 22 33 36 101 52 27 140 39 106 158 136 67 51 122 60 21 34 51 35 2109 21
internal_value=1.42183e-06 -0.0101639 -0.032808 0.0079517 0.000276343 0.00413347 -0.00460638 -0.000117711 -0.00794054 -0.0302753 0.0112559 -0.000191256 -0.00870911 0.0178495 0.0339161 0.00900873 0.018497 -0.000784661 0.00458604 -0.00336714 -0.0132041 0.0122132 0.00635921 0.0121516 -0.00229639 -0.0143294 -0.0219534 -0.0012679 -0.00088615 0.0349532
internal_weight=823.581 21.6873 9.63886 12.0484 801.893 172.995 77.6778 66.1162 46.5525 11.5616 95.3172 34.8368 28.0013 60.4804 21.4673 39.0132 19.5637 628.898 138.138 67.6236 41.3884 70.5143 56.0781 26.2352 490.76 38.6435 31.5732 452.117 447.888 14.4362
internal_count=4000 112 50 62 3888 848 376 318 224 58 472 170 137 302 110 192 94 3040 684 332 203 352 280 129 2356 191 157 2165 2144 72
is_linear=0
shrinkage=0.05


Tree=157
num_leaves=17
num_cat=0
split_feature=10 9 0 3 10 11 30 12 2 10 7 5 5 10 29 11
split_gain=0.935287 5.2577 4.78095 1.50364 1.38588 3.43615 2.76819 2.82156 2.71199 2.32617 4.11677 5.56763 4.01868 2.39441 3.41683 2.69159
threshold=2.144814252853394 0.52773135900497448 0.21106122434139254 2.4616270065307622 0.85868516564369213 1.8528294563293459 -0.2985010147094726 0.50954765081405651 1.2418538928031924 0.56236258149147045 0.7048456370830537 -0.43045702576637263 -0.24706440418958661 0.50774472951889049 -0.34385359287261957 -1.0364561080932615
decision_type=2 2 2 2 2 2 2 2 2 2 2 2 2 2 2 2
left_child=3 2 -2 4 9 6 7 -6 -8 13 11 -11 -12 15 -15 -1
right_child=1 -3 -4 -5 5 -7 8 -9 -10 10 12 -13 -14 14 -16 -17
leaf_value=-0.0076483016314581476 -0.045241249160770006 0.053431220991427025 0.02674589515837866 -0.029855211241151303 -0.018837601501263679 -0.049244597622442404 -0.0004257910659584509 0.0060371123923468675 0.029680820240307562 0.039218279892783765 -0.03662957806885201 0.0049264236443298135 0.009558306791353631 -0.042583773345621766 0.0028378787635474959 0.0018955234841422292
leaf_weight=87.328348819166422 4.6906151100993139 5.0958139114081851 4.5377165973186493 4.2585452869534484 40.328343734145164 4.1569986119866362 79.912234097719193 15.892891667783259 8.2525137290358526 17.980059310793877 8.2963017821311968 34.642485529184341 10.892699897289274 7.9213687032461193 8.6742054820060712 479.58146877959371
leaf_count=426 25 29 21 29 196 21 386 75 41 85 42 171 52 38 41 2322
internal_value=1.49638e-06 0.0126661 -0.00984403 -0.000222988 -6.60079e-05 -0.00442657 -0.00313622 -0.0118059 0.00239229 0.000922417 0.00941403 0.0166433 -0.0104109 -0.00012264 -0.0188427 0.000425366
internal_weight=822.443 14.3241 9.22833 808.118 803.86 148.543 144.386 56.2212 88.1647 655.317 71.8115 52.6225 19.189 583.505 16.5956 566.91
internal_count=4000 75 46 3925 3896 719 698 271 427 3177 350 256 94 2827 79 2748
is_linear=0
shrinkage=0.05


Tree=158
num_leaves=21
num_cat=0
split_feature=31 8 0 31 13 14 13 7 8 14 6 0 7 29 10 10 31 7 4 4
split_gain=0.915348 3.68543 6.18558 3.04212 4.58852 2.47387 2.00801 2.55919 1.27235 3.0194 3.02593 2.71128 2.96914 2.54069 2.14722 4.10091 3.35588 3.24432 3.59079 2.93102
threshold=-2.0087285041809078 0.23306366801261905 0.3303643018007279 -1.7126532793045042 -0.76960268616676319 -0.12432960420846938 -0.10800269618630408 0.019132133573293689 -0.21124839037656781 -1.827153146266937 -0.55198001861572255 1.5313526391983034 0.15789182484149936 -0.040721395984292023 -1.2934948801994322 -1.1039050221443174 -0.22958220541477201 1.0206335783004763 -0.25428219139575953 0.2797673642635346
decision_type=2 2 2 2 2 2 2 2 2 2 2 2 2 2 2 2 2 2 2 2
left_child=1 2 -1 4 -2 -3 -6 -8 9 10 -5 12 -11 -13 17 16 -16 18 -10 -17
right_child=3 5 -4 8 6 -7 7 -9 14 11 -12 13 -14 -15 15 19 -18 -19 -20 -21
leaf_value=-0.046964026769439768 0.031986751042387594 0.058096675527892876 0.032582431336430781 -0.0070764412953104516 -0.057941192353831009 0.0068096996173370762 -0.042661533346358152 0.0092863720650095231 0.014679490306603628 0.0052732298836020396 0.045799785901295686 0.052832062762342993 -0.0048184707841977415 0.0065350214594846294 -0.0051505239482152907 -0.0046113909179778482 0.045405352797665534 -0.045876406162449326 -0.017115296314074515 0.0041196092985767039
leaf_weight=5.3472641780972499 3.3787897825241116 4.8331265151500702 4.5009508430957794 4.1562108099460602 5.1112258359789875 4.5788380056619626 5.2323315441608376 4.3352381512522697 13.299181811511515 161.46494974941015 7.7526874840259534 4.8451942764222622 132.85796573758125 7.6298624575138074 5.2749600633978835 249.5078006722033 8.6902358382940275 6.0353731885552397 26.724723801016808 156.36318257078528
leaf_count=27 16 23 24 21 27 22 28 25 67 781 39 30 646 45 27 1215 41 29 130 737
internal_value=1.41629e-06 0.0107731 -0.0106087 -0.000257055 -0.0205473 0.033146 -0.0326397 -0.019123 0.000209924 0.00264435 0.027346 0.00168551 0.000717816 0.0245164 -0.0014554 -0.000331101 0.0263093 -0.0117036 -0.00655049 -0.00124774
internal_weight=821.92 19.2602 9.84822 802.66 18.0576 9.41196 14.6788 9.56757 784.602 318.707 11.9089 306.798 294.323 12.4751 465.895 419.836 13.9652 46.0593 40.0239 405.871
internal_count=4000 96 51 3904 96 45 80 53 3808 1562 60 1502 1427 75 2246 2020 68 226 197 1952
is_linear=0
shrinkage=0.05


Tree=159
num_leaves=19
num_cat=0
split_feature=30 30 30 5 0 9 1 6 13 14 28 13 30 2 13 8 2 8
split_gain=0.900442 1.42403 3.03054 3.19722 2.81112 2.93879 2.58765 2.36847 2.01709 3.19411 3.03629 1.89322 1.86077 3.73248 2.19422 1.5812 5.72483 2.43706
threshold=2.4666501283645634 1.7489169239997866 1.3688237071037295 0.54797700047492992 0.48082499206066137 0.18431193381547931 -0.2188121825456619 -0.1043935865163803 0.082871943712234511 0.19160216301679614 -0.41120803356170649 0.28664413094520574 1.2393733859062197 0.63075059652328502 0.34183050692081457 1.6835718750953677 -0.51487272977828968 0.73326650261878978
decision_type=2 2 2 2 2 2 2 2 2 2 2 2 2 2 2 2 2 2
left_child=1 2 12 8 5 6 -3 -6 10 -10 -4 -5 15 14 -14 17 -17 -1
right_child=-2 4 3 11 7 -7 -8 -9 9 -11 -12 -13 13 -15 -16 16 -18 -19
leaf_value=-0.00089343747534674641 -0.019949183265853498 0.044192206969850711 -0.0019365825797500909 0.023804396249985052 0.0071589553599608448 -0.026782041516076584 -0.0027614225314468322 0.061976506937055247 -0.036946789773327195 0.021185330379268369 -0.053606462708565929 -0.016109961635169513 -0.014794767117995669 0.051038694071541393 0.027769333777759548 0.020066037655583749 -0.023325624397336694 0.0065603605240914511
leaf_weight=563.58285961672664 5.6169742569327346 4.7284421548247373 4.0737362280488005 6.743178900331257 3.6842771619558334 6.3296667933464041 7.733470521867277 4.2360292039811602 4.7250353097915632 4.7268261983990669 9.4125811681151408 5.3105735927820206 7.9069741815328616 5.4080513268709174 4.9068331941962242 10.902490839362143 25.104418978095055 136.15275615826249
leaf_count=2730 30 23 22 36 19 32 38 23 23 23 50 26 38 28 24 51 124 660
internal_value=1.43661e-06 0.000138824 -0.00024559 -0.0146301 0.0114928 0.00096232 0.0150543 0.0364771 -0.0255862 -0.00787522 -0.0379988 0.00621916 0.000422004 0.0162057 0.00150444 3.1096e-05 -0.0101871 0.000556903
internal_weight=821.285 815.668 788.956 34.9919 26.7119 18.7916 12.4619 7.92031 22.9382 9.45186 13.4863 12.0538 753.964 18.2219 12.8138 735.743 36.0069 699.736
internal_count=4000 3970 3835 180 135 93 61 42 118 46 72 62 3655 90 62 3565 175 3390
is_linear=0
shrinkage=0.05


Tree=160
num_leaves=23
num_cat=0
split_feature=28 7 28 5 3 31 5 10 14 7 30 30 0 11 31 8 8 12 5 11 9 14
split_gain=0.88033 5.78141 5.42305 4.7653 3.93805 5.30009 3.8306 2.87005 2.80387 2.78207 2.44087 2.20982 3.9749 1.62581 5.09895 5.36372 3.6077 2.0303 4.00127 3.19619 1.58214 1.11652
threshold=1.6630350947380068 -0.22328536212444303 1.4325097203254702 0.33074073493480688 -0.58801141381263722 0.29470096528530126 -0.32977639138698572 -0.19824846088886258 -0.10305221751332282 -0.68684235215187062 0.16490850597620013 -2.0349144935607906 0.39790208637714392 1.2329490184783938 -0.22958220541477201 -0.45532462000846857 0.46488884091377264 0.76816472411155712 -1.8942693471908567 1.1020426750183108 0.077546931803226485 0.099508617073297514
decision_type=2 2 2 2 2 2 2 2 2 2 2 2 2 2 2 2 2 2 2 2 2 2
left_child=2 7 11 6 -4 20 10 -2 -5 -9 -3 12 21 17 15 -15 -16 19 -19 -13 -6 -1
right_child=1 3 4 8 5 -7 -8 9 -10 -11 -12 13 -14 14 16 -17 -18 18 -20 -21 -22 -23
leaf_value=-0.06299522582683878 0.05413480110998669 0.020578755450363799 -0.056127467838258817 -0.013330855158637951 -0.0091226047610820232 -0.047717743647186207 -0.058502620777448777 -0.0087200507972257143 0.037307769416323751 0.043753848074524253 -0.031577056892824189 -0.00099812256132828826 0.0097181454855574164 -0.013201160366158314 0.0061605327275078454 0.033547688400217837 -0.023150606290486736 -0.042566852737296795 0.0063551665241752507 -0.026036233542583515 0.032391550494105366 -0.024725770971737279
leaf_weight=3.7849792689084989 6.9509889036417034 4.355698034167288 6.9073761738836792 4.6459323018789291 4.2911569029092771 5.8627080321311942 5.7666790336370495 6.1929322704672822 6.6411484330892545 4.2658612504601452 4.6254474297165871 494.73922821134329 6.3998340107500553 8.0772813186049444 33.629576101899147 25.525504589080811 15.262348920106886 4.3021368086338034 146.66866409406066 13.082937043160198 4.9338132664561272 3.8390221819281578
leaf_count=20 32 21 33 22 20 29 29 30 33 20 23 2413 33 43 160 124 72 19 719 62 23 20
internal_value=1.34472e-06 0.00692786 -0.000385787 -0.00798762 -0.0248593 -0.0105442 -0.0267015 0.0292327 0.0164641 0.0126826 -0.0062824 0.000326893 -0.0193359 0.000698879 0.00731605 0.0223104 -0.00298938 -0.00012973 0.00496106 -0.00164318 0.0130805 -0.0437249
internal_weight=820.751 43.4447 777.307 26.0349 21.9951 15.0877 14.7478 17.4098 11.2871 10.4588 8.98115 755.312 14.0238 741.288 82.4947 33.6028 48.8919 658.793 150.971 507.822 9.22497 7.624
internal_count=4000 210 3790 128 105 72 73 82 55 50 44 3685 73 3612 399 167 232 3213 738 2475 43 40
is_linear=0
shrinkage=0.05


Tree=161
num_leaves=25
num_cat=0
split_feature=7 1 4 12 7 1 13 12 4 9 30 28 28 4 12 30 14 12 11 31 5 5 30 10
split_gain=0.884157 4.72048 4.99752 4.46758 2.28129 4.78724 3.97555 5.44124 3.35676 3.35192 2.59226 2.41723 7.02151 4.49667 3.75361 3.4718 4.30591 3.4038 2.57266 5.00733 2.10911 1.85841 1.83615 1.3007
threshold=1.8290309906005862 0.049764245748519904 -0.37776324152946467 0.51896977424621593 1.2103722095489504 -0.3656280636787414 -0.76960268616676319 1.19474333524704 0.17359521985054019 -0.30638293921947474 0.46370492875576025 1.6630350947380068 1.4325097203254702 1.1186205744743349 -0.22481281310319898 -0.97887203097343434 0.78166094422340404 0.358716830611229 1.2329490184783938 -0.22958220541477201 1.629889249801636 -0.13493971526622769 -0.69299945235252369 -0.38037154078483576
decision_type=2 2 2 2 2 2 2 2 2 2 2 2 2 2 2 2 2 2 2 2 2 2 2 2
left_child=4 2 -2 -3 11 8 9 22 10 -7 -6 12 18 15 -14 -13 -17 -16 20 -20 -1 -10 -8 -4
right_child=1 3 23 -5 5 6 7 -9 21 -11 -12 13 14 -15 17 16 -18 -19 19 -21 -22 -23 -24 -25
leaf_value=-0.00084674833168536096 0.011246633642086645 -0.011354400712255188 -0.031236662905395198 0.048157234663700456 0.026900331380086628 0.059760300817601142 -0.037345282476716472 0.038404026458866584 0.073933859307016181 0.0043335869841997152 -0.02306885994048713 0.047260257590322888 -0.057238031108644352 0.053646561167379529 0.019464998660538947 -0.012375794418044714 0.034264106982707994 -0.036136404695237261 0.023652841334926518 -0.002606664950308331 -0.016537959310476788 0.031077520105233816 -0.0092652925128857526 -0.068713012159942216
leaf_weight=570.85955965146422 5.0766235888004294 7.7306138426065427 4.5109504312276831 5.3265005722641945 7.5238321051001567 4.3857139050960541 7.9782641455531111 5.2466397657990447 4.3223972171545029 7.2151471748948079 3.9623262733221054 4.1663592159748069 7.9707892537117031 5.4890876784920684 4.8046795316040498 21.546181216835979 6.4241784363985053 6.4445017576217651 31.296819392591715 43.229956962168217 22.250142872333527 6.0988361239433271 21.538163602352146 4.7566974908113506
leaf_count=2781 25 38 22 26 37 20 41 25 20 34 20 21 37 26 25 104 31 30 158 204 118 29 104 24
internal_value=1.20725e-06 -0.00882897 -0.0286288 0.0129227 0.000306421 0.0090439 -5.73026e-05 -0.00851524 0.0283053 0.0252877 0.00966269 -0.000516952 -0.00119292 0.0118228 -0.0309881 0.0046791 -0.00166363 -0.0123883 -0.000335173 0.00842077 -0.00143539 0.048853 -0.0168553 -0.0504717
internal_weight=820.155 27.4014 14.3443 13.0571 792.754 68.2713 46.3639 34.7631 21.9074 11.6009 11.4862 724.482 686.856 37.6258 19.22 32.1367 27.9704 11.2492 667.636 74.5268 593.11 10.4212 29.5164 9.26765
internal_count=4000 135 71 64 3865 330 224 170 106 54 57 3535 3353 182 92 156 135 55 3261 362 2899 49 145 46
is_linear=0
shrinkage=0.05


Tree=162
num_leaves=21
num_cat=0
split_feature=3 12 12 14 14 6 7 6 8 8 29 4 9 12 4 29 14 14 10 4
split_gain=0.884889 2.37732 1.2617 0.972249 4.00603 4.21298 3.97432 5.17289 4.72427 4.41313 7.53305 4.27598 4.25549 4.21372 1.68801 5.83878 6.0965 2.12066 5.81427 3.51206
threshold=-2.0944153070449825 0.23058000206947329 -0.40035597980022425 -0.84360527992248524 -0.81636896729469288 0.099913168698549285 -0.62597680091857899 -1.7569160461425779 -1.1933063268661497 0.38317984342575079 0.95596972107887279 1.0969156026840212 0.97368916869163524 -1.0425709486007688 1.8306570053100588 -0.88563925027847279 -0.018484394997358319 -0.17006385326385495 -0.97088405489921559 1.4690731763839724
decision_type=2 2 2 2 2 2 2 2 2 2 2 2 2 2 2 2 2 2 2 2
left_child=1 2 -1 6 5 -5 8 -8 -2 12 -11 13 -9 -10 17 -16 -17 18 -6 -19
right_child=3 -3 -4 4 14 -7 7 9 11 10 -12 -13 -14 -15 15 16 -18 19 -20 -21
leaf_value=0.018342387070894601 0.070017775819471204 0.041933169699985812 -0.023528853026488567 -0.063481002532792749 0.015555974884525248 0.0011246453858705927 0.057685200063856648 -0.015886292789976383 0.046737020509889468 -4.1022033152116375e-05 0.058153262258476113 0.05563008922153833 0.016093113157427251 -0.0011654762462081697 -0.066848286763840123 0.032734866970797659 -0.022690246683808205 0.00092860542904654958 -0.0086862155889892972 0.023910576714613319
leaf_weight=3.3424319475889206 3.6631401330232611 4.5477207787334919 3.8965622782707197 5.2292235791683179 29.692511238157749 4.8767160028219223 3.5545313805341712 62.778572998940945 5.3208373785018912 31.256279148161411 6.7644705772399893 4.7580130547285071 12.46894935518503 33.460152022540569 4.2262461185455349 7.7937928512692514 13.652364447712893 412.9299572519958 148.10648642852902 17.321019299328327
leaf_count=23 20 34 23 25 147 23 17 301 25 148 30 23 64 159 20 38 65 2013 718 84
internal_value=1.27678e-06 0.0136023 -0.00419581 -0.000197165 -0.00107268 -0.0323049 0.00323938 -0.00170786 0.0154835 -0.0035717 0.0103126 0.0108953 -0.0105871 0.00540685 -0.000574618 -0.0131333 -0.00254809 -4.43785e-05 -0.00463776 0.00185381
internal_weight=819.64 11.7867 7.23899 807.853 643.828 10.1059 164.025 116.823 47.2021 113.268 38.0207 43.539 75.2475 38.781 633.722 25.6724 21.4462 608.05 177.799 430.251
internal_count=4000 80 46 3920 3133 48 787 560 227 543 178 207 365 184 3085 123 103 2962 865 2097
is_linear=0
shrinkage=0.05


Tree=163
num_leaves=25
num_cat=0
split_feature=6 28 6 7 28 7 31 13 8 0 28 3 14 11 9 9 28 13 7 13 1 13 9 0
split_gain=0.87558 1.01543 3.13127 3.47425 4.15248 4.1169 3.16794 2.91776 2.78889 2.37644 1.97588 1.44337 4.9159 4.50183 4.07638 2.13591 4.28132 4.6943 2.92283 2.53554 3.13283 2.55161 1.338 0.781075
threshold=2.4375346899032597 -1.3684006929397581 0.58117771148681652 -0.17070418596267697 -1.7378415465354917 -0.70993623137474049 -0.14420778304338452 0.17394600063562396 0.24072437733411792 0.52977383136749279 -1.7956523299217222 1.3694173097610476 -1.5251709818840025 1.0453693866729739 -1.4800750613212583 -1.5772885084152219 -0.22178562730550763 -0.17957563698291776 -0.40927845239639277 -1.1897689104080198 0.20037746429443362 -0.76960268616676319 -0.033649330958724015 -1.0000000180025095e-35
decision_type=2 2 2 2 2 2 2 2 2 2 2 2 2 2 2 2 2 2 2 2 2 2 2 2
left_child=1 2 3 5 6 7 -5 -1 10 -6 -4 15 -13 14 -14 16 18 -18 -3 20 -17 -21 -7 -15
right_child=-2 11 8 4 9 22 -8 -9 -10 -11 -12 12 13 23 -16 19 17 -19 -20 21 -22 -23 -24 -25
leaf_value=-0.018826087875467454 -0.020044562781432154 -0.066482144563565465 0.015463098959422493 0.022799863608785494 0.014281732168420741 -0.059226367301251776 -0.030430130073080847 0.031583099245324479 0.0019907748309776954 0.055939320200266554 0.060818456618645426 0.043964023591153374 0.036091260362946929 0.0049106904818747646 -0.021414195164723732 -0.016022049932325481 0.021953316395146819 -0.019293651419763788 -0.016411120786811843 0.011635104363342854 0.004395483328326049 0.00094083323982157869 -0.021293341437580712 0.034964764007297637
leaf_weight=6.3377915844321269 5.4112098664045325 4.6889857947826385 4.1407192647457132 4.4351727589964867 9.9437891170382482 4.7488010823726654 7.5590046346187609 5.2472152411937714 7.9710835441946974 5.2211631014943114 5.7162208184599885 4.2819952592253676 3.3064416907727709 3.9233180917799473 45.348800275474787 45.168118096888065 12.958929225802422 14.748969681560993 7.7017125114798528 62.690396875143051 32.167509332299232 505.74713793024421 4.5539456382393819 4.8151068091392499
leaf_count=32 30 24 21 23 48 23 38 27 39 29 29 21 17 21 251 221 64 74 40 305 159 2420 22 22
internal_value=1.58344e-06 0.000134938 0.00608602 -0.000554308 0.0112368 -0.0158856 -0.0107469 0.00400582 0.0239818 0.0286241 0.0417655 -0.000389479 -0.0077161 -0.0115718 -0.0175063 0.000269353 -0.010928 -2.52659e-06 -0.0353594 0.00096464 -0.00752944 0.00212026 -0.0406571 0.0214713
internal_weight=818.834 813.422 65.8749 48.0469 27.1591 20.8878 11.9942 11.585 17.828 15.165 9.85694 747.547 61.6757 57.3937 48.6552 685.872 40.0986 27.7079 12.3907 645.773 77.3356 568.438 9.30275 8.73842
internal_count=4000 3970 331 242 138 104 61 59 89 77 50 3639 332 311 268 3307 202 138 64 3105 380 2725 45 43
is_linear=0
shrinkage=0.05


Tree=164
num_leaves=20
num_cat=0
split_feature=0 13 9 31 9 28 4 4 12 28 14 30 14 31 31 12 4 2 10
split_gain=0.879192 2.79527 3.04067 3.30013 5.09453 2.31102 1.12164 1.15423 4.17006 3.24819 6.41193 2.27829 1.46344 3.46023 4.37159 3.73959 3.3624 2.60141 2.51733
threshold=1.8306517004966738 1.0806509852409365 0.60389119386672985 -0.40636914968490595 0.12574137747287753 0.16957288235425952 2.4081414937973027 1.7810456156730654 -0.21283148974180219 0.76554504036903392 -0.27827815711498255 0.46370492875576025 -0.17006385326385495 -0.62577953934669484 0.55569148063659679 1.4977145195007326 1.4690731763839724 -2.0378558635711665 0.37171129882335668
decision_type=2 2 2 2 2 2 2 2 2 2 2 2 2 2 2 2 2 2 2
left_child=6 2 3 -2 5 -5 7 12 11 10 -10 -9 13 15 -15 -1 17 -14 -18
right_child=1 -3 -4 4 -6 -7 -8 8 9 -11 -12 -13 16 14 -16 -17 18 -19 -20
leaf_value=0.0074151714754573635 -0.045322672505299727 0.054973077193943121 0.04519758180601767 0.058928519442176655 -0.048080726930187084 0.0015277895748806876 0.021225641761296255 -0.016821986069101243 0.039545857442410196 0.042167005376682859 -0.035964122356520266 -0.064527460529170258 -0.025040530993753557 -0.01112938093744649 0.0028009481270816379 -0.036605904217406407 0.0072214692786580189 0.0016546501178887009 0.048750071173329093
leaf_weight=96.566505189985037 4.1125944070518043 2.9833441860973826 3.3737737573683253 3.5956156216561812 2.8757944330573082 3.4227053821086884 6.0280239805579177 6.561996668577196 4.4498218148946789 4.3635457158088675 7.6354021281003943 4.0457736998796463 9.3390453010797483 147.25347070023417 91.199847526848316 5.078086592257022 8.3990730196237546 400.14427494257689 6.4524798914790145
leaf_count=479 22 21 31 24 17 20 28 33 22 21 36 19 45 707 433 23 40 1947 32
internal_value=1.27143e-06 0.0102603 0.00258542 -0.0076785 0.0079687 0.0309352 -0.000260683 -0.000424324 -0.0105734 0.00519 -0.00816108 -0.0350167 -6.51046e-05 -0.00250876 -0.00580153 0.00521591 0.00189345 0.00104582 0.0252642
internal_weight=817.881 20.3638 17.3805 14.0067 9.89412 7.01832 797.517 791.489 27.0565 16.4488 12.0852 10.6078 764.433 340.098 238.453 101.645 424.335 409.483 14.8516
internal_count=4000 135 114 83 61 44 3865 3837 131 79 58 52 3706 1642 1140 502 2064 1992 72
is_linear=0
shrinkage=0.05


Tree=165
num_leaves=24
num_cat=0
split_feature=0 8 8 5 30 4 14 2 2 0 13 0 29 2 28 10 29 5 10 0 4 0 3
split_gain=0.871564 3.71849 2.96805 2.68494 2.94366 2.7054 2.69722 5.09805 3.31785 1.73521 2.61058 1.59274 3.3904 3.78664 4.24311 1.50659 3.90076 3.3471 2.12375 2.11699 4.03752 3.59792 1.13077
threshold=-1.1846712231636045 -1.0585409998893736 -1.2471876144409177 1.043002247810364 -0.2670105099678039 -1.3479691147804258 0.5849876105785371 0.32091146707534796 0.52679926156997692 -1.1133076548576353 0.29782594740390783 -0.97071135044097889 -0.88563925027847279 0.60232076048851024 -0.44818972051143641 0.94415313005447399 1.2544842362403872 -1.9475631117820738 1.3884610533714297 -0.29838362336158747 1.7810456156730654 -0.20397192984819409 -0.35292385518550867
decision_type=2 2 2 2 2 2 2 2 2 2 2 2 2 2 2 2 2 2 2 2 2 2 2
left_child=1 2 22 5 -5 -3 8 -8 -7 10 -2 12 -11 14 -14 19 17 -17 -18 20 -13 -21 -1
right_child=9 3 -4 4 -6 6 7 -9 -10 11 -12 15 13 -15 -16 16 18 -19 -20 21 -22 -23 -24
leaf_value=0.023984401673352116 -0.00069015639993306533 -0.044639254406389613 0.055704906211421025 -0.060812133260831985 -0.0069936810349850685 -0.017675338924108833 0.03531787358535364 -0.0240225870989406 0.013762173008321991 0.025632308200454035 0.045380825246088288 0.0084583382257923979 0.020572192496823842 -0.056920755322602171 -0.035049507928905183 0.043989169146309737 -0.0019561040468245709 -0.0091512587731036616 0.038102682048895713 -0.01812204825881646 -0.033448010514154934 0.0010959636553241213 -0.013653473422739249
leaf_weight=3.6276469752192488 7.2035564407706243 4.0646095424890509 4.058837763965129 4.8981776833534241 5.2791576236486417 30.699836451560259 10.563614368438722 5.5059816613793364 11.550277549773453 4.6939574927091625 5.3647859916090965 145.63608422130346 6.7355144843459165 5.4767414331436148 6.9839729592204076 3.0504854172468177 5.8000873103737813 103.54231964424253 7.7024461999535561 25.939524345099926 5.9838746115565291 398.50620922073722 4.4355477988719931
leaf_count=18 39 26 20 27 30 160 49 31 61 25 25 701 33 31 39 15 29 501 39 122 31 1922 26
internal_value=1.76798e-06 -0.00480073 0.0208334 -0.00908313 -0.0328956 -0.00519839 -0.00244954 0.0149858 -0.009081 0.00055689 0.0189752 0.000235402 -0.0124588 -0.0217731 -0.00774231 0.000671031 -0.00442329 -0.00763048 0.0208952 0.00173307 0.00680445 -7.85236e-05 0.00327988
internal_weight=817.303 84.6837 12.122 72.5617 10.1773 62.3843 58.3197 16.0696 42.2501 732.62 12.5683 720.051 23.8902 19.1962 13.7195 696.161 120.095 106.593 13.5025 576.066 151.62 424.446 8.06319
internal_count=4000 448 64 384 57 327 301 80 221 3552 64 3488 128 103 72 3360 584 516 68 2776 732 2044 44
is_linear=0
shrinkage=0.05


Tree=166
num_leaves=24
num_cat=0
split_feature=7 1 12 12 7 8 1 0 3 7 31 2 5 28 28 7 2 12 5 6 11 8 14
split_gain=0.822505 4.39297 4.48037 3.19957 2.07282 5.16675 5.27092 5.24718 3.59997 2.56333 3.4974 2.16809 2.53557 2.31712 7.59007 5.05033 4.60246 3.00823 2.39412 2.13231 1.99824 1.69015 1.60313
threshold=1.8290309906005862 -0.82545316219329823 0.65672317147254955 -0.82231956720352162 1.2103722095489504 -0.97961300611495961 -0.29812671244144434 0.85112506151199352 0.19228834658861163 1.3960134983062746 0.31683710217475897 2.328278779983521 -0.5229215919971465 1.6316602826118471 1.4325097203254702 -0.22328536212444303 -0.64711946249008168 -0.22481281310319898 1.629889249801636 -0.064529400318860994 0.15802377462387088 0.39057072997093206 -0.11186910420656203
decision_type=2 2 2 2 2 2 2 2 2 2 2 2 2 2 2 2 2 2 2 2 2 2 2
left_child=4 -2 3 -3 11 20 9 8 -8 22 -11 13 -13 14 18 19 -17 -16 -1 -15 -6 -5 -7
right_child=1 2 -4 21 5 6 7 -9 -10 10 -12 12 -14 15 17 16 -18 -19 -20 -21 -22 -23 -24
leaf_value=-1.6245158315001104e-05 -0.053833595030595885 0.018721931072077855 0.031804303196516934 -0.013900873003159243 -0.039283179952240614 0.034558635863648393 -0.020352939647449806 0.045753763355950113 0.013772346442257222 0.044575323968763368 -0.011809775813195866 0.056727183442728937 -0.0010992106680355353 0.011667940017759199 -0.058260215916486495 0.039693499056991322 -0.017544306845560458 -0.015568973816882218 -0.015770111135881323 0.046096585647112449 0.0051761170657699355 -0.054780505299899196 0.07803674842898968
leaf_weight=632.85062020644546 4.4742884226143387 4.7477250620722797 7.56313183158636 6.1183724552392942 6.8735350519418699 4.2278998345136642 16.860389202833179 6.1723662093281737 14.268771834671496 6.2855501472949964 4.8894637823104858 3.5739543586969376 4.0369005277752867 8.2663038820028323 7.5015758574008968 4.443547114729884 16.754265017807484 9.1713434532284719 25.071809709072113 9.8635528758168203 3.9969716295599937 4.3092503547668457 4.25278587639332
leaf_count=3092 24 25 36 29 35 21 80 30 70 30 23 19 22 37 35 22 83 44 131 50 21 21 20
internal_value=8.28407e-07 -0.00854577 0.000365596 -0.0153029 0.000295467 0.00865222 0.0146809 0.00363966 -0.00471082 0.0356345 0.0199048 -0.000490109 0.0260553 -0.000773099 -0.00146087 0.0110244 -0.00554595 -0.0347769 -0.000616586 0.0303989 -0.022936 -0.0307945 0.0563615
internal_weight=816.574 27.2128 22.7385 15.1753 789.362 67.8277 56.9572 37.3015 31.1292 19.6557 11.175 721.534 7.61085 713.923 674.595 39.3277 21.1978 16.6729 657.922 18.1299 10.8705 10.4276 8.48069
internal_count=4000 135 111 75 3865 330 274 180 150 94 53 3535 41 3494 3302 192 105 79 3223 87 56 50 41
is_linear=0
shrinkage=0.05


Tree=167
num_leaves=20
num_cat=0
split_feature=10 9 29 1 10 10 12 5 5 0 4 12 10 4 31 5 10 29 4
split_gain=0.904232 4.72192 3.85724 2.37905 1.37165 3.46679 3.38056 2.86588 4.40598 4.25547 4.0562 2.18312 1.31965 2.50415 5.04427 4.33858 2.19398 5.38216 2.97446
threshold=2.0282984972000127 0.49744082987308508 -0.43166385591030115 -0.059921545907855027 1.5508342981338503 1.438213109970093 1.0589054822921755 0.046038489788770683 -0.3502527624368667 0.49936795234680181 0.42728865146636968 -0.44323219358921045 0.85868516564369213 0.19281246513128283 0.74775734543800365 0.31904028356075292 0.24135310202836993 -0.054007843136787408 -0.75149467587470997
decision_type=2 2 2 2 2 2 2 2 2 2 2 2 2 2 2 2 2 2 2
left_child=4 2 -2 -4 5 12 7 8 10 -9 -6 -7 16 15 -15 -14 18 -18 -1
right_child=1 -3 3 -5 6 11 -8 9 -10 -11 -12 -13 13 14 -16 -17 17 -19 -20
leaf_value=0.0063699209117818152 0.029582409123623574 0.044217703847813872 -0.057709188680523375 -0.0040052201480160242 0.01231364135227641 0.058751258032137724 0.030963600634242361 -0.020578989292628566 -0.066908271111124004 0.040789675665106093 -0.045836737014325779 0.0088525236066431309 -0.023864372058966438 -0.0045778616557312158 0.039008583261027914 0.0051988676113594676 -0.0038508246292973864 0.013999574545875876 -0.0031467860691540258
leaf_weight=104.82576841488481 4.6171999797225007 6.8280834816396228 3.6435989961028099 4.7513802722096443 7.0307088792324084 3.9804139360785484 4.3690378442406645 7.4505343660712224 5.3393971621990231 4.5499338135123253 5.2293391972780228 4.8786110058426839 33.672656886279583 37.773336105048656 8.0531764551997167 20.756480939686298 80.365916952490807 88.984847757965326 378.82697834447026
leaf_count=522 23 39 18 25 33 20 23 37 25 23 24 25 167 180 37 105 397 435 1842
internal_value=1.10615e-06 0.0105447 -0.00712498 -0.0273139 -0.000261665 0.000176504 -0.0100923 -0.0161523 -0.0289993 0.00268872 -0.0124895 0.0312723 -0.000189212 -0.00553031 0.00308166 -0.0127811 0.000630807 0.00552861 -0.00108416
internal_weight=815.927 19.8403 13.0122 8.39498 796.087 762.118 33.969 29.5999 17.5994 12.0005 12.26 8.85902 753.259 100.256 45.8265 54.4291 653.004 169.351 483.653
internal_count=4000 105 66 43 3895 3730 165 142 82 60 57 45 3685 489 217 272 3196 832 2364
is_linear=0
shrinkage=0.05


Tree=168
num_leaves=19
num_cat=0
split_feature=10 1 31 3 10 30 4 31 1 13 0 10 31 4 11 10 13 11
split_gain=0.822201 1.73052 2.68998 1.36529 1.05483 2.63072 4.56901 5.47232 4.45593 3.66655 2.77624 2.02736 6.74219 4.56751 4.0364 2.16015 3.06374 2.43125
threshold=2.144814252853394 -0.11417638137936591 0.11756757646799089 2.4616270065307622 0.85868516564369213 0.080990109592676177 0.36865261197090154 -0.6402684450149535 -0.082072407007217393 1.4167400002479555 -1.4374824762344358 0.56236258149147045 0.76008206605911266 0.41363285481929785 -0.75132924318313588 0.50774472951889049 -0.1559246554970741 -1.0364561080932615
decision_type=2 2 2 2 2 2 2 2 2 2 2 2 2 2 2 2 2 2
left_child=3 -2 -3 4 11 9 8 -8 -7 10 -6 15 14 -14 -13 17 -17 -1
right_child=1 2 -4 -5 5 6 7 -9 -10 -11 -12 12 13 -15 -16 16 -18 -19
leaf_value=-0.0073523285546486855 -0.010477476984850501 0.054609979848761384 -0.0011365288871500333 -0.028766276535049918 0.02631198694067028 0.01060133958789905 -0.015188507580406047 0.03421838135734602 -0.022179741639612269 0.034539182503413882 -0.015146668732796329 0.04368540495774631 -0.03829850825781473 0.023240695686620686 0.010055170805945587 -0.045506502538183169 -0.001039147704066827 0.0017505420881915247
leaf_weight=86.708272751420736 5.299868017435073 4.1862109676003438 4.4796517938375473 4.1634420976042739 4.2857984825968733 19.240965604782104 8.0002053976058978 18.715557761490345 22.475851528346539 4.3389535471796981 69.841816619038582 11.130582839250563 10.762965582311152 4.1886275410652152 44.970672100782394 6.2765539512038258 10.117586009204386 476.20282272621989
leaf_count=426 28 23 24 29 21 95 38 89 115 22 339 57 53 21 219 30 49 2322
internal_value=1.10319e-06 0.0120286 0.0257929 -0.000208491 -5.93562e-05 -0.00388609 0.00327879 0.0194232 -0.00706019 -0.0101348 -0.0127497 0.000805004 0.00877618 -0.0210586 0.0167275 -0.000172676 -0.0180636 0.000348377
internal_weight=815.386 13.9657 8.66586 801.421 797.257 146.899 68.4326 26.7158 41.7168 78.4666 74.1276 650.358 71.0528 14.9516 56.1013 579.305 16.3941 562.911
internal_count=4000 75 47 3925 3896 719 337 127 210 382 360 3177 350 74 276 2827 79 2748
is_linear=0
shrinkage=0.05


Tree=169
num_leaves=16
num_cat=0
split_feature=0 29 12 11 2 10 9 0 29 12 7 6 30 29 13
split_gain=0.833338 1.06848 0.880958 2.85593 3.36706 1.13436 5.46403 4.43748 1.3706 3.53881 5.64702 3.99846 3.39638 4.63817 3.85428
threshold=2.3604900836944585 0.0096666780300438421 1.9860740303993227 0.39899951219558721 -0.36707839369773859 2.144814252853394 0.52773135900497448 0.21106122434139254 -0.2663660049438476 -0.84058666229248036 1.0661479234695437 -2.0168929100036617 0.29083865880966192 -0.11973853036761282 0.59055170416831981
decision_type=2 2 2 2 2 2 2 2 2 2 2 2 2 2 2
left_child=2 -2 5 4 -4 8 7 -7 9 10 -1 -11 13 -10 -14
right_child=1 -3 3 -5 -6 6 -8 -9 12 11 -12 -13 14 -15 -16
leaf_value=0.0015750598236108405 0.04503263687932129 -0.0011247452629609997 -0.023081217638626222 -0.03694123897283199 0.031747176476016124 -0.04292404909501147 0.058285006683287024 0.028141694685528126 0.02304211232179838 0.03103774446931426 0.044463058642564529 -0.0064243920568507196 0.00089284252365094826 0.0027228892875502419 -0.014980242701695607
leaf_weight=46.879786744713783 2.3366035819053641 2.7055502161383629 5.5980542972683915 6.6914680600166312 5.6024928167462358 4.5577079504728299 4.6609139256179324 4.2402515336871147 31.51531507819891 7.3401990607380858 9.1777575686573964 240.4426268003881 131.11643424257636 258.01596117764711 53.991997543722391
leaf_count=229 24 21 28 33 27 25 28 20 151 38 46 1176 639 1254 261
internal_value=1.24343e-06 0.0202652 -0.000124924 -0.0110964 0.00434384 0.000122952 0.0145149 -0.00867331 -0.000125865 -0.00274804 0.0085967 -0.00531463 0.00155272 0.00493463 -0.00373698
internal_weight=814.873 5.04215 809.831 17.892 11.2005 791.939 13.4589 8.79796 778.48 303.84 56.0575 247.783 474.64 289.531 185.108
internal_count=4000 45 3955 88 55 3867 73 45 3794 1489 275 1214 2305 1405 900
is_linear=0
shrinkage=0.05


Tree=170
num_leaves=25
num_cat=0
split_feature=2 9 2 9 0 14 31 12 13 6 2 4 4 2 1 31 13 29 11 11 8 29 13 5
split_gain=0.827105 3.06849 2.87969 3.44282 5.12681 3.38909 3.41795 3.47149 3.13561 4.34965 2.87147 3.91126 3.12162 2.97845 2.03444 2.83796 1.94818 2.84825 3.05849 2.77145 5.08768 2.93712 1.86106 1.09437
threshold=0.49386617541313177 1.5868932604789736 1.1861650943756106 1.0441783070564272 -0.45908738672733301 1.6798923015594485 -1.347584545612335 -1.3807194828987119 1.7058974504470827 1.4395173788070681 0.39796574413776403 -0.86765223741531361 -0.28772215545177454 0.37172761559486395 0.69363677501678478 -0.28401997685432429 1.28817754983902 1.1685481667518618 1.1679513454437258 1.7507176995277407 0.33705885708332067 1.0747333765029909 -0.13583898544311521 0.16573751717805865
decision_type=2 2 2 2 2 2 2 2 2 2 2 2 2 2 2 2 2 2 2 2 2 2 2 2
left_child=10 2 3 8 -5 6 -4 -8 9 -2 13 -12 -13 16 15 -14 19 18 -18 21 -21 -1 -3 -24
right_child=1 22 5 4 -6 -7 7 -9 -10 -11 11 12 14 -15 -16 -17 17 -19 -20 20 -22 -23 23 -25
leaf_value=0.0020218990132669832 -0.0034745149143334125 -0.0024467421633796852 0.040277382025799405 -0.025408426577394474 0.046014578486780422 -0.032316711797182138 -0.030727926173528458 0.0087626973035807038 -0.040252305816838752 -0.043199486924529434 0.061017488627417051 -0.023071438479441441 0.0031142191915322446 -0.033581948276209563 -0.0083575044483869335 0.048251952281802568 0.00068891460737911879 0.03987988048632999 0.043357988937432201 0.002865816588012768 -0.053095872003979819 -0.0091239858453550267 -0.057955907041982037 -0.022161293825983312
leaf_weight=397.27258852869272 119.78524112701416 5.5053713843226424 7.798047110438346 3.8338149040937424 7.2902794964611513 5.3381322696804991 6.0783007703721514 65.902623862028122 6.949129492044448 7.3113511726260176 4.1879852116107967 5.8767403885722223 6.2260141149163308 6.4401063546538344 5.1468180418014517 7.9020139202475468 39.21834683790803 6.869584694504737 4.7033824473619452 9.7910499311983603 6.940341278910636 69.437050309032202 4.1924701780080778 4.3519209995865822
leaf_count=1946 591 28 39 21 37 28 29 324 34 39 21 29 32 32 24 38 192 33 21 49 32 340 20 21
internal_value=1.461e-06 -0.00243238 -0.00104838 -0.00532971 0.0213993 0.00625356 0.00883436 0.00542798 -0.00754788 -0.00575973 0.00104473 0.016279 0.00882956 0.000218048 0.0185559 0.0283604 0.000625503 0.00994078 0.00525816 -0.00035318 -0.0203476 0.000363614 -0.0251174 -0.0397246
internal_weight=814.349 244.337 230.287 145.17 11.1241 85.1171 79.779 71.9809 134.046 127.097 570.012 29.3396 25.1516 540.672 19.2748 14.128 534.232 50.7913 43.9217 483.441 16.7314 466.71 14.0498 8.54439
internal_count=4000 1211 1142 722 58 420 392 353 664 630 2789 144 123 2645 94 70 2613 246 213 2367 81 2286 69 41
is_linear=0
shrinkage=0.05


Tree=171
num_leaves=23
num_cat=0
split_feature=3 3 5 10 29 29 29 4 8 5 14 13 9 7 14 9 13 8 31 14 3 29
split_gain=0.837197 2.48768 2.93778 2.45495 2.16803 3.2054 5.78658 4.30771 3.3814 2.20101 2.0849 1.92768 2.65763 3.29412 3.13833 2.91227 2.57677 2.7004 1.98867 1.85575 4.48096 2.22729
threshold=0.79650360345840465 0.76034474372863781 -0.20556193590164182 -1.7043850421905515 1.894712567329407 0.39341709017753607 0.031826752237975604 -0.66763147711753834 -1.1121838688850401 -1.1198350787162779 -1.1769948005676267 -1.1897689104080198 1.1593646407127383 1.2426373958587649 0.10817784443497659 1.5868932604789736 -1.0984091162681577 -0.38163410127162928 -0.071309041231870637 1.2346114516258242 0.47580471634864813 0.66409701108932506
decision_type=2 2 2 2 2 2 2 2 2 2 2 2 2 2 2 2 2 2 2 2 2 2
left_child=1 11 -3 -2 5 6 8 -8 -5 -7 -11 12 13 14 -1 -14 17 -13 -19 21 -21 -18
right_child=3 2 -4 4 -6 9 7 -9 -10 10 -12 16 15 -15 -16 -17 19 18 -20 20 -22 -23
leaf_value=-0.025072181494416142 -0.037170291315372486 -0.0087860330671221988 0.047287609103902624 -0.036898547169218775 0.033456238074786572 0.012279848364631089 -0.012509232633382335 0.037015988792695902 -0.0012282931618255782 0.0098350632968611188 -0.022964326733464359 -0.0095539752907200081 0.042178761761605739 0.019247491995227097 -0.0020537006867851503 -0.01248046481764214 -0.00014178053982226427 0.014155673741872994 0.06211917966348899 -0.011553860737947468 0.037936133551071345 0.0073939897129798567
leaf_weight=32.44771634042263 5.1566591262817374 3.7966346107423306 6.0708706825971586 7.2949049100279799 4.1712508201599112 6.8534070253372184 5.941151991486552 16.824601862579584 74.451662376523018 5.6335709467530242 34.613218389451504 4.1556732207536689 5.3607293553650361 8.1903819665312749 27.237542331218719 4.4680897817015648 357.56236041709781 4.0951781123876563 4.5760052353143683 54.661637622863054 4.991453304886817 135.10155159235001
leaf_count=157 27 20 28 44 22 34 32 81 384 28 181 20 29 39 135 24 1718 20 22 274 25 656
internal_value=1.50477e-06 0.00079791 0.0257126 -0.00322842 -0.0021049 -0.00308328 0.0017973 0.0240915 -0.00441144 -0.013913 -0.0183732 0.000415477 -0.0069685 -0.0104872 -0.0145676 0.0173312 0.00143074 0.0235852 0.0394672 0.000916227 -0.0074128 0.00192473
internal_weight=813.656 652.716 9.86751 160.94 155.784 151.613 104.512 22.7658 81.7466 47.1002 40.2468 642.848 77.7045 67.8756 59.6853 9.82882 565.144 12.8269 8.67118 552.317 59.6531 492.664
internal_count=4000 3167 48 833 806 784 541 113 428 243 209 3119 384 331 292 53 2735 62 42 2673 299 2374
is_linear=0
shrinkage=0.05


Tree=172
num_leaves=26
num_cat=0
split_feature=7 2 14 7 6 7 8 1 0 11 10 7 31 7 0 11 2 28 7 2 12 10 11 30 14
split_gain=0.822296 4.12068 3.63573 3.617 2.74535 1.73432 4.59495 4.69172 4.859 3.22802 2.82314 2.35675 3.17774 1.97405 4.16015 3.6582 5.38295 3.18447 2.85541 2.588 3.68123 3.21237 2.16378 1.7205 1.53097
threshold=1.8290309906005862 -0.1148850880563259 -0.24081622809171674 2.0691829919815068 0.14578384906053546 1.2103722095489504 -0.97961300611495961 -0.29812671244144434 0.85112506151199352 0.54588967561721813 -0.63933047652244557 1.3960134983062746 0.31683710217475897 0.65747648477554332 1.433829188346863 -1.1207168102264402 -0.28105473518371576 1.6630350947380068 0.62822896242141735 -0.94282597303390492 -1.5478002429008482 0.10959438234567644 0.23436168581247332 0.19130905717611316 -0.11186910420656203
decision_type=2 2 2 2 2 2 2 2 2 2 2 2 2 2 2 2 2 2 2 2 2 2 2 2 2
left_child=5 3 -3 -2 -4 13 10 11 9 -9 -7 24 -13 18 15 16 -15 -17 19 20 -1 -21 -16 -5 -8
right_child=1 2 4 23 -6 6 7 8 -10 -11 -12 12 -14 14 22 17 -18 -19 -20 21 -22 -23 -24 -25 -26
leaf_value=-0.053170331218501322 -0.065369309098765538 -0.025612842626809865 -0.0047265535071128991 0.016340391192728714 0.049507973323383032 0.0088977151335613743 0.032473414292105658 0.004876123719158007 0.044067959786188653 -0.031721446927327895 -0.043195274589311605 0.042131231258040414 -0.011702654364686441 0.0089020736258653005 0.055881325057488711 -0.0069843589930821863 -0.050889614063990479 0.035708597719723609 0.032814109131699902 -0.0019388612812233702 -0.0048952799533331119 0.0061821306973845486 0.0027690264631616787 -0.030468805810130319 0.075414030209508404
leaf_weight=4.1132092326879492 4.5233148857951182 4.8928272426128396 3.9515750184655154 3.5788544453680515 5.6980351656675339 4.3898060917854309 4.1936753988265991 22.896323077380661 6.0959671363234511 8.1769921109080297 6.3820002153515798 6.2532616853713971 4.8808475434780121 5.7393036633729961 3.8395554050803176 91.191614545881748 10.938526034355162 4.587549313902854 6.864129163324832 257.76913693919778 98.916313003748655 230.80728609487414 3.830952912569046 4.347990520298481 4.1100670769810694
leaf_count=20 21 24 22 19 28 21 21 110 30 40 35 30 23 28 22 444 55 22 32 1268 485 1138 21 21 20
internal_value=1.35247e-06 -0.00857948 0.00949646 -0.0296931 0.0272986 0.000296042 0.00796631 0.0136621 0.00325258 -0.00475458 -0.021966 0.0335674 0.0185321 -0.000423157 -0.00627249 -0.00870258 -0.0303136 -0.00493949 0.000750946 0.000378932 -0.00682255 0.00189756 0.029355 -0.00933514 0.0537275
internal_weight=812.969 26.9926 14.5424 12.4502 9.64961 785.977 67.3789 56.6071 37.1693 31.0733 10.7718 19.4379 11.1341 718.598 120.128 112.457 16.6778 95.7792 598.47 591.606 103.03 488.576 7.67051 7.92684 8.30374
internal_count=4000 135 74 61 50 3865 330 274 180 150 56 94 53 3535 592 549 83 466 2943 2911 505 2406 43 40 41
is_linear=0
shrinkage=0.05


Tree=173
num_leaves=24
num_cat=0
split_feature=8 0 7 14 7 4 4 4 0 28 7 0 29 31 14 29 14 31 1 12 4 28 9
split_gain=0.839542 2.864 3.42557 3.34885 3.34792 3.90884 4.62584 4.0322 3.23993 6.4431 3.47079 3.06156 2.84814 2.93337 2.43389 2.71504 2.62734 2.48025 3.52082 2.38867 2.17228 2.10596 1.87081
threshold=-0.21124839037656781 1.5313526391983034 0.15789182484149936 -1.7823450565338133 0.26312074065208441 -0.99577614665031422 -1.4056022763252256 -0.9397769272327422 -1.0757619142532346 -0.81205061078071583 -1.3843139410018919 -0.44210506975650782 -0.040721395984292023 0.14020369946956637 -1.827153146266937 0.19515135884284976 -1.6560645103454588 -2.0087285041809078 0.015735047403723005 0.47431336343288427 -2.235093235969543 0.15520664304494861 -0.021643027663230893
decision_type=2 2 2 2 2 2 2 2 2 2 2 2 2 2 2 2 2 2 2 2 2 2 2
left_child=1 2 3 -1 11 6 -6 -7 9 -5 -10 -4 -3 -14 15 -2 22 18 -18 -13 -19 -22 -16
right_child=14 12 4 8 5 7 -8 -9 10 -11 -12 19 13 -15 16 -17 17 20 -20 -21 21 -23 -24
leaf_value=0.040496527899664583 -0.045984447950181695 0.052611586994344088 -0.057835397040401575 -0.030777006042612187 -0.0056022646623499379 -0.069243675121314782 0.043072248176517648 -0.0041983858375506276 -0.014273150851518215 0.035680422078171729 0.0053721108574108735 0.0047641093130164885 0.034491042254785526 -0.02486513763629862 0.050494641820123934 -0.00089201671306502698 -0.0052837938751389181 -0.033730014493633068 0.05141345921807277 -0.041395589440747324 0.001596738628698587 -0.0053439421268954741 0.0050590511454269016
leaf_weight=6.6518114507198325 6.3693991228938085 5.393869135528802 5.1146259680390385 4.5898164287209537 9.7968430295586604 2.4385961815714827 9.7282418459653837 103.75272597372532 27.882262989878654 17.756672415882349 116.10282545164227 7.8343184292316419 4.3343064114451391 4.0047004409134388 4.1741067469120026 7.014378048479557 5.6396751403808576 5.2734728902578345 5.3221910372376442 4.363758847117424 249.04193115606904 194.76200806349516 4.9549614042043668
leaf_count=34 32 35 29 25 52 11 47 511 133 86 572 36 27 24 20 35 28 27 26 21 1211 955 23
internal_value=1.46403e-06 0.001946 0.000974606 0.00570823 -0.00475037 -0.00191159 0.0186495 -0.0056921 0.00431701 0.0220305 0.00156787 -0.0253642 0.0242992 0.005986 -0.00132731 -0.0223517 -0.000727555 -0.00125464 0.0222438 -0.0117491 -0.00182823 -0.00144916 0.0258337
internal_weight=812.297 329.745 316.012 172.983 143.029 125.716 19.5251 106.191 166.332 22.3465 143.985 17.3127 13.7329 8.33901 482.552 13.3838 469.168 460.039 10.9619 12.1981 449.077 443.804 9.12907
internal_count=4000 1643 1557 850 707 621 99 522 816 111 705 86 86 51 2357 67 2290 2247 54 57 2193 2166 43
is_linear=0
shrinkage=0.05


Tree=174
num_leaves=23
num_cat=0
split_feature=0 8 7 9 29 14 14 10 13 0 13 0 29 2 28 10 29 5 1 0 7 0
split_gain=0.864747 3.40137 5.19178 2.60262 3.29701 3.29266 2.69952 3.23454 1.84203 1.50444 2.28372 1.39935 3.04312 3.40377 3.78699 1.33275 3.23149 2.96417 2.42438 1.96077 3.29519 3.2071
threshold=-1.1846712231636045 -1.0768591761589048 -0.22328536212444303 -1.0626864433288572 0.35495644807815557 -1.2249098420143125 -1.0445469021797178 -0.23362637311220166 0.069608476012945189 -1.1133076548576353 0.29782594740390783 -0.97071135044097889 -0.88563925027847279 0.60232076048851024 -0.44818972051143641 0.94415313005447399 1.2544842362403872 1.0839900374412539 0.25679999589920049 -0.29838362336158747 1.0661479234695437 -0.20397192984819409
decision_type=2 2 2 2 2 2 2 2 2 2 2 2 2 2 2 2 2 2 2 2 2 2
left_child=1 2 -1 4 -3 -5 -7 -8 -4 10 -2 12 -11 14 -14 19 17 -17 -18 20 -13 -21
right_child=9 3 8 5 -6 6 7 -9 -10 11 -12 15 13 -15 -16 16 18 -19 -20 21 -22 -23
leaf_value=0.063048641566819802 -0.00078266176921964212 0.041787932279369354 0.018654983520819422 -0.046224870052701872 -0.016073108188961207 0.034332606919107542 0.0036345807874936958 -0.021680987398658452 -0.032486737557399128 0.024400394539928039 0.042385893086547395 0.0035287199866560455 0.019248437081263024 -0.054815928975618614 -0.033654666906393398 -0.010178094378253667 0.034514746193318804 0.015519611952894112 -0.010681784926530758 -0.017190326055955715 0.024603227085103686 0.0010225234814900367
leaf_weight=4.4100960120558739 7.1371619105339033 5.316428676247595 3.6345676034688932 6.5198579877614966 4.5855070240795612 3.4247793853282849 21.126578059047453 31.327757917344584 3.4150898680090904 4.6634894683957127 5.3679956793785095 129.34381628781557 6.7038129940629041 5.2689336836338034 6.8284091278910619 92.876315113157034 8.72606612741947 12.763762094080446 4.495758853852748 25.741006530821323 21.653558120131493 396.33652304112911
leaf_count=22 39 29 20 37 28 17 110 165 20 25 25 627 33 31 39 450 44 66 24 122 105 1922
internal_value=1.41987e-06 -0.00480967 0.0204985 -0.00882104 0.0149929 -0.0126 -0.00867675 -0.0114849 -0.00611978 0.000555035 0.017748 0.000254503 -0.0117539 -0.0207217 -0.00744666 0.000661726 -0.00415659 -0.00707322 0.0191468 0.0016611 0.00655088 -8.82134e-05
internal_weight=811.667 83.7607 11.4598 72.3009 9.90194 62.399 55.8791 52.4543 7.04966 727.907 12.5052 715.401 23.4646 18.8012 13.5322 691.937 118.862 105.64 13.2218 573.075 150.997 422.078
internal_count=4000 448 62 386 57 329 292 275 40 3552 64 3488 128 103 72 3360 584 516 68 2776 732 2044
is_linear=0
shrinkage=0.05


Tree=175
num_leaves=24
num_cat=0
split_feature=3 30 6 1 4 28 6 8 6 12 1 8 2 5 28 1 5 6 28 3 12 13 12
split_gain=0.817822 2.36767 1.01748 0.98763 4.42812 4.1641 5.3605 3.60529 2.88979 2.34995 1.77675 4.25058 4.56756 3.36136 3.13872 2.7001 3.96916 3.59671 2.92283 2.50237 2.1394 7.26656 3.09114
threshold=-2.0944153070449825 0.21375562995672229 -0.23859100043773648 -1.316781163215637 -1.4244225025177 -0.73244577646255482 1.0897848606109621 0.57681971788406383 -0.013045574072748421 0.62287378311157238 -0.87073045969009388 0.91849458217620861 0.20903760939836505 -0.38563495874404902 0.67544150352478038 -0.60706445574760426 -1.1466925144195554 1.351291358470917 -0.17445773631334302 -0.31868377327919001 0.44999128580093389 1.5177266597747805 0.358716830611229
decision_type=2 2 2 2 2 2 2 2 2 2 2 2 2 2 2 2 2 2 2 2 2 2 2
left_child=1 2 -1 4 -2 7 9 8 -6 -7 11 13 -13 14 -5 16 18 -18 -12 -15 22 -22 -17
right_child=3 -3 -4 10 5 6 -8 -9 -10 -11 15 12 -14 19 -16 20 17 -19 -20 -21 21 -23 -24
leaf_value=0.016886840164375857 -0.04371929415354326 -0.0072647434053808319 0.06115335866718568 -0.036666018963120744 -0.059863471052790523 0.02723371018796121 -0.025960494818423857 0.020895039622977781 -0.0040521004423226805 0.0027406937890763201 0.012752138140147366 0.043077291897863551 -0.013224539347657941 -0.021389669648546827 0.0056494130411518136 -0.0021525688921463166 0.019246316338714833 -0.018940285580206731 -0.04287677557621012 0.005657408595965023 0.00073120353868725695 0.039764810303978333 -0.023706746890392288
leaf_weight=2.6921050921082497 4.3337350040674201 6.3547796159982681 2.506984703242777 20.086108542978767 4.9883738011121741 35.050569787621498 7.155356101691722 4.424105077981948 4.3347252905368796 13.589885048568247 4.0197115540504456 7.644709497690199 6.8123830705881119 13.253988705575464 5.6051010861992827 372.86488795652986 50.512276951223612 7.0236956998705855 5.7231357246637327 24.103715963661671 177.80872876942158 12.780157014727591 17.410702295601368
leaf_count=22 21 37 21 96 24 171 36 22 20 67 20 37 33 64 28 1824 248 33 28 115 882 64 87
internal_value=7.12505e-07 0.0132082 0.038232 -0.000190148 0.00531743 0.00837326 0.0144464 -0.0162756 -0.0339143 0.0203905 -0.000750861 -0.00790549 0.0165471 -0.0135125 -0.027434 0.000104701 0.00958719 0.0145847 -0.0199254 -0.00393851 -0.000993611 0.00334865 -0.00311413
internal_weight=811.08 11.5539 5.19909 799.526 73.8768 69.543 55.7958 13.7472 9.3231 48.6405 725.649 77.506 14.4571 63.0489 25.6912 648.143 67.2788 57.536 9.74285 37.3577 580.864 190.589 390.276
internal_count=4000 80 43 3920 361 340 274 66 44 238 3559 373 70 303 124 3186 329 281 48 179 2857 946 1911
is_linear=0
shrinkage=0.05


Tree=176
num_leaves=31
num_cat=0
split_feature=0 8 7 5 31 12 5 14 10 9 30 4 4 9 31 8 7 13 6 29 7 13 5 7 29 7 5 14 5 0
split_gain=0.820768 3.12328 4.82522 2.46205 2.91186 4.23153 4.94076 3.79868 4.98854 4.74042 2.71641 2.34457 1.4754 3.80899 3.5796 4.55734 3.76104 3.84041 2.65518 1.89656 3.11938 3.04321 3.38481 3.26272 5.56533 3.05029 2.80319 3.41602 3.22918 1.97215
threshold=-1.1846712231636045 -1.0585409998893736 -0.22328536212444303 1.043002247810364 -0.48042863607406611 -1.0964491367340086 -0.82037675380706776 0.47705636918544775 -0.23362637311220166 -0.75636816024780262 -0.2670105099678039 -0.012321893125772474 -0.91385549306869496 -1.5772885084152219 0.77317005395889293 -1.3878108859062193 -0.73902037739753712 -0.28697377443313593 -0.40916544198989863 -0.2663660049438476 1.8628057241439822 1.8616539835929873 -0.23706196993589398 0.88562163710594188 -0.62373960018157948 0.56782832741737377 1.629889249801636 0.79309087991714489 -0.3502527624368667 0.65463086962699901
decision_type=2 2 2 2 2 2 2 2 2 2 2 2 2 2 2 2 2 2 2 2 2 2 2 2 2 2 2 2 2 2
left_child=1 2 -1 4 5 -3 -7 9 -9 -6 -5 -4 13 -2 15 -15 -16 -18 -17 21 26 23 -23 25 -25 -14 28 -28 -21 -22
right_child=12 3 11 10 7 6 -8 8 -10 -11 -12 -13 19 14 16 18 17 -19 -20 20 29 22 -24 24 -26 -27 27 -29 -30 -31
leaf_value=0.060980052313669597 -0.033875884446790308 0.035884659791462256 -0.033248305694293122 -0.059165472752156438 0.023547352157295108 0.01978945920139237 -0.045652242940511061 0.054014574608211165 -0.0051156511773928909 -0.021473040214017559 -0.0068217048757660374 0.022808486716261296 -0.0036132822291174275 -0.030640397380441154 0.027094772254010621 0.026738795010933455 0.0075498447774794203 -0.03880111459549803 0.0083522853796634249 -0.0029127923354144197 -0.045074319578580151 0.00079854461420439653 -0.063216674335710793 0.021312049437699831 -0.014867616335999959 -0.024127754038647378 -0.030730121618913 0.023788090541893306 0.0071397757815058124 0.00022883649501872464
leaf_weight=4.3498710840940475 5.8124953657388678 2.7874710410833385 3.7381666004657745 4.7275103554129601 8.2793296426534599 3.7346376627683684 12.665639825165268 6.8900271877646446 7.3955906927585584 19.903253763914115 5.2103369608521444 3.7230381667613965 160.53229301795363 5.8103484585881224 5.4270670711994198 31.131030078977346 7.4612090662121835 11.143011957406992 53.172786936163902 125.68797799572349 5.701702665537594 3.8335121497511864 4.4759250432252866 30.854617670178413 16.215288765728474 20.425674855709076 12.241750270128248 3.7545032501220694 219.23022377118468 4.1513399481773376
leaf_count=22 31 17 22 27 45 20 71 33 38 103 30 20 787 30 27 162 40 51 258 601 28 19 21 149 79 101 61 20 1067 20
internal_value=9.95229e-07 -0.00469689 0.0191248 -0.00862684 -0.0049043 -0.0210697 -0.03075 0.00239948 0.0234032 -0.00824719 -0.031722 -0.00527674 0.000539912 0.00560697 0.00761751 0.01219 -0.00952863 -0.0202121 0.0151419 -0.000461288 0.00176991 -0.0039616 -0.0336836 -0.00287852 0.00884838 -0.00592886 0.00252767 -0.0179341 0.00347663 -0.0259869
internal_weight=810.468 83.4049 11.8111 71.5938 61.6559 19.1877 16.4003 42.4682 14.2856 28.1826 9.93785 7.4612 727.063 119.958 114.145 90.1142 24.0313 18.6042 84.3038 607.105 370.767 236.337 8.30944 228.028 47.0699 180.958 360.914 15.9963 344.918 9.85304
internal_count=4000 448 64 384 327 108 91 219 71 148 57 42 3552 599 568 450 118 91 420 2953 1797 1156 40 1116 228 888 1749 81 1668 48
is_linear=0
shrinkage=0.05


Tree=177
num_leaves=31
num_cat=0
split_feature=3 3 28 13 11 3 8 12 30 13 7 28 12 13 2 29 29 12 2 8 3 3 8 8 11 28 29 2 11 31
split_gain=0.83049 2.29893 2.81271 1.81241 2.58399 3.35086 4.00868 3.19674 4.42026 2.30073 2.61122 3.24929 2.18868 3.03317 1.6649 9.42574 3.94468 5.42515 5.11855 3.38975 3.1312 2.84274 2.62033 5.07406 4.77078 6.83772 4.1032 3.46209 2.61722 1.6054
threshold=0.79650360345840465 0.76034474372863781 1.0000000180025095e-35 -1.1897689104080198 0.31550739705562597 0.25174881517887121 -0.72233802080154408 0.95541319251060497 -0.56347391009330738 -1.0984091162681577 0.4202870130538941 -0.19246137142181394 2.0991597175598149 0.35607109963893896 1.1861650943756106 -0.56695339083671559 0.61244627833366405 0.30560964345932012 -0.39287289977073664 0.20213674753904345 1.2236917614936831 1.5166906714439394 0.51622703671455394 0.16602759808301928 0.58227765560150158 -1.0842323303222654 0.053254585713148124 -0.30617383122444147 -0.43351839482784266 -0.044306296855211251
decision_type=2 2 2 2 2 2 2 2 2 2 2 2 2 2 2 2 2 2 2 2 2 2 2 2 2 2 2 2 2 2
left_child=1 3 -3 4 5 6 -1 8 -6 10 11 -5 -11 -14 16 -16 22 19 -19 21 -20 -18 23 26 25 -24 -2 -25 -17 -21
right_child=14 2 -4 9 7 -7 -8 -9 -10 12 -12 -13 13 -15 15 28 17 18 20 29 -22 -23 24 27 -26 -27 -28 -29 -30 -31
leaf_value=0.032696445437106175 -0.0084276605547233992 0.050413001053073309 -0.0031501444230830804 0.037064046761980406 -0.042244784481559106 -0.027343265677670869 -0.003128923793758097 -0.05052911780970526 0.0058949964002330884 0.0013820101348022311 0.053951135951678476 -0.025424190451224144 -0.042795791745466605 0.010074740792470461 -0.058053955926543943 -0.0024400735062872969 -0.066724556978488711 -0.030074415079925688 0.059928762261581808 0.016512691351181559 -0.0014144377386482035 -0.019754955471524168 0.062285042175409637 0.059718228847144644 -0.045736227448388532 -0.01210893528341366 0.021979139533987002 0.0082161131932740033 0.044513244741280378 -0.029254783411724879
leaf_weight=10.59989546984434 45.723701737821102 5.1256851106882078 4.6968157477676868 4.1977916210889807 7.0870513468980851 9.0648573487997037 29.649514734745026 6.2168123200535765 14.575510777533053 538.59071833640337 4.3356962949037543 4.1241780072450629 6.568241357803343 4.6214642003178596 3.857365362346175 4.2678951472044 8.9387952536344546 6.181747540831565 4.2614929750561696 3.5002955123782158 4.0642341077327728 5.036425217986106 3.6254649981856373 6.3665623664855957 7.9206281825900069 20.862032786011696 14.649576485157011 6.6939788088202459 9.7434661686420405 4.2334490343928328
leaf_count=54 240 24 24 21 34 47 145 31 73 2618 21 20 32 23 23 21 46 32 20 19 21 28 17 29 38 115 76 38 47 23
internal_value=3.57287e-07 0.000795138 0.0248008 0.000426496 -0.00675772 0.000120554 0.00630588 -0.0189243 -0.00985425 0.00141252 0.0224883 0.0060963 0.000927288 -0.0209597 -0.0032272 0.0111571 -0.00503653 -0.0192801 0.00439256 -0.0350998 0.0299839 -0.0497975 -0.000162741 0.0050636 -0.0120052 -0.00109463 -0.00104945 0.0333216 0.0302111 -0.00854041
internal_weight=809.381 649.454 9.8225 639.632 77.1936 49.3143 40.2494 27.8794 21.6626 562.438 12.6577 8.32197 549.78 11.1897 159.927 17.8687 142.058 36.2164 14.5075 21.709 8.32573 13.9752 105.842 73.4338 32.4081 24.4875 60.3733 13.0605 14.0114 7.73374
internal_count=4000 3167 48 3119 384 246 199 138 107 2735 62 41 2673 55 833 91 742 189 73 116 41 74 553 383 170 132 316 67 68 42
is_linear=0
shrinkage=0.05


Tree=178
num_leaves=15
num_cat=0
split_feature=30 7 6 0 28 11 3 4 30 1 1 31 1 6
split_gain=0.794454 3.41006 0.905331 0.915422 2.33979 3.01034 2.58068 1.12462 4.74992 4.4433 3.38279 5.72541 3.54458 0.847914
threshold=-2.1287356615066524 -0.26217114925384516 -2.7325917482376094 1.8306517004966738 0.067852020263671889 0.11554857715964319 0.074234437197446837 0.32100366055965429 -1.7510783672332761 0.59921172261238109 0.61154469847679149 0.99756985902786266 0.53348106145858776 -0.1043935865163803
decision_type=2 2 2 2 2 2 2 2 2 2 2 2 2 2
left_child=1 -1 -2 7 5 -5 -6 10 -9 -10 12 -12 -4 -3
right_child=2 13 3 4 6 -7 -8 8 9 -11 11 -13 -14 -15
leaf_value=0.022753326317368747 0.028133085439957323 -0.049720239685241481 -0.00015536031630186274 0.0040794489001210422 -0.032298648612604106 0.061522511327612189 0.018160892151466549 0.042103486639786608 -0.002533176409342613 0.011730866005846868 -0.0036226822044400624 -0.030941426232777097 0.02527470768535189 -0.016170732744304885
leaf_weight=4.2830860018730164 2.8882415965199462 3.8065044283866882 344.00261799246073 5.2707649432122725 4.8213885016739351 4.0205169357359409 5.3406946659088135 7.3056156411766997 205.12479002401233 74.39766600728035 105.61141099408269 23.434705592691898 14.271296352148054 3.7275246009230596
leaf_count=23 15 19 1705 35 30 32 35 35 980 363 524 112 70 22
internal_value=-5.24054e-07 -0.0128697 0.000190409 8.87145e-05 0.0108013 0.0289362 -0.00577958 -0.000180479 0.00230355 0.00126334 -0.00164254 -0.00858375 0.000857608 -0.0331213
internal_weight=808.307 11.8171 796.49 793.601 19.4534 9.29128 10.1621 774.148 286.828 279.522 487.32 129.046 358.274 7.53403
internal_count=4000 64 3936 3921 132 67 65 3789 1378 1343 2411 636 1775 41
is_linear=0
shrinkage=0.05


Tree=179
num_leaves=29
num_cat=0
split_feature=8 1 3 8 8 7 1 31 8 8 9 3 10 31 14 30 7 4 5 14 1 9 14 4 8 10 14 29
split_gain=0.782956 2.93744 2.29848 1.70875 1.20504 3.06877 3.53353 5.11455 4.17588 2.90905 3.55063 2.39717 3.76595 4.14299 3.53906 2.54905 1.78375 1.72764 2.95814 3.31721 4.33105 2.87675 2.94411 2.16807 2.16229 3.69762 2.01888 1.30195
threshold=-1.8750287294387815 0.11696918308734895 0.1245059370994568 -2.1068072319030757 -0.68880105018615712 0.15789182484149936 0.72487500309944164 -0.53600826859474171 -0.96119281649589527 -0.74090257287025441 -1.262431740760803 0.32887709140777593 -1.0901782512664793 -0.46210847795009607 -0.79453516006469715 -0.94921225309371937 -0.57929310202598561 -0.71916213631629933 0.70612844824790966 -1.2011886835098264 0.032258020713925369 1.648806691169739 -0.91449537873268116 -0.69130530953407276 -0.50247898697853077 -0.81286615133285511 -1.827153146266937 -0.14942836016416547
decision_type=2 2 2 2 2 2 2 2 2 2 2 2 2 2 2 2 2 2 2 2 2 2 2 2 2 2 2 2
left_child=1 2 -1 -3 5 11 9 -8 -9 10 -7 12 27 -14 16 -16 -13 18 21 -20 -21 22 -6 -19 25 -25 -26 -2
right_child=4 3 -4 -5 17 6 7 8 -10 -11 -12 14 13 -15 15 -17 -18 23 19 20 -22 -23 -24 24 26 -27 -28 -29
leaf_value=0.029346679564347646 0.025425168024528995 -0.011969350238320074 -0.015007421413493436 -0.055133592850440574 0.01701407097154908 -0.047067105901960039 -0.080726036498026024 -0.032761756213558549 0.025102164022672336 0.034396386601385186 0.0020515450112913018 0.052850389864968775 0.030302149415399167 0.00060691033300453454 0.021721725246017783 -0.0178028798111808 0.0069975319212243594 -0.03589878102701631 -0.030107450088426503 0.0034457249973155282 0.045751946753599726 0.037726508728398167 -0.0051767283476882456 0.023699283365689279 -0.01988991398186675 -0.020578270731262324 -0.00027888001644521635 0.066398966030444664
leaf_weight=5.8535045087337512 3.4605932086706161 5.3817500844597816 5.8300481364130974 3.994729354977606 18.133436150848866 3.974827714264392 3.2023249417543438 8.0124051943421364 5.1042635440826389 6.2706934362649909 49.466541543602943 3.7969059199094772 18.282945070415735 32.849992156028748 5.1042218953371075 20.314808510243893 4.8053141236305219 4.7178843170404425 3.0609157979488399 11.799599733203651 12.414286661893128 4.9545037634670726 85.05417275801301 5.5881523936986914 13.538294099271296 30.181750006973743 428.29768503084779 4.4086541980504981
leaf_count=29 19 27 33 23 92 22 15 42 24 31 242 19 96 160 26 102 23 24 16 60 61 29 426 25 66 155 2086 27
internal_value=-1.48502e-07 -0.00951437 0.00721415 -0.0303589 0.000254517 0.00399501 -0.00345642 -0.0240752 -0.0102444 0.00217859 -0.00160177 0.0100853 0.0161802 0.0112247 -0.000484882 -0.00986621 0.0272364 -0.000769128 0.00422116 0.0189361 0.0251358 0.00050986 -0.00127708 -0.0021702 -0.00183702 -0.013661 -0.000879782 0.0483803
internal_weight=807.855 21.06 11.6836 9.37648 786.795 169.054 76.0311 16.319 13.1167 59.7121 53.4414 93.0234 59.0022 51.1329 34.0213 25.419 8.60222 617.741 135.417 27.2748 24.2139 108.142 103.188 482.324 477.606 35.7699 441.836 7.86925
internal_count=4000 112 62 50 3888 848 376 81 66 295 264 472 302 256 170 128 42 3040 684 137 121 547 518 2356 2332 180 2152 46
is_linear=0
shrinkage=0.05


Tree=180
num_leaves=20
num_cat=0
split_feature=10 9 29 1 10 10 30 1 1 0 29 1 30 1 0 28 1 5 7
split_gain=0.779418 3.94544 3.5246 2.16616 1.20195 3.08956 2.89565 2.05958 4.50621 2.80374 2.5247 2.25124 1.67717 2.74639 5.12259 4.46503 2.66761 4.88281 2.67239
threshold=2.0282984972000127 0.49744082987308508 -0.43166385591030115 -0.059921545907855027 1.5508342981338503 1.438213109970093 0.2071417644619942 -0.071845281869173036 0.35002234578132635 0.2213212847709656 -0.031468734145164483 -0.60706445574760426 0.22420413047075274 1.0863754749298098 1.0325714349746706 -2.4419348239898677 1.1913852691650393 -1.6462826728820799 1.0852506160736086
decision_type=2 2 2 2 2 2 2 2 2 2 2 2 2 2 2 2 2 2 2
left_child=4 2 -2 -4 5 12 -7 9 -9 11 -10 -6 16 15 -15 -14 18 -18 -1
right_child=1 -3 3 -5 7 6 -8 8 10 -11 -12 -13 13 14 -16 -17 17 -19 -20
leaf_value=-0.0011508330027919002 0.029059540513024118 0.04131491067561479 -0.055393072809912472 -0.0035274774880284555 -0.037000890959322609 0.0028022208888135672 0.060639406255785566 -0.050705962016163481 -0.031001522900330227 0.030334650943400744 0.018162510556203569 0.013661401525319666 0.080392932548064872 -0.023625525794876829 0.02229930184788647 -0.0016741455805552041 0.08770195642063304 0.0096447405219801333 0.011023649136808937
leaf_weight=336.93143048509955 4.5331275537610063 6.5937852300703517 3.5364207960665226 4.6736359372735023 4.7711983621120444 4.6358618885278684 4.0587368980050087 7.4542183205485371 4.2014778181910506 6.1128881499171248 6.8993297368288031 4.0575583949685088 1.6677003875374783 32.909199852496386 7.4458645582199088 268.21908673644066 2.0990799292922011 43.988239206373692 52.036907583475113
leaf_count=1666 23 39 18 25 23 24 21 37 21 30 34 20 9 165 38 1321 11 221 254
internal_value=1.23477e-07 0.00991742 -0.00632878 -0.0258682 -0.000243398 0.000168327 0.0298013 -0.00951112 -0.0206368 0.00430513 -0.000445288 -0.0137173 -0.000177369 -0.00298614 -0.015152 -0.00116703 0.00182559 0.0131999 0.000477892
internal_weight=806.826 19.337 12.7432 8.21006 787.489 753.992 8.6946 33.4967 18.555 14.9416 11.1008 8.82876 745.298 310.242 40.3551 269.887 435.056 46.0873 388.968
internal_count=4000 105 66 43 3895 3730 45 165 92 73 55 43 3685 1533 203 1330 2152 232 1920
is_linear=0
shrinkage=0.05


Tree=181
num_leaves=31
num_cat=0
split_feature=8 14 6 1 29 28 3 9 4 7 3 7 11 13 7 3 3 14 3 29 14 7 9 7 6 12 12 14 14 6
split_gain=0.777361 2.42196 3.05447 3.46187 3.0302 5.20951 3.42155 2.89751 2.85937 2.73212 4.70146 3.53765 3.69072 3.51449 3.39786 2.35535 2.28044 2.01725 2.88666 2.8212 2.50488 3.3772 5.13386 5.66276 4.54188 4.48626 2.77431 2.5967 2.58303 6.91214
threshold=-0.21124839037656781 1.210502624511719 -1.7569160461425779 -0.57928690314292897 0.26420249044895178 -0.91570255160331715 -0.66067150235176075 -0.38389761745929712 -0.29783801734447474 0.15789182484149936 0.2973997443914414 0.26312074065208441 1.7084597349166872 -0.41521722078323359 -1.1372689008712766 -0.66067150235176075 0.1245059370994568 -1.827153146266937 -0.81146872043609608 0.3362108319997788 -0.84360527992248524 0.245854027569294 0.5627761483192445 -0.5956607162952422 -0.35719642043113703 -0.16232816129922864 0.23983691632747653 -1.3009504079818723 -0.36939929425716395 0.46355473995208746
decision_type=2 2 2 2 2 2 2 2 2 2 2 2 2 2 2 2 2 2 2 2 2 2 2 2 2 2 2 2 2 2
left_child=1 2 3 -1 5 -3 -7 -6 -9 10 14 15 -13 -12 -4 -11 -8 18 -2 -20 21 22 23 -19 27 -26 -24 -23 29 -22
right_child=17 4 9 -5 7 6 16 8 -10 11 13 12 -14 -15 -16 -17 -18 20 19 -21 28 24 26 -25 25 -27 -28 -29 -30 -31
leaf_value=-0.017014426134054603 0.021614159584947695 0.059813069453731826 -0.0012435066065037985 0.04392674852182557 0.0051606485446634154 0.023565058776874773 -0.051745559701567745 -0.017487078216389989 -0.075864051692794046 0.0087789958025491534 0.013596431193482059 -0.0018697712109588323 0.044438697274090944 -0.011860059048307607 0.020216397594396304 -0.036703911987010174 -0.0064448715145311187 0.025265349001047377 -0.058916700404691873 -0.0061169480676202207 -0.019260545415323307 0.021387208199304831 -0.052748625146505745 -0.012688021136411015 0.032504182138749241 -0.012366097864196752 -0.0022495632512689687 0.070072065467231909 -0.00039347169244918935 0.015475435961486107
leaf_weight=3.1581610366702071 3.1097913309931746 3.1563238427043023 25.839171558618546 8.891061104834078 3.854929380118846 5.1420790255069795 4.8086993396282143 4.1205443628132334 4.2727163657546035 3.7680303752422324 19.883113175630569 109.89574019610882 4.4779149740934363 42.622915796935558 64.462454941123724 11.637683458626269 6.578936368227005 20.812371127307411 5.2467391937971097 4.8858667090535164 57.780473873019218 5.4691360220313072 6.3552678599953634 18.621549084782604 9.6506803557276726 13.176585361361504 4.7544096931815147 5.4864421263337118 305.27982804179192 19.041294679045677
leaf_count=17 16 17 126 48 20 26 23 23 21 19 96 550 23 211 327 58 38 97 27 24 287 27 33 87 45 62 25 26 1510 91
internal_value=3.22536e-07 0.00188194 0.00329953 0.0279538 -0.0111972 0.000951617 -0.0102879 -0.0307236 -0.0472048 0.0022483 0.00677909 -0.00308644 -5.67192e-05 -0.00376237 0.0140758 -0.0255794 -0.0255742 -0.00128073 -0.0205244 -0.0334571 -0.00073438 0.00706534 -0.00111519 0.00734295 0.0193045 0.0066037 -0.0311374 0.0457681 -0.00245571 -0.0106508
internal_weight=806.241 326.57 294.636 12.0492 31.9342 19.686 16.5297 12.2482 8.39326 282.587 152.808 129.779 114.374 62.506 90.3016 15.4057 11.3876 479.67 13.2424 10.1326 466.428 84.3264 50.5436 39.4339 33.7828 22.8273 11.1097 10.9556 382.102 76.8218
internal_count=4000 1643 1475 65 168 104 87 64 44 1410 760 650 573 307 453 77 61 2357 67 51 2290 402 242 184 160 107 58 53 1888 378
is_linear=0
shrinkage=0.05


Tree=182
num_leaves=26
num_cat=0
split_feature=30 5 5 28 28 12 29 11 2 14 11 2 11 3 14 1 12 6 11 31 5 4 2 31 2
split_gain=0.778852 2.65449 4.29418 0.961667 3.85457 5.01258 5.23469 3.89546 3.76007 4.38255 3.05891 2.94207 2.92517 2.31369 2.25092 1.4946 3.26564 3.05713 1.61958 3.15788 4.00111 2.31501 1.52616 3.45521 2.83785
threshold=-2.0349144935607906 0.35844163596630102 -0.44083754718303675 1.3668881058692934 1.6316602826118471 -0.30586673319339747 -0.62373960018157948 -0.050204699859023087 0.25077004730701452 0.72648561000823986 -0.27019053697586054 -0.1148850880563259 0.63822785019874584 -0.37294924259185785 0.20034106075763705 2.0256073474884038 -0.35268162190914149 -0.14004527032375333 1.2696312069892886 -0.22958220541477201 -0.16094674915075299 -1.3047444224357603 1.3560638427734377 0.3919606506824494 1.0025110840797427
decision_type=2 2 2 2 2 2 2 2 2 2 2 2 2 2 2 2 2 2 2 2 2 2 2 2 2
left_child=1 2 -1 15 5 13 -7 -8 9 11 14 -6 -12 -5 -10 18 -17 -18 22 20 -20 -21 24 -24 -2
right_child=3 -3 -4 4 8 6 7 -9 10 -11 12 -13 -14 -15 -16 16 17 -19 19 21 -22 -23 23 -25 -26
leaf_value=0.0082763984157140143 0.00056259150378229028 0.016793991849114034 -0.058806972427243101 -0.07464772857116736 -0.0075659645204326628 0.040337419409251001 0.011605403904320095 -0.052637687462648089 -0.066490905826367311 0.050708013918719923 0.028982210016238311 0.036612843061018356 -0.027338971033899387 -0.027079404743787783 -0.012367596012535627 -0.044334365172592816 0.031129871481998063 -0.025384016874378121 0.042666959618954975 -0.032051432406621623 0.0052160011845123547 0.0037965079693146548 -0.0001188296171985383 0.028489207436121641 -0.012518152581365219
leaf_weight=4.5235314294695845 538.58474770188332 5.3803862296044818 5.0473774075508109 4.4946285337209702 14.888192936778072 4.8339213952422133 4.3121756985783568 5.2112624272704116 3.6681132093071964 6.5686805099248877 5.2789576947689039 5.0456073656678209 4.0928071066737175 5.9275151714682597 4.0332607477903366 5.7861952483654013 4.849747121334075 4.723934903740882 12.229708038270475 5.089807264506816 17.108493227511644 39.107249945402145 34.237918555736542 15.258145093917845 44.921622924506664
leaf_count=23 2665 30 27 21 75 23 21 26 19 32 25 25 20 29 22 29 25 23 61 25 89 188 173 77 227
internal_value=4.63872e-07 -0.011305 -0.0271011 0.000214359 -0.00545392 -0.0211991 -0.00203912 -0.0235487 0.00349966 0.0152882 -0.0147996 0.0036165 0.0043858 -0.0475936 -0.0381462 0.000751078 -0.014679 0.00324426 0.00108652 0.00811009 0.0208275 -0.000331801 0.000270602 0.00870017 -0.000444438
internal_weight=805.204 14.9513 9.57091 790.253 68.3551 24.7795 14.3574 9.52344 43.5756 26.5025 17.0731 19.9338 9.37176 10.4221 7.70137 721.898 15.3599 9.57368 706.538 73.5353 29.3382 44.1971 633.002 49.4961 583.506
internal_count=4000 80 50 3920 338 120 70 47 218 132 86 100 45 50 41 3582 77 48 3505 363 150 213 3142 250 2892
is_linear=0
shrinkage=0.05


Tree=183
num_leaves=31
num_cat=0
split_feature=0 29 29 12 12 29 5 28 29 12 30 31 28 8 0 4 13 29 0 12 29 0 4 0 28 28 7 28 3 9
split_gain=0.780593 2.68931 4.21287 3.44332 4.16706 3.94046 3.90205 2.8555 3.28855 4.15007 5.13554 3.98684 3.90765 3.66077 2.48919 5.52761 2.79683 2.78256 2.66627 5.2581 3.44669 2.82262 4.12841 3.92538 5.17631 3.0145 2.85404 2.54425 2.47141 2.34446
threshold=-0.71623405814170826 0.31050118803977972 0.19515135884284976 1.1128480434417727 0.62287378311157238 -0.14942836016416547 -0.22327230125665662 1.3668881058692934 0.95596972107887279 -0.10451137274503706 0.19130905717611316 -1.2956768274307249 -0.71619930863380421 0.38317984342575079 -0.6427897810935973 -0.16312334686517713 -0.33373413980007166 0.25450436770915991 -0.5396541655063628 -0.33549202978610987 -0.16278833895921704 -0.308180421590805 1.5576213002204897 -0.20397192984819409 1.2770636081695559 0.35079380869865423 -1.5714143514633176 -0.14353047311305997 -0.83918434381484974 0.31223666667938238
decision_type=2 2 2 2 2 2 2 2 2 2 2 2 2 2 2 2 2 2 2 2 2 2 2 2 2 2 2 2 2 2
left_child=1 2 3 4 28 -5 -6 8 11 12 -11 -3 -10 -13 15 17 -17 -2 19 27 -21 22 25 24 -23 -20 -25 -16 -1 -22
right_child=14 7 -4 5 6 -7 -8 -9 9 10 -12 13 -14 -15 18 16 -18 -19 21 20 29 23 -24 26 -26 -27 -28 -29 -30 -31
leaf_value=0.016910908899775947 -0.047466041364483159 0.041228186027811808 0.040730493668882727 0.0398117606845977 -0.00043357010663112611 -0.018380662066208364 -0.055338719535314079 -0.044963758404311674 -0.022190891792180242 0.01249044233598031 -0.043793891083593689 -0.0097447225788109409 0.040076298110142863 -0.044638803634153471 -0.071835541677196885 0.0085773759877427434 0.058262956273207538 0.012831596785411545 0.020873823593002116 -0.029447222897491573 0.040560358464881041 -0.024993729550002116 -0.035528055220202151 -0.013838787138382875 0.03162535137274497 -0.00060152598030136775 0.0018079203100308302 -0.020900582726048448 -0.00466575280718065 -0.0085920452767367008
leaf_weight=17.357929870486252 3.5277031511068371 2.6167802587151519 6.6060306504368773 9.8173689842224103 5.9592360556125641 4.1340697035193434 7.0812332555651647 5.5473040714859954 3.3334185704588881 9.154439292848112 7.2722657173871985 19.83636182919145 10.320844307541849 12.102093122899531 4.5010885149240494 4.5565462484955797 7.4850073456764195 4.1808638423681259 44.661610811948776 5.4247707203030595 5.8191654980182612 28.562935374677181 4.6700964123010626 31.199599996209145 4.7011954486370078 25.76936574280262 442.40877328440547 5.3846967816352862 56.371539536863573 4.1605566218495369
leaf_count=88 20 13 34 50 33 23 39 30 18 49 41 101 54 65 22 21 34 21 207 29 28 139 23 154 21 122 2166 28 306 21
internal_value=2.22095e-07 -0.00292689 0.0020498 -0.000487162 -0.00419416 0.0225683 -0.0302482 -0.0105374 -0.00758284 0.0045049 -0.0124272 -0.0181054 0.024875 -0.0229668 0.000828902 0.0182978 0.0394618 -0.0147627 0.00026076 -0.0156323 0.0026314 0.000951411 0.0099977 -0.000388938 -0.0169918 0.0130164 0.000777172 -0.0440917 0.000413982 0.0200687
internal_weight=804.525 177.511 107.327 100.721 86.7699 13.9514 13.0405 70.1835 64.6362 30.081 16.4267 34.5552 13.6543 31.9385 627.014 19.7501 12.0416 7.70857 607.264 25.2903 15.4045 581.974 75.1011 506.873 33.2641 70.431 473.608 9.88579 73.7295 9.97972
internal_count=4000 944 573 539 466 73 72 371 341 162 90 179 72 166 3056 96 55 41 2960 128 78 2832 352 2480 160 329 2320 50 394 49
is_linear=0
shrinkage=0.05


Tree=184
num_leaves=18
num_cat=0
split_feature=4 9 9 8 3 8 4 8 13 14 0 0 0 4 14 11 30
split_gain=0.781154 1.0844 3.76674 2.88504 5.02383 4.14607 2.72213 2.62297 8.48415 3.30176 2.0463 2.07109 2.8309 4.30462 2.11413 1.88625 1.58325
threshold=2.4081414937973027 -0.6232297122478484 -0.64382126927375782 0.91849458217620861 -0.56713581085205067 1.6835718750953677 0.24321091920137408 0.33705885708332067 0.6141096055507661 -1.0166275501251218 -2.3236590623855586 -1.8141140937805174 -1.1846712231636045 0.86094728112220775 0.50820049643516552 -1.4805760383605955 -0.22373723238706586
decision_type=2 2 2 2 2 2 2 2 2 2 2 2 2 2 2 2 2
left_child=1 2 3 7 6 -6 -5 9 -9 -1 -3 14 13 -13 16 -14 -12
right_child=-2 10 -4 4 5 -7 -8 8 -10 -11 11 12 15 -15 -16 -17 -18
leaf_value=-0.019511363793612228 0.017554567438637186 -0.037892786467352613 -0.042831533054159911 0.015904615949471686 0.0096501875799581693 -0.034141733408905597 0.063161702343236606 -0.03107641908248393 0.020413026680401666 0.0019360550625165665 0.027130364302919499 -0.019561997775494326 -0.0092309789558681042 0.020176878807061465 0.044704142434560785 0.002589861287973286 -0.016310639020229365
leaf_weight=21.406477883458138 6.2869125902652732 3.3639231026172629 5.8199448436498633 7.0070523768663389 20.739115551114086 7.3099932149052611 5.3924146145582199 27.83496892079711 11.227420430630444 110.96322080120444 4.0511584579944602 34.153488211333752 36.280567247420549 8.5133263543248159 5.4152745380997649 483.37012377753854 4.349151797592639
leaf_count=109 30 19 32 33 101 40 27 144 56 553 19 186 184 42 26 2374 25
internal_value=-9.59809e-07 -0.000139407 -0.0031481 -0.00205807 0.00995336 -0.0017626 0.0364563 -0.00489211 -0.0162772 -0.00153236 0.000990871 0.00121791 0.000748009 -0.0116329 0.0203435 0.00176456 0.00463935
internal_weight=803.485 797.198 217.701 211.881 40.4486 28.0491 12.3995 171.432 39.0624 132.37 579.497 576.133 562.318 42.6668 13.8156 519.651 8.40031
internal_count=4000 3970 1095 1063 201 141 60 862 200 662 2875 2856 2786 228 70 2558 44
is_linear=0
shrinkage=0.05


Tree=185
num_leaves=25
num_cat=0
split_feature=3 14 4 14 3 11 29 14 0 3 5 3 30 0 7 10 29 5 30 7 0 13 30 7
split_gain=0.774718 2.14637 2.3282 0.889554 2.74833 3.50969 3.31667 3.24104 4.38832 3.66669 2.39586 2.38424 2.12333 1.92843 4.15908 3.18124 4.67414 4.33098 2.06645 4.82332 3.44055 3.27074 3.57226 1.80602
threshold=-2.0944153070449825 -0.34024351835250849 0.25250963866710668 -0.98602324724197377 -0.83918434381484974 -0.041420333087444298 -0.38994371891021723 -1.3009504079818723 1.3243966698646548 -0.51897373795509327 0.48755674064159399 1.4909732937812807 1.1951388716697695 0.85112506151199352 -2.1958742141723628 0.1721293851733208 0.416819378733635 0.38797682523727423 0.27149069309234625 -2.3501679897308345 0.79127177596092235 2.0836269855499272 0.16490850597620013 -0.036932455375790589
decision_type=2 2 2 2 2 2 2 2 2 2 2 2 2 2 2 2 2 2 2 2 2 2 2 2
left_child=1 -1 -3 4 5 6 -2 11 9 -9 23 12 -6 18 -15 17 -17 -16 21 -20 -21 22 -5 -7
right_child=3 2 -4 13 7 10 -8 8 -10 -11 -12 -13 -14 14 15 16 -18 -19 19 20 -22 -23 -24 -25
leaf_value=-0.019055382511818326 -0.038522572247095162 0.0052006598033329139 0.060918122098519545 -0.0019125760832889719 -0.006892346415827779 0.068983020481302115 0.022882387188200962 -0.024181420626291649 -0.033558912997523643 0.022863825955245692 0.0054439725633216333 0.024593862988482044 -0.040242097484782899 -0.060721466621154123 0.021495571280174278 -0.013171205580939425 0.018560435780422897 -0.0046611350633858654 0.06149525297613917 -0.0059142484451466274 -0.048605638389882473 0.035358893746396496 0.018899005556295326 0.026754165836036899
leaf_weight=3.5858816467225552 4.1844586431980133 4.6445903405547124 3.1440710388123989 290.59537132829428 53.539910659193993 4.9662339985370627 4.6347469538450259 4.7513736709952346 4.8921395987272254 32.279573909938335 5.1034878492355338 5.4884487874805918 5.239908054471015 2.3922592401504508 47.47951740399003 37.312128700315952 16.844491112977266 23.737745013087988 2.6103300452232352 206.54366398975253 4.8297671973705283 6.514773726463317 22.194019436836243 5.1652203723788253
leaf_count=24 21 31 25 1417 261 29 26 23 24 154 26 29 27 11 243 189 91 127 12 1026 22 32 104 26
internal_value=-1.29414e-06 0.0129548 0.0276923 -0.000187532 0.00358926 0.0188499 -0.00625249 0.000132462 0.0109478 0.0168275 0.0333812 -0.00692252 -0.0098653 -0.000931662 0.00458563 0.00583176 -0.00330162 0.0127772 -0.00225351 -0.00605551 -0.00688972 0.000294435 -0.000435887 0.0474539
internal_weight=802.674 11.3745 7.78866 791.3 130.246 24.0541 8.81921 106.191 41.9231 37.0309 15.2349 64.2683 58.7798 661.054 127.766 125.374 54.1566 71.2173 533.288 213.984 211.373 319.304 312.789 10.1315
internal_count=4000 80 56 3920 646 128 47 518 201 177 81 317 288 3274 661 650 280 370 2613 1060 1048 1553 1521 55
is_linear=0
shrinkage=0.05


Tree=186
num_leaves=14
num_cat=0
split_feature=6 4 28 6 5 5 9 6 29 4 31 4 31
split_gain=0.754518 0.991901 1.04131 2.56173 2.56992 4.08791 2.19275 2.14187 1.49734 1.39979 1.2859 6.35823 2.91055
threshold=2.4375346899032597 2.4081414937973027 -1.3684006929397581 0.69230815768241893 -0.92463019490241993 0.70612844824790966 0.14853489398956302 -0.31165882945060724 -0.14942836016416547 2.200758814811707 0.57055571675300609 0.034478923305869109 0.51008960604667675
decision_type=2 2 2 2 2 2 2 2 2 2 2 2 2
left_child=1 2 3 4 7 -6 8 -1 -5 10 12 -12 -4
right_child=-2 -3 9 6 5 -7 -8 -9 -10 -11 11 -13 -14
leaf_value=0.050734031091359592 -0.01891337569772189 0.020290941016309058 -0.0010544597736234286 0.06388083068562922 -0.014274386567610112 0.022970314788770541 0.0033796384836519647 0.0023465795474305971 0.021153129746142776 -0.026994506558702776 -0.0050110333765621858 0.012798256568818049 -0.02326184406818586
leaf_weight=4.1794697642326355 5.238848812878131 6.0509391874074927 503.88216242194176 3.9162152484059325 29.732109054923058 9.7943127155303937 6.9654032513499251 5.0508035942912084 4.3036856204271308 4.9768782705068579 111.51668835990131 91.023945931345224 15.199392415583132
leaf_count=21 30 29 2518 19 154 54 37 23 22 24 555 439 75
internal_value=-2.45066e-07 0.000124139 -3.02216e-05 0.00608696 0.000501763 -0.00504546 0.0240198 0.0242564 0.0415099 -0.000568544 -0.00038629 0.00299265 -0.00170472
internal_weight=801.831 796.592 790.541 63.942 48.7567 39.5264 15.1853 9.23027 8.2199 726.599 721.622 202.541 519.082
internal_count=4000 3970 3941 330 252 208 78 44 41 3611 3587 994 2593
is_linear=0
shrinkage=0.05


Tree=187
num_leaves=19
num_cat=0
split_feature=3 3 2 3 9 4 9 0 9 0 7 28 7 28 12 14 13 30
split_gain=0.752617 0.87793 2.66766 1.11215 3.88839 3.63764 6.60453 3.44847 3.51239 2.90556 2.32551 1.17889 7.38267 4.77334 3.73727 3.3202 1.78592 1.56867
threshold=2.4616270065307622 2.1529262065887456 0.25077004730701452 1.3694173097610476 0.25635924935340887 0.32100366055965429 -0.75636816024780262 0.039382545277476318 0.75954812765121471 -0.086522184312343584 0.78472000360488903 1.6316602826118471 -0.22328536212444303 1.3668881058692934 -0.30586673319339747 0.73905581235885631 0.5162809193134309 -2.0349144935607906
decision_type=2 2 2 2 2 2 2 2 2 2 2 2 2 2 2 2 2 2
left_child=1 3 -3 11 5 6 -5 10 -9 -7 -6 13 16 17 -15 -14 -13 -1
right_child=-2 2 -4 4 7 9 -8 8 -10 -11 -12 12 15 14 -16 -17 -18 -19
leaf_value=-0.017489377909190276 -0.020915004481343705 0.042709418112867929 -0.016964340832392493 -0.01546922631858411 -0.06282229618704735 0.014503388193844613 0.043045102539933766 -0.035786966826051189 0.02040098809523928 -0.034070218759622461 -0.010169460692558828 0.024542464672918304 -0.017590482380542019 -0.04519791804723855 -0.0046576085897065472 0.028211183039400779 0.061411526986519006 0.001059998075071869
leaf_weight=11.597769942134617 4.2783352658152571 4.3443723842501631 3.2920501716434956 8.5813710615038854 6.5180761292576808 4.8306433483958235 11.008730761706831 5.0883995443582517 6.1345364600419998 8.4889812618494016 3.0918160751461983 11.440387558192016 19.771621108055118 10.097178623080255 13.009280964732168 4.9467394277453414 4.6073503196239463 660.36866459436715
leaf_count=63 30 23 22 48 40 26 55 24 29 44 19 57 100 48 63 25 22 3262
internal_value=-2.58654e-08 0.000112216 0.0169842 -5.09605e-05 -0.00699458 0.00370602 0.0174131 -0.0238984 -0.00507423 -0.016454 -0.0458822 0.000456172 0.00872001 -2.85033e-05 -0.0223731 -0.00842447 0.0351277 0.000739846
internal_weight=801.496 797.218 7.63642 789.582 53.7426 32.9097 19.5901 20.8328 11.2229 13.3196 9.60989 735.839 40.7661 695.073 23.1065 24.7184 16.0477 671.966
internal_count=4000 3970 45 3925 285 173 103 112 53 70 59 3640 204 3436 111 125 79 3325
is_linear=0
shrinkage=0.05


Tree=188
num_leaves=19
num_cat=0
split_feature=10 9 6 29 10 12 14 5 10 12 29 28 0 1 28 11 1 28
split_gain=0.75989 3.63741 3.55896 4.34626 1.08945 2.81562 3.14461 3.24237 2.73288 2.62155 2.39213 1.99255 0.991745 2.77401 2.11346 1.76154 4.21885 2.90104
threshold=2.0282984972000127 0.49744082987308508 -0.47537982463836664 -0.43166385591030115 1.5508342981338503 1.0589054822921755 0.5849876105785371 0.046038489788770683 1.438213109970093 -0.70310962200164784 -1.0000000180025095e-35 -0.33759178221225733 -0.7882167100906371 1.8339310288429262 1.3668881058692934 1.2329490184783938 0.666387438774109 1.6316602826118471
decision_type=2 2 2 2 2 2 2 2 2 2 2 2 2 2 2 2 2 2
left_child=4 2 -2 -4 8 6 7 9 12 -6 -9 -10 13 14 -1 17 -17 -14
right_child=1 -3 3 -5 5 -7 -8 10 11 -11 -12 -13 15 -15 -16 16 -18 -19
leaf_value=-0.0033042745824839745 -0.051803427491198845 0.040321106148393453 0.053354938271630903 -0.016706882736999561 0.010241626042156842 0.029040004945703437 -0.047884645204638171 -0.0093585100973195123 0.05331477941176084 -0.035947711777973755 0.042173011797925986 0.0050326427041174765 -0.0011741116937698253 0.03456452962853479 -0.025641262954540681 0.014845529514647349 -0.01492806872371712 0.014740433822135338
leaf_weight=127.47798741236329 3.1515008658170709 6.4737446904182425 3.5410009920597076 5.9048286080360413 4.4892116114497211 4.2213851287960997 5.7186227887868872 4.4081850126385689 4.114734448492527 9.7305466085672396 4.6042919307947141 4.4454677924513799 497.14619316160679 4.5382028222084037 11.54912284016609 53.642368204891682 15.289055012166498 30.385728016495705
leaf_count=688 18 39 17 31 21 23 28 23 21 46 24 24 2425 25 64 262 73 148
internal_value=-6.59033e-07 0.00986041 -0.00579329 0.00955751 -0.00024122 -0.00910811 -0.0146706 -0.00649491 0.000151699 -0.0213656 0.0169679 0.028241 -0.000173221 -0.00390412 -0.00515983 0.000724784 0.00824172 -0.000257437
internal_weight=800.832 19.0711 12.5973 9.44583 781.761 33.1722 28.9509 23.2322 748.589 14.2198 9.01248 8.5602 740.029 143.565 139.027 596.463 68.9314 527.532
internal_count=4000 105 66 48 3895 165 142 114 3730 67 47 45 3685 777 752 2908 335 2573
is_linear=0
shrinkage=0.05


Tree=189
num_leaves=24
num_cat=0
split_feature=7 1 4 12 7 1 9 2 4 2 3 2 5 7 0 11 7 13 7 11 5 3 2
split_gain=0.741748 3.7468 4.21943 3.56575 1.31277 3.27791 3.53189 4.13688 2.75535 2.06556 1.99246 1.82891 2.3153 1.84202 3.3845 2.86561 2.57587 7.20456 2.72866 2.03478 1.76669 1.67518 0.980767
threshold=1.8290309906005862 0.049764245748519904 -0.37776324152946467 0.51896977424621593 1.2103722095489504 -0.3656280636787414 -0.93507933616638172 -1.3627542257308958 0.17359521985054019 -0.041179249063134186 0.85648185014724743 2.328278779983521 -0.5229215919971465 0.66754114627838146 1.433829188346863 -0.94425916671752919 0.245854027569294 -0.043766010552644723 0.16871511936187747 0.23436168581247332 -0.13493971526622769 -0.03507625684142112 -1.0000000180025095e-35
decision_type=2 2 2 2 2 2 2 2 2 2 2 2 2 2 2 2 2 2 2 2 2 2 2
left_child=4 2 -2 -3 11 8 21 -8 9 -6 -9 13 -13 16 15 -15 18 -18 -1 -16 -10 -7 -4
right_child=1 3 22 -5 5 6 7 10 20 -11 -12 12 -14 14 19 -17 17 -19 -20 -21 -22 -23 -24
leaf_value=-0.00030412594064404294 0.011087900919659357 -0.010655726538672618 -0.063175179228042624 0.04310734948773684 0.024831503351780682 0.00432106766765752 0.043418711382973665 -0.019014916291145718 0.067180547030376445 -0.018841074106403025 0.011169047706870395 0.054551078903672126 -0.0018505472812198273 -0.025729015584088064 0.053930733293799105 -0.0047275357237209588 -0.0054251653591487706 0.018479444716188252 -0.017534569855876047 0.00065136109271426317 0.024630782792068723 0.049600839256583235 -0.03007916704409902
leaf_weight=435.67238825559616 4.900263398885726 7.5370925888419134 4.4763045925647011 5.2199964821338654 6.2897173315286636 3.747143842279911 3.6370127052068701 26.335823819041252 4.1557052582502365 4.7537080310285109 6.8997357524931422 3.4189392253756523 3.889569327235221 19.974873147904873 3.5235420539975157 86.93164337053895 61.372168943285942 64.800401881337166 24.256456311792135 3.6465838775038719 5.9072692394256574 4.4905044957995397 4.4776470884680775
leaf_count=2178 25 38 23 26 31 19 18 127 20 26 38 19 22 100 21 428 306 314 127 20 29 22 23
internal_value=-6.29381e-07 -0.00820834 -0.0262116 0.0113433 0.000281672 0.0070138 -0.000595678 -0.00720849 0.0232774 0.00603238 -0.0127487 -0.000348416 0.0245343 -0.000608143 -0.00642116 -0.00865154 0.000523281 0.0068519 -0.00121285 0.0268339 0.0422026 0.029004 -0.0466247
internal_weight=800.314 26.6113 13.8542 12.7571 773.703 66.2166 45.1102 36.8726 21.1064 11.0434 33.2356 707.487 7.30851 700.178 114.077 106.907 586.101 126.173 459.929 7.17013 10.063 8.23765 8.95395
internal_count=4000 135 71 64 3865 330 224 183 106 57 165 3535 41 3494 569 528 2925 620 2305 41 49 41 46
is_linear=0
shrinkage=0.05


Tree=190
num_leaves=21
num_cat=0
split_feature=3 10 1 1 28 30 8 28 3 2 3 28 12 13 9 9 9 13 10 30
split_gain=0.742271 2.18813 2.81269 2.694 4.61816 4.46263 4.08712 3.74154 5.10703 3.31645 2.16555 2.57866 1.6472 1.67356 2.57765 2.98853 2.71784 2.23971 5.28932 2.12339
threshold=0.79650360345840465 -1.7043850421905515 1.7947361469268801 -0.26511655747890467 -1.1608540415763853 0.46370492875576025 0.81258159875869762 0.9392356574535371 1.0938900709152224 -0.51487272977828968 0.76034474372863781 1.0000000180025095e-35 2.4163610935211186 -1.1897689104080198 1.1593646407127383 1.5868932604789736 0.12574137747287753 -0.76960268616676319 -0.63933047652244557 1.7489169239997866
decision_type=2 2 2 2 2 2 2 2 2 2 2 2 2 2 2 2 2 2 2 2
left_child=10 -2 3 7 5 -5 -6 9 -9 -3 12 -12 13 14 16 -16 -1 18 -15 -19
right_child=1 2 -4 4 6 -7 -8 8 -10 -11 11 -13 -14 17 15 -17 -18 19 -20 -21
leaf_value=-0.0028586110938362964 -0.035564601840826812 -0.033088434815158531 -0.041724244385787805 0.057456427384744796 0.0068530096073143795 -0.0087438395662323472 -0.021193427667851889 0.064833283338681616 -0.0046432681212765338 -0.0058129523237909 0.049242673403266463 -0.0026086517005169518 -0.029957336731934382 0.037089301210358784 0.044364672161227942 -0.012139439775000817 -0.024504491612094628 -0.00018272846554156941 0.0025176251449765766 0.018066100842557126
leaf_weight=45.097880870103836 5.0177383348345748 16.596263248473406 4.3310652300715438 7.4219000190496427 56.53040949255228 3.8747804686427116 16.86512216553092 3.7187590375542632 9.1609271317720395 33.928074799478054 4.9879053980112058 4.6175864599645138 4.4382115304470053 14.381903711706398 5.042489577084778 4.3665329739451408 21.374627824872732 473.50833751633763 47.951988264918327 16.495713889598846
leaf_count=223 27 90 25 34 303 21 91 18 50 174 24 24 23 71 28 24 108 2315 240 87
internal_value=-2.31209e-07 -0.00307688 -0.00200742 -0.000845902 0.004989 0.0347496 0.000408386 -0.00863989 0.0154167 -0.0147724 0.000753981 0.0243165 0.000396237 0.000610677 -0.00635188 0.0181423 -0.00981897 0.00156721 0.0104941 0.000431608
internal_weight=799.708 157.445 152.427 148.096 84.6922 11.2967 73.3955 63.404 12.8797 50.5243 642.263 9.60549 632.658 628.219 75.8815 9.40902 66.4725 552.338 62.3339 490.004
internal_count=4000 833 806 781 449 55 394 332 68 264 3167 48 3119 3096 383 52 331 2713 311 2402
is_linear=0
shrinkage=0.05


Tree=191
num_leaves=31
num_cat=0
split_feature=6 1 29 11 7 1 6 6 10 30 30 13 4 9 29 5 11 11 5 31 9 29 0 11 13 30 11 13 5 5
split_gain=0.755705 2.95399 2.94205 4.48391 4.29708 2.67349 2.58576 2.57924 6.17333 6.88872 5.36213 3.04914 3.15837 3.00292 3.27076 2.7238 7.16706 6.5129 5.31366 6.12237 5.59328 5.17827 5.16647 4.18492 3.37198 3.2867 2.67615 2.6246 5.01408 2.759
threshold=0.29019924998283392 -2.2544988393783565 1.3290300965309145 0.59404507279396068 0.75764545798301708 -0.16599475592374799 0.32556653022766119 0.12000523507595064 0.15306819975376132 -1.0463571548461912 0.1995910778641701 0.37584167718887335 -0.26305519044399256 0.015240153297781946 0.11803631484508516 0.0059052198193967351 -0.62034824490547169 -0.49970421195030207 -0.44864930212497706 -1.0852037668228147 -0.6232297122478484 0.12888038158416751 1.1310271620750429 -1.0063034296035764 -1.0984091162681577 -0.87677696347236622 0.094349384307861342 -0.1559246554970741 -0.78692901134490956 -0.66930675506591786
decision_type=2 2 2 2 2 2 2 2 2 2 2 2 2 2 2 2 2 2 2 2 2 2 2 2 2 2 2 2 2 2
left_child=7 -2 6 4 5 -4 -3 15 9 -9 11 12 -10 14 -11 17 23 27 20 -20 -19 25 -23 24 -17 -18 -15 28 -1 -29
right_child=1 2 3 -5 -6 -7 -8 8 10 13 -12 -13 -14 26 -16 16 21 18 19 -21 -22 22 -24 -25 -26 -27 -28 29 -30 -31
leaf_value=-0.0060612783354700717 -0.044381468245929354 -0.027076503793628429 -0.060284398710723143 0.020079977477529411 0.016196056835028137 -0.020843831805365812 0.0010962545941245129 0.065384991480533713 -0.0073177671109192158 0.030646616272461957 0.058887763326370447 -0.026428914570510477 0.052899390568054927 -0.052527882580041541 -0.026527164081747885 0.048060056967323461 0.010751292657257307 -0.010003711755826136 0.025013924046108582 -0.016688142174919752 0.016095076162425389 0.0039446922756834028 0.05029312712986176 0.036118259912488154 0.0029153580194484718 -0.014809708324852551 -0.0031111157485697459 -0.02211346645791459 -0.046485129214201226 0.0051098203135623819
leaf_weight=14.438883766531946 4.0524655729532233 8.4082459658384305 7.9051683917641702 6.3819197937846175 4.4585500210523596 9.4127539396286029 259.74000051431358 3.0398174524307278 3.9092601761221877 5.5371187850832957 9.8422884717583639 3.994042992591857 4.9155935868620899 6.804351292550562 4.5627597868442535 4.7383341416716567 15.429197475314139 28.585635393857956 10.565453086048363 52.709045767784119 72.837660901248455 69.191427744925022 6.584825485944747 22.077801678329706 32.554254740476608 68.00878944247961 4.5863318145275116 17.725321583449841 16.365967717021704 19.596630979329348
leaf_count=73 19 42 39 32 22 51 1293 15 19 30 51 20 25 33 23 23 79 139 53 253 361 342 41 114 169 349 24 86 80 100
internal_value=-2.94286e-07 -0.00198155 -0.00140166 -0.0167764 -0.0275777 -0.0388474 0.00021285 0.00119322 0.0123155 -0.00506602 0.0311306 0.00981883 0.0262242 -0.0150312 0.00481757 3.0471e-05 0.00403893 -0.00373282 0.00164564 -0.00972481 0.00873927 -0.00148979 0.00797229 0.0188654 0.00865137 -0.010083 -0.0326308 -0.0167353 -0.0275376 -0.00781934
internal_weight=798.96 300.359 296.307 28.1584 21.7765 17.3179 268.148 498.601 47.1916 24.5304 22.6612 12.8189 8.82485 21.4906 10.0999 451.409 218.585 232.825 164.698 63.2745 101.423 159.214 75.7763 59.3704 37.2926 83.438 11.3907 68.1268 30.8049 37.322
internal_count=4000 1498 1479 144 112 90 1335 2502 240 125 115 64 44 110 53 2262 1117 1145 806 306 500 811 383 306 192 428 57 339 153 186
is_linear=0
shrinkage=0.05


Tree=192
num_leaves=28
num_cat=0
split_feature=9 9 1 31 11 1 12 4 4 4 31 7 0 1 2 31 30 12 9 14 14 2 0 1 6 31 0
split_gain=0.723687 3.48168 2.98529 4.84195 3.82819 3.29616 3.74636 3.43546 5.65191 3.84803 3.29722 3.01214 1.8391 1.82414 3.70176 4.70884 5.66193 5.51088 4.23542 3.08832 4.68927 6.54503 4.38095 3.79898 3.23985 2.75679 2.3174
threshold=-0.6232297122478484 -0.64382126927375782 0.9227406680583955 -1.0852037668228147 1.0846515297889712 0.091216254979372038 1.6606592535972597 0.1246599741280079 -0.48940642178058619 1.8306570053100588 0.5797858238220216 1.0357718467712405 -2.3236590623855586 0.81569671630859386 -0.89748868346214283 0.85929948091506969 0.40156219899654394 -0.18857945501804349 -0.28562164306640619 -0.98602324724197377 -0.34024351835250849 -0.44251108169555659 1.0065540075302126 0.083602678030729308 0.099913168698549285 -0.48042863607406611 0.12060905247926713
decision_type=2 2 2 2 2 2 2 2 2 2 2 2 2 2 2 2 2 2 2 2 2 2 2 2 2 2 2
left_child=1 2 5 -4 11 7 10 8 -1 -9 -7 -5 -2 19 18 16 -16 -17 -15 22 21 -21 25 -22 -24 -14 -20
right_child=12 -3 3 4 -6 6 -8 9 -10 -11 -12 -13 13 14 15 17 -18 -19 26 20 23 -23 24 -25 -26 -27 -28
leaf_value=-0.0041624743552107386 -0.036252115293986809 -0.041015903436868908 -0.029992760572734901 0.032296858541997722 -0.026250969366649148 -0.024720064192134426 0.031371415180594081 -0.01261247950960204 0.027154962913330635 0.034575679208309194 0.0020080414397815305 -0.010043861209516334 0.031528777818204401 0.026010310239726289 0.015380726451194397 -0.051026226400372798 -0.013934155957985597 0.0019073720401167644 -0.059848331603024989 0.0096579545568988047 0.0001026611556679963 -0.017476205112439691 0.016204219532114456 0.012440400623432069 -0.04093270745661659 0.0094677132730596747 -0.019411146531042391
leaf_weight=33.921185925602913 3.3078798055648795 5.7010241001844397 6.0918666720390311 24.059672474861149 4.1818533241748801 40.262155901640654 4.2969517409801474 48.344949934631586 25.042374078184366 4.7442505359649649 16.173681929707527 5.0889408588409415 21.035545200109482 3.2352299168705967 47.569986946880817 9.0484243854880351 25.195273790508509 10.768840499222277 6.3585401549935332 33.085012592375278 200.27900890819728 67.697534743696451 4.1046992316842061 90.625491261482239 6.2721143700182438 43.330336358398199 8.0017773509025556
leaf_count=175 19 32 33 118 21 210 21 239 126 23 79 27 107 17 242 44 128 54 32 159 999 335 23 455 31 211 40
internal_value=2.07624e-07 -0.00245641 -0.00142049 0.010995 0.0184864 -0.00425319 -0.0136336 0.000830989 0.00913833 -0.00839557 -0.0170602 0.0249048 0.000923304 0.00113657 -0.00464977 -0.000654343 0.00523033 -0.0222617 -0.0256725 0.0025034 0.00072613 -0.00856857 0.0118171 0.00394624 -0.0183314 0.0166775 -0.0373161
internal_weight=797.825 217.909 212.208 39.4223 33.3305 172.786 60.7328 112.053 58.9636 53.0892 56.4358 29.1486 579.916 576.608 110.178 92.5825 72.7653 19.8173 17.5955 466.43 391.687 100.783 74.7427 290.905 10.3768 64.3659 14.3603
internal_count=4000 1104 1072 199 166 873 310 563 301 262 289 145 2896 2877 557 468 370 98 89 2320 1948 494 372 1454 54 318 72
is_linear=0
shrinkage=0.05


Tree=193
num_leaves=30
num_cat=0
split_feature=2 13 2 31 13 11 0 13 1 31 9 9 9 31 1 4 14 12 31 12 1 29 31 9 29 1 9 11 29
split_gain=0.728853 3.27997 3.03462 3.21472 3.74141 4.10554 4.04055 3.29584 2.55869 3.48331 2.97552 3.19641 5.72438 2.78372 1.97307 3.57893 4.90364 4.0893 2.98977 2.62302 2.48218 4.50195 4.75791 3.07567 2.44971 4.24491 3.83145 1.49975 1.14331
threshold=-0.84671917557716359 1.9230330586433413 -0.65680071711540211 -0.72909829020500172 1.1140428781509402 -0.83818191289901722 -1.1456172466278074 0.10508121550083162 -1.5300149917602537 0.44624891877174383 -1.7943935990333555 -0.058279490098357194 0.67095136642456066 1.4516139626502993 1.282980263233185 0.32100366055965429 0.35060970485210424 -0.35268162190914149 -1.0852037668228147 -0.35268162190914149 0.38082528114318853 1.2365558147430422 -0.26291474699974055 1.1052127480506899 -0.78463152050971974 -0.87073045969009388 -1.9035831093788145 -0.21944661438465116 -0.031468734145164483
decision_type=2 2 2 2 2 2 2 2 2 2 2 2 2 2 2 2 2 2 2 2 2 2 2 2 2 2 2 2 2
left_child=1 8 3 7 5 -5 -7 -2 9 -1 -10 13 -13 -12 20 16 18 27 -16 -18 24 23 -23 -22 25 -4 -26 -17 -19
right_child=2 -3 14 4 -6 6 -8 -9 10 -11 11 12 -14 -15 15 17 19 28 -20 -21 21 22 -24 -25 26 -27 -28 -29 -30
leaf_value=0.046895700747763017 0.0071473574955598822 0.039182342804259009 -0.010221327137854211 0.048954021542976796 -0.033580948767268991 -0.043613251391544178 0.011865691280390224 0.065216676270065679 -0.040271103062314073 -0.013658210892677318 0.00052443852273824268 -0.02665628375945794 0.0019104521700176265 0.04006718666024383 -0.034028074384002661 0.019852149270535344 0.0028330589679334472 0.061305531267135893 0.019931289569124697 -0.04571317673086623 -0.012468030842296458 -0.017689695223073589 0.038981563252767137 0.0095592481645364758 0.032694072741382953 0.015957242296842738 -0.0019549118040735488 -0.023717972053278389 0.030298583931220504
leaf_weight=5.4742018282413465 4.5475725755095464 4.468992590904235 21.22889119386673 6.2406992241740182 5.0996777564287177 3.8310750871896735 22.894100643694408 5.2811867743730545 6.0482794102281323 4.19475257396698 62.688390552997589 33.965115502476692 36.256328951567411 4.7908694222569457 2.9586943201720741 3.8923586159944534 4.5145286694169044 5.3351584523916253 19.396205477416515 7.2523747831583005 117.80844135582447 5.8003044426441219 10.246053472161291 18.310466058552265 8.1979191377758962 57.233766678720713 298.10244460403919 4.0096658542752293 6.7144622653722736
leaf_count=28 24 22 107 30 24 20 113 29 34 20 310 165 182 23 18 20 24 28 97 37 585 31 53 98 39 293 1491 21 34
internal_value=-1.99299e-07 -0.00304222 0.000751558 0.0128564 0.00627402 0.0124394 0.00391274 0.0383492 -0.0042722 0.0206252 -0.00594686 -0.00443923 -0.0119069 0.00333188 -0.000229409 0.00887418 -0.000962037 0.0256963 0.0127897 -0.0270878 -0.00114622 -0.00655211 0.0184965 -0.00950496 0.000991688 0.00887436 -0.00102756 -0.00225632 0.0440274
internal_weight=796.783 157.887 638.896 47.8943 38.0656 32.9659 26.7252 9.82876 153.418 9.66895 143.749 137.701 70.2214 67.4793 591.002 54.0734 34.1218 19.9516 22.3549 11.7669 536.928 152.165 16.0464 136.119 384.763 78.4627 306.3 7.90202 12.0496
internal_count=4000 784 3216 240 187 163 133 53 762 48 714 680 347 333 2976 279 176 103 115 61 2697 767 84 683 1930 400 1530 41 62
is_linear=0
shrinkage=0.05


Tree=194
num_leaves=19
num_cat=0
split_feature=3 9 9 8 28 6 0 12 4 5 0 14 0 9 14 2 12 0
split_gain=0.721772 0.773959 3.17958 2.56856 4.9015 3.36496 3.06842 2.38993 3.08662 2.84553 1.70566 1.56011 3.87453 4.80523 3.02148 5.11755 3.79051 2.51865
threshold=2.4616270065307622 -0.6232297122478484 -0.64382126927375782 0.91849458217620861 0.55768370628356945 -0.79152965545654286 -0.26785257458686823 0.71792778372764599 -1.4953681230545042 1.1335680484771731 -2.3236590623855586 -0.98602324724197377 0.98892506957054149 0.067614302039146437 -0.34024351835250849 -0.28105473518371576 0.755691558122635 -0.38382482528686518
decision_type=2 2 2 2 2 2 2 2 2 2 2 2 2 2 2 2 2 2
left_child=1 2 3 7 5 -5 -6 8 -1 -9 -3 12 17 -14 15 -13 -16 -12
right_child=-2 10 -4 4 6 -7 -8 9 -10 -11 11 14 13 -15 16 -17 -18 -19
leaf_value=0.030657436199813884 -0.020627259114854697 -0.035009074458190591 -0.03952073728162489 -0.011649971673279054 0.017433261636809316 0.030768713162935279 -0.034706598297134968 -0.010201519688389856 -0.0026345211447209994 -0.05428414276484466 7.5778468110679907e-06 0.0064302804786439127 0.02632409186004471 -0.037719426596867257 -0.00039568750652493813 -0.014690440753444306 0.011787205709330437 0.018373275453125483
leaf_weight=7.3878173902630797 4.2183614000678054 3.257498010993003 5.6304728388786307 5.9577088505029705 4.3674331083893776 21.719061873853207 7.9728405922651273 38.424864932894707 120.84250563569367 4.0462133064866057 30.032847456634045 46.217029981315136 4.2802641689777365 9.2768418528139573 274.03588224202394 75.585832711309195 83.240256240591407 49.3309665620327
leaf_count=37 30 19 32 30 24 109 38 196 610 21 151 227 21 49 1372 376 417 241
internal_value=1.2318e-07 0.000110044 -0.0024393 -0.00144847 0.00995298 0.0216377 -0.0162534 -0.00412128 -0.00071645 -0.0144013 0.00106883 0.00127429 0.0072035 -0.0174995 0.000124273 -0.00667637 0.00244275 0.0114233
internal_weight=795.825 791.606 216.349 210.718 40.017 27.6768 12.3403 170.701 128.23 42.4711 575.257 572 92.9209 13.5571 479.079 121.803 357.276 79.3638
internal_count=4000 3970 1097 1065 201 139 62 864 647 217 2873 2854 462 70 2392 603 1789 392
is_linear=0
shrinkage=0.05


Tree=195
num_leaves=24
num_cat=0
split_feature=12 29 11 1 11 28 6 31 7 12 1 1 5 7 29 5 29 31 12 30 10 31 11
split_gain=0.723038 2.60752 2.82545 1.0098 2.61194 2.92843 3.68222 3.1755 3.99767 2.81647 1.60486 3.18171 4.7777 2.7381 2.69091 4.01669 4.77951 3.19909 1.98604 3.74203 2.27481 1.19606 1.08969
threshold=1.9860740303993227 0.32474957406520849 -0.29471057653427118 -1.316781163215637 -1.4438065886497495 -0.47892279922962183 1.0897848606109621 0.25334975123405462 -0.5956607162952422 0.62287378311157238 -0.87073045969009388 -0.64575621485710133 -1.1466925144195554 0.29545666277408605 1.6968499422073366 -0.3502527624368667 -0.96178510785102833 0.73196890950202953 -1.7376691102981565 -0.3897100538015365 -2.5290904045104976 0.6689022183418275 -0.26326954364776606
decision_type=2 2 2 2 2 2 2 2 2 2 2 2 2 2 2 2 2 2 2 2 2 2 2
left_child=3 2 -2 4 -1 7 9 8 -6 -7 14 12 22 -14 15 17 -17 -5 19 -13 -20 -9 -12
right_child=1 -3 -4 10 5 6 -8 21 -10 -11 11 18 13 -15 -16 16 -18 -19 20 -21 -22 -23 -24
leaf_value=-0.031256273646829119 0.03302299004831858 -0.039809503192659301 -0.016450846581330236 -0.027738054471628262 -0.030211879104195451 0.027729621674362132 -0.021741211634716005 -0.048912194028268893 0.034921259016798989 -0.0018973873618192368 -0.043568025573385773 -0.045647814483966015 0.028767430504369348 0.0047780852537563402 -0.046744533782384565 -0.030403341217094561 0.012589551860094942 0.012277531259414521 -0.045175190772958056 0.00061326214911337036 0.00014264918937486367 -0.012192441659397689 -0.0066085065619979361
leaf_weight=4.4391880035400382 4.6822992712259301 5.1796827241778365 7.5218251086771497 23.258772009983662 3.7346769832074642 31.295626815408468 5.9974346011877051 4.3296834081411344 6.3808411061763781 10.786609068512915 3.7431142926216125 6.9758099913597134 26.10352099314332 21.852122362703085 4.0666702464222899 7.9071350544691077 35.429814733564854 6.3605941012501708 2.7831140607595435 11.708246719092129 551.84977164492011 4.5461695715785027 4.268566928803919
leaf_count=23 23 28 39 115 19 154 30 20 35 54 20 35 134 108 20 38 174 33 13 65 2778 22 20
internal_value=-4.57006e-08 -0.0100851 0.00253055 0.00022535 0.00588724 0.00834563 0.0149119 -0.00827786 0.0108739 0.0201356 -0.000347889 0.000485943 0.011865 0.0178361 -0.00716037 -0.0049539 0.00474519 -0.0191449 -0.000624885 -0.0166586 -8.4753e-05 -0.0301045 -0.0238763
internal_weight=795.201 17.3838 12.2041 777.817 71.5102 67.071 48.0797 18.9914 10.1155 42.0822 706.307 629.284 55.9673 47.9556 77.023 72.9563 43.3369 29.6194 573.317 18.6841 554.633 8.87585 8.01168
internal_count=4000 90 62 3910 357 334 238 96 54 208 3553 3173 282 242 380 360 212 148 2891 100 2791 42 40
is_linear=0
shrinkage=0.05


Tree=196
num_leaves=21
num_cat=0
split_feature=3 10 1 1 28 30 28 7 0 3 28 28 12 13 9 9 0 13 7 14
split_gain=0.716181 1.97692 2.48396 2.45295 4.20265 3.94133 3.42464 3.853 3.26726 1.95486 2.32224 1.68762 1.5392 1.49348 2.28545 2.75129 2.61604 1.98176 2.20117 1.65769
threshold=0.79650360345840465 -1.7043850421905515 1.7947361469268801 -0.26511655747890467 -1.1608540415763853 0.29757983982563024 -1.0682622790336607 1.1666306853294375 -0.51698753237724293 0.76034474372863781 1.0000000180025095e-35 -1.5097128152847288 2.4163610935211186 -1.1897689104080198 1.1593646407127383 1.5868932604789736 0.57071781158447277 -1.0984091162681577 0.4202870130538941 1.2346114516258242
decision_type=2 2 2 2 2 2 2 2 2 2 2 2 2 2 2 2 2 2 2 2
left_child=9 -2 3 6 5 -5 11 -8 -6 12 -11 -3 13 14 16 -16 -1 18 -15 -19
right_child=1 2 -4 4 8 -7 7 -9 -10 10 -12 -13 -14 17 15 -17 -18 19 -20 -21
leaf_value=-0.015099005642652897 -0.034231299342613215 -0.015134097336330993 -0.039841616797815081 0.058116117627831525 -0.018527545288076729 -0.0020302259266582637 -0.0087304547142956213 0.033004642908761053 0.0062188178814026329 0.047198275642871934 -0.0023444815422740081 -0.061399708253707587 -0.029189481375165346 0.0062900964923917795 0.042698995563325425 -0.01185096131848461 0.0077327058847324317 0.0020283258799987181 0.051004252730225054 -0.0069029634289467208
leaf_weight=49.110903970897198 4.9185836613178244 3.7890188544988632 4.2201929837465277 6.558231517672537 17.565761756151915 4.6584585979580879 48.645373299717903 6.2394531089812508 55.423290818929672 4.9007615372538549 4.5718580335378647 4.1080737859010688 4.3637615889310828 8.1801826208829862 4.9501143693923932 4.3363149613142014 16.850839197635651 478.79373458772898 4.1479994058609 58.277009112760425
leaf_count=247 27 19 25 30 117 25 258 33 277 24 24 22 23 41 28 24 84 2354 21 297
internal_value=-1.30124e-07 -0.00303571 -0.00202096 -0.000935079 0.00464218 0.0331364 -0.00841553 -0.0039859 0.000263285 0.00074215 0.023287 -0.0392015 0.000402635 0.000609364 -0.00599679 0.0172268 -0.00926633 0.00151417 0.0213348 0.0010592
internal_weight=794.61 156.126 151.208 146.988 84.2057 11.2167 62.7819 54.8848 72.9891 638.483 9.47262 7.89709 629.011 624.647 75.2482 9.28643 65.9617 549.399 12.3282 537.071
internal_count=4000 833 806 781 449 55 332 291 394 3167 48 41 3119 3096 383 52 331 2713 62 2651
is_linear=0
shrinkage=0.05


Tree=197
num_leaves=31
num_cat=0
split_feature=6 1 29 1 7 29 29 4 5 1 31 29 6 10 30 30 28 10 5 5 31 3 31 28 2 14 29 2 29 6
split_gain=0.70925 2.6936 2.69582 3.73944 3.8333 3.35326 2.37024 3.91498 3.78835 3.44201 4.40191 3.98615 2.31483 5.56386 6.1108 4.79211 3.06937 2.89688 2.40963 4.09539 4.58331 4.77803 4.07037 3.74511 4.49622 4.39746 4.10923 3.13866 3.81541 2.88948
threshold=0.29019924998283392 -2.2544988393783565 1.3290300965309145 -0.16599475592374799 0.38380366563797003 2.009723544120789 0.94813427329063427 -0.8394714593887328 0.21960639953613284 -0.037043562158942216 -1.1356847286224363 0.56299853324890148 0.12000523507595064 0.15306819975376132 -1.0463571548461912 0.1995910778641701 -0.49892082810401911 0.89256247878074657 0.0059052198193967351 -0.44864930212497706 -1.0852037668228147 -0.22110639512538907 1.4516139626502993 -0.45887908339500422 -1.1088060736656187 0.39610101282596594 0.093640808016061797 0.53708383440971386 -1.1880469322204588 -0.35719642043113703
decision_type=2 2 2 2 2 2 2 2 2 2 2 2 2 2 2 2 2 2 2 2 2 2 2 2 2 2 2 2 2 2
left_child=12 -2 6 4 -4 -5 9 -8 -9 10 -3 -11 18 14 -14 17 -16 -15 19 29 21 -21 -22 27 25 -25 -26 28 -20 -1
right_child=1 2 3 5 -6 -7 7 8 -10 11 -12 -13 13 15 16 -17 -18 -19 23 20 22 -23 -24 24 26 -27 -28 -29 -30 -31
leaf_value=0.0069750183424319469 -0.042671220344721802 -0.018319892781018421 -0.059769702205165226 -0.013740823983213218 -0.0015456578874650378 0.038796447982107768 -0.037132387110558822 0.037497426640705891 -0.0036886106307652804 -0.0035945005645640609 0.0084805308931024965 -0.029215287010017677 0.062285390828218982 0.031152342637042002 0.015928128412039718 0.056263199450856186 -0.026162865430510662 -0.016903842831062735 -0.03663937732365849 0.047494179537410516 -0.020351459139137634 -0.012754720712381894 0.024375594634705778 -0.032287633541443927 0.0036035492339122725 0.015944271439161477 0.021863154941501012 -0.02227228317300297 0.0057370711322028136 -0.0077073204122821495
leaf_weight=92.353416826575994 4.0015598833560935 17.98151958361268 7.3351953029632586 11.910154227167366 4.5994424149394035 4.0768087953329077 3.2494027763605144 14.308987624943258 9.1558367982506734 100.64486660063267 103.56630395725369 17.877991013228893 2.9769252315163639 6.9709312394261378 6.0516974627971711 9.6756093651056272 15.234914161264891 5.7003701031208038 5.9840177595615378 6.0948777943849564 67.7595409527421 7.1524070240557176 5.4995178505778304 12.156478472054006 66.425575856119394 7.731260582804679 57.469229254871607 19.958409015089273 47.275974448770285 52.592272240668535
leaf_count=463 19 92 37 63 24 20 18 68 44 509 515 89 15 35 30 51 80 29 31 29 332 37 26 60 344 40 288 106 248 258
internal_value=-3.61178e-07 -0.00192447 -0.0013712 -0.0161531 -0.037331 -0.000343382 0.000175868 0.014304 0.0214269 -0.00139626 0.00451573 -0.00745914 0.00116059 0.0117657 -0.00481289 0.0297662 -0.0141966 0.00953357 5.83373e-05 -0.00349051 -0.0120998 0.0149649 -0.0169938 0.00384352 0.00853088 -0.0135377 0.0120734 -0.00536128 0.000975872 0.00164766
internal_weight=793.771 298.708 294.707 27.9216 11.9346 15.987 266.785 26.7142 23.4648 240.071 121.548 118.523 495.063 46.6104 24.2635 22.3469 21.2866 12.6713 448.453 231.452 86.5063 13.2473 73.2591 217.001 143.783 19.8877 123.895 73.2184 53.26 144.946
internal_count=4000 1498 1479 144 61 83 1335 130 112 1205 607 598 2502 240 125 115 110 64 2262 1145 424 66 358 1117 732 100 632 385 279 721
is_linear=0
shrinkage=0.05


Tree=198
num_leaves=31
num_cat=0
split_feature=8 9 9 6 6 13 14 2 11 28 14 28 6 1 14 14 3 2 4 10 4 12 14 14 31 9 4 4 12 11
split_gain=0.728713 2.25826 3.55935 2.25408 5.73712 4.91924 4.36974 4.04109 4.03911 3.84343 3.72016 2.8601 3.03379 3.1746 3.01358 3.78182 2.76308 2.6723 2.61527 2.38778 2.29258 2.25153 1.92976 2.06656 4.16537 2.18001 1.86784 1.73335 1.42468 0.858968
threshold=-0.21124839037656781 -2.4526410102844234 -2.1361757516860957 0.27983650565147405 -0.14703887701034543 0.54158964753150951 1.0444110035896303 -0.041179249063134186 -0.22710895538330075 -0.64783304929733265 -0.46333862841129297 -1.1228659749031065 -1.6900631189346311 -0.80138441920280445 0.78166094422340404 0.15555652230978015 -1.7368185520172117 -1.1295679807662962 -1.9702683687210081 0.87908786535263073 0.82585352659225475 0.2823046892881394 -1.827153146266937 -0.84360527992248524 -0.61802998185157765 -1.9035831093788145 -0.028933682478964325 0.29772499203681951 0.30560964345932012 -0.08479729667305945
decision_type=2 2 2 2 2 2 2 2 2 2 2 2 2 2 2 2 2 2 2 2 2 2 2 2 2 2 2 2 2 2
left_child=3 -2 -3 4 11 7 16 10 -7 -8 -6 14 13 -13 15 -1 -5 -14 -18 -20 -9 29 27 24 -24 -25 -10 28 -4 -11
right_child=1 2 22 6 5 8 9 20 26 21 -12 12 17 -15 -16 -17 18 -19 19 -21 -22 -23 23 25 -26 -27 -28 -29 -30 -31
leaf_value=-0.023195706892233409 0.037418806257411161 -0.049473397454363528 -0.055640569405145494 0.047390822427183066 -0.02419224182018136 -0.034878664405753441 0.020775770792463944 0.033738244842796909 0.042062857187450543 -0.069430216620667215 0.024339572374708421 -0.024310687444775263 -0.020022022754539862 0.03623371379789924 -0.054082901776757522 0.031830855126212136 0.055021553862060139 0.0028195849654407018 0.0015245181398729998 -0.018489737857791119 0.073103676458550981 -0.0088888147396172287 0.024174306504226199 0.03410090640086081 -0.00068351845240015004 -0.0026140500320214629 -0.003567917723985359 0.0053445177379593829 -0.014221662928818083 -0.03909464701545283
leaf_weight=10.866796620190145 3.7457709908485404 3.8441202193498603 3.9270354807376844 3.0269220434129229 5.4333208873868015 6.6852694228291503 3.4054150134325054 17.165817812085155 3.9688211902976027 4.0981159135699272 14.450469836592672 2.682963788509368 14.782724946737288 11.217514827847479 4.4667856320738784 4.3813980072736731 2.0325448065996161 95.699220392853022 78.2285968773067 18.409330539405346 4.7143376506865016 4.3951432891190043 23.82155104726553 4.0882054790854445 57.606563705950975 366.34181403741241 5.1563717201352111 4.3000187911093226 4.4050136432051659 5.4194255843758565
leaf_count=56 20 20 21 21 28 33 17 91 19 21 75 14 73 61 23 25 9 482 397 95 22 26 118 21 277 1836 28 22 22 27
internal_value=-1.91882e-07 -0.00124961 -0.00155888 0.00183907 0.00505934 0.0184009 -0.0036177 0.0273933 -0.00535284 -0.0268344 0.0110781 -0.00027132 0.00253315 0.0245479 -0.0179648 -0.00738444 0.000335892 -0.000236672 -0.00110762 -0.00228816 0.04222 -0.038488 -0.00116234 -0.000623492 0.00658856 -0.00220885 0.0162783 -0.0204375 -0.0337431 -0.0521567
internal_weight=792.767 472.08 468.334 320.687 201.672 57.5744 119.015 41.7639 15.8105 17.3181 19.8838 144.097 124.382 13.9005 19.715 15.2482 101.697 110.482 98.6705 96.6379 21.8802 13.9127 464.49 451.858 81.4281 370.43 9.12519 12.6321 8.33205 9.51754
internal_count=4000 2357 2337 1643 1030 296 613 216 80 91 103 734 630 75 104 81 522 555 501 492 113 74 2317 2252 395 1857 47 65 43 48
is_linear=0
shrinkage=0.05


Tree=199
num_leaves=12
num_cat=0
split_feature=0 5 29 30 30 0 9 30 5 6 30
split_gain=0.717299 1.14413 0.943453 0.690195 1.30166 2.58748 2.57708 2.42164 2.55005 1.74523 1.62653
threshold=2.3604900836944585 -2.6178061962127681 0.0096666780300438421 2.4666501283645634 1.7489169239997866 0.48082499206066137 0.18431193381547931 1.3688237071037295 0.54797700047492992 -1.0000000180025095e-35 1.0970046520233157
decision_type=2 2 2 2 2 2 2 2 2 2 2
left_child=1 -1 -2 4 7 6 -6 10 -9 -7 -3
right_child=2 3 -4 -5 5 9 -8 8 -10 -11 -12
leaf_value=0.030648941642925011 0.043493045388469709 -0.00043410021180258088 -0.00098567596149061378 -0.018206683237130469 0.014188050515535927 0.011103571950152862 -0.026015379693741732 -0.023946874643608951 0.0051991495476312469 0.059536015242377116 0.010336397427041594
leaf_weight=3.0101689621806136 2.1877468340098849 683.53276484832168 2.6199843697249889 5.3066612631082526 11.907518863677984 3.6465515047311783 5.9918025955557814 21.425497550517321 11.550360824912785 3.7966147884726515 36.948214095085859
leaf_count=16 24 3408 21 30 61 20 32 115 61 21 191
internal_value=-3.82767e-08 -0.000117644 0.0192543 -0.000235757 -0.000113304 0.0110325 0.000729942 -0.000488192 -0.013738 0.035808 0.00011824
internal_weight=791.924 787.116 4.80773 784.106 778.799 25.3425 17.8993 753.457 32.9759 7.44317 720.481
internal_count=4000 3955 45 3939 3909 134 93 3775 176 41 3599
is_linear=0
shrinkage=0.05


end of trees

feature_importances:
Column_3=358
Column_0=323
Column_9=315
Column_14=288
Column_5=281
Column_7=271
Column_6=263
Column_4=250
Column_8=249
Column_1=247
Column_30=246
Column_12=241
Column_13=235
Column_2=229
Column_10=224
Column_29=211
Column_28=208
Column_31=205
Column_11=192

parameters:
[boosting: gbdt]
[objective: binary]
[metric: binary_logloss]
[tree_learner: serial]
[device_type: cpu]
[data_sample_strategy: bagging]
[data: ]
[valid: ]
[num_iterations: 200]
[learning_rate: 0.05]
[num_leaves: 31]
[num_threads: 2]
[seed: 42]
[deterministic: 0]
[force_col_wise: 0]
[force_row_wise: 0]
[histogram_pool_size: -1]
[max_depth: 6]
[min_data_in_leaf: 20]
[min_sum_hessian_in_leaf: 0.001]
[bagging_fraction: 0.8]
[pos_bagging_fraction: 1]
[neg_bagging_fraction: 1]
[bagging_freq: 0]
[bagging_seed: 400]
[bagging_by_query: 0]
[feature_fraction: 0.8]
[feature_fraction_bynode: 1]
[feature_fraction_seed: 30056]
[extra_trees: 0]
[extra_seed: 12879]
[early_stopping_round: 0]
[early_stopping_min_delta: 0]
[first_metric_only: 0]
[max_delta_step: 0]
[lambda_l1: 0]
[lambda_l2: 0]
[linear_lambda: 0]
[min_gain_to_split: 0]
[drop_rate: 0.1]
[max_drop: 50]
[skip_drop: 0.5]
[xgboost_dart_mode: 0]
[uniform_drop: 0]
[drop_seed: 17869]
[top_rate: 0.2]
[other_rate: 0.1]
[min_data_per_group: 100]
[max_cat_threshold: 32]
[cat_l2: 10]
[cat_smooth: 10]
[max_cat_to_onehot: 4]
[top_k: 20]
[monotone_constraints: ]
[monotone_constraints_method: basic]
[monotone_penalty: 0]
[feature_contri: ]
[forcedsplits_filename: ]
[refit_decay_rate: 0.9]
[cegb_tradeoff: 1]
[cegb_penalty_split: 0]
[cegb_penalty_feature_lazy: ]
[cegb_penalty_feature_coupled: ]
[path_smooth: 0]
[interaction_constraints: ]
[verbosity: -1]
[saved_feature_importance_type: 0]
[use_quantized_grad: 0]
[num_grad_quant_bins: 4]
[quant_train_renew_leaf: 0]
[stochastic_rounding: 1]
[linear_tree: 0]
[max_bin: 255]
[max_bin_by_feature: ]
[min_data_in_bin: 3]
[bin_construct_sample_cnt: 200000]
[data_random_seed: 175]
[is_enable_sparse: 1]
[enable_bundle: 1]
[use_missing: 1]
[zero_as_missing: 0]
[feature_pre_filter: 1]
[pre_partition: 0]
[two_round: 0]
[header: 0]
[label_column: ]
[weight_column: ]
[group_column: ]
[ignore_column: ]
[categorical_feature: ]
[forcedbins_filename: ]
[precise_float_parser: 0]
[parser_config_file: ]
[objective_seed: 16083]
[num_class: 1]
[is_unbalance: 0]
[scale_pos_weight: 1]
[sigmoid: 1]
[boost_from_average: 1]
[reg_sqrt: 0]
[alpha: 0.9]
[fair_c: 1]
[poisson_max_delta_step: 0.7]
[tweedie_variance_power: 1.5]
[lambdarank_truncation_level: 30]
[lambdarank_norm: 1]
[label_gain: ]
[lambdarank_position_bias_regularization: 0]
[eval_at: ]
[multi_error_top_k: 1]
[auc_mu_weights: ]
[num_machines: 1]
[local_listen_port: 12400]
[time_out: 120]
[machine_list_filename: ]
[machines: ]
[gpu_platform_id: -1]
[gpu_device_id: -1]
[gpu_device_id_list: ]
[gpu_use_dp: 0]
[num_gpu: 1]

end of parameters

pandas_categorical:null
