tree
version=v4
num_class=1
num_tree_per_iteration=1
label_index=0
max_feature_idx=31
objective=quantile
feature_names=Column_0 Column_1 Column_2 Column_3 Column_4 Column_5 Column_6 Column_7 Column_8 Column_9 Column_10 Column_11 Column_12 Column_13 Column_14 Column_15 Column_16 Column_17 Column_18 Column_19 Column_20 Column_21 Column_22 Column_23 Column_24 Column_25 Column_26 Column_27 Column_28 Column_29 Column_30 Column_31
feature_infos=[-12.791666984558105:36.219444274902344] [-13.834524154663086:35.004165649414062] [-14.080745697021484:15.55561637878418] [0.90597224235534668:10.19041633605957] [1.0558333396911621:13.377083778381348] [0.0013458937173709273:0.99113506078720093] [0:10.295833587646484] [0:7.0250000953674316] [0:7] [15.527777671813965:384.38888549804688] [0:99.958335876464844] [-15.5:24.866666793823242] [-33.375:38.254165649414062] [0:175.02915954589844] [0:1] none none none none none none none none none none none none none none [26.389429092407227:48.973251342773438] [-124.17919921875:-67.698646545410156] none
tree_sizes=2502 2498 2538 2528 2515 2576 2598 2579 2547 2523 2548 2568 2547 2552 2533 2525 2615 2549 2548 2544 2572 2546 2542 2543 2551 2566 2522 2553 2538 2557 2537 2545 2558 2537 2564 2512 2557 2567 2561 2546 2580 2572 2629 2588 2643 2593 2570 2594 2628 2560 2715 2730 2607 2582 2700 2741 2720 2784 2748 2734 2754 2691 2775 2761 2790 2619 2684 2620 2729 2720 2595 2722 2725 2746 2707 2722 2716 2718 2582 2711 2729 2729 2765 2650 2781 2755 2598 2838 2813 2774 2812 2788 2748 2566 2790 2818 2659 2775 2795 2816 2742 2791 2571 2832 2866 2839 2856 2699 2851 2571 2814 2843 2641 2840 2810 2708 2744 2724 2770 2713 2742 2600 2722 2771 2568 2800 2746 2688 2613 2558 2769 2742 2742 2772 2717 2747 2752 2742 2770 2543 2718 2566 2781 2642 2799 2794 2639 2843 2790 2810 2747 2811 2793 2810 2837 2785 2825 2784 2774 2782 2594 2750 2740 2694 2767 2838 2747 2862 2845 2831 2808 2788 2783 2690 2771 2755 2742 2781 2713 2847 2803 2764 2803 2849 2888 2907 2904 2889 2936 2940 3007 2941 2990 2913 2984 2965 2999 3017 3028 3023 3066 3080 3078 3076 3074 3071 3068 3068 3069 3067 3072 3076 3068 3059 3055 3075 3081 3072 3075 3065 3075 3078 3078 3071 3069 3070 3059 3073 3087 3071 3071 3077 3066 3068 3083 3078 3080 3069 3074 3086 3081 3080 3075 3077 3064 3090 3084 3102 3078 3086 3086 3087 3084 3066 3076 3079 3084 3070 3077 3085 3083 3071 3086 3080 3089 3090 3064 3081 3087 3080 3095 3078 3088 3086 3084 3099 3086 3092 3086 3090 3091 3087 3086 3069 3079 3080 3081 3088 3087 3093 3091 3079 3106 3087 3085 3085 3082 3076 3081 3085 3100 3069 3078 3087 3079 3081 3087 3098 3090 3083 3070 3074 3084 3098 3083 3072 3080 3086 3081 3084 3092 3090 3090 3083 3071 3090 3085 3062 3078 3083

Tree=0
num_leaves=27
num_cat=0
split_feature=30 30 30 29 30 30 13 0 29 29 29 29 2 30 4 1 2 30 3 30 12 29 30 4 9 29
split_gain=1547.61 107.527 34.502 61.2949 32.4 14.102 14.0994 13.0215 12.1208 11.4901 9.66872 9.27798 9.1919 7.7136 6.84153 6.25611 5.15245 4.13135 4.12566 3.86808 3.76327 3.49751 3.24708 3.17318 2.6076 2.58124
threshold=-94.668254852294908 -117.08349990844725 -84.907409667968736 41.693527221679695 -77.269069671630845 -75.70598983764647 82.772914886474624 14.588194370269777 39.747600555419929 35.725976943969734 35.838500976562507 35.686880111694343 2.6775621175765996 -76.269851684570298 2.4110417366027836 18.392261505126957 -0.56354814767837513 -79.306854248046861 3.5572916269302373 -96.901752471923814 3.1770832538604741 39.16371154785157 -76.80580902099608 2.4472916126251225 245.14582824707034 35.725976943969734
decision_type=2 2 2 2 2 2 2 2 2 2 2 2 2 2 2 2 2 2 2 2 2 2 2 2 2 2
left_child=1 8 3 12 6 13 16 -3 -1 11 -11 17 -2 15 24 -6 25 -8 -5 21 -19 -9 -17 -18 -12 -4
right_child=2 7 4 18 5 -7 9 19 -10 10 14 -13 -14 -15 -16 22 23 20 -20 -21 -22 -23 -24 -25 -26 -27
leaf_value=0.010357836161173629 0 0 0 0 0 0 0 0 0 0 0 0 0 0 0 0 0 0 0 0 0 0 0 0 0 0
leaf_weight=4564.3998477458954 390.70000052452087 141.09999817609787 514.79999262094498 136.89999830722809 82.599999010562897 428.89999532699585 86.099999487400055 462.59999740123749 147.19999623298645 296.29999923706055 203.49999916553497 539.2999911904335 114.79999941587448 160.09999889135361 1070.7999880313873 108.09999966621399 87.599999248981476 812.59998935461044 215.69999641180038 343.70000064373016 289.39999741315842 414.59999811649323 127.79999846220016 1557.5999757051468 154.49999856948853 999.59998804330826
leaf_count=3552 377 157 662 163 106 501 95 472 138 325 223 713 128 153 1298 109 106 1004 301 323 336 390 142 2034 183 1214
internal_value=-0.00434019 -0.000359086 -0.00722611 -0.00524913 -0.00745125 -0.0056061 -0.00770393 -0.00292179 0.000381897 -0.00723965 -0.00663188 -0.00784399 -0.0029306 -0.00437146 -0.00698789 -0.00530555 -0.00820972 -0.00731922 -0.00856183 -0.0025746 -0.00749344 -0.0029406 -0.00442249 -0.00862541 -0.0057184 -0.0077548
internal_weight=14451.3 6073.6 8377.7 858.1 7519.6 907.5 6612.1 1362 4711.6 3452.5 1725.1 1727.4 505.5 478.6 1428.8 318.5 3159.6 1188.1 352.6 1220.9 1102 877.2 235.9 1645.2 358 1514.4
internal_count=15205 5032 10173 969 9204 1011 8193 1342 3690 4177 2029 2148 505 510 1704 357 4016 1435 464 1185 1340 862 251 2140 406 1876
is_linear=0
shrinkage=0.0103578


Tree=1
num_leaves=27
num_cat=0
split_feature=30 30 30 13 30 1 30 1 2 2 2 0 30 30 30 3 12 30 30 13 11 1 30 30 1 3
split_gain=1547.96 104.446 34.0411 50.3511 36.6149 16.4523 15.333 12.9131 9.35573 8.92498 7.99906 7.81145 6.93713 9.68578 6.52705 6.06844 4.13072 4.12605 5.26793 3.89474 3.51641 2.87003 2.77144 2.63641 4.68894 2.55435
threshold=-94.668254852294908 -117.08349990844725 -84.907409667968736 73.166667938232436 -77.269069671630845 18.231548309326175 -75.70598983764647 24.405357360839847 -1.2314052581787107 -0.60772517323493946 0.58901396393775951 18.743749618530277 -79.10402679443358 -79.302604675292955 -122.19300079345702 3.632222175598145 -3.8312499523162837 -76.269851684570298 -76.80580902099608 89.818748474121108 6.6430556774139413 22.662797927856449 -96.901752471923814 -79.042778015136705 6.6476190090179452 2.2910416126251225
decision_type=2 2 2 2 2 2 2 2 2 2 2 2 2 2 2 2 2 2 2 2 2 2 2 2 2 2
left_child=1 14 3 9 7 20 11 8 23 -2 -5 -6 13 -9 -1 -10 -14 18 -13 -12 -3 -8 -7 -4 -25 -18
right_child=2 5 4 10 6 22 21 12 15 -11 19 17 16 -15 -16 -17 25 -19 -20 -21 -22 -23 -24 24 -26 -27
leaf_value=0 0 0 0 0 0 0 0 0 0 0 0 0 0 0 0.010250551391231913 0 0 0 0 0 0 0 0 0 0 0
leaf_weight=154.69999521970749 86.89999920129776 150.49999803304672 1027.3999871611595 223.30000054836273 158.29999834299088 797.19999688863754 273.9999960064888 134.49999910593033 2234.7999687194824 259.89999586343765 94.099999248981476 98.700000107288361 262.99999660253525 865.49998831748962 4572.6998474001884 469.79999172687531 539.59999692440033 111.89999943971634 133.39999848604202 168.89999979734421 90.499999165534973 164.79999905824661 317.20000094175339 150.4999977350235 574.1999945640564 397.29999601840973
leaf_count=139 97 171 1278 211 183 780 322 147 2824 355 107 97 320 1089 3565 642 610 103 148 171 91 186 298 195 672 465
internal_value=-0.00433725 -0.000354695 -0.00721039 -0.00521334 -0.00742891 -0.00288888 -0.00550748 -0.0077 -0.0080244 -0.0082274 -0.00305596 -0.00426049 -0.00704072 -0.00769006 0.000372055 -0.00841337 -0.00649584 -0.00337156 -0.00416039 -0.00427999 -0.00534296 -0.00692663 -0.00235533 -0.0074212 -0.00690969 -0.00615984
internal_weight=14513.6 6082.8 8430.8 833.1 7597.7 1355.4 941.1 6656.6 4456.7 346.8 486.3 502.3 2199.9 1000 4727.4 2704.6 1199.9 344 232.1 263 241 438.8 1114.4 1752.1 724.7 936.9
internal_count=15266 5044 10222 941 9281 1340 1039 8242 5611 452 489 531 2631 1236 3704 3466 1395 348 245 278 262 508 1078 2145 867 1075
is_linear=0
shrinkage=0.0103578


Tree=2
num_leaves=27
num_cat=0
split_feature=30 30 1 30 30 29 30 1 29 29 30 30 2 30 2 29 5 0 29 11 4 2 29 29 29 29
split_gain=1558.82 106.896 36.9984 58.3476 30.6883 16.0982 15.4083 11.1902 10.3404 9.51063 7.0012 16.0642 6.84212 6.575 4.89313 4.5828 4.55609 4.52689 3.94851 3.80838 3.77415 3.42124 3.30304 3.7342 3.16609 3.09981
threshold=-94.668254852294908 -117.08349990844725 19.940475463867191 -84.907409667968736 -79.028789520263658 39.747600555419929 -77.269069671630845 18.392261505126957 35.468124389648445 41.268846511840827 -75.049243927001939 -78.014999389648423 -0.56354814767837513 -75.70598983764647 -0.86529502272605885 35.725976943969734 0.6451309621334077 28.176388740539554 35.633329391479499 6.6430556774139413 4.0310416221618661 2.8296842575073247 35.725976943969734 36.419198989868171 39.046882629394538 37.277601242065437
decision_type=2 2 2 2 2 2 2 2 2 2 2 2 2 2 2 2 2 2 2 2 2 2 2 2 2 2
left_child=1 5 6 9 16 -1 12 19 -6 24 11 17 15 -13 -8 -2 18 21 -5 -3 -14 -10 -20 -24 -4 -9
right_child=2 7 3 4 8 -7 14 25 10 -11 -12 13 20 -15 -16 -17 -18 -19 22 -21 -22 -23 23 -25 -26 -27
leaf_value=0.010144377859359842 0 0 0 0 0 -0.00010617353187207056 0 0 0 0 0 0 0 0 0 0 0 0 0 0 0 0 0 0 0 0
leaf_weight=4605.3998464941978 453.49999284744263 154.79999828338623 144.69999957084656 271.4999971985817 129.89999794960022 138.69999635219574 159.4999988079071 133.49999874830246 928.99999326467514 125.59999924898148 161.39999753236771 363.29999786615372 876.29998713731766 139.79999899864197 150.99999815225601 881.7999894618988 628.69999402761459 91.100000143051147 855.29998683929443 100.39999896287918 740.79998749494553 205.59999746084213 554.59999406337738 367.3999941945076 228.20000106096268 982.89999777078629
leaf_count=3584 583 172 147 321 171 133 171 137 1072 144 190 369 1115 160 180 1070 757 97 1111 100 1014 252 658 470 218 939
internal_value=-0.00434689 -0.000362871 -0.00722699 -0.00668121 -0.00703898 0.000373442 -0.0080947 -0.00290905 -0.0060694 -0.00330481 -0.00587062 -0.00567266 -0.00832719 -0.00410278 -0.00587154 -0.0077598 -0.0077689 -0.00631449 -0.00801347 -0.00486773 -0.00879255 -0.00649509 -0.00819772 -0.00773845 -0.00246598 -0.00245868
internal_weight=14574.7 6115.7 8459 5196.1 4697.6 4744.1 3262.9 1371.6 2020.1 498.5 1890.2 1728.8 2952.4 503.1 310.5 1335.3 2677.5 1225.7 2048.8 255.2 1617.1 1134.6 1777.3 922 372.9 1116.4
internal_count=15335 5065 10270 6137 5628 3717 4133 1348 2311 509 2140 1950 3782 529 351 1653 3317 1421 2560 272 2129 1324 2239 1128 365 1076
is_linear=0
shrinkage=0.0103578


Tree=3
num_leaves=27
num_cat=0
split_feature=29 29 29 11 1 29 29 3 29 6 1 1 29 29 6 2 10 29 6 29 13 11 6 2 5 1
split_gain=533.284 483.577 217.11 132.036 76.5517 30.371 27.2105 25.846 21.7964 16.7728 11.5883 9.97953 9.95839 9.32137 8.02531 6.96049 6.93302 5.81964 4.99411 4.95351 4.78179 5.20165 4.26374 3.99764 6.94161 4.8249
threshold=36.314949035644538 40.443843841552741 35.365514755249031 14.700000286102297 20.955654144287113 38.308649063110359 36.658319473266609 3.7865277528762822 34.162609100341804 1.0000000180025095e-35 24.405357360839847 22.755655288696293 35.725976943969734 35.654365539550788 0.010416666977107527 -0.10002588108181952 38.243055343627937 36.046298980712898 0.097916666418313994 35.638013839721687 16.783333778381351 11.78958320617676 0.24374999850988391 0.053545549511909492 0.3047557026147843 23.2351188659668
decision_type=2 2 2 2 2 2 2 2 2 2 2 2 2 2 2 2 2 2 2 2 2 2 2 2 2 2
left_child=2 3 4 5 -1 -2 -5 16 -6 -4 17 15 13 -12 -7 -8 18 19 -3 -11 -9 -22 -10 24 -18 -25
right_child=1 7 9 6 8 14 11 20 22 10 12 -13 -14 -15 -16 -17 23 -19 -20 -21 21 -23 -24 25 -26 -27
leaf_value=0 0.010039304055535556 -0.00010507380382428651 0 0 0 0 0 0 0 0 0 0 0 0 0 0 0 0 0 0 0 0 0 0 0 0
leaf_weight=759.49997597932816 3480.4998869299889 149.39999830722809 139.79999750852585 177.19999784231186 145.79999828338623 224.19999319314957 155.9999994635582 265.39999550580978 85.999998927116394 399.59999394416809 495.39999485015869 1045.0999987125397 883.09999334812164 573.59999167919159 578.09999066591263 131.29999858140945 151.79999780654907 286.69999629259109 219.69999754428864 2647.999962747097 102.29999899864197 248.89999604225159 207.59999698400497 411.49999433755875 441.59999698400497 125.29999893903732
leaf_count=639 2737 154 144 218 142 182 162 374 96 472 572 1033 1007 742 551 153 186 335 247 3336 117 327 266 503 486 139
internal_value=-0.00437183 -0.00255544 -0.00653956 -0.00100707 -0.00254842 -7.83949e-05 -0.00364048 -0.0067926 -0.00598656 -0.00742095 -0.00751489 -0.00313027 -0.00687062 -0.00755081 -0.00189445 -0.00484288 -0.00605224 -0.00789073 -0.00479704 -0.00802647 -0.00858493 -0.007747 -0.00761183 -0.00645917 -0.0058504 -0.00712447
internal_weight=14533.4 7908.3 6625.1 5792.4 1198.9 4282.8 1509.6 2115.9 439.4 5426.2 5286.4 1332.4 1952.1 1069 802.3 287.3 1499.3 3334.3 369.1 3047.6 616.6 351.2 293.6 1130.2 593.4 536.8
internal_count=15320 7569 7751 5036 1143 3470 1566 2533 504 6608 6464 1348 2321 1314 733 315 1715 4143 401 3808 818 444 362 1314 672 642
is_linear=0
shrinkage=0.0103578


Tree=4
num_leaves=27
num_cat=0
split_feature=30 30 30 29 30 29 1 30 2 30 4 29 30 2 4 1 29 29 30 29 1 1 5 29 2 1
split_gain=1584.11 101.95 37.2088 54.9613 41.0156 16.3429 13.4988 12.4174 10.4513 10.0685 9.71217 8.94453 10.5412 8.82159 7.69328 6.51389 6.08957 5.03498 5.005 4.7168 4.6812 4.58405 4.19476 3.66801 3.61763 5.42641
threshold=-94.668254852294908 -112.49425125122069 -84.907409667968736 41.693527221679695 -78.014999389648423 37.012199401855476 24.405357360839847 -75.70598983764647 -1.2314052581787107 -76.269851684570298 4.1527082920074472 35.725976943969734 -79.302604675292955 2.1669125556945805 3.9108333587646489 18.231548309326175 35.725976943969734 40.784446716308601 -79.10402679443358 36.419198989868171 10.339583396911623 5.3401784896850595 0.19703882187604907 35.468124389648445 -1.4561723470687864 23.123214721679691
decision_type=2 2 2 2 2 2 2 2 2 2 2 2 2 2 2 2 2 2 2 2 2 2 2 2 2 2
left_child=1 -1 3 13 6 -3 8 9 16 10 17 12 -8 -2 -5 -7 -4 -6 -14 22 -10 -18 -13 -20 -9 -26
right_child=2 5 4 14 7 15 11 24 20 -11 -12 19 18 -15 -16 -17 21 -19 23 -21 -22 -23 -24 -25 25 -27
leaf_value=0.0099353185889561116 0 -0.00010398546657944324 0 0 0 0 0 0 0 0 0 0 0 0 0 0 0 0 0 0 0 0 0 0 0 0
leaf_weight=4842.6998406052589 364.3000014424324 124.69999897480011 677.19999033212662 95.999999403953552 206.4999982714653 185.6999985575676 97.5999995470047 116.99999910593033 471.9999920129776 158.69999915361404 100.19999843835831 237.49999737739563 704.29998970031738 132.79999911785126 251.4999960064888 999.09999823570251 129.59999793767929 91.799999713897705 127.39999812841415 81.199998736381531 2201.599968791008 937.59999108314514 627.29999673366547 285.89999747276306 201.99999666213989 139.59999912977219
leaf_count=3799 353 147 854 110 229 191 102 130 644 151 128 285 905 144 347 957 168 90 162 106 2794 1102 701 327 246 158
internal_value=-0.00424756 -0.000250243 -0.00716122 -0.00509002 -0.0073911 -0.00281374 -0.00769089 -0.00544578 -0.0080228 -0.00439555 -0.00527497 -0.00701026 -0.00760628 -0.00287434 -0.0082485 -0.00243547 -0.00738619 -0.0043198 -0.00789301 -0.00624008 -0.00843634 -0.00688247 -0.00600523 -0.00694985 -0.00671389 -0.00726448
internal_weight=14591.8 6152.2 8439.6 844.6 7595 1309.5 6579.2 1015.8 4418 557.2 398.5 2161.2 1215.2 497.1 347.5 1184.8 1744.4 298.3 1117.6 946 2673.6 1067.2 864.8 413.3 458.6 341.6
internal_count=15330 5094 10236 954 9282 1295 8150 1132 5562 598 447 2588 1496 497 457 1148 2124 319 1394 1092 3438 1270 986 489 534 404
is_linear=0
shrinkage=0.0103578


Tree=5
num_leaves=27
num_cat=0
split_feature=30 30 1 30 30 29 29 29 13 30 30 2 1 30 2 29 2 29 29 29 3 2 30 5 1 13
split_gain=1584.26 77.7706 38.2208 54.942 29.6159 22.3125 11.6912 11.5242 10.3712 8.53264 8.44001 7.76742 7.29135 7.07955 6.68298 6.65185 4.75402 4.35057 4.75124 4.24166 4.00829 3.93107 3.25131 3.02528 2.84293 2.68865
threshold=-94.668254852294908 -117.08349990844725 17.242261886596683 -84.907409667968736 -78.719924926757798 41.693527221679695 36.361949920654304 39.747600555419929 57.464584350585945 -79.125286102294908 -75.049243927001939 -0.7867106795310973 24.405357360839847 -79.188957214355455 1.198356628417969 35.68836975097657 -1.2705486416816709 40.025205612182624 41.806915283203132 35.904197692871101 2.2910416126251225 -0.10002588108181952 -96.901752471923814 0.24309175461530688 22.702976226806644 88.224998474121108
decision_type=2 2 2 2 2 2 2 2 2 2 2 2 2 2 2 2 2 2 2 2 2 2 2 2 2 2
left_child=1 7 11 5 9 14 -3 -1 -8 13 15 17 16 -5 -4 -6 -11 -2 -19 -15 23 24 -10 -14 -17 -23
right_child=2 6 3 4 10 -7 8 -9 22 12 -12 -13 20 19 -16 21 -18 18 -20 -21 -22 25 -24 -25 -26 -27
leaf_value=0.0098324101868026426 0 1.077064425973069e-06 0 0 0 0 -0.00010290840215347018 -0.00020798220597775669 0 0 0 0 0 0 0 0 0 0 0 0 0 0 0 0 0 0
leaf_weight=4517.6998498439789 886.69998794794083 137.39999794960022 279.2000008225441 1423.7999826073647 178.09999799728394 161.29999786615372 212.49999815225601 145.59999597072601 702.79999721050262 451.49999582767487 221.89999705553055 1284.6999797821045 150.39999812841415 540.4999908208847 179.69999957084656 177.49999898672104 725.3999896645546 103.39999908208847 115.79999858140945 81.89999932050705 555.49999403953552 106.49999886751175 324.70000070333481 471.49999791383743 132.19999974966049 249.09999865293503
leaf_count=3517 1113 142 264 1760 211 197 227 136 686 533 259 1703 180 723 187 193 902 114 144 95 661 123 303 529 132 267
internal_value=-0.00430876 -0.000255333 -0.00719711 -0.00675878 -0.00709058 -0.00383016 -0.00241731 0.000383376 -0.00273488 -0.00746698 -0.00553226 -0.00831094 -0.00703205 -0.0079651 -0.00265816 -0.00505013 -0.00761896 -0.00765524 -0.00629196 -0.0089092 -0.00644164 -0.00456387 -0.00230099 -0.00584836 -0.00369137 -0.00531548
internal_weight=14517.3 6040.7 8476.6 6086 5465.8 620.2 1377.4 4663.3 1240 4400.5 1065.3 2390.6 2354.3 2046.2 458.9 843.4 1176.9 1105.9 219.2 622.4 1177.4 665.3 1027.5 621.9 309.7 355.6
internal_count=15301 5011 10290 7216 6568 648 1358 3653 1216 5383 1185 3074 2805 2578 451 926 1435 1371 258 818 1370 715 989 709 325 390
is_linear=0
shrinkage=0.0103578


Tree=6
num_leaves=27
num_cat=0
split_feature=30 30 30 30 29 29 1 30 30 2 29 29 30 4 4 2 29 30 29 13 30 29 0 1 1 29
split_gain=1635.86 50.6501 29.9443 36.0336 48.9652 17.7547 10.3572 10.2512 9.52275 9.48103 8.68185 8.52641 10.2207 7.61926 7.36469 7.23785 6.34133 6.33586 5.91341 8.10937 5.47446 5.43181 5.31846 4.93389 3.60764 3.20875
threshold=-94.668254852294908 -117.08349990844725 -78.675731658935533 -84.907409667968736 41.693527221679695 39.747600555419929 24.405357360839847 -75.70598983764647 -76.269851684570298 -1.2314052581787107 36.361949920654304 35.725976943969734 -79.306854248046861 3.948125004768372 4.1527082920074472 1.8141951560974123 35.725976943969734 -79.10402679443358 37.980018615722663 57.464584350585945 -79.063835144042955 40.703229904174812 6.5298612117767343 23.068452835083011 10.339583396911623 36.361949920654304
decision_type=2 2 2 2 2 2 2 2 2 2 2 2 2 2 2 2 2 2 2 2 2 2 2 2 2 2
left_child=1 5 3 4 15 -1 9 8 14 16 -3 12 -8 -6 21 -2 -5 -14 -12 -20 -19 -4 -18 -9 -11 -13
right_child=2 10 7 6 13 -7 11 23 -10 24 18 25 17 -15 -16 -17 22 20 19 -21 -22 -23 -24 -25 -26 -27
leaf_value=0.0097305676930182858 0 1.0659083691138116e-06 0 0 0 -0.00020582796036379959 0 0 0 0 -0.00010291955821032942 0 0 0 0 0 0 0 1.0659083691138116e-06 0 0 0 0 0 0 0
leaf_weight=4521.4998492002487 301.30000060796738 143.39999788999557 262.89999788999557 669.49999064207077 96.999999165534973 148.59999597072601 84.099999606609344 284.79999560117722 164.89999896287918 434.49999266862869 169.29999929666519 819.19999432563782 733.29998910427094 263.59999567270279 134.99999815225601 155.79999905824661 145.19999778270721 108.3999992609024 189.19999843835831 880.19999831914902 277.9999965429306 113.89999920129776 915.99999177455902 149.29999941587448 2163.8999690413475 103.99999850988388
leaf_count=3519 293 148 299 851 110 144 89 338 159 589 179 938 947 362 170 166 190 116 196 846 338 113 1080 167 2741 130
internal_value=-0.00425826 -0.000154269 -0.00722036 -0.00746309 -0.00540475 0.000361174 -0.00772322 -0.00562754 -0.00481938 -0.0080185 -0.00189568 -0.00712007 -0.00770296 -0.00825747 -0.00551826 -0.00314592 -0.00741105 -0.007966 -0.00217496 -0.0018876 -0.00685601 -0.00475721 -0.00689698 -0.00687845 -0.00842124 -0.0063553
internal_weight=14436.8 6052.2 8384.6 7273.8 817.7 4670.1 6456.1 1110.8 676.7 4329.1 1382.1 2127 1203.8 360.6 511.8 457.1 1730.7 1119.7 1238.7 1069.4 386.4 376.8 1061.2 434.1 2598.4 923.2
internal_count=15218 5032 10186 8940 931 3663 8009 1246 741 5451 1369 2558 1490 472 582 459 2121 1401 1221 1042 454 412 1270 505 3330 1068
is_linear=0
shrinkage=0.0103578


Tree=7
num_leaves=27
num_cat=0
split_feature=30 30 13 30 30 30 29 2 30 29 29 2 29 30 29 30 29 29 29 4 30 29 4 29 7 2
split_gain=1703.19 40.3906 32.191 49.9257 25.5665 16.8199 10.8333 9.72392 13.3094 7.84824 7.98454 7.0882 5.9591 4.93688 4.8056 4.63916 4.63545 5.78073 4.58948 4.41245 4.0747 3.87057 3.75076 3.5181 3.49789 2.99875
threshold=-94.668254852294908 -117.08349990844725 83.289581298828139 -84.907409667968736 -79.028789520263658 -77.269069671630845 39.747600555419929 -0.56354814767837513 -84.907409667968736 36.020755767822273 41.408981323242195 -0.86529502272605885 36.361949920654304 -78.970527648925767 35.635671615600593 -78.675731658935533 40.703229904174812 39.09523010253907 35.725976943969734 5.6337499618530282 -79.294250488281236 40.186811447143562 2.5856250524520878 35.725976943969734 0.11874999850988389 2.0921583175659184
decision_type=2 2 2 2 2 2 2 2 2 2 2 2 2 2 2 2 2 2 2 2 2 2 2 2 2 2
left_child=1 6 5 16 14 7 -1 8 -2 13 21 -7 -3 -6 25 24 17 -4 -16 20 -9 -11 -20 -10 -15 -5
right_child=2 12 3 4 9 11 -8 19 23 10 -12 -13 -14 15 18 -17 -18 -19 22 -21 -22 -23 -24 -25 -26 -27
leaf_value=0.0096297800670987928 0 1.054867864863707e-06 0 0 0 0 -0.00020260769082811953 0 0 0 0 0 -0.00010076519704376318 0 0 0 0 0 0 0 0 0 0 0 0 0
leaf_weight=4666.4998448491096 122.9999994635582 135.2999981045723 137.99999988079071 297.5999972820282 280.89999890327454 248.69999784231186 142.29999613761902 403.29999470710754 554.69999182224274 400.59999817609787 139.99999839067459 225.4999971985817 1247.5999954938889 294.09999787807465 948.39998614788055 103.19999933242798 106.49999940395355 128.30000060796738 339.29999715089798 324.79999440908432 1228.1999809145927 96.299999475479126 511.69999325275421 1011.4999879002571 319.09999549388885 92.399998605251312
leaf_count=3633 130 141 140 340 313 271 133 505 717 438 166 269 1216 347 1216 114 115 117 395 460 1590 93 631 1233 399 116
internal_value=-0.00416992 -5.68291e-05 -0.00723204 -0.00658973 -0.0069427 -0.00788521 0.000391753 -0.00812557 -0.00753651 -0.00595549 -0.00504212 -0.00602902 -0.00161652 -0.00653517 -0.00767763 -0.00700001 -0.00296335 -0.00222181 -0.00791002 -0.00863165 -0.00839816 -0.00441438 -0.00733213 -0.00779531 -0.00734773 -0.00659445
internal_weight=14507.8 6191.7 8316.1 4196.4 3823.6 4119.7 4808.8 3645.5 1689.2 1634.2 636.9 474.2 1382.9 997.3 2189.4 716.4 372.8 266.3 1799.4 1956.3 1631.5 496.9 851 1566.2 613.2 390
internal_count=15238 5123 10115 4940 4568 5175 3766 4635 2080 1870 697 540 1357 1173 2698 860 372 257 2242 2555 2095 531 1026 1950 746 456
is_linear=0
shrinkage=0.0103578


Tree=8
num_leaves=27
num_cat=0
split_feature=30 30 29 30 1 29 30 1 2 2 30 30 29 2 29 30 4 29 0 30 30 29 29 2 4 5
split_gain=1871.93 34.9057 53.8615 40.1267 15.0935 13.9223 13.6511 11.0539 9.95681 9.79749 8.40044 10.0136 7.55213 7.48143 5.59748 7.40931 5.56863 4.91634 4.39724 4.26513 4.6183 3.94742 3.92052 3.79456 3.61036 2.92669
threshold=-94.668254852294908 -84.907409667968736 41.556880950927741 -78.014999389648423 24.405357360839847 41.108394622802741 -109.12405014038085 22.755655288696293 -1.2705486416816709 2.536658883094788 -79.10402679443358 -79.311107635498033 35.725976943969734 0.053545549511909492 40.025205612182624 -75.317043304443345 3.9327082633972172 35.741001129150398 6.5298612117767343 -75.70598983764647 -76.589794158935533 35.468124389648445 36.112329483032234 2.8867624998092656 4.9052083492279062 0.24309175461530688
decision_type=2 2 2 2 2 2 2 2 2 2 2 2 2 2 2 2 2 2 2 2 2 2 2 2 2 2
left_child=5 2 9 4 8 -1 -7 13 12 -2 11 -6 -3 14 -5 -16 -4 -13 -14 20 -9 -12 23 25 -10 -23
right_child=1 3 16 7 10 6 -8 19 24 -11 21 17 18 -15 15 -17 -18 -19 -20 -21 -22 22 -24 -25 -26 -27
leaf_value=1.0439417163477617e-06 0 0 0 0 0 -0.0002015974508063714 1.0437094017276764e-06 0 0 0 0 0 0 0 0 0 0 0 0 0 0 0 0 0 0 0
leaf_weight=5881.0998373031616 387.60000050067902 685.39999026060104 94.89999908208847 92.099998593330383 88.999999761581421 136.39999824762344 119.29999929666519 148.19999873638153 2377.0999654531479 99.499999284744263 122.49999839067459 745.19998908042908 159.69999766349792 235.69999623298645 148.99999934434891 120.69999843835831 242.89999604225159 131.39999908208847 900.4999914765358 176.79999905824661 96.999999701976776 237.399997651577 131.9999982714653 154.69999819993973 257.59999549388885 519.79999762773514
leaf_count=4821 376 872 109 115 96 146 111 158 3031 111 157 952 207 285 150 139 333 150 1059 200 90 276 162 185 360 572
internal_value=-0.00402483 -0.00721459 -0.00518244 -0.00743669 -0.00773656 0.000318968 -0.00204412 -0.00551756 -0.00808802 -0.00297151 -0.00701231 -0.00773787 -0.00746796 -0.00642849 -0.00547007 -0.00469376 -0.00835899 -0.00807603 -0.00690494 -0.00421992 -0.00331678 -0.00640783 -0.00619074 -0.00593755 -0.00849698 -0.00562201
internal_weight=14493.5 8356.7 824.9 7531.8 6512.3 6136.8 255.7 1019.5 4380.3 487.1 2132 965.6 1745.6 597.5 361.8 269.7 337.8 876.6 1060.2 422 245.2 1166.4 1043.9 911.9 2634.7 757.2
internal_count=15223 10145 929 9216 8079 5078 257 1137 5529 487 2550 1198 2138 689 404 289 442 1102 1266 448 248 1352 1195 1033 3391 848
is_linear=0
shrinkage=0.0103578


Tree=9
num_leaves=27
num_cat=0
split_feature=30 30 13 30 13 30 30 0 2 3 2 13 30 30 13 30 6 11 3 3 10 30 30 3 9 2
split_gain=1844.35 33.4674 52.3185 35.4148 11.5017 10.2747 8.86137 10.0549 8.70741 5.90505 5.3353 4.76537 4.45291 4.01106 5.09363 3.92524 3.85577 3.5298 3.20343 2.9028 3.12536 2.6351 2.89994 2.46762 2.43851 2.41066
threshold=-94.668254852294908 -84.907409667968736 73.166667938232436 -78.675731658935533 82.772914886474624 -79.096958160400376 -75.70598983764647 17.752082824707035 1.1120212078094485 3.5572916269302373 1.6892727613449099 100.48958587646486 -122.19300079345702 -80.06703948974608 97.812500000000014 -76.269851684570298 0.36041666567325598 22.60624980926514 2.4931249618530278 4.2971527576446542 20.548610687255863 -79.290195465087876 -80.495098114013658 3.0567361116409306 214.04166412353518 -7.5524585247039786
decision_type=2 2 2 2 2 2 2 2 2 2 2 2 2 2 2 2 2 2 2 2 2 2 2 2 2 2
left_child=12 2 9 4 10 13 7 23 -4 -2 19 -10 -1 14 -6 18 -7 -18 -9 20 -3 22 -22 -5 -8 -23
right_child=1 3 8 6 5 16 24 15 11 -11 -12 -13 -14 -15 -16 -17 17 -19 -20 -21 21 25 -24 -25 -26 -27
leaf_value=-9.3335805568338246e-05 0 0 0 0 0 0 0 0 0 0 0 0 1.0328964244679317e-06 0 0 0 0 0 0 0 0 0 0 0 0 0
leaf_weight=135.49999576807022 121.59999889135361 191.99999850988388 279.70000094175339 85.999998986721039 138.29999834299088 452.49999713897705 184.19999825954437 207.2999986410141 118.09999912977219 227.69999617338181 865.79998624324799 96.399999916553497 5951.6998421549797 1420.1999810934067 82.899999558925629 107.89999967813492 1080.2999881505966 156.49999922513962 175.59999859333038 123.69999778270721 135.39999788999557 92.099999070167542 256.79999738931656 112.59999823570251 246.19999665021896 1422.6999792456627
leaf_count=121 142 228 269 100 173 515 208 215 133 313 1140 96 4925 1790 89 103 1297 175 200 167 176 107 306 144 294 1789
internal_value=-0.0040313 -0.00718239 -0.00521636 -0.00740189 -0.00769928 -0.00726957 -0.00569374 -0.00495382 -0.00304076 -0.00828333 -0.00816113 -0.00461066 0.00030816 -0.0078612 -0.00650144 -0.00414677 -0.00669202 -0.00699988 -0.00464088 -0.00788053 -0.00778137 -0.00791354 -0.0071005 -0.0069287 -0.00686985 -0.00812103
internal_weight=14469.7 8382.5 843.5 7539 6419.2 3330.7 1119.8 689.4 494.2 349.3 3088.5 214.5 6087.2 1641.4 221.2 490.8 1689.3 1236.8 382.9 2222.7 2099 1907 392.2 198.6 430.4 1514.8
internal_count=15215 10169 953 9216 7952 4039 1264 762 498 455 3913 229 5046 2052 262 518 1987 1472 415 2773 2606 2378 482 244 502 1896
is_linear=0
shrinkage=0.0103578


Tree=10
num_leaves=27
num_cat=0
split_feature=29 29 29 11 11 29 29 10 29 29 4 1 6 1 29 6 13 3 29 3 10 6 29 1 12 7
split_gain=598.806 531.427 257.651 68.0824 51.2337 37.6673 28.2921 27.054 20.3774 25.4105 19.8932 18.2188 16.3572 12.9358 10.4568 10.2048 7.03022 6.79122 6.63782 5.80396 5.77599 4.87782 4.7166 4.70007 4.03303 4.37734
threshold=36.314949035644538 40.443843841552741 35.365514755249031 15.849305629730226 14.838194370269777 36.579669952392585 34.162609100341804 35.895833969116218 35.633329391479499 35.725976943969734 6.3256249427795419 22.755655288696293 0.15625000000000003 24.405357360839847 38.441310882568366 0.085416667163372054 76.71250152587892 2.0406249761581425 36.419198989868171 2.8596527576446538 68.798610687255874 0.052083333954215057 39.747600555419929 24.864880561828617 -3.6729166507720943 0.13541667163372043
decision_type=2 2 2 2 2 2 2 2 2 2 2 2 2 2 2 2 2 2 2 2 2 2 2 2 2 2
left_child=2 4 3 16 14 18 -5 12 15 -10 -9 22 -3 17 -2 -4 -1 -11 -6 20 -13 -16 -7 -17 -15 -26
right_child=1 7 8 6 5 11 -8 10 9 13 -12 19 -14 24 21 23 -18 -19 -20 -21 -22 -23 -24 -25 25 -27
leaf_value=0 0.0095300148713464532 -9.869894071287268e-05 0 0 0 0 0 0 0 0 0 0 0 0 1.022197852531831e-06 0 0 0 0 0 0 0 0 0 0 0
leaf_weight=782.2999752163887 3616.9998835325241 207.49999755620956 135.99999785423279 111.99999892711639 84.799999892711639 176.09999918937683 223.19999676942825 1424.3999834656715 1964.3999713659286 235.39999753236771 276.89999538660049 348.69999969005585 254.8999969959259 231.09999734163284 272.29999232292175 332.49999505281448 108.29999774694443 1596.8999786376953 84.299998700618744 555.89999914169312 98.299999356269836 474.19999259710312 93.499999046325684 218.59999883174896 271.69999903440475 393.79999673366547
leaf_count=651 2858 211 134 106 94 185 282 1674 2526 268 391 337 305 271 225 395 115 1961 111 541 107 464 111 242 293 452
internal_value=-0.00402509 -0.00211322 -0.00633086 -0.00204366 -0.000479928 -0.00217245 -0.00601848 -0.00649378 -0.0073072 -0.00755233 -0.00709886 -0.00155998 -0.00426065 -0.00690018 7.93543e-05 -0.00562734 -0.000544287 -0.00740328 -0.00675828 -0.000915714 -0.00179376 -0.00103617 -0.00394809 -0.00625609 -0.00586753 -0.00544252
internal_weight=14575 7968.8 6606.2 1225.8 5805.1 1441.6 335.2 2163.7 5380.4 4693.3 1701.3 1272.5 462.4 2728.9 4363.5 687.1 890.6 1832.3 169.1 1002.9 447 746.5 269.6 551.1 896.6 665.5
internal_count=15310 7614 7696 1154 5033 1486 388 2581 6542 5771 2065 1281 516 3245 3547 771 766 2229 205 985 444 689 296 637 1016 745
is_linear=0
shrinkage=0.0103578


Tree=11
num_leaves=27
num_cat=0
split_feature=29 29 29 11 11 29 29 10 6 13 4 29 29 1 29 2 10 29 6 2 0 3 29 1 12 6
split_gain=618.346 518.091 237.456 72.727 52.5756 49.5212 28.0112 27.642 24.1382 21.0398 17.0382 16.4784 19.3483 12.9648 9.58923 9.02496 7.20535 6.87703 6.34571 6.1196 6.99594 6.02359 5.33863 10.7354 5.23169 4.28438
threshold=36.314949035644538 40.443843841552741 35.435970306396491 15.627083301544191 14.700000286102297 36.658319473266609 34.162609100341804 40.409723281860359 0.14791666716337207 89.279167175292983 6.3256249427795419 35.607975006103523 35.725976943969734 24.376487731933597 38.308649063110359 -1.4258928894996641 73.284721374511733 35.697473526000984 0.18958333134651187 -0.84663560986518849 23.656250000000004 2.0311805009841923 34.728954315185554 17.897024154663089 -3.6729166507720943 0.081250000745058074
decision_type=2 2 2 2 2 2 2 2 2 2 2 2 2 2 2 2 2 2 2 2 2 2 2 2 2 2
left_child=2 4 3 22 14 -6 -5 8 -3 15 19 18 17 21 -2 -7 -11 -13 -4 -9 -21 -14 -1 -24 -15 -16
right_child=1 7 11 6 5 9 -8 10 -10 16 -12 12 13 24 25 -17 -18 -19 -20 20 -22 -23 23 -25 -26 -27
leaf_value=1.0224301671519162e-06 0.0094313045386954977 -9.767663325568734e-05 0 0 0 0 0 0 0 0 0 0 0 0 -1.0587757880828227e-08 0 0 0 0 0 0 0 0 0 0 0
leaf_weight=417.29998701810837 3575.6998832821846 197.59999805688858 107.89999806880951 122.29999899864197 163.59999799728394 102.79999983310699 268.09999632835388 456.39999550580978 324.39999669790268 881.80000078678131 268.89999544620514 1659.9999785423279 224.99999761581421 236.89999729394913 342.39999061822891 174.79999828338623 134.8999992609024 526.99999111890793 262.4999971985817 674.29999113082886 149.29999911785126 1632.5999783277512 334.59998905658722 110.09999799728394 666.09999591112137 478.89999252557755
leaf_count=341 2815 208 105 117 202 104 333 516 388 860 379 2072 260 281 286 204 143 708 301 837 165 2002 282 119 739 461
internal_value=-0.00400341 -0.00205536 -0.00635288 -0.00229349 -0.000480109 -0.00218428 -0.00599903 -0.00650739 -0.00443515 -0.0015034 -0.00720361 -0.00730845 -0.00746706 -0.00688441 8.50504e-05 -0.00402817 -0.000811755 -0.00820036 -0.00518048 -0.00669774 -0.00723996 -0.0073835 -0.000611928 -0.00140094 -0.00585325 -0.000923715
internal_weight=14496.2 7925.8 6570.4 1252.4 5854.9 1457.9 390.4 2070.9 522 1294.3 1548.9 5318 4947.6 2760.6 4397 277.6 1016.7 2187 370.4 1280 823.6 1857.6 862 444.7 903 821.3
internal_count=15228 7568 7660 1192 5075 1513 450 2493 596 1311 1897 6468 6062 3282 3562 308 1003 2780 406 1518 1002 2262 742 401 1020 747
is_linear=0
shrinkage=0.0103578


Tree=12
num_leaves=27
num_cat=0
split_feature=30 30 29 30 29 30 13 30 30 3 29 2 4 2 1 6 30 29 29 29 2 3 29 29 5 6
split_gain=1811.27 38.967 51.7785 41.1155 12.8366 13.9811 11.5707 12.2087 9.04306 10.213 7.59145 7.47483 6.80553 6.80144 6.28042 5.52716 5.22368 5.83097 4.8414 4.06722 3.61372 3.52629 3.26503 3.08181 3.12277 2.95521
threshold=-94.668254852294908 -84.907409667968736 41.693527221679695 -78.014999389648423 41.108394622802741 -109.12405014038085 82.772914886474624 -79.118217468261705 -75.70598983764647 3.3372222185134892 35.468124389648445 0.95458075404167186 3.8770834207534794 -0.56354814767837513 23.94375038146973 0.35208332538604742 -79.302604675292955 36.20991516113282 36.419198989868171 35.741001129150398 -1.3876682519912718 2.0495139360427861 41.408981323242195 36.419198989868171 0.091312047094106688 0.64791664481163036
decision_type=2 2 2 2 2 2 2 2 2 2 2 2 2 2 2 2 2 2 2 2 2 2 2 2 2 2
left_child=4 2 11 6 -1 -6 13 16 9 18 -9 -2 -4 -3 -13 -12 17 -8 -5 -18 -10 -15 -22 24 -17 -20
right_child=1 3 12 8 5 -7 7 10 20 -11 15 14 -14 21 -16 23 19 -19 25 -21 22 -23 -24 -25 -26 -27
leaf_value=1.0224301671519162e-06 0 0 0 0 -0.00019952003601234484 1.0222002588086037e-06 0 0 0 0 0 0 0 0 0 0 0 0 0 0 0 0 0 0 0 0
leaf_weight=5824.8998406529427 271.1000007390976 1529.0999806523323 95.899999260902405 147.69999849796295 130.0999983549118 121.49999922513962 119.29999941587448 218.59999668598175 119.5999990105629 139.69999819993973 455.99999761581421 100.49999910593033 261.09999585151672 80.699999332427979 111.59999996423721 104.09999841451645 973.89998513460159 209.69999718666077 113.20000010728836 148.7999986410141 146.79999887943268 1531.0999756455421 178.99999707937241 89.699998557567596 1018.7999911308289 177.09999877214432
leaf_count=4779 257 1893 109 165 139 111 129 280 130 171 514 113 359 97 108 133 1255 267 108 172 170 2003 214 115 1180 183
internal_value=-0.00402556 -0.0071583 -0.00503436 -0.00739569 0.000275918 -0.00201184 -0.00770108 -0.00726906 -0.00545789 -0.00459035 -0.00671092 -0.00281765 -0.00802428 -0.0081588 -0.00427403 -0.0064662 -0.00799143 -0.0067983 -0.00380145 -0.00833708 -0.00657491 -0.00864072 -0.0071525 -0.00683821 -0.00667968 -0.00301064
internal_weight=14419.6 8343.1 840.2 7502.9 6076.5 251.6 6479.8 3338.9 1023.1 577.7 1887.2 483.2 357 3140.9 212.1 1668.6 1451.7 329 438 1122.7 445.4 1611.8 325.8 1212.6 1122.9 290.3
internal_count=15154 10125 946 9179 5029 250 8038 4045 1141 627 2222 478 468 3993 221 1942 1823 396 456 1427 514 2100 384 1428 1313 291
is_linear=0
shrinkage=0.0103578


Tree=13
num_leaves=27
num_cat=0
split_feature=30 30 29 30 29 30 30 13 30 0 2 0 2 29 0 29 30 29 13 9 30 30 29 30 29 30
split_gain=1809.41 41.6265 42.8505 40.7822 14.89 14.2015 13.8618 12.3168 9.20489 8.06789 7.5434 7.07795 6.98173 6.37118 5.28446 5.07133 4.65623 7.86324 4.25789 4.23527 4.22516 4.14152 3.47177 5.03509 3.49898 3.46137
threshold=-94.668254852294908 -84.907409667968736 41.693527221679695 -78.014999389648423 41.108394622802741 -109.12405014038085 -75.70598983764647 82.772914886474624 -79.042778015136705 18.954860687255863 1.198356628417969 16.728471755981449 -1.3876682519912718 35.468124389648445 28.176388740539554 36.020755767822273 -79.306854248046861 36.20991516113282 93.345832824707045 183.84027862548831 -76.269851684570298 -78.769439697265611 35.741001129150398 -79.10402679443358 36.419198989868171 -78.867374420166001
decision_type=2 2 2 2 2 2 2 2 2 2 2 2 2 2 2 2 2 2 2 2 2 2 2 2 2 2
left_child=4 2 10 7 -1 -6 9 12 16 19 -2 -4 -3 -10 15 25 17 -9 -12 -5 -11 -17 23 -18 -24 -15
right_child=1 3 11 6 5 -7 -8 8 13 20 18 -13 -14 14 -16 21 22 -19 -20 -21 -22 -23 24 -25 -26 -27
leaf_value=1.0118400029943153e-06 0 0 0 0 -0.0001974534401684575 1.0116124760039549e-06 0 0 0 0 0 0 0 0 0 0 0 0 0 0 0 0 0 0 0 0
leaf_weight=5834.8998417258263 313.60000079870224 1279.1999842524529 165.5999972820282 103.89999932050705 128.49999839067459 107.09999918937683 409.49999511241913 95.499999821186066 104.09999829530716 292.59999805688858 88.699999153614044 184.99999791383743 1870.6999709606171 502.19999629259109 93.200000047683716 93.399999141693115 1036.4999847412109 208.89999735355377 98.499999761581421 92.499998688697815 108.0999995470047 95.300000309944153 518.39999508857727 230.39999753236771 82.799998581409454 375.29999530315399
leaf_count=4791 302 1576 232 115 139 97 483 101 137 312 101 226 2425 576 98 110 1331 263 97 115 101 99 606 272 110 457
internal_value=-0.00403456 -0.00713523 -0.00495529 -0.00737924 0.000278579 -0.00227094 -0.00542929 -0.00767672 -0.00724073 -0.00441241 -0.00300425 -0.00773163 -0.00815078 -0.00652398 -0.00629515 -0.00650394 -0.00765557 -0.00642049 -0.00465023 -0.00613893 -0.00355764 -0.00492121 -0.00785459 -0.00817628 -0.00716894 -0.00684042
internal_weight=14514.4 8443.9 851.4 7592.5 6070.5 235.6 1006.6 6585.9 3436 597.1 500.8 350.6 3149.9 1263.5 1159.4 1066.2 2172.5 304.4 187.2 196.4 400.7 188.7 1868.1 1266.9 601.2 877.5
internal_count=15272 10245 958 9287 5027 236 1126 8161 4160 643 500 458 4001 1477 1340 1242 2683 364 198 230 413 209 2319 1603 716 1033
is_linear=0
shrinkage=0.0103578


Tree=14
num_leaves=27
num_cat=0
split_feature=30 30 13 30 1 29 30 30 30 30 4 2 29 3 29 29 2 1 7 29 29 12 6 10 9 29
split_gain=1816.79 49.1269 51.1712 39.1426 12.8645 12.3187 14.9047 10.0677 8.87014 8.71601 8.38754 7.2145 7.08771 6.49118 6.30169 4.6779 3.91565 3.8736 3.7951 3.35379 3.92377 3.97865 3.04183 6.07642 2.93841 2.84756
threshold=-94.668254852294908 -84.907409667968736 73.166667938232436 -78.014999389648423 24.405357360839847 41.108394622802741 -109.12405014038085 -75.70598983764647 -79.12176132202147 -79.311107635498033 4.5716667175292978 -1.2314052581787107 36.658319473266609 3.1413193941116337 35.741001129150398 35.725976943969734 2.7582298517227177 10.339583396911623 0.75624999403953563 36.13434028625489 35.468124389648445 -3.9145833253860469 0.11458333209156991 46.770833969116218 214.04166412353518 35.650003433227546
decision_type=2 2 2 2 2 2 2 2 2 2 2 2 2 2 2 2 2 2 2 2 2 2 2 2 2 2
left_child=5 2 13 4 11 -1 -7 10 9 -6 12 15 -5 -2 -11 25 -4 -13 19 20 -10 -22 23 -19 -9 -3
right_child=1 3 16 7 8 6 -8 24 18 14 -12 17 -14 -15 -16 -17 -18 22 -20 -21 21 -23 -24 -25 -26 -27
leaf_value=1.0011272154018934e-06 0 0 0 0 0 -0.00019540824978573254 1.0011343597189068e-06 0 0 0 0 0 0 0 0 0 0 0 0 0 0 0 0 0 0 0
leaf_weight=5917.4998372793198 89.199999153614044 310.19999617338181 399.80000102519989 167.8999981880188 82.899999558925629 117.1999985575676 120.79999893903732 194.09999829530716 133.49999845027924 729.49998939037323 107.69999867677689 450.69999247789383 317.39999824762344 250.39999598264694 89.799999594688416 1075.4999883770943 100.59999972581863 82.699999153614044 156.79999792575836 140.09999823570251 190.59999793767929 636.69999670982361 1933.69997215271 225.09999668598175 236.79999661445618 378.2999941110611
leaf_count=4865 102 376 390 191 91 128 110 221 165 941 133 609 318 338 100 1289 110 99 194 173 224 703 2455 279 284 493
internal_value=-0.00401473 -0.00712378 -0.00473871 -0.00738559 -0.00767798 0.000268591 -0.00203883 -0.00549265 -0.00701191 -0.00780709 -0.00460526 -0.00799979 -0.00401411 -0.00784006 -0.00813341 -0.0074698 -0.00262663 -0.00834526 -0.0064379 -0.0062122 -0.00598197 -0.00570391 -0.00815752 -0.0071367 -0.00670525 -0.00815821
internal_weight=14635.5 8480 840 7640 6616.1 6155.5 238 1023.9 2159.9 902.2 593 4456.2 485.3 339.6 819.3 1764 500.4 2692.2 1257.7 1100.9 960.8 827.3 2241.5 307.8 430.9 688.5
internal_count=15381 10278 940 9338 8191 5103 238 1147 2591 1132 642 5600 509 440 1041 2158 500 3442 1459 1265 1092 927 2833 378 505 869
is_linear=0
shrinkage=0.0103578


Tree=15
num_leaves=27
num_cat=0
split_feature=30 30 13 30 1 2 2 30 30 0 2 5 2 13 1 4 30 10 3 3 2 5 30 30 30 7
split_gain=1843.3 37.0002 41.6613 35.138 15.3257 8.15678 7.1338 6.61057 11.235 6.43642 8.9669 4.51918 3.87764 3.79955 3.55083 3.37093 3.22059 2.90076 2.89877 2.70487 2.69988 2.69109 2.57392 5.54168 2.46171 2.26524
threshold=-94.668254852294908 -84.907409667968736 73.997917175292983 -78.719924926757798 24.405357360839847 -0.28487318754196161 -1.2314052581787107 -79.114654541015611 -79.306854248046861 23.620138168334964 -0.86529502272605885 0.74855694174766552 -0.20288561284542081 105.65416717529298 5.5369048118591317 3.1341665983200078 -122.19300079345702 38.465276718139656 3.8220138549804692 2.2858333587646489 1.164997458457947 0.25033779442310339 -77.269069671630845 -75.70598983764647 -76.269851684570298 0.24791666865348819
decision_type=2 2 2 2 2 2 2 2 2 2 2 2 2 2 2 2 2 2 2 2 2 2 2 2 2 2
left_child=16 2 5 4 6 -2 14 8 -6 10 21 19 -4 20 -3 17 -1 -8 -7 -9 -14 -5 -11 -24 -23 -16
right_child=1 3 12 9 7 18 15 11 -10 22 -12 -13 13 -15 25 -17 -18 -19 -20 -21 -22 24 23 -25 -26 -27
leaf_value=-8.6233255723855624e-05 0 0 0 0 0 0 0 0 0 0 0 0 0 0 0 0 9.9075770372826865e-07 0 0 0 0 0 0 0 0 0
leaf_weight=155.69999504089355 106.49999904632568 179.8999969959259 143.80000060796738 99.799998581409454 106.99999952316284 89.099998831748962 138.1999985575676 530.89999574422836 826.29998916387558 170.79999893903732 460.49999350309372 139.79999935626984 95.999999940395355 99.199999988079071 947.3999884724617 1679.6999738812447 5964.3998401165009 677.9999902844429 178.09999698400497 464.19999504089355 132.2999991774559 155.29999887943268 203.59999859333038 123.6999990940094 150.49999904632568 534.0999943614006
leaf_count=135 119 233 136 120 116 111 162 607 1043 198 557 150 96 94 1170 2195 4924 854 253 560 147 179 204 143 155 637
internal_value=-0.00402477 -0.00716445 -0.00509961 -0.00739389 -0.00772485 -0.00768187 -0.00809096 -0.00698669 -0.0076452 -0.00588068 -0.00642689 -0.00644124 -0.00304445 -0.00366821 -0.00754909 -0.0084497 0.000302518 -0.00786696 -0.00865707 -0.00669016 -0.00440551 -0.00528337 -0.00492387 -0.00436262 -0.00477612 -0.00737095
internal_weight=14554.8 8434.7 845 7589.7 6225.5 373.7 4157.3 2068.2 933.3 1364.2 866.1 1134.9 471.3 327.5 1661.4 2495.9 6120.1 816.2 267.2 995.1 228.3 405.6 498.1 327.3 305.8 1481.5
internal_count=15298 10239 956 9283 7727 483 5251 2476 1159 1556 1011 1317 473 337 2040 3211 5059 1016 364 1167 243 454 545 347 334 1807
is_linear=0
shrinkage=0.0103578


Tree=16
num_leaves=27
num_cat=0
split_feature=30 30 1 30 13 29 29 30 29 0 29 3 4 29 30 8 3 29 29 29 30 29 29 30 11 29
split_gain=1836.69 37.4287 52.1547 36.5184 13.3454 10.4026 10.1989 11.669 9.12131 7.92007 7.87339 6.28024 5.18862 4.77075 4.6441 3.87128 3.74693 3.70119 3.54587 3.98091 3.4808 3.13471 8.73637 2.81779 7.4481 7.78962
threshold=-94.668254852294908 -84.907409667968736 20.406845092773441 -78.014999389648423 82.772914886474624 35.725976943969734 41.108394622802741 -109.12405014038085 41.408981323242195 17.752082824707035 35.686880111694343 2.2910416126251225 4.8570833206176767 40.068038940429695 -79.306854248046861 1.0000000180025095e-35 3.8220138549804692 36.419198989868171 41.529275894165046 39.221981048583991 -79.281692504882798 41.947931289672859 41.799581527709968 -117.08349990844725 12.461805343627931 38.441310882568366
decision_type=2 2 2 2 2 2 2 2 2 2 2 2 2 2 2 2 2 2 2 2 2 2 2 2 2 2
left_child=6 2 12 4 16 10 23 -8 9 -5 14 17 -2 -11 -6 -13 20 -7 19 -4 -3 22 -10 -1 25 -25
right_child=1 3 18 8 5 11 7 -9 21 13 -12 15 -14 -15 -16 -17 -18 -19 -20 -21 -22 -23 -24 24 -26 -27
leaf_value=0.0093335749292427824 0 0 0 0 0 0 -0.00019339450525588089 9.8050266807497884e-07 0 0 0 0 0 0 0 0 0 0 0 0 0 0 0 -0.00029834834296571782 9.8049559775763073e-07 9.8049559775763073e-07
leaf_weight=4636.5998457074165 146.09999841451645 528.99999356269836 180.09999966621399 141.19999796152115 90.899999439716339 698.79999583959579 117.99999850988388 113.59999912977219 199.39999681711197 343.59999787807465 529.19999152421951 295.79999572038651 216.09999626874924 166.09999942779541 1103.6999868154526 572.79999488592148 449.0999927520752 122.29999840259552 103.69999921321869 223.40000110864639 2256.4999675154686 86.099998533725739 93.099999845027924 185.19999754428864 864.29999828338623 126.4999994635582
leaf_count=3610 175 652 181 174 99 784 128 104 234 376 696 370 299 165 1343 680 605 153 117 214 2853 109 97 206 837 133
internal_value=-0.00409635 -0.00718652 -0.00514089 -0.00741771 -0.0076996 -0.00724089 0.000273597 -0.00185501 -0.00559372 -0.00483837 -0.00781459 -0.00665294 -0.00814167 -0.0042257 -0.00733466 -0.00727804 -0.0081822 -0.00598659 -0.00299045 -0.00254249 -0.00803135 -0.00688204 -0.00633466 0.000358655 -9.38389e-05 -0.00146525
internal_weight=14591.2 8547 869.4 7677.6 6648.1 3413.5 6044.2 231.6 1029.5 650.9 1723.8 1689.7 362.2 509.7 1194.6 868.6 3234.6 821.1 507.2 403.5 2785.5 378.6 292.5 5812.6 1176 311.7
internal_count=15394 10376 986 9390 8235 4125 5018 232 1155 715 2138 1987 474 541 1442 1050 4110 937 512 395 3505 440 331 4786 1176 339
is_linear=0
shrinkage=0.0103578


Tree=17
num_leaves=27
num_cat=0
split_feature=30 30 29 30 29 30 1 13 2 29 30 30 11 4 29 2 4 29 2 4 0 29 9 30 30 3
split_gain=1817.59 42.8949 51.6978 44.0926 13.7467 13.5968 11.792 10.5844 10.2395 9.41581 9.19517 9.07572 6.54666 6.51907 6.0828 6.0335 5.74557 5.49743 5.42722 4.50099 3.46042 3.74896 5.31558 3.52217 3.42556 2.9932
threshold=-94.668254852294908 -84.907409667968736 41.556880950927741 -77.269069671630845 41.108394622802741 -109.12405014038085 22.702976226806644 82.772914886474624 1.198356628417969 35.725976943969734 -79.302604675292955 -79.10402679443358 17.888194084167484 3.8770834207534794 35.468124389648445 1.8141951560974123 2.4327082633972172 35.838500976562507 0.053545549511909492 4.1729166507720956 6.5298612117767343 35.725976943969734 239.97222137451175 -80.495098114013658 -75.70598983764647 2.4090276956558232
decision_type=2 2 2 2 2 2 2 2 2 2 2 2 2 2 2 2 2 2 2 2 2 2 2 2 2 2
left_child=4 2 8 7 -1 -6 18 15 -2 10 -9 -12 -10 -4 -13 20 -11 -18 19 -5 -3 -22 23 -23 25 -8
right_child=1 3 13 6 5 -7 24 9 12 16 11 14 -14 -15 -16 -17 17 -19 -20 -21 21 22 -24 -25 -26 -27
leaf_value=2.0147295582436277e-06 0 0 0 0 -0.00019139135665596923 9.7034678208346464e-07 0 0 0 0 0 0 0 0 0 0 0 0 0 0 0 0 0 0 0 0
leaf_weight=5920.6998394727707 331.60000109672546 310.89999508857727 95.599999189376831 250.29999798536301 125.99999815225601 108.39999932050705 117.69999998807907 118.39999932050705 86.399999022483826 485.09999698400497 1028.7999845147133 217.79999685287476 105.90000009536743 257.09999585151672 400.39999634027481 832.19998681545258 174.29999929666519 1021.2999885082245 203.99999707937241 92.499998867511749 773.79998886585236 87.799998462200165 294.89999550580978 887.09999090433121 162.69999933242798 112.39999890327454
leaf_count=4865 318 411 108 271 134 102 113 128 100 549 1328 276 105 355 456 1100 195 1239 246 115 986 114 381 1051 181 116
internal_value=-0.0039993 -0.00711799 -0.00494093 -0.00736956 0.000281868 -0.00217498 -0.0052615 -0.00766765 -0.00287084 -0.00726217 -0.00779837 -0.00800057 -0.00477135 -0.00800511 -0.00698454 -0.00810464 -0.00669625 -0.0070891 -0.00624875 -0.00542736 -0.00782614 -0.00766072 -0.00729543 -0.00691163 -0.0038791 -0.00304692
internal_weight=14604.1 8449 876.6 7572.4 6155.1 234.4 939.6 6632.8 523.9 3446.1 1765.4 1647 192.3 352.7 618.2 3186.7 1680.7 1195.6 546.8 342.8 2354.5 2043.6 1269.8 974.9 392.8 230.1
internal_count=15343 10242 986 9256 5101 236 1042 8214 523 4171 2188 2060 205 463 732 4043 1983 1434 632 386 2943 2532 1546 1165 410 229
is_linear=0
shrinkage=0.0103578


Tree=18
num_leaves=27
num_cat=0
split_feature=30 30 13 30 29 30 1 30 29 30 30 30 10 3 29 29 11 3 30 10 3 29 29 12 29 29
split_gain=1870.76 33.0874 44.798 37.3486 12.073 11.7744 11.5916 10.9616 9.12378 8.79781 8.78242 7.21565 6.44702 5.33594 5.47777 5.05574 5.04997 4.18896 3.58664 3.54695 4.12557 3.15902 3.03633 2.84752 2.82961 4.68553
threshold=-94.668254852294908 -84.907409667968736 73.166667938232436 -77.269069671630845 40.443843841552741 -109.12405014038085 24.405357360839847 -75.70598983764647 35.725976943969734 -76.269851684570298 -79.298500061035142 -79.12176132202147 49.270833969116218 3.632222175598145 35.725976943969734 40.068038940429695 16.962499618530277 2.2910416126251225 -79.042778015136705 20.548610687255863 2.1845139265060429 35.652334213256843 35.468124389648445 2.6187499761581425 41.268846511840827 39.046882629394538
decision_type=2 2 2 2 2 2 2 2 2 2 2 2 2 2 2 2 2 2 2 2 2 2 2 2 2 2
left_child=4 2 12 6 -1 -6 13 9 10 15 -8 -12 -2 14 21 16 -5 -10 -19 -16 23 -3 -13 -21 25 -4
right_child=1 3 24 7 5 -7 8 -9 17 -11 11 22 -14 -15 19 -17 -18 18 -20 20 -22 -23 -24 -25 -26 -27
leaf_value=2.004339411189651e-06 0 0 0 0 -0.00018940895634106196 9.6029608909512206e-07 0 0 0 0 0 0 0 0 0 0 0 0 0 0 0 0 0 0 0 0
leaf_weight=5885.0998373627663 104.9999988079071 655.99999088048935 151.09999942779541 94.599998652935028 154.1999979019165 129.29999905824661 86.79999965429306 442.59999507665634 552.39999663829803 160.99999886751175 657.29998993873596 175.89999771118164 249.59999597072601 595.69999045133591 142.49999886751175 137.79999870061874 107.79999923706055 151.89999753236771 230.99999821186066 442.29999577999115 1653.9999781847 867.39998656511307 312.39999729394913 92.199998676776886 114.59999912977219 199.6000007390976
leaf_count=4827 130 808 155 120 162 119 92 518 622 154 851 221 332 797 167 144 118 189 268 517 2070 1134 356 120 126 190
internal_value=-0.00403357 -0.00721964 -0.00523359 -0.00743452 0.000295648 -0.00178975 -0.00771015 -0.00549793 -0.00707845 -0.00443611 -0.00767189 -0.00791436 -0.00800618 -0.00801682 -0.00786944 -0.00538153 -0.00643206 -0.00629189 -0.0071448 -0.00754152 -0.00764788 -0.00836794 -0.00693135 -0.00682049 -0.00311256 -0.00263981
internal_weight=14550.1 8381.5 819.9 7561.6 6168.6 283.5 6617.8 943.8 2167.7 501.2 1232.4 1145.6 354.6 4450.1 3854.4 340.2 202.4 935.3 382.9 2331 2188.5 1523.4 488.3 534.5 465.3 350.7
internal_count=15307 10199 933 9266 5108 281 8212 1054 2599 536 1520 1428 462 5613 4816 382 238 1079 457 2874 2707 1942 577 637 471 345
is_linear=0
shrinkage=0.0103578


Tree=19
num_leaves=27
num_cat=0
split_feature=30 30 29 30 1 30 30 30 30 29 30 4 2 2 29 4 29 30 29 4 30 1 29 29 29 29
split_gain=1823.6 43.9565 50.2968 49.9369 13.7471 10.8116 10.5939 11.1232 10.2812 10.1834 12.6371 9.23287 7.57782 6.92495 6.4604 6.28435 5.63805 6.85718 5.2149 4.74004 4.1156 3.38785 3.17596 2.99409 3.91302 2.87868
threshold=-94.668254852294908 -84.907409667968736 41.693527221679695 -78.014999389648423 24.466369628906254 -75.70598983764647 -79.035778045654283 -79.306854248046861 -76.269851684570298 41.108394622802741 -109.12405014038085 4.2393751144409189 -1.2314052581787107 1.854930102825165 35.725976943969734 3.9108333587646489 36.020755767822273 -78.970527648925767 40.784446716308601 2.6347916126251225 -76.80580902099608 23.123214721679691 39.046882629394538 35.741001129150398 35.699068069458015 35.912242889404304
decision_type=2 2 2 2 2 2 2 2 2 2 2 2 2 2 2 2 2 2 2 2 2 2 2 2 2 2
left_child=9 2 13 4 12 8 7 -6 11 -1 -11 18 14 22 -3 -4 17 -8 20 -14 -5 -7 -2 24 -9 -25
right_child=1 3 15 5 6 21 16 23 -10 10 -12 -13 19 -15 -16 -17 -18 -19 -20 -21 -22 -23 -24 25 -26 -27
leaf_value=9.3952495676888078e-07 0 0 0 0 0 0 0 0 0 -0.00018744708940382235 9.5034949953805896e-07 0 0 0 0 0 0 0 0 0 0 0 0 0 0 0
leaf_weight=5923.0998373031616 123.09999972581863 681.49999022483826 82.899999260902405 114.5999995470047 106.79999953508377 280.09999626874924 226.99999940395355 650.5999915599823 168.49999940395355 128.89999824762344 134.39999914169312 105.09999853372574 408.69999521970749 147.19999927282333 1046.7999892234802 258.99999588727951 94.100000262260437 436.29999542236328 114.89999949932098 2279.3999653458595 87.69999897480011 155.59999936819077 233.00000125169754 184.59999865293503 252.59999561309814 183.19999760389328
leaf_count=4863 123 865 95 122 116 331 248 800 161 137 124 135 501 156 1254 356 99 521 113 2954 105 174 220 208 338 226
internal_value=-0.00398665 -0.00712259 -0.00487417 -0.00737293 -0.00770634 -0.00524145 -0.00701412 -0.00756093 -0.0043178 0.000283397 -0.00170733 -0.00518163 -0.00803996 -0.00278531 -0.00748975 -0.00793817 -0.00601395 -0.00635316 -0.00428305 -0.0083919 -0.00528669 -0.0064857 -0.00199667 -0.00783219 -0.00816921 -0.00699215
internal_weight=14609.7 8423.3 845.2 7578.1 6551.6 1026.5 2135.2 1377.8 590.8 6186.4 263.3 422.3 4416.4 503.3 1728.3 341.9 757.4 663.3 317.2 2688.1 202.3 435.7 356.1 1271 903.2 367.8
internal_count=15345 10221 950 9271 8130 1141 2556 1688 636 5124 261 475 5574 499 2119 451 868 769 340 3455 227 505 343 1572 1138 434
is_linear=0
shrinkage=0.0103578


Tree=20
num_leaves=27
num_cat=0
split_feature=30 30 29 30 13 30 29 30 1 2 4 30 29 4 2 30 3 30 9 29 4 10 29 29 8 30
split_gain=1824.17 41.1403 51.3597 41.0115 11.2976 10.8645 10.3485 13.275 9.83643 7.60868 6.9569 7.31553 6.85799 6.72011 6.28105 5.89724 5.54055 3.66239 3.54923 3.52594 3.40763 3.21347 3.1544 3.08646 3.00878 2.52946
threshold=-94.668254852294908 -84.907409667968736 41.693527221679695 -78.014999389648423 82.772914886474624 -79.125286102294908 41.108394622802741 -109.12405014038085 23.2351188659668 2.1669125556945805 4.2127082347869882 -75.886917114257798 35.468124389648445 3.9108333587646489 -0.56354814767837513 -79.298500061035142 2.3683333396911626 -75.70598983764647 214.04166412353518 35.741001129150398 2.8429166078567509 20.548610687255863 35.659040451049812 40.186811447143562 1.5000000000000002 -117.08349990844725
decision_type=2 2 2 2 2 2 2 2 2 2 2 2 2 2 2 2 2 2 2 2 2 2 2 2 2 2
left_child=6 2 9 4 14 15 25 -8 10 -2 11 23 -7 -4 21 20 -14 -10 -13 -17 -6 -3 -16 -5 -18 -1
right_child=1 3 13 8 5 12 7 -9 17 -11 -12 18 16 -15 22 19 24 -19 -20 -21 -22 -23 -24 -25 -26 -27
leaf_value=0.0092368479290241712 0 0 0 0 0 0 -0.00018238317989682264 9.405059351259904e-07 0 0 0 0 0 0 0 0 0 0 0 0 0 0 0 0 0 -9.4690954101277967e-05
leaf_weight=4678.0998433828354 373.20000123977661 140.29999881982803 91.799999237060547 98.699999153614044 161.09999895095825 265.59999614953995 130.29999834299088 139.9999988079071 224.79999852180481 132.89999908208847 186.19999700784683 121.69999885559082 1003.8999927043915 263.99999558925629 316.69999569654465 923.59998601675034 349.29999512434006 135.89999943971634 143.19999760389328 122.09999889135361 157.79999774694443 1374.2999820113182 1352.699978351593 121.09999990463257 377.79999667406082 1187.9999959468842
leaf_count=3639 362 165 104 113 185 338 139 128 226 143 234 133 1143 364 389 1194 427 155 172 141 198 1707 1777 123 442 1182
internal_value=-0.00401745 -0.00714203 -0.00498954 -0.00738644 -0.00768969 -0.00726331 0.00027963 -0.00169953 -0.00545885 -0.00286314 -0.00620443 -0.00553304 -0.00676771 -0.00800363 -0.0081383 -0.00798502 -0.00652258 -0.00406336 -0.00669985 -0.00837003 -0.00670863 -0.00763818 -0.00858904 -0.00411129 -0.0072254 0.000371054
internal_weight=14575.1 8438.7 861.9 7576.8 6545.2 3361.2 6136.4 270.3 1031.6 506.1 670.9 484.7 1996.6 355.8 3184 1364.6 1731 360.7 264.9 1045.7 318.9 1514.6 1669.4 219.8 727.1 5866.1
internal_count=15323 10235 973 9262 8106 4068 5088 267 1156 505 775 541 2350 468 4038 1718 2012 381 305 1335 383 1872 2166 236 869 4821
is_linear=0
shrinkage=0.0103578


Tree=21
num_leaves=27
num_cat=0
split_feature=30 30 29 30 3 29 29 30 30 1 30 1 4 8 13 2 2 30 2 30 1 4 29 30 29 29
split_gain=1807.08 36.3016 46.1195 44.1055 12.0956 13.2363 11.985 13.5783 9.30715 8.85603 7.66559 6.85736 6.84475 6.45691 5.49226 4.61938 4.52536 4.44082 3.98499 3.95991 3.83426 3.81825 4.40256 4.6711 3.63729 3.33851
threshold=-94.668254852294908 -84.907409667968736 41.693527221679695 -77.269069671630845 2.1845139265060429 35.725976943969734 41.108394622802741 -109.12405014038085 -75.70598983764647 19.272024154663089 -79.302604675292955 12.811607360839846 3.8770834207534794 2.5000000000000004 75.289585113525405 -1.2705486416816709 0.025129399262368683 -79.03228378295897 -5.9878363609313956 -79.107582092285142 23.170833587646488 2.0322916507720952 35.909603118896491 -78.920314788818345 35.857364654541023 38.94049263000489
decision_type=2 2 2 2 2 2 2 2 2 2 2 2 2 2 2 2 2 2 2 2 2 2 2 2 2 2
left_child=6 2 14 4 5 10 -1 -8 9 -5 -3 18 -4 15 -2 -13 -10 -15 -6 -12 -18 -7 -23 -24 -19 -16
right_child=1 3 12 8 11 21 7 -9 16 -11 19 13 -14 17 25 -17 20 24 -20 -21 -22 22 23 -25 -26 -27
leaf_value=1.9000051846682469e-06 0 0 0 0 0 0 -0.00018361644806696358 9.3076432874134402e-07 0 0 0 0 0 0 0 0 0 0 0 0 0 0 0 0 0 0
leaf_weight=5883.8998389840126 92.299999117851257 88.199999451637268 92.599999248981476 151.4999982714653 171.29999816417694 251.49999922513962 127.59999829530716 123.29999876022339 216.79999816417694 359.99999797344208 583.19999128580093 503.99999397993088 262.09999567270279 902.89998865127563 134.89999932050705 1600.9999763965607 116.79999786615372 235.89999878406525 881.29998594522476 252.4999971985817 94.799999415874481 344.89999723434448 310.89999604225159 117.19999945163727 366.2999963760376 275.40000110864639
leaf_count=4841 101 96 106 179 209 279 138 115 242 366 758 606 359 1125 137 2036 144 265 1169 301 108 383 387 132 443 264
internal_value=-0.00399674 -0.00711528 -0.00508668 -0.00734514 -0.00764423 -0.00694789 0.000277711 -0.0019365 -0.00523763 -0.00428185 -0.00785481 -0.00793424 -0.00794547 -0.00771259 -0.00306164 -0.00809223 -0.00637066 -0.00717851 -0.00868946 -0.0081644 -0.00746834 -0.00612572 -0.00649413 -0.00721152 -0.00646196 -0.00253974
internal_weight=14543.1 8408.3 857.3 7551 6611.1 1948.4 6134.8 250.9 939.9 511.5 923.9 4662.7 354.7 3610.1 502.6 2105 428.4 1505.1 1052.6 835.7 211.6 1024.5 773 428.1 602.2 410.3
internal_count=15289 10195 967 9228 8189 2336 5094 253 1039 545 1155 5853 465 4475 502 2642 494 1833 1378 1059 252 1181 902 519 708 401
is_linear=0
shrinkage=0.0103578


Tree=22
num_leaves=27
num_cat=0
split_feature=30 30 29 30 29 30 1 29 30 2 30 2 30 29 30 1 0 1 8 0 3 29 29 9 30 29
split_gain=1826.18 38.5488 51.6382 35.4786 14.4377 16.5593 11.5851 10.6386 12.3843 10.1823 9.18127 7.0368 6.53574 6.19114 5.91752 6.15181 5.73601 5.50418 4.5733 4.46645 4.24381 3.99327 3.71335 2.86093 2.79085 3.60421
threshold=-94.668254852294908 -84.907409667968736 41.693527221679695 -77.269069671630845 41.108394622802741 -109.12405014038085 24.405357360839847 35.725976943969734 -79.306854248046861 1.198356628417969 -75.70598983764647 -1.2314052581787107 -79.10402679443358 35.725976943969734 -76.269851684570298 18.631845474243168 16.973610877990726 10.339583396911623 4.5000000000000009 6.5298612117767343 2.2910416126251225 40.068038940429695 35.468124389648445 239.97222137451175 -78.818157196044908 35.909603118896491
decision_type=2 2 2 2 2 2 2 2 2 2 2 2 2 2 2 2 2 2 2 2 2 2 2 2 2 2
left_child=4 2 9 6 -1 -6 11 8 -8 -2 14 13 -10 -3 15 -5 -4 -13 -19 -15 24 -17 -14 -21 25 -9
right_child=1 3 16 10 5 -7 7 20 12 -11 -12 17 22 19 -16 21 -18 18 -20 23 -22 -23 -24 -25 -26 -27
leaf_value=1.8803252422600729e-06 0 0 0 0 -0.00018171457898138934 9.2112362431957632e-07 0 0 0 0 0 0 0 0 0 0 0 0 0 0 0 0 0 0 0 0
leaf_weight=5803.099841594696 318.70000058412552 686.49999022483826 180.59999692440033 86.299998819828033 127.89999824762344 127.29999893903732 78.699999749660492 284.09999907016754 755.89998865127563 180.99999898672104 439.89999508857727 472.19999206066132 128.19999814033508 163.09999752044678 149.79999899864197 159.29999870061874 164.39999794960022 1792.7999742627144 505.19999384880066 759.1999933719635 383.69999587535858 102.49999934434891 294.09999722242355 143.29999786615372 97.400000095367432 163.09999817609787
leaf_count=4773 305 869 254 109 139 117 81 315 973 194 511 646 162 211 146 179 200 2282 624 884 455 101 333 179 102 195
internal_value=-0.0040661 -0.0071659 -0.00505749 -0.0073984 0.000278097 -0.00213012 -0.00766297 -0.00703327 -0.00766141 -0.00292296 -0.00550218 -0.00796623 -0.00792807 -0.00743716 -0.00452501 -0.00526866 -0.00813807 -0.00829911 -0.00807991 -0.00692661 -0.00617817 -0.0044559 -0.00686194 -0.00662754 -0.00556928 -0.00592183
internal_weight=14548.3 8490 844.7 7645.3 6058.3 255.2 6707.5 2185.2 1256.9 499.7 937.8 4522.3 1178.2 1752.1 497.9 348.1 345 2770.2 2298 1065.6 928.3 261.8 422.3 902.5 544.6 447.2
internal_count=15339 10310 953 9357 5029 256 8311 2616 1549 499 1046 5695 1468 2143 535 389 454 3552 2906 1274 1067 280 495 1063 612 510
is_linear=0
shrinkage=0.0103578


Tree=23
num_leaves=27
num_cat=0
split_feature=30 30 29 30 29 30 1 30 30 2 2 1 30 29 29 29 10 4 29 1 5 1 2 0 10 29
split_gain=1823.66 35.7754 50.5708 41.863 13.8424 15.316 11.0454 9.55931 9.65261 7.99892 7.22543 7.94023 6.04224 8.17101 6.24875 5.73084 5.7255 5.5805 6.50365 4.10247 3.89818 3.71181 3.28573 3.23292 3.12426 3.05997
threshold=-94.668254852294908 -84.907409667968736 41.693527221679695 -78.014999389648423 41.108394622802741 -109.12405014038085 24.405357360839847 -75.70598983764647 -76.269851684570298 -1.2053183317184446 1.0769022107124331 23.69077301025391 -79.690834045410142 35.725976943969734 35.701143264770515 35.725976943969734 44.465276718139656 4.3916666507720956 40.703229904174812 5.5369048118591317 0.39384433627128607 10.339583396911623 1.3710532784461977 28.346527099609379 37.090276718139656 39.09523010253907
decision_type=2 2 2 2 2 2 2 2 2 2 2 2 2 2 2 2 2 2 2 2 2 2 2 2 2 2
left_child=4 2 10 6 -1 -6 9 8 17 15 25 -12 -8 14 23 -3 -4 18 -5 -17 -15 -11 -22 -14 -23 -2
right_child=1 3 16 7 5 -7 12 -9 -10 21 11 -13 13 20 -16 19 -18 -19 -20 -21 22 24 -24 -25 -26 -27
leaf_value=1.8714308565263612e-06 0 0 0 0 -0.00017983240914420346 9.1158277673468776e-07 0 0 0 0 0 0 0 0 0 0 0 0 0 0 0 0 0 0 0 0
leaf_weight=5816.9998411536217 103.40000003576279 703.99999010562897 94.699998557567596 225.29999786615372 134.09999823570251 127.09999907016754 82.699999690055847 443.69999504089355 159.09999912977219 456.39999234676361 92.499999046325684 99.000000298023224 849.4999892115593 410.09999549388885 227.79999607801437 138.79999786615372 249.09999614953995 94.099998652935028 104.49999964237213 913.0999910235405 344.79999852180481 338.79999583959579 155.79999840259552 87.999999403953552 1838.8999729752541 183.20000052452087
leaf_count=4776 104 892 121 257 145 117 89 517 153 618 107 96 1039 489 306 180 335 119 103 1079 380 424 186 100 2337 170
internal_value=-0.00405288 -0.00718054 -0.00511886 -0.00740376 0.000268318 -0.00206151 -0.00770934 -0.00545106 -0.00456703 -0.00801192 -0.00293325 -0.00449138 -0.00709189 -0.00720241 -0.00778609 -0.00745592 -0.00814718 -0.00538465 -0.00473013 -0.00695463 -0.00645072 -0.0083807 -0.00581229 -0.00739665 -0.0081905 -0.00188386
internal_weight=14475.5 8397.3 821.9 7575.4 6078.2 261.2 6548.7 1026.7 583 4390 478.1 191.5 2158.7 2076 1165.3 1755.9 343.8 423.9 329.8 1051.9 910.7 2634.1 500.6 937.5 2177.7 286.6
internal_count=15239 10201 933 9268 5038 262 8119 1149 632 5530 477 203 2589 2500 1445 2151 456 479 360 1259 1055 3379 566 1139 2761 274
is_linear=0
shrinkage=0.0103578


Tree=24
num_leaves=27
num_cat=0
split_feature=30 30 29 30 1 29 30 30 30 30 10 4 2 2 1 29 29 1 29 11 4 12 8 4 29 30
split_gain=1830.84 42.4644 44.5387 41.7041 14.8757 11.6685 15.0379 11.5536 9.34368 11.9764 8.90072 8.6584 6.99552 6.54845 7.19462 5.02002 4.94637 4.58394 4.55398 4.31618 4.28508 3.98178 3.94352 3.5703 3.34029 3.21773
threshold=-94.668254852294908 -84.907409667968736 41.693527221679695 -78.014999389648423 24.405357360839847 41.108394622802741 -109.12405014038085 -75.70598983764647 -79.10402679443358 -79.306854248046861 41.229166030883796 4.6006250381469735 -1.2314052581787107 1.198356628417969 23.981845855712894 40.068038940429695 35.725976943969734 21.996130943298343 35.468124389648445 17.145138740539554 4.1437499523162851 -3.6729166507720943 1.0000000180025095e-35 4.9052083492279062 41.455064773559577 -79.281692504882798
decision_type=2 2 2 2 2 2 2 2 2 2 2 2 2 2 2 2 2 2 2 2 2 2 2 2 2 2
left_child=5 2 13 4 12 -1 -7 11 9 -6 -4 15 16 -2 -15 19 25 -18 -10 -5 -12 -20 -23 -14 -9 -3
right_child=1 3 10 7 8 6 -8 24 18 -11 20 -13 23 14 -16 -17 17 -19 21 -21 -22 22 -24 -25 -26 -27
leaf_value=1.8412328526520737e-06 0 0 0 0 0 -0.00017796973451381865 9.0214075168592212e-07 0 0 0 0 0 0 0 0 0 0 0 0 0 0 0 0 0 0 0
leaf_weight=5959.3998365998268 305.70000046491623 97.999998867511749 88.799998879432678 98.599998772144318 114.29999953508377 116.0999983549118 128.29999893903732 230.5999983549118 120.0999983549118 868.39998805522919 83.999999225139618 100.79999870061874 2395.4999654889107 90.799999237060547 97.900000274181366 225.59999912977219 882.79998928308487 200.89999902248383 253.49999731779099 142.89999902248383 180.89999693632126 243.99999779462814 544.29999715089798 252.69999557733536 184.19999718666077 582.69999128580093
leaf_count=4898 293 114 110 116 125 127 119 268 153 1096 98 124 3047 104 95 222 1074 227 305 149 253 286 603 353 218 749
internal_value=-0.0039806 -0.00713573 -0.00493019 -0.00738337 -0.00768225 0.000285557 -0.00192975 -0.00538529 -0.00696518 -0.00771859 -0.00773546 -0.00441421 -0.00802973 -0.00291586 -0.00443414 -0.00380953 -0.00750907 -0.00705644 -0.00632416 -0.00485162 -0.00869364 -0.00609396 -0.00571608 -0.00837478 -0.00670593 -0.00822258
internal_weight=14591.8 8388 848.1 7539.9 6557.2 6203.8 244.4 982.7 2144.6 982.7 353.7 567.9 4412.6 494.4 188.7 467.1 1764.4 1083.7 1161.9 241.5 264.9 1041.8 788.3 2648.2 414.8 680.7
internal_count=15326 10182 953 9229 8132 5144 246 1097 2568 1221 461 611 5564 492 199 487 2164 1301 1347 265 351 1194 889 3400 486 863
is_linear=0
shrinkage=0.0103578


Tree=25
num_leaves=27
num_cat=0
split_feature=30 30 1 30 11 30 30 2 2 30 3 0 2 1 30 30 30 6 0 2 1 30 11 30 2 3
split_gain=1849.41 35.2924 36.144 36.074 12.8749 9.55742 8.85404 8.412 6.46673 6.39237 6.22904 5.63603 5.48219 5.46854 4.88643 4.51678 7.58532 3.32119 2.93033 2.86354 3.39549 2.72524 6.11447 2.60943 2.55732 2.38702
threshold=-94.668254852294908 -84.907409667968736 20.406845092773441 -77.269069671630845 12.694444179534914 -79.028789520263658 -75.70598983764647 -0.28487318754196161 1.0916795730590823 -76.269851684570298 2.2975693941116337 24.3256950378418 -1.4258928894996641 18.392261505126957 -122.19300079345702 -80.06703948974608 -80.495098114013658 0.42708334326744085 23.510416030883793 -1.2314052581787107 23.123214721679691 -117.08349990844725 14.838194370269777 -79.002838134765611 -1.2974767088890073 3.7865277528762822
decision_type=2 2 2 2 2 2 2 2 2 2 2 2 2 2 2 2 2 2 2 2 2 2 2 2 2 2
left_child=14 2 7 4 12 15 9 -2 -4 13 17 -10 -3 -5 -1 16 18 -7 -6 -8 -21 -16 -23 -19 -12 -9
right_child=1 3 8 6 5 10 19 25 11 -11 24 -13 -14 -15 21 -17 -18 23 -20 20 -22 22 -24 -25 -26 -27
leaf_value=-6.8071913695619388e-05 0 0 0 0 0 0 0 0 0 0 0 0 0 0 0.0091410965603240437 0 0 0 0 0 0 -0.00029225214897894475 1.8221616644297332e-06 0 0 0
leaf_weight=148.79999536275864 101.69999915361404 925.49998819828033 256.40000021457672 88.19999897480011 214.39999639987946 198.59999942779541 138.99999904632568 72.599999070167542 100.69999903440475 156.39999908208847 167.99999868869781 99.300000131130219 1223.9999805092812 251.89999788999557 4592.1998473405838 2502.7999672293663 162.69999945163727 98.599999904632568 81.999999344348907 185.89999687671661 123.1999990940094 587.29999530315399 777.39999878406525 401.59999591112137 687.59999144077301 169.49999707937241
leaf_count=132 113 1149 248 112 280 220 154 90 117 152 194 99 1608 269 3582 3124 181 108 94 225 140 599 748 472 842 239
internal_value=-0.00406458 -0.00721442 -0.00513579 -0.00743252 -0.00770171 -0.00738243 -0.005529 -0.00767195 -0.00321727 -0.00456213 -0.00671202 -0.00461477 -0.00837024 -0.00536198 0.000274531 -0.00773276 -0.00674884 -0.00596736 -0.00774445 -0.00659225 -0.00716477 0.000320959 -8.51555e-05 -0.00642752 -0.00731536 -0.00873106
internal_weight=14516.3 8410.6 800.2 7610.4 6665.8 4516.3 944.6 343.8 456.4 496.5 1554.4 200 2149.5 340.1 6105.7 2961.9 459.1 698.8 296.4 448.1 309.1 5956.9 1364.7 500.2 855.6 242.1
internal_count=15291 10230 906 9324 8272 5515 1052 442 464 533 1836 216 2757 381 5061 3679 555 800 374 519 365 4929 1347 580 1036 329
is_linear=0
shrinkage=0.0103578


Tree=26
num_leaves=27
num_cat=0
split_feature=30 30 13 30 1 30 30 30 30 4 1 30 10 5 3 6 3 30 30 5 12 7 3 1 11 30
split_gain=1847.65 42.8432 48.4933 41.9615 11.1415 10.1527 10.6536 9.18042 11.183 8.61198 6.50715 5.59727 4.98683 4.33254 4.15936 3.86119 3.28393 2.70999 3.4552 5.44066 2.51644 3.31668 2.38127 2.36868 3.61566 2.05234
threshold=-94.668254852294908 -84.907409667968736 73.166667938232436 -78.014999389648423 24.405357360839847 -75.70598983764647 -76.269851684570298 -79.114654541015611 -79.298500061035142 4.7143750190734872 17.242261886596683 -122.19300079345702 20.548610687255863 0.74855694174766552 3.7509721517562871 0.15625000000000003 2.5836805105209355 -79.408752441406236 -80.495098114013658 0.38140359520912176 -3.6020833253860469 0.24791666865348819 2.3213194608688359 23.068452835083011 16.897916793823246 -79.025478363037095
decision_type=2 2 2 2 2 2 2 2 2 2 2 2 2 2 2 2 2 2 2 2 2 2 2 2 2 2
left_child=11 2 9 4 12 6 10 8 -6 -2 -5 -1 15 20 17 -3 -4 18 -14 -20 -9 -22 -12 24 -7 -19
right_child=1 3 16 5 7 23 -8 13 -10 -11 22 -13 14 -15 -16 -17 -18 25 19 -21 21 -23 -24 -25 -26 -27
leaf_value=-6.7366835966382603e-05 0 0 0 0 0 0 0 0 0 0 0 2.8693119341733636e-06 0 0 0 0 0 0 0 0 0 0 0 0 0 0
leaf_weight=148.19999527931213 140.99999868869781 109.39999932050705 260.10000067949295 105.29999846220016 151.79999899864197 206.89999759197235 155.39999920129776 287.79999643564224 790.29998880624771 224.29999625682831 118.29999911785126 6029.3998396396637 214.99999690055847 130.69999951124191 448.79999274015427 228.1999973654747 232.59999942779541 1913.5999717116356 111.09999859333038 130.6999996304512 431.49999755620956 375.49999594688416 213.4999982714653 144.29999911785126 84.299998342990875 1216.399984061718
leaf_count=132 164 126 251 135 170 239 148 348 1011 311 121 4980 274 141 606 282 242 2426 141 147 491 447 239 163 103 1506
internal_value=-0.00401374 -0.00716797 -0.0049663 -0.0074171 -0.00772356 -0.00546366 -0.00456941 -0.00710556 -0.00788544 -0.00782483 -0.00539832 0.000289098 -0.00802881 -0.00650231 -0.00813292 -0.00677152 -0.0028395 -0.0080083 -0.00720887 -0.00631082 -0.0067187 -0.00640157 -0.00466739 -0.00667181 -0.0072314 -0.0081235
internal_weight=14604.4 8426.8 858 7568.8 6540.8 1028 592.5 2167.6 942.1 365.3 437.1 6177.6 4373.2 1225.5 4035.6 337.6 492.7 3586.8 456.8 241.8 1094.8 807 331.8 435.5 291.2 3130
internal_count=15344 10232 968 9264 8116 1148 643 2608 1181 475 495 5112 5508 1427 5100 408 493 4494 562 288 1286 938 360 505 342 3932
is_linear=0
shrinkage=0.0103578


Tree=27
num_leaves=27
num_cat=0
split_feature=30 30 29 30 13 30 30 1 29 30 29 2 2 9 30 29 3 10 3 30 29 29 29 29 8 29
split_gain=1849.74 36.8415 57.7565 41.0181 14.4088 11.6452 11.2694 8.55914 8.05387 11.8268 7.30968 6.80044 6.61126 4.98044 4.85708 6.80863 4.52923 3.6743 3.54543 3.34198 4.91402 3.19697 3.15822 3.07508 3.04098 2.87886
threshold=-94.668254852294908 -84.907409667968736 41.693527221679695 -77.269069671630845 82.772914886474624 -75.886917114257798 -79.035778045654283 17.474405288696293 41.108394622802741 -109.12405014038085 35.468124389648445 -0.56354814767837513 2.6290760040283208 214.04166412353518 -79.302604675292955 36.13434028625489 2.3542361259460454 50.451387405395515 2.0495139360427861 -79.118217468261705 35.725976943969734 40.068038940429695 36.020755767822273 39.046882629394538 1.5000000000000002 35.725976943969734
decision_type=2 2 2 2 2 2 2 2 2 2 2 2 2 2 2 2 2 2 2 2 2 2 2 2 2 2
left_child=8 2 12 4 11 7 14 -5 -1 -10 -8 25 23 -7 15 -6 22 -4 -13 20 -16 -9 -12 -2 -18 -3
right_child=1 3 17 5 6 13 10 21 9 -11 16 18 -14 -15 19 -17 24 -19 -20 -21 -22 -23 -24 -25 -26 -27
leaf_value=2.8395920712638957e-06 0 0 0 0 0 0 0 0 -0.0002677156902642246 3.89017653955099e-06 0 0 0 0 0 0 0 0 0 0 0 0 0 0 0 0
leaf_weight=5922.9998379349709 134.49999988079071 543.19999206066132 131.89999830722809 100.79999876022339 119.29999947547913 203.89999854564667 107.09999817609787 190.29999840259552 120.39999878406525 146.89999884366989 525.4999965429306 83.199999094009399 113.99999934434891 249.19999665021896 959.39998579025269 198.89999747276306 214.99999701976776 222.59999638795853 1604.0999746322632 730.59999167919159 170.49999868869781 157.69999945163727 131.79999977350235 246.70000106096268 268.09999811649323 1000.5999878644943
leaf_count=4870 135 694 169 122 127 227 141 201 128 135 597 100 124 294 1236 249 264 300 2099 876 199 153 140 233 311 1214
internal_value=-0.00399812 -0.0071613 -0.00510754 -0.00739169 -0.00767316 -0.00531011 -0.00719853 -0.00411484 0.000298937 -0.00145756 -0.00640097 -0.00817496 -0.0028163 -0.00648649 -0.00765323 -0.00642556 -0.00614988 -0.00829738 -0.00864158 -0.00786095 -0.00823121 -0.00333287 -0.00557192 -0.00215421 -0.00692792 -0.0076617
internal_weight=14599.2 8408.9 849.7 7559.2 6657.3 901.9 3426.2 448.8 6190.3 267.3 1247.5 3231.1 495.2 453.1 2178.7 318.2 1140.4 354.5 1687.3 1860.5 1129.9 348 657.3 381.2 483.1 1543.8
internal_count=15338 10205 961 9244 8247 997 4140 476 5133 263 1453 4107 492 521 2687 376 1312 469 2199 2311 1435 354 737 368 575 1908
is_linear=0
shrinkage=0.0103578


Tree=28
num_leaves=27
num_cat=0
split_feature=30 30 1 30 29 30 1 29 1 29 30 4 30 2 29 29 2 4 29 30 29 29 2 30 10 6
split_gain=1815.07 34.6284 44.9986 42.7923 10.3557 12.5174 9.65647 9.15694 8.49956 7.90359 9.69951 7.12982 7.11837 6.9404 5.43892 5.37106 5.33014 5.90958 5.52261 4.92953 4.68035 4.4046 4.034 3.97015 3.47144 7.13031
threshold=-94.668254852294908 -84.907409667968736 19.603868484497074 -78.719924926757798 41.108394622802741 -109.12405014038085 24.405357360839847 41.693527221679695 22.702976226806644 35.725976943969734 -79.302604675292955 4.1437499523162851 -79.10402679443358 -0.92782089114189137 35.743635177612312 35.975336074829109 0.053545549511909492 4.1527082920074472 40.025205612182624 -75.202808380126939 35.725976943969734 35.468124389648445 1.8141951560974123 -79.281692504882798 43.493055343627937 0.15625000000000003
decision_type=2 2 2 2 2 2 2 2 2 2 2 2 2 2 2 2 2 2 2 2 2 2 2 2 2 2
left_child=4 2 11 6 -1 -6 13 22 16 10 -8 -2 -12 20 -10 -11 17 18 -5 -16 23 -14 -4 -3 25 -15
right_child=1 3 7 8 5 -7 9 -9 14 15 12 -13 21 24 19 -17 -18 -19 -20 -21 -22 -23 -24 -25 -26 -27
leaf_value=4.7901296489563621e-06 0 0 0 0 -0.00026806509827275831 3.8498827283162789e-06 0 0 0 0 0 0 0 0 0 0 0 0 0 0 0 0 0 0 0 0
leaf_weight=5846.4998377561569 84.89999932050705 121.49999868869781 300.20000100135803 118.3999987244606 118.19999867677689 120.99999922513962 89.299999594688416 97.999998927116394 130.09999871253967 547.69999700784683 697.6999893784523 222.19999617338181 117.39999830722809 86.899999141693115 328.3999987244606 358.59999561309814 319.09999579191208 137.49999809265137 185.19999891519547 116.99999898672104 1094.2999882698059 207.49999856948853 124.0999995470047 597.49999117851257 1845.8999716043472 474.9999937415123
leaf_count=4795 97 141 288 142 126 112 95 118 153 619 901 308 148 107 338 432 385 169 194 132 1315 233 129 771 2383 608
internal_value=-0.00402576 -0.00714507 -0.00512658 -0.00736563 0.00028224 -0.00182731 -0.0077267 -0.00326948 -0.00567609 -0.00712536 -0.00772009 -0.00827182 -0.00800783 -0.00801312 -0.00471235 -0.00639087 -0.00640108 -0.00564023 -0.004811 -0.00415481 -0.00751423 -0.0067027 -0.00260232 -0.00818487 -0.0083868 -0.00762868
internal_weight=14490.1 8404.4 829.4 7575 6085.7 239.2 6239.3 522.3 1335.7 2018.2 1111.9 307.1 1022.6 4221.1 575.5 906.3 760.2 441.1 303.6 445.4 1813.3 324.9 424.3 719 2407.8 561.9
internal_count=15239 10206 940 9266 5033 238 7753 535 1513 2428 1377 405 1282 5325 623 1051 890 505 336 470 2227 381 417 912 3098 715
is_linear=0
shrinkage=0.0103578


Tree=29
num_leaves=27
num_cat=0
split_feature=30 30 29 30 13 29 30 29 30 13 30 4 10 4 30 3 29 13 29 10 9 11 30 29 29 4
split_gain=1830.15 33.6618 45.9338 37.8957 13.2788 9.55425 11.791 8.8527 10.8987 8.83439 8.8258 6.56851 6.49866 5.36493 6.59838 5.31537 4.98118 4.88355 4.34172 4.28351 3.2375 2.90964 2.78679 2.77007 2.68385 2.66359
threshold=-94.668254852294908 -84.907409667968736 41.556880950927741 -78.014999389648423 82.772914886474624 41.108394622802741 -109.12405014038085 35.725976943969734 -79.306854248046861 92.095832824707045 -79.10402679443358 2.4327082633972172 50.451387405395515 4.2393751144409189 -75.317043304443345 3.8527778387069707 35.468124389648445 79.847915649414077 35.838500976562507 20.548610687255863 232.71527862548831 16.181249618530277 -79.290195465087876 35.697473526000984 36.419198989868171 3.342499971389771
decision_type=2 2 2 2 2 2 2 2 2 2 2 2 2 2 2 2 2 2 2 2 2 2 2 2 2 2
left_child=5 2 17 4 15 -1 -7 8 -6 13 23 -9 -4 14 25 19 -12 -2 -13 20 -3 -16 -21 -10 -20 -5
right_child=1 3 12 9 7 6 -8 11 10 -11 16 18 -14 -15 21 -17 -18 -19 24 22 -22 -23 -24 -25 -26 -27
leaf_value=4.7300361792423078e-06 0 0 0 0 0 -0.00026528852390432018 3.8100062737766472e-06 0 0 0 0 0 0 0 0 0 0 0 0 0 0 0 0 0 0 0
leaf_weight=5848.9998420476913 113.89999938011169 118.49999928474426 136.49999833106995 149.1999985575676 103.89999943971634 128.19999849796295 132.89999908208847 459.39999735355377 612.89999169111252 371.39999788999557 183.19999742507935 161.79999941587448 209.09999662637711 172.39999735355377 118.39999878406525 437.89999270439148 402.19999647140503 338.60000067949295 801.49999207258224 438.29999452829361 88.099998772144318 84.29999852180481 2041.7999703884125 402.89999312162399 281.99999594688416 109.49999952316284
leaf_count=4812 123 135 169 166 111 136 123 518 771 396 234 182 283 216 136 593 460 330 949 539 113 103 2586 541 362 111
internal_value=-0.00401705 -0.00717271 -0.00514028 -0.00738739 -0.00767615 0.000289283 -0.00164687 -0.00722228 -0.00775838 -0.00550657 -0.00797061 -0.0066834 -0.00798244 -0.00625469 -0.00565214 -0.00816992 -0.00693253 -0.00296136 -0.00707995 -0.00798913 -0.00649115 -0.00706385 -0.00811224 -0.00856424 -0.00732155 -0.00453136
internal_weight=14447.8 8337.7 798.1 7539.6 6534.4 6110.1 261.1 3409.8 1705.1 1005.2 1601.2 1704.7 345.6 633.8 461.4 3124.6 585.4 452.5 1245.3 2686.7 206.6 202.7 2480.1 1015.8 1083.5 258.7
internal_count=15198 10127 905 9222 8094 5071 259 4128 2117 1128 2006 2011 452 732 516 3966 694 453 1493 3373 248 239 3125 1312 1311 277
is_linear=0
shrinkage=0.0103578


Tree=30
num_leaves=27
num_cat=0
split_feature=30 30 30 29 30 29 30 3 29 29 0 10 2 0 9 0 2 30 30 3 3 12 30 12 3 4
split_gain=1844.04 36.2067 44.0143 41.3148 15.0733 10.8493 12.6358 9.74545 12.1553 9.90839 7.81782 7.26818 6.21832 5.93528 5.846 5.11768 4.94513 4.54819 3.90545 3.76038 3.15621 3.11531 3.10075 2.85335 2.43789 2.42028
threshold=-94.668254852294908 -77.269069671630845 -84.907409667968736 41.693527221679695 -75.70598983764647 41.108394622802741 -109.12405014038085 2.3104165792465214 35.725976943969734 35.654365539550788 26.979166984558109 40.409723281860359 1.0769022107124331 18.954860687255863 294.79165649414068 23.253472328186039 -1.3465450406074522 -79.298500061035142 -79.298500061035142 3.632222175598145 4.1184027194976816 3.1770832538604741 -78.72967147827147 -2.8937499523162837 2.7188194990158085 2.0322916507720952
decision_type=2 2 2 2 2 2 2 2 2 2 2 2 2 2 2 2 2 2 2 2 2 2 2 2 2 2
left_child=5 2 3 12 13 -1 -7 8 9 17 22 -5 -2 -3 16 -14 18 -4 -9 -18 -13 -19 25 -15 -16 -10
right_child=1 4 7 11 -6 6 -8 14 10 -11 -12 20 15 23 24 -17 19 21 -20 -21 -22 -23 -24 -25 -26 -27
leaf_value=4.681043239461292e-06 0 0 0 0 0 -0.00026254070883827965 3.7705428530198249e-06 0 0 0 0 0 0 0 0 0 0 0 0 0 0 0 0 0 0 0
leaf_weight=5958.1998370885849 283.70000028610229 158.79999840259552 96.699999511241913 83.299998760223389 426.59999531507492 127.09999841451645 126.99999886751175 176.09999853372574 213.09999883174896 661.4999897480011 129.60000020265579 113.8999987244606 90.899999141693115 106.29999870061874 190.49999874830246 102.40000033378601 2216.5999684333801 301.5999960899353 933.29998832941055 473.59999203681946 150.2999974489212 132.1999990940094 87.799999594688416 240.69999915361404 160.49999785423279 850.59999024868011
leaf_count=4900 273 182 105 103 496 135 118 205 247 867 138 137 103 111 217 102 2790 372 1159 640 213 150 96 237 201 1014
internal_value=-0.00397899 -0.00714891 -0.00739039 -0.00512495 -0.00521617 0.000297545 -0.00179585 -0.00767186 -0.0071468 -0.00790764 -0.00643536 -0.00784081 -0.00313857 -0.00399632 -0.00798359 -0.0045731 -0.00810459 -0.00682896 -0.00749789 -0.008353 -0.00869061 -0.00728894 -0.00670869 -0.00322474 -0.00666161 -0.00686691
internal_weight=14592.9 8380.6 7448.2 824.5 932.4 6212.3 254.1 6623.7 2473.1 1192 1281.1 347.5 477 505.8 4150.6 193.3 3799.6 530.5 1109.4 2690.2 264.2 433.8 1151.5 347 351 1063.7
internal_count=15311 10158 9132 931 1026 5153 253 8201 2989 1494 1495 453 478 530 5212 205 4794 627 1364 3430 350 522 1357 348 418 1261
is_linear=0
shrinkage=0.0103578


Tree=31
num_leaves=27
num_cat=0
split_feature=30 30 13 30 13 29 30 30 30 11 30 10 3 29 29 3 8 1 29 29 12 10 1 29 29 12
split_gain=1822.05 35.659 44.6102 41.9149 13.6574 11.8222 14.3849 10.226 9.85313 8.4325 7.47783 5.97589 5.39047 5.17639 4.7755 4.2863 3.63193 3.59509 3.18989 3.41359 2.95924 2.80332 2.66622 2.45644 2.39995 2.39641
threshold=-94.668254852294908 -84.907409667968736 73.166667938232436 -78.014999389648423 82.772914886474624 41.108394622802741 -109.12405014038085 -75.317043304443345 -79.12176132202147 11.965972423553469 -79.294250488281236 44.215276718139656 2.2910416126251225 36.13434028625489 35.741001129150398 4.4347918033599862 1.0000000180025095e-35 23.123214721679691 40.068038940429695 41.408981323242195 1.5187500119209292 20.548610687255863 22.597320556640629 41.268846511840827 39.046882629394538 -4.6020832061767569
decision_type=2 2 2 2 2 2 2 2 2 2 2 2 2 2 2 2 2 2 2 2 2 2 2 2 2 2
left_child=5 2 11 4 15 -1 -7 9 10 -5 13 -2 -10 -6 -12 21 -14 20 -11 -20 -9 -3 -15 24 -4 -18
right_child=1 3 23 7 8 6 -8 17 12 18 14 -13 16 22 -16 -17 25 -19 19 -21 -22 -23 -24 -25 -26 -27
leaf_value=4.6325577605235828e-06 0 0 0 0 0 -0.00025982135519049434 3.7314881879095616e-06 0 0 0 0 0 0 0 0 0 0 0 0 0 0 0 0 0 0 0
leaf_weight=5839.5998401045799 86.099998950958252 237.39999735355377 148.1999996304512 156.19999819993973 156.19999903440475 123.59999829530716 127.49999910593033 152.89999729394913 958.09999316930771 245.99999839067459 907.39998608827591 257.69999587535858 306.49999564886093 79.199999570846558 140.49999892711639 198.4999965429306 188.59999758005142 128.09999942779541 143.39999902248383 102.49999940395355 112.29999887943268 2768.199960231781 125.79999786615372 117.29999953508377 219.4000004529953 526.59999543428421
leaf_count=4800 105 288 150 190 172 132 117 187 1105 268 1172 341 385 96 163 279 234 145 134 109 129 3504 164 127 210 612
internal_value=-0.0040485 -0.0071574 -0.00510761 -0.00737945 -0.00768517 0.000271551 -0.00192632 -0.00544042 -0.00721989 -0.00462996 -0.00789148 -0.0079607 -0.00673955 -0.00657085 -0.00834249 -0.0081758 -0.00727468 -0.00676628 -0.00395337 -0.00309997 -0.00747117 -0.00807211 -0.00766932 -0.00307693 -0.0026496 -0.00684765
internal_weight=14553.8 8463.1 828.7 7634.4 6593 6090.7 251.1 1041.4 3388.9 648.1 1409.1 343.8 1979.8 361.2 1047.9 3204.1 1021.7 393.3 491.9 245.9 265.2 3005.6 205 484.9 367.6 715.2
internal_count=15318 10269 933 9336 8174 5049 249 1162 4103 701 1767 446 2336 432 1335 4071 1231 461 511 243 316 3792 260 487 360 846
is_linear=0
shrinkage=0.0103578


Tree=32
num_leaves=27
num_cat=0
split_feature=30 30 29 30 29 30 1 1 29 30 4 30 13 10 3 30 29 3 29 29 3 30 29 12 30 29
split_gain=1811.61 39.6663 45.7878 40.1736 12.8888 13.4483 12.2359 10.7355 9.4768 9.29292 6.14667 6.13538 5.59914 5.06185 5.01528 4.96908 11.0753 4.85874 4.10893 3.91264 3.90069 3.82867 3.71163 3.64825 3.63699 3.60256
threshold=-94.668254852294908 -84.907409667968736 41.556880950927741 -78.68517684936522 41.108394622802741 -109.12405014038085 24.405357360839847 22.755655288696293 35.725976943969734 -79.306854248046861 3.9108333587646489 -79.10402679443358 75.974998474121108 20.548610687255863 3.7865277528762822 -75.317043304443345 40.025205612182624 3.7509721517562871 36.361949920654304 35.725976943969734 2.0122221708297734 -75.70598983764647 35.468124389648445 -3.6729166507720943 -76.589794158935533 39.078315734863288
decision_type=2 2 2 2 2 2 2 2 2 2 2 2 2 2 2 2 2 2 2 2 2 2 2 2 2 2
left_child=4 2 12 6 -1 -6 13 14 9 -8 -4 -11 -2 -3 15 16 -5 19 23 -15 -21 24 -13 -10 -9 -14
right_child=1 3 10 7 5 -7 8 21 18 11 -12 22 25 17 -16 -17 -18 -19 -20 20 -22 -23 -24 -25 -26 -27
leaf_value=4.5845744862329062e-06 0 0 0 -1.0590164157600916e-08 -0.00025713016816225712 3.6928380446218395e-06 0 0 0 0 0 0 0 0 0 0 0 0 0 0 0 0 0 0 0 0
leaf_weight=5840.2998403906822 100.09999924898148 313.3999969959259 89.499999225139618 153.79999816417694 128.89999836683273 116.89999920129776 79.999999642372131 187.89999890327454 217.19999760389328 739.39998912811279 238.69999605417252 113.5999983549118 150.79999965429306 1341.5999801158905 120.39999812841415 208.59999692440033 218.59999847412109 443.69999277591705 102.29999840259552 323.09999686479568 1872.5999755263329 162.99999892711639 260.7999981045723 622.59999686479568 99.09999942779541 239.10000085830688
leaf_count=4795 111 378 103 190 137 109 84 201 258 950 327 144 152 1720 156 246 228 597 129 383 2330 186 300 700 93 227
internal_value=-0.0040121 -0.00712982 -0.00495457 -0.00736412 0.000291105 -0.00202935 -0.00768397 -0.00557459 -0.00703299 -0.00765385 -0.00794714 -0.00790031 -0.00294243 -0.00800668 -0.0063801 -0.00596481 -0.0052249 -0.00810926 -0.00624167 -0.00797447 -0.00769044 -0.0043117 -0.00678261 -0.00599099 -0.00357341 -0.0023732
internal_weight=14486 8399.9 818.2 7581.7 6086.1 245.8 6430.3 1151.4 2135.9 1193.8 328.2 1113.8 490 4294.4 701.4 581 372.4 3981 942.1 3537.3 2195.7 450 374.4 839.8 287 389.9
internal_count=15234 10193 920 9273 5041 246 7973 1300 2565 1478 430 1394 490 5408 820 664 418 5030 1087 4433 2713 480 444 958 294 379
is_linear=0
shrinkage=0.0103578


Tree=33
num_leaves=27
num_cat=0
split_feature=30 30 30 29 29 13 29 29 30 29 2 3 13 10 2 3 30 10 29 30 29 2 1 29 9 29
split_gain=1744.01 69.2012 47.6371 54.0629 21.1772 13.3322 12.1812 11.7806 12.4956 10.1641 9.968 8.82784 7.49225 6.65274 5.67705 5.18527 4.67922 4.08505 4.00917 3.6458 5.85043 3.62105 3.07215 3.07305 4.26874 2.89232
threshold=-94.668254852294908 -78.68517684936522 -84.907409667968736 41.693527221679695 41.372816085815437 82.772914886474624 35.725976943969734 40.443843841552741 -109.12405014038085 35.686880111694343 2.536658883094788 3.7509721517562871 98.568748474121108 41.229166030883796 1.6892727613449099 2.3542361259460454 -79.306854248046861 35.145833969116218 36.419198989868171 -79.10402679443358 35.468124389648445 0.053545549511909492 5.5369048118591317 35.725976943969734 239.23611450195315 35.857364654541023
decision_type=2 2 2 2 2 2 2 2 2 2 2 2 2 2 2 2 2 2 2 2 2 2 2 2 2 2
left_child=7 2 3 10 11 14 9 -1 -9 16 -2 12 -3 -5 22 18 -7 -17 -8 -18 -21 -6 -4 -24 25 -25
right_child=1 4 5 13 21 6 15 8 -10 -11 -12 -13 -14 -15 -16 17 19 -19 -20 20 -22 -23 23 24 -26 -27
leaf_value=4.5370882148358089e-06 0 0 0 0 0 0 0 -0.00025446685600833741 3.6545882331858976e-06 0 0 0 0 0 0 0 0 0 0 0 0 0 0 0 0 0
leaf_weight=5839.7998396754265 383.10000091791153 407.09999632835388 229.29999631643295 89.999998867511749 187.69999837875366 84.699999690055847 771.09999561309814 140.19999831914902 126.39999908208847 538.39999127388 110.5999990105629 128.69999885559082 248.19999802112579 265.29999601840973 871.19998586177826 89.39999932050705 525.09999305009842 677.29999250173569 107.09999847412109 191.59999740123749 329.19999754428864 196.2999974489212 761.19998908042908 159.99999850988388 303.99999523162842 803.89999085664749
leaf_count=4786 369 453 305 112 209 93 869 148 118 712 122 153 266 357 1150 102 663 827 135 244 370 239 974 178 390 979
internal_value=-0.00393838 -0.00698299 -0.00735826 -0.0050439 -0.00463713 -0.00766267 -0.00719779 0.000280156 -0.00184655 -0.00782815 -0.00282013 -0.00365509 -0.00316159 -0.0081233 -0.0081534 -0.00655546 -0.00725701 -0.00719159 -0.00599534 -0.0074498 -0.00680274 -0.00663269 -0.00786794 -0.00772936 -0.00739614 -0.00704147
internal_weight=14566.9 8460.5 7292.5 849 1168 6443.5 3313.9 6106.4 266.6 1669 493.7 784 655.3 355.3 3129.6 1644.9 1130.6 766.7 878.2 1045.9 520.8 384 2258.4 2029.1 1267.9 963.9
internal_count=15323 10271 8951 960 1320 7991 4015 5052 266 2082 491 872 719 469 3976 1933 1370 929 1004 1277 614 448 2826 2521 1547 1157
is_linear=0
shrinkage=0.0103578


Tree=34
num_leaves=27
num_cat=0
split_feature=30 30 30 1 30 3 1 29 30 30 30 2 2 1 29 29 1 29 1 2 29 0 2 1 1 3
split_gain=1752.01 60.8403 50.1994 48.0664 22.9285 16.3634 13.4632 11.6849 14.5127 8.58733 9.74995 8.0542 7.43152 7.34276 7.14225 5.56432 5.6152 5.54302 4.35051 3.91002 3.87112 4.49303 3.83262 3.68092 3.36861 3.32707
threshold=-94.668254852294908 -78.68517684936522 -84.907409667968736 20.525297164916996 -75.317043304443345 3.7865277528762822 24.405357360839847 41.108394622802741 -109.12405014038085 -79.118217468261705 -79.311107635498033 -0.28487318754196161 -1.2053183317184446 24.142559051513675 40.025205612182624 35.725976943969734 5.6741073131561288 35.741001129150398 10.339583396911623 0.025129399262368683 35.468124389648445 28.439582824707035 0.93504139780998241 24.376487731933597 23.170833587646488 2.2500694990158085
decision_type=2 2 2 2 2 2 2 2 2 2 2 2 2 2 2 2 2 2 2 2 2 2 2 2 2 2
left_child=7 2 3 11 5 13 12 -1 -9 10 -8 -2 15 14 -3 -4 -17 -12 -14 -16 -11 25 -5 -24 -6 -22
right_child=1 4 6 22 24 -7 9 8 -10 20 17 -13 18 -15 19 16 -18 -19 -20 -21 21 -23 23 -25 -26 -27
leaf_value=4.4900937984577478e-06 0 -1.0480472972336551e-08 0 0 0 0 0 -0.00024870876673928799 3.6167346070300048e-06 0 0 0 0 0 0 0 0 0 0 0 0 0 0 0 0 0
leaf_weight=5801.6998423933983 113.29999911785126 185.99999797344208 692.19999033212662 256.60000067949295 262.59999597072601 105.79999870061874 94.899999439716339 138.69999819993973 143.79999905824661 125.49999833106995 750.19998908042908 269.49999570846558 469.79999214410782 192.39999824762344 177.69999915361404 148.59999763965607 883.4999914765358 89.799999535083771 2144.4999698400497 105.49999922513962 518.59999692440033 88.299999892711639 120.4999994635582 102.1000000834465 121.99999934434891 443.1999951004982
leaf_count=4771 127 220 876 246 314 134 103 147 132 159 960 367 638 208 175 194 1041 100 2719 115 588 93 133 99 138 526
internal_value=-0.00397528 -0.0070229 -0.00737194 -0.00501652 -0.00480485 -0.00376417 -0.00768624 0.000264138 -0.00179058 -0.00699774 -0.00774971 -0.00775201 -0.0080201 -0.00315317 -0.00244741 -0.0074771 -0.00697754 -0.00810766 -0.00837639 -0.00348219 -0.00639593 -0.00617975 -0.00282387 -0.00382115 -0.00687165 -0.00638744
internal_weight=14547.3 8463.1 7311.1 862 1152 767.4 6449.1 6084.2 282.5 2110.5 934.9 382.8 4338.6 661.6 469.2 1724.3 1032.1 840 2614.3 283.2 1175.6 1050.1 479.2 222.6 384.6 961.8
internal_count=15323 10273 8969 972 1304 852 7997 5050 279 2529 1163 494 5468 718 510 2111 1235 1060 3357 290 1366 1207 478 232 452 1114
is_linear=0
shrinkage=0.0103578


Tree=35
num_leaves=27
num_cat=0
split_feature=30 30 30 1 30 1 3 30 30 2 1 10 2 30 1 0 10 7 12 3 10 2 0 30 30 12
split_gain=1771.81 70.9005 50.1991 45.8983 26.0626 14.4453 12.9895 8.80497 11.79 8.62768 6.28962 6.27826 5.80758 4.55762 3.82769 3.71793 3.61956 3.24946 3.4732 2.95633 2.86085 2.61632 2.48465 2.3797 2.50013 2.23313
threshold=-94.668254852294908 -78.68517684936522 -84.907409667968736 20.406845092773441 -75.70598983764647 24.405357360839847 3.7509721517562871 -79.12176132202147 -79.311107635498033 -1.1715061664581297 25.006845474243168 49.479166030883796 1.1120212078094485 -122.19300079345702 23.068452835083011 6.6402776241302499 64.756942749023452 0.24791666865348819 -3.6729166507720943 2.7092361450195317 39.236110687255866 -1.5100154876708982 24.609027862548832 -79.042778015136705 -79.01998138427733 3.2854166030883794
decision_type=2 2 2 2 2 2 2 2 2 2 2 2 2 2 2 2 2 2 2 2 2 2 2 2 2 2
left_child=13 2 3 11 6 9 10 8 -7 15 16 -2 -5 -1 21 -4 -3 18 -9 20 25 -6 -14 -17 -25 -11
right_child=1 4 5 12 14 7 -8 17 -10 19 -12 -13 22 -15 -16 23 -18 -19 -20 -21 -22 -23 -24 24 -26 -27
leaf_value=-4.508605313407652e-05 0 0 0 0 0 0 0 0 0 0 0 0 0 1.4083230199303392e-06 0 0 0 0 0 0 0 0 0 0 0 0
leaf_weight=158.69999516010284 105.79999881982803 304.59999817609787 264.79999595880508 284.90000021457672 90.199999213218689 85.499999582767487 107.29999870061874 202.99999779462814 797.69998908042908 116.09999889135361 135.09999865293503 226.79999631643295 102.69999933242798 5991.4998424649239 160.09999912977219 930.69998872280121 183.09999811649323 523.89999443292618 538.89999717473984 1401.6999779343605 977.29998588562012 197.5999967455864 105.49999976158142 91.39999932050705 478.29999482631683 84.99999874830246
leaf_count=141 130 322 342 273 102 91 131 244 1013 135 147 302 117 4969 179 1149 209 619 607 1835 1231 238 105 100 573 106
internal_value=-0.00394433 -0.00700876 -0.00738867 -0.0049751 -0.00464524 -0.00769501 -0.00343275 -0.00699082 -0.0077962 -0.00804221 -0.00285328 -0.00794727 -0.00296267 0.0002901 -0.0066139 -0.00747024 -0.002299 -0.00642531 -0.00596337 -0.00843165 -0.00801977 -0.00734432 -0.0042792 -0.00725851 -0.00669265 -0.00681584
internal_weight=14648.2 8498 7320 825.7 1178 6494.3 730.1 2149 883.2 4345.3 622.8 332.6 493.1 6150.2 447.9 1765.2 487.7 1265.8 741.9 2580.1 1178.4 287.8 208.2 1500.4 569.7 201.1
internal_count=15410 10300 8972 927 1328 8045 809 2574 1104 5471 678 432 495 5110 519 2164 531 1470 851 3307 1472 340 222 1822 673 241
is_linear=0
shrinkage=0.0103578


Tree=36
num_leaves=27
num_cat=0
split_feature=30 30 30 1 30 4 13 29 30 2 30 29 2 2 2 29 29 29 29 29 2 6 12 13 29 30
split_gain=1761.41 70.5301 45.8499 43.6733 23.7577 14.9603 13.0532 11.8185 12.039 8.88743 8.84938 8.77191 7.83048 7.49565 6.32313 6.16334 5.32034 6.12492 4.21072 3.39828 3.06776 3.2958 2.76069 2.42328 3.2576 3.57245
threshold=-94.668254852294908 -78.68517684936522 -84.907409667968736 20.525297164916996 -75.317043304443345 4.6006250381469735 82.772914886474624 41.108394622802741 -109.12405014038085 -0.28487318754196161 -79.12176132202147 35.635671615600593 0.053545549511909492 2.6290760040283208 1.6892727613449099 35.725976943969734 35.468124389648445 36.419198989868171 35.909603118896491 39.670738220214851 2.8867624998092656 0.36041666567325598 1.0395833253860476 5.8125000000000009 35.725976943969734 -80.495098114013658
decision_type=2 2 2 2 2 2 2 2 2 2 2 2 2 2 2 2 2 2 2 2 2 2 2 2 2 2
left_child=7 2 3 9 5 12 14 -1 -9 -2 11 -8 -3 -5 23 -13 -12 20 -17 -14 21 -18 -6 -4 -25 -26
right_child=1 4 6 13 22 -7 10 8 -10 -11 16 15 19 -15 -16 18 17 -19 -20 -21 -22 -23 -24 24 25 -27
leaf_value=4.439477055061957e-06 0 0 0 0 0 0 0 -0.00024716957671784274 3.5646858834294936e-06 0 0 0 0 0 0 0 0 0 0 0 0 0 0 0 0 0
leaf_weight=5838.1998411417007 102.59999918937683 324.89999806880951 509.49999207258224 364.80000072717667 212.19999688863754 141.09999829530716 167.6999985575676 134.89999842643738 118.09999930858612 256.39999580383301 226.09999680519104 903.69998621940613 165.19999873638153 99.799999296665192 864.99998599290848 99.699999749660492 337.0999983549118 96.499998271465302 263.19999665021896 137.19999843835831 234.09999734163284 997.09999185800552 171.49999862909317 641.89999079704285 170.89999705553055 906.9999897480011
leaf_count=4794 114 341 657 356 252 175 187 141 109 350 287 1169 186 112 1144 111 373 127 330 150 285 1161 193 815 225 1086
internal_value=-0.00395106 -0.00702739 -0.0074064 -0.00509718 -0.00464174 -0.00358485 -0.00770212 0.000289084 -0.00189984 -0.00780969 -0.00724445 -0.00786795 -0.00289346 -0.00299333 -0.00819239 -0.00816608 -0.00676907 -0.00655864 -0.0069851 -0.00409365 -0.00639642 -0.00619367 -0.00674879 -0.00788959 -0.00768706 -0.00731711
internal_weight=14486.4 8395.2 7243.1 823.6 1152.1 768.4 6419.5 6091.2 253 359 3325.2 1434.3 627.3 464.6 3094.3 1266.6 1890.9 1664.8 362.9 302.4 1568.3 1334.2 383.7 2229.3 1719.8 1077.9
internal_count=15230 10186 8889 932 1297 852 7957 5044 250 464 4030 1797 677 468 3927 1610 2233 1946 441 336 1819 1534 445 2783 2126 1311
is_linear=0
shrinkage=0.0103578


Tree=37
num_leaves=27
num_cat=0
split_feature=30 30 30 29 29 29 30 3 1 13 29 30 2 6 29 4 2 9 0 0 29 29 29 10 4 30
split_gain=1729.8 75.4106 53.0147 52.4257 22.078 14.9097 15.7776 13.8909 12.7906 11.5705 11.5286 9.99855 7.18471 7.13548 6.92843 6.24861 5.21251 5.10075 4.90482 4.70035 4.07665 4.06029 4.05443 3.36975 3.3688 3.12933
threshold=-94.668254852294908 -78.68517684936522 -84.907409667968736 41.693527221679695 41.191854476928718 41.108394622802741 -109.12405014038085 3.8220138549804692 24.142559051513675 82.772914886474624 35.725976943969734 -79.306854248046861 1.2384963631629946 0.30625000596046453 35.686880111694343 2.4110417366027836 -1.3876682519912718 197.55554962158206 23.901389122009281 16.627778053283695 36.314949035644538 35.725976943969734 35.838500976562507 35.145833969116218 4.8570833206176767 -79.298500061035142
decision_type=2 2 2 2 2 2 2 2 2 2 2 2 2 2 2 2 2 2 2 2 2 2 2 2 2 2
left_child=5 2 3 12 7 -1 -7 8 20 16 11 -11 -2 -6 -13 -12 21 -15 -14 -5 -3 -4 -17 -24 25 -18
right_child=1 4 9 19 13 6 -8 -9 -10 10 15 14 18 17 -16 22 24 -19 -20 -21 -22 -23 23 -25 -26 -27
leaf_value=4.3830155874649509e-06 0 -1.0371917950397481e-08 0 0 0 -0.00024670949054705346 3.5277634510828826e-06 0 0 0 0 0 0 0 0 0 0 0 0 0 0 0 0 0 0 0
leaf_weight=5844.3998384475708 315.80000072717667 131.99999845027924 474.59999299049377 167.49999725818634 100.09999936819077 132.29999828338623 121.29999911785126 111.5999990105629 237.29999828338623 102.19999957084656 445.89999771118164 1049.0999873280525 87.999999344348907 133.39999884366989 537.19999122619629 164.89999932050705 276.39999663829803 213.5999967455864 110.10000026226044 180.19999784231186 250.09999859333038 794.49999105930328 115.89999908208847 908.59998977184296 247.49999558925629 1343.9999798536301
leaf_count=4792 302 158 606 235 111 143 111 136 257 110 503 1279 100 148 714 185 344 258 109 222 257 955 133 1102 345 1722
internal_value=-0.00393739 -0.00695708 -0.00734873 -0.00492778 -0.00452002 0.000272185 -0.00218347 -0.00340523 -0.00279325 -0.00767106 -0.00723775 -0.00784524 -0.00281994 -0.00633511 -0.00804901 -0.00660774 -0.00812865 -0.00704225 -0.00436667 -0.0080323 -0.00161469 -0.00759505 -0.007006 -0.0072544 -0.00848855 -0.00830266
internal_weight=14598.5 8500.5 7322.4 861.6 1178.1 6098 253.6 731 619.4 6460.8 3323.8 1688.5 513.9 447.1 1586.3 1635.3 3137 347 198.1 347.7 382.1 1269.1 1189.4 1024.5 1867.9 1620.4
internal_count=15337 10291 8966 968 1325 5046 254 808 672 7998 4026 2103 511 517 1993 1923 3972 406 209 457 415 1561 1420 1235 2411 2066
is_linear=0
shrinkage=0.0103578


Tree=38
num_leaves=27
num_cat=0
split_feature=30 30 30 29 30 3 1 29 30 30 30 0 10 13 29 29 1 3 1 10 9 6 6 29 4 29
split_gain=1763.67 68.1171 46.6119 47.7026 21.1066 13.3383 13.1157 11.0601 11.7197 8.3891 7.52989 6.76468 5.76635 5.73239 12.032 5.61054 5.53222 3.73673 3.31125 3.11248 3.02536 2.97276 2.63811 2.5969 4.30579 3.61655
threshold=-94.668254852294908 -78.68517684936522 -84.907409667968736 41.693527221679695 -75.70598983764647 3.7865277528762822 24.405357360839847 41.108394622802741 -109.12405014038085 -79.114654541015611 -79.302604675292955 16.728471755981449 20.548610687255863 98.92291641235353 40.025205612182624 35.725976943969734 21.030059814453129 2.2910416126251225 10.339583396911623 50.451387405395515 293.22221374511724 0.74791666865348827 0.28125000000000006 35.725976943969734 2.1250000000000004 35.659040451049812
decision_type=2 2 2 2 2 2 2 2 2 2 2 2 2 2 2 2 2 2 2 2 2 2 2 2 2 2
left_child=7 2 3 16 5 13 12 -1 -9 10 -8 -5 22 14 -3 -12 -2 -11 -14 -13 -19 -16 -4 25 -25 -20
right_child=1 4 6 11 -6 -7 9 8 -10 17 15 19 18 -15 21 -17 -18 20 23 -21 -22 -23 -24 24 -26 -27
leaf_value=2.3681455146063176e-06 0 -1.0264487323590129e-08 0 0 0 0 0 -0.00024415411406456043 3.4912234552411899e-06 0 0 0 0 0 0 0 0 0 0 0 0 0 0 0 0 0
leaf_weight=5791.2998425364494 101.09999924898148 161.49999791383743 150.59999895095825 181.69999694824219 443.59999495744705 97.499998867511749 125.59999907016754 137.09999853372574 123.79999893903732 633.19999593496323 681.99998998641968 94.299998998641968 875.09998649358749 187.39999842643738 129.09999966621399 112.09999930858612 395.60000026226044 449.99999475479126 539.69999265670776 83.799998879432678 110.79999947547913 154.99999850988388 190.29999780654907 116.29999929666519 1866.1999755501747 623.79999017715454
leaf_count=4765 111 193 176 255 516 123 140 145 112 722 884 111 1147 200 129 127 386 546 665 106 124 166 233 135 2312 824
internal_value=-0.00398549 -0.00702625 -0.00739755 -0.0051185 -0.00470471 -0.00361619 -0.00769844 0.000288465 -0.0017951 -0.0070187 -0.00777371 -0.00798952 -0.00802678 -0.00306058 -0.0024139 -0.00815098 -0.0030312 -0.00643337 -0.00813913 -0.00650191 -0.00706713 -0.00369514 -0.00668894 -0.00797159 -0.0077252 -0.00838709
internal_weight=14558.5 8506.3 7332.2 856.5 1174.1 730.5 6475.7 6052.2 260.9 2113.7 919.7 359.8 4362 633 445.6 794.1 496.7 1194 4021.1 178.1 560.8 284.1 340.9 3146 1982.5 1163.5
internal_count=15353 10331 9004 969 1327 811 8035 5022 257 2543 1151 472 5492 688 488 1011 497 1392 5083 217 670 295 409 3936 2447 1489
is_linear=0
shrinkage=0.0103578


Tree=39
num_leaves=27
num_cat=0
split_feature=29 29 29 11 11 29 10 29 29 8 4 13 29 29 1 29 2 4 2 2 2 29 0 8 29 29
split_gain=586.439 486.469 269.49 87.5972 52.0817 47.387 34.1995 23.2312 21.3961 19.0897 17.0998 11.6783 10.2163 8.52427 12.0222 8.83475 7.21363 6.77385 6.59755 5.74926 5.32966 4.96637 4.83346 4.57629 4.56644 4.54093
threshold=36.314949035644538 40.443843841552741 35.571500778198249 15.24722194671631 14.700000286102297 36.658319473266609 40.409723281860359 34.162609100341804 35.981050491333015 6.5000000000000009 4.9052083492279062 89.279167175292983 38.308649063110359 35.725976943969734 21.872917175292972 35.654365539550788 -1.4258928894996641 3.7462500333786015 1.3710532784461977 1.8900620937347414 -1.3876682519912718 35.468124389648445 6.5298612117767343 5.5000000000000009 41.556880950927741 34.492685317993171
decision_type=2 2 2 2 2 2 2 2 2 2 2 2 2 2 2 2 2 2 2 2 2 2 2 2 2 2
left_child=2 4 3 25 12 -6 9 -5 13 24 20 16 -2 15 19 -4 -7 18 -13 22 -8 -9 -15 -10 -3 -1
right_child=1 6 8 7 5 11 10 21 23 -11 -12 17 -14 14 -16 -17 -18 -19 -20 -21 -22 -23 -24 -25 -26 -27
leaf_value=0.0093462620008001075 0.0090458888845359256 0 0 0 0 0 0 0 0 -4.1061004050129134e-05 0 0 0 0 0 0 0 0 0 0 0 0 0 0 0 0
leaf_weight=354.19998842477798 3574.4998834133148 121.79999911785126 834.79998928308487 123.39999866485596 171.49999809265137 95.099999964237213 323.39999693632126 311.89999568462372 575.99999368190765 223.89999717473984 452.79999309778214 320.19999927282333 776.69998514652252 143.39999759197235 925.99999314546585 1475.6999784111977 184.69999867677689 541.29999971389771 152.69999933242798 310.79999476671219 776.09999126195908 144.09999871253967 662.59999173879623 116.99999868869781 217.59999758005142 624.49998271465302
leaf_count=284 2815 130 1002 118 211 95 358 387 674 237 610 310 719 190 1070 1921 211 533 163 410 917 157 790 126 264 565
internal_value=-0.00392626 -0.00202766 -0.00620617 -0.00243919 -0.000480431 -0.00216886 -0.00628019 -0.00562908 -0.00736878 -0.00408523 -0.00707464 -0.00148866 8.83494e-05 -0.00763918 -0.0071403 -0.00807822 -0.00336076 -0.000970179 -0.00187514 -0.00787122 -0.00636765 -0.00670743 -0.00738998 -0.00566466 -0.00563306 -0.000548153
internal_weight=14536.7 7932.3 6604.4 1558.1 5816.7 1465.5 2115.6 579.4 5046.3 563.3 1552.3 1294 4351.2 4353.3 2042.8 2310.5 279.8 1014.2 472.9 1116.8 1099.5 456 806 693 339.4 978.7
internal_count=15267 7573 7694 1511 5057 1523 2516 662 6183 631 1885 1312 3534 5383 2460 2923 306 1006 473 1390 1275 544 980 800 394 849
is_linear=0
shrinkage=0.0103578


Tree=40
num_leaves=27
num_cat=0
split_feature=30 30 30 29 29 29 30 13 2 29 3 1 29 10 30 13 8 2 2 29 29 3 29 0 3 30
split_gain=1745.83 71.6615 50.0534 47.8339 23.811 11.5476 14.069 9.8956 9.53632 9.30919 8.96043 10.5337 8.35526 8.03898 6.80656 6.59849 6.32265 6.14327 5.88685 4.55597 3.94914 4.28121 3.90236 3.64737 3.61141 3.19182
threshold=-94.668254852294908 -78.68517684936522 -84.907409667968736 41.693527221679695 41.408981323242195 41.108394622802741 -109.12405014038085 82.772914886474624 1.198356628417969 35.725976943969734 3.7509721517562871 24.200595855712894 35.654365539550788 43.284723281860359 -75.886917114257798 92.758331298828139 4.5000000000000009 -1.1267856955528257 1.6892727613449099 40.025205612182624 35.725976943969734 3.8220138549804692 36.419198989868171 6.8756945133209237 2.2910416126251225 -117.08349990844725
decision_type=2 2 2 2 2 2 2 2 2 2 2 2 2 2 2 2 2 2 2 2 2 2 2 2 2 2
left_child=5 2 3 8 10 25 -7 18 -2 12 11 14 -9 -5 19 -10 22 -6 20 -3 -4 23 24 -22 -11 -1
right_child=1 4 7 13 17 6 -8 9 15 16 -12 -13 -14 -15 -16 -17 -18 -19 -20 -21 21 -23 -24 -25 -26 -27
leaf_value=0.0089521930495377218 0 -1.015816944561394e-08 0 0 0 -0.00024162520575300324 3.455061934689755e-06 0 0 0 0 0 0 0 0 0 0 0 0 0 0 0 0 0 0 -8.9393443046581589e-05
leaf_weight=4709.3998427987099 294.50000059604645 169.09999805688858 821.59998792409897 86.999998688697815 122.69999927282333 126.89999848604202 129.29999911785126 827.39999103546143 94.099999070167542 489.7999963760376 117.49999898672104 247.9999977350235 852.09998744726181 251.79999619722366 123.2999991774559 99.600000083446503 375.09999787807465 269.09999614953995 885.39998596906662 126.29999923706055 207.09999686479568 204.69999676942825 265.7999963760376 1066.9999879002571 482.99999445676804 1141.3999965190887
leaf_count=3666 279 201 1056 108 131 135 119 986 109 556 141 268 1103 336 135 98 429 323 1170 127 267 273 338 1278 582 1140
internal_value=-0.00396287 -0.00700305 -0.00738539 -0.00497773 -0.00462497 0.000259828 -0.00188988 -0.00769218 -0.00289584 -0.0072859 -0.00357748 -0.00310649 -0.00783394 -0.00796658 -0.00209802 -0.00467991 -0.00671271 -0.00671229 -0.00811065 -0.00123851 -0.00782336 -0.00748617 -0.00707506 -0.00725038 -0.00675527 0.000354207
internal_weight=14589 8482 7306 827 1176 6107 256.2 6479 488.2 3293.2 784.2 666.7 1679.5 338.8 418.7 193.7 1613.7 391.8 3185.8 295.4 2300.4 1478.8 1238.6 1274.1 972.8 5850.8
internal_count=15354 10294 8968 930 1326 5060 254 8038 486 3994 872 731 2089 444 463 207 1905 454 4044 328 2874 1818 1476 1545 1138 4806
is_linear=0
shrinkage=0.0103578


Tree=41
num_leaves=27
num_cat=0
split_feature=30 30 30 29 29 13 4 10 13 29 30 30 30 2 6 2 9 29 29 12 13 0 4 29 29 30
split_gain=1724.3 72.7044 58.7034 50.591 22.8933 12.0045 11.5199 11.2158 10.673 10.4521 13.4273 8.04823 12.6051 6.32335 6.0517 5.99658 5.96866 5.79623 5.27677 4.01342 3.90311 3.70396 3.67299 3.66387 3.63059 3.61663
threshold=-94.668254852294908 -78.68517684936522 -84.907409667968736 41.693527221679695 41.191854476928718 101.00208282470705 5.1229166984558114 40.409723281860359 99.191669464111342 41.108394622802741 -109.12405014038085 -79.311107635498033 -79.118217468261705 1.9315088391304018 0.31041666865348821 -1.2053183317184446 197.55554962158206 35.725976943969734 35.741001129150398 -3.6729166507720943 41.212499618530281 6.5298612117767343 4.0310416221618661 36.20991516113282 35.468124389648445 -117.08349990844725
decision_type=2 2 2 2 2 2 2 2 2 2 2 2 2 2 2 2 2 2 2 2 2 2 2 2 2 2
left_child=9 2 3 13 6 15 8 -5 23 25 -11 -7 18 -2 -6 17 -16 -4 -13 -14 -17 -19 -9 -3 -21 -1
right_child=1 4 5 7 14 11 -8 22 -10 10 -12 12 19 -15 16 20 -18 21 -20 24 -22 -23 -24 -25 -26 -27
leaf_value=0.008859467700647411 0 0 0 0 0 0 0 0 0 -0.00023912249145940375 3.4192749692435306e-06 0 0 0 0 0 0 0 0 0 0 0 0 0 0 -8.9305576822485081e-05
leaf_weight=4630.0998455286026 361.50000083446503 132.49999850988388 690.89999008178711 84.599998831748962 99.199999451637268 89.799999833106995 96.099998831748962 80.499999225139618 226.79999840259552 117.39999860525131 125.09999912977219 736.59998899698257 254.99999678134918 133.29999941587448 132.9999988079071 855.69998621940613 209.59999680519104 142.99999779462814 89.699999511241913 103.09999871253967 1737.4999760389328 907.69999080896378 194.79999673366547 243.69999808073044 805.4999948143959 1207.9999960064888
leaf_count=3603 347 157 875 104 112 96 117 95 242 126 115 944 310 141 146 1131 254 184 101 131 2193 1073 272 255 913 1196
internal_value=-0.0039443 -0.00698225 -0.00736413 -0.00480701 -0.00454628 -0.00770433 -0.00337388 -0.00776016 -0.00283688 0.000257686 -0.00184661 -0.00704678 -0.00718459 -0.00265172 -0.0063938 -0.00801875 -0.00705165 -0.00753207 -0.00817291 -0.00647876 -0.00834372 -0.00703015 -0.00877816 -0.0017608 -0.00614212 0.000345336
internal_weight=14490.7 8410.1 7269.2 854.7 1140.9 6414.5 699.1 359.9 603 6080.6 242.5 2079.7 1989.9 494.8 441.8 4334.8 342.6 1741.6 826.3 1163.6 2593.2 1050.7 275.3 376.2 908.6 5838.1
internal_count=15233 10193 8910 959 1283 7951 771 471 654 5040 241 2495 2399 488 512 5456 400 2132 1045 1354 3324 1257 367 412 1044 4799
is_linear=0
shrinkage=0.0103578


Tree=42
num_leaves=27
num_cat=0
split_feature=30 30 30 29 30 3 1 29 30 3 29 29 30 10 2 1 0 2 2 29 10 30 11 29 29 2
split_gain=1747.67 68.9038 48.6985 47.1041 28.3645 19.5312 11.6537 10.1184 12.6746 9.9994 9.31972 8.82415 9.84472 8.59085 7.96252 8.0935 5.73139 5.71966 4.68089 3.57058 3.49708 2.92304 8.51004 9.27358 3.26922 2.63006
threshold=-94.668254852294908 -78.68517684936522 -84.907409667968736 41.693527221679695 -75.317043304443345 3.7509721517562871 12.49642848968506 35.725976943969734 -79.690834045410142 2.2910416126251225 35.686880111694343 40.443843841552741 -109.12405014038085 40.409723281860359 1.0769022107124331 23.69077301025391 26.51874923706055 -0.10002588108181952 -1.3178312778472898 35.838500976562507 50.159723281860359 -117.08349990844725 13.390972614288332 38.441310882568366 36.579669952392585 -5.9878363609313956
decision_type=2 2 2 2 2 2 2 2 2 2 2 2 2 2 2 2 2 2 2 2 2 2 2 2 2 2
left_child=11 2 3 14 5 17 25 8 -8 16 -10 21 -13 -5 -2 -16 19 -3 -11 -9 -21 -1 23 24 -23 -4
right_child=1 4 6 13 -6 -7 7 9 10 18 -12 12 -14 -15 15 -17 -18 -19 -20 20 -22 22 -24 -25 -26 -27
leaf_value=0.0087677027857288974 0 0 0 0 0 0 0 0 0 0 0 -0.00023664569987041564 3.3838586793221042e-06 0 0 0 0 0 0 0 0 -0.00038159564421312179 3.1285278996033469e-06 6.1745014284574965e-06 -0.00038480464092993167 0
leaf_weight=4732.9998415708542 286.90000051259995 318.99999785423279 206.79999732971191 83.299998939037323 394.19999527931213 106.6999985575676 88.29999965429306 160.79999953508377 1642.499979197979 466.89999586343765 696.69998842477798 146.49999845027924 133.39999896287918 255.59999620914459 97.399998962879181 100.20000034570694 170.19999969005585 338.49999696016312 1311.999982714653 236.4999982714653 556.19999355077744 95.199998378753662 825.69999843835831 138.09999978542328 92.999999284744263 922.79998528957367
leaf_count=3682 273 338 254 105 466 137 93 180 2019 553 925 153 124 342 112 98 184 375 1638 273 664 104 797 141 98 1214
internal_value=-0.00391796 -0.00697962 -0.00735321 -0.00497283 -0.004628 -0.0034584 -0.0076561 -0.00744962 -0.00795068 -0.00702897 -0.00809674 0.000274515 -0.00152023 -0.00793357 -0.00289412 -0.00449399 -0.00625076 -0.0027857 -0.00751817 -0.00656693 -0.00685926 0.000360086 -0.000107476 -0.00152244 -0.00301513 -0.00862579
internal_weight=14606.4 8441.5 7283.1 823.4 1158.4 764.2 6459.7 5330.1 2427.5 2902.6 2339.2 6164.9 279.9 338.9 484.5 197.6 1123.7 657.5 1778.9 953.5 792.7 5885 1152 326.3 188.2 1129.6
internal_count=15342 10243 8927 930 1316 850 7997 6529 3037 3492 2944 5099 277 447 483 210 1301 713 2191 1117 937 4822 1140 343 202 1468
is_linear=0
shrinkage=0.0103578


Tree=43
num_leaves=27
num_cat=0
split_feature=29 29 29 6 8 1 29 3 29 0 29 11 29 29 9 29 29 1 2 29 2 9 29 6 1 29
split_gain=605.221 506.404 210.808 53.7997 32.4288 29.8779 28.3589 23.932 23.1744 19.3368 17.821 16.0179 14.1726 12.8245 11.721 10.9084 10.1454 10.9631 9.35682 8.6353 7.47599 6.51165 6.40238 6.29999 6.08245 5.19372
threshold=36.579669952392585 39.894470214843757 35.038000106811531 0.006250000325962902 6.5000000000000009 22.280357360839847 35.981050491333015 4.0772917270660409 35.626596450805671 16.728471755981449 38.308649063110359 11.67152786254883 36.160299301147468 34.162609100341804 247.91666412353518 40.93249702453614 35.725976943969734 16.207738876342777 -0.8136516511440276 36.112329483032234 4.5953156948089608 284.54859924316412 35.654365539550788 0.42708334326744085 22.662797927856449 35.838500976562507
decision_type=2 2 2 2 2 2 2 2 2 2 2 2 2 2 2 2 2 2 2 2 2 2 2 2 2 2
left_child=2 10 5 14 7 -1 8 15 9 -5 -2 12 -8 -7 -4 24 22 -18 -17 -13 25 -6 -10 -12 -3 -19
right_child=1 4 3 6 21 13 11 -9 16 -11 23 19 -14 -15 -16 18 17 20 -20 -21 -22 -23 -24 -25 -26 -27
leaf_value=0 0.008676888356764452 0 0 0 -2.9543989138747876e-05 -8.3590002714038457e-05 0 0 0 0 0 0 -0.00039407954142654399 0 0 0 0 0 0 0 0 -3.3205057627472955e-05 0 0 0 0
leaf_weight=633.69998037815094 3526.6998901367188 187.99999743700027 108.09999799728394 129.09999686479568 317.19999629259109 139.79999840259552 110.49999839067459 478.99999266862869 644.99999183416367 497.5999938249588 766.89998894929886 274.69999831914902 147.59999626874924 170.39999812841415 155.19999635219574 416.79999661445618 621.19999074935913 381.79999840259552 701.09999078512192 438.49999475479126 125.59999775886536 143.99999809265137 1428.3999784588814 906.2999946475029 150.99999994039536 821.89999139308929
leaf_count=535 2801 216 119 131 360 136 135 642 784 588 709 309 134 202 134 456 796 428 839 531 162 148 1862 911 152 963
internal_value=-0.00394195 -0.00193019 -0.00617952 -0.00690831 -0.00586826 -0.00163367 -0.0071227 -0.00645692 -0.00746007 -0.00559323 -0.000114253 -0.00550356 -0.0032777 -0.00426454 -0.00232362 -0.00579067 -0.00774988 -0.00720264 -0.00628679 -0.00630524 -0.00666157 -0.00339153 -0.00826238 -0.000994462 -0.00414565 -0.00640232
internal_weight=14426.1 7597 6829.1 5885.2 2397.1 943.9 5621.9 1935.9 4650.6 626.7 5199.9 971.3 258.1 310.2 263.3 1456.9 4023.9 1950.5 1117.9 713.2 1329.3 461.2 2073.4 1673.2 339 1203.7
internal_count=15183 7234 7949 7076 2813 873 6823 2305 5714 719 4421 1109 269 338 253 1663 4995 2349 1295 840 1553 508 2646 1620 368 1391
is_linear=0
shrinkage=0.0103578


Tree=44
num_leaves=27
num_cat=0
split_feature=30 30 30 13 8 29 3 8 29 29 1 8 29 30 3 29 1 2 2 2 30 29 29 29 29 11
split_gain=1640.45 81.7425 67.7951 34.0639 22.451 21.8768 13.6369 12.6302 46.7807 12.6434 12.6209 9.78005 8.0888 11.0457 7.26181 6.73293 7.25399 6.73447 6.58397 6.24962 5.86692 13.9996 5.39277 5.2383 5.14205 4.82795
threshold=-94.668254852294908 -78.68517684936522 -84.907409667968736 71.560417175292983 5.5000000000000009 41.408981323242195 3.8527778387069707 6.5000000000000009 40.186811447143562 34.956399917602546 24.200595855712894 4.5000000000000009 40.443843841552741 -109.12405014038085 3.609027743339539 35.725976943969734 23.981845855712894 1.61438924074173 0.13008540123701098 1.198356628417969 -117.08349990844725 38.308649063110359 35.692842483520515 36.314949035644538 36.504644393920906 19.734027862548832
decision_type=2 2 2 2 2 2 2 2 2 2 2 2 2 2 2 2 2 2 2 2 2 2 2 2 2 2
left_child=12 2 3 4 18 6 10 9 25 -4 23 -7 20 -14 15 22 17 -17 -2 -5 -1 24 -11 -3 -22 -9
right_child=1 5 7 19 -6 11 -8 8 -10 14 -12 -13 13 -15 -16 16 -18 -19 -20 -21 21 -23 -24 -25 -26 -27
leaf_value=0.0085870145687762904 0 -1.0052952790798831e-08 0 0 0 0 0 0 3.0601179904664371e-07 0 0 0 -0.00023419456248291161 3.3488092255291202e-06 0 0 0 0 0 0 -8.3590002714038457e-05 3.0961231201935948e-06 0 0 -0.00046963781762841773 0
leaf_weight=4678.8998436331749 83.499999403953552 149.69999808073044 103.19999927282333 296.10000032186508 76.199998795986176 297.59999614953995 98.799998998641968 641.09999203681946 92.599998891353607 1641.3999783396721 229.69999814033508 83.299999117851257 139.8999981880188 147.09999924898148 521.89999151229858 1355.6999843120575 901.69999212026596 393.19999361038208 196.5999967455864 199.79999911785126 136.49999803304672 818.19999927282333 531.49999129772186 320.49999707937241 193.99999934434891 171.29999858140945
leaf_count=3641 95 181 120 287 100 350 122 793 114 2040 249 97 145 135 695 1653 1051 516 270 214 137 802 709 337 198 191
internal_value=-0.00385051 -0.00682537 -0.00723944 -0.00448982 -0.0069323 -0.00429332 -0.00331398 -0.00760774 -0.00645798 -0.00779794 -0.00280014 -0.00633782 0.000229322 -0.0014663 -0.0078676 -0.00773775 -0.00737673 -0.0077732 -0.00828704 -0.00272815 0.000313035 -0.000349907 -0.0081759 -0.00182286 -0.00214731 -0.00725255
internal_weight=14500 8385.4 7205.8 852.2 356.3 1179.6 798.7 6353.6 905 5448.6 699.9 380.9 6114.6 287 5345.4 4823.5 2650.6 1748.9 280.1 495.9 5827.6 1148.7 2172.9 470.2 330.5 812.4
internal_count=15242 10184 8848 966 465 1336 889 7882 1098 6784 767 447 5058 280 6664 5969 3220 2169 365 501 4778 1137 2749 518 335 984
is_linear=0
shrinkage=0.0103578


Tree=45
num_leaves=27
num_cat=0
split_feature=29 29 29 8 11 11 29 29 29 4 10 29 29 13 29 2 2 6 5 8 29 0 29 2 2 0
split_gain=606.581 392.868 265.694 110.096 66.7021 52.6139 51.8487 49.826 23.8825 20.7989 12.8704 11.5172 15.0673 10.1788 8.98926 7.68501 7.21825 6.04978 5.74527 5.07242 5.00204 4.88577 4.75529 4.49512 4.47455 4.43344
threshold=36.20991516113282 40.443843841552741 35.483499526977546 6.5000000000000009 14.293750286102297 15.24722194671631 34.162609100341804 36.914800643920906 36.020755767822273 5.0835416316986093 73.034721374511733 35.633329391479499 35.725976943969734 39.068750381469734 38.308649063110359 -0.8136516511440276 2.4800595045089726 0.097916666418313994 0.3047557026147843 5.5000000000000009 35.654365539550788 19.579860687255863 35.838500976562507 -0.76099896430969227 -0.055395962670445435 23.620138168334964
decision_type=2 2 2 2 2 2 2 2 2 2 2 2 2 2 2 2 2 2 2 2 2 2 2 2 2 2
left_child=2 4 5 9 14 21 -7 -6 11 15 -9 -4 20 -14 -2 18 22 -10 -3 -8 -13 -1 -15 -11 -12 -17
right_child=1 3 8 -5 7 6 19 10 17 23 24 12 13 16 -16 25 -18 -19 -20 -21 -22 -23 -24 -25 -26 -27
leaf_value=0 0.0084980716787592947 0 0 -3.0473296920390579e-05 0 8.6581155282406926e-07 0 0 0 0 0 0 0 0 0 0 0 0 0 0 0 -8.185837960839031e-05 0 0 -8.0847209376158413e-05 0
leaf_weight=709.49997806549072 3549.3998855352402 151.69999819993973 463.09999442100525 399.49999499320984 206.79999762773514 138.79999852180481 285.39999616146088 1129.2999976873398 77.099999129772186 86.599998772144318 92.799999713897705 500.99999386072159 645.59999042749405 358.69999867677689 799.19998306035995 623.69999194145203 293.19999593496323 519.99999493360519 335.09999781847 84.499999165534973 1461.5999779105186 195.89999544620514 787.99999189376831 388.39999347925186 119.69999861717224 155.09999877214432
leaf_count=603 2804 179 527 449 252 132 358 1125 81 106 96 614 822 399 732 753 366 602 359 93 1912 187 920 536 135 171
internal_value=-0.00384625 -0.00194144 -0.00619304 -0.00574223 -0.000561641 -0.00221816 -0.00488179 -0.00240718 -0.00729293 -0.00686746 -0.0016757 -0.0075516 -0.0077304 -0.00710867 9.57137e-05 -0.00616627 -0.00661439 -0.00533265 -0.00512655 -0.00690484 -0.0083886 -0.000719008 -0.00623334 -0.00872526 -0.00401225 -0.00681141
internal_weight=14559.7 8037.3 6522.4 2140.1 5897.2 1414.1 508.7 1548.6 5108.3 1740.6 1341.8 4511.2 4048.1 2085.5 4348.6 1265.6 1439.9 597.1 486.8 369.9 1962.6 905.4 1146.7 475 212.5 778.8
internal_count=15313 7697 7616 2553 5144 1373 583 1608 6243 2104 1356 5560 5033 2507 3536 1462 1685 683 538 451 2526 790 1319 642 231 924
is_linear=0
shrinkage=0.0103578


Tree=46
num_leaves=27
num_cat=0
split_feature=29 29 29 8 11 29 11 29 29 29 1 11 29 3 6 29 29 29 11 2 1 29 5 1 29 6
split_gain=625.949 393.862 297.442 121.145 57.0434 45.4504 41.2865 50.4456 21.4791 22.9067 17.3051 12.8995 10.8874 12.9439 10.6227 9.11234 8.90601 8.90015 7.27504 6.74179 5.82363 5.30953 4.79169 4.43958 5.38789 4.26882
threshold=36.314949035644538 40.443843841552741 35.435970306396491 6.5000000000000009 15.347916603088381 34.162609100341804 14.603472232818605 36.658319473266609 35.981050491333015 35.61804389953614 11.182440757751467 8.4368052482604998 35.725976943969734 2.0820833444595341 0.11458333209156991 38.308649063110359 35.692842483520515 41.806915283203132 13.7409725189209 0.95458075404167186 15.436607360839846 36.419198989868171 0.41615864634513861 22.899106979370121 38.816040039062507 0.19791667163372043
decision_type=2 2 2 2 2 2 2 2 2 2 2 2 2 2 2 2 2 2 2 2 2 2 2 2 2 2
left_child=2 6 4 10 -1 -6 15 21 9 18 -3 -12 16 -14 -10 -2 -11 19 -4 22 -15 -8 -13 -9 -25 -17
right_child=1 3 8 -5 5 -7 7 23 14 12 11 17 13 20 -16 25 -18 -19 -20 -21 -22 -23 -24 24 -26 -27
leaf_value=0 0.0084100500446247957 0 0 -3.0157659503598372e-05 8.5684361861346619e-07 0 0 0 0 0 0 0 0 0 0 0 0 0 0 0 0 0 0 -8.0847209376158413e-05 0 0
leaf_weight=887.59997272491455 3500.6998869180679 287.3999952673912 114.79999780654907 421.59999513626099 115.59999859333038 275.79999649524689 84.499999701976776 296.29999756813049 86.299999117851257 1547.7999800443649 92.099999248981476 205.89999783039093 494.09999668598175 572.79999142885208 617.89999395608902 415.09998899698257 632.39998924732208 585.39999175071716 280.79999774694443 270.39999675750732 990.69998902082443 91.499998390674591 265.69999879598618 423.09999936819077 607.39999949932098 422.39999336004257
leaf_count=760 2761 398 120 472 112 340 95 325 89 1932 99 235 557 736 723 353 848 730 324 324 1179 119 281 425 592 414
internal_value=-0.00377778 -0.0018224 -0.00613257 -0.00563623 -0.00164494 -0.00493596 -0.000432127 -0.00191135 -0.00720753 -0.00746487 -0.00686399 -0.00638789 -0.0076882 -0.00713757 -0.00550909 8.03781e-05 -0.00820569 -0.00664844 -0.00506377 -0.0058802 -0.00760304 -0.00711336 -0.00511521 -0.00121825 -0.000895421 -0.000889669
internal_weight=14586.1 7969.5 6616.6 2128.5 1279 391.4 5841 1502.8 5337.6 4633.4 1706.9 1419.5 4237.8 2057.6 704.2 4338.2 2180.2 1327.4 395.6 742 1563.5 176 471.6 1326.8 1030.5 837.5
internal_count=15343 7623 7720 2539 1212 452 5084 1556 6508 5696 2067 1669 5252 2472 812 3528 2780 1570 444 840 1915 214 516 1342 1017 767
is_linear=0
shrinkage=0.0103578


Tree=47
num_leaves=27
num_cat=0
split_feature=29 29 29 8 11 29 29 11 2 29 29 1 29 29 29 1 29 29 11 29 6 4 2 2 6 13
split_gain=662.154 448.688 273.096 111.877 64.3885 54.7406 46.0908 28.7603 20.0813 16.8232 16.2873 13.8162 12.3913 9.84258 10.9262 10.0672 9.53628 6.16344 4.74086 4.88512 4.5749 4.53413 4.4379 3.95694 3.04637 3.47791
threshold=36.579669952392585 40.443843841552741 35.483499526977546 6.5000000000000009 15.24722194671631 36.020755767822273 34.162609100341804 11.78958320617676 -0.7867106795310973 35.607975006103523 39.894470214843757 20.631547927856449 36.061250686645515 35.725976943969734 35.652334213256843 15.999702453613283 36.061250686645515 35.838500976562507 13.184027671813967 38.308649063110359 0.46458333730697637 2.6070833206176762 1.8900620937347414 0.053545549511909492 0.44374999403953558 29.997916221618656
decision_type=2 2 2 2 2 2 2 2 2 2 2 2 2 2 2 2 2 2 2 2 2 2 2 2 2 2
left_child=2 10 4 8 -1 9 -6 12 -3 20 18 23 -7 14 -11 -15 -9 -17 19 -2 -4 -5 -19 -10 -21 -26
right_child=1 3 5 21 6 7 -8 16 11 13 -12 -13 -14 15 -16 17 -18 22 -20 24 -22 -23 -24 -25 25 -27
leaf_value=0 0.0083229401241553015 0 0 -0.00022724920909668257 8.4796857279612086e-07 0 0 0 0 0 0 0 -0.00054791026208445156 0 0 0 0 0 0 0 0 -2.259863575251892e-05 0 0 0 0
leaf_weight=875.69997388124466 3222.1998941898346 571.89999520778656 98.899998605251312 113.09999865293503 121.39999866485596 105.39999896287918 355.19999575614929 192.69999927282333 96.499998867511749 737.49999070167542 270.09999734163284 546.29999375343323 230.19999432563782 621.59999054670334 1545.5999762415886 458.49999737739563 487.69999361038208 720.99999248981476 1351.4999935030937 415.89998924732208 132.59999847412109 285.69999659061432 243.69999635219574 518.79999154806137 116.79999643564224 106.09999877214432
leaf_count=761 2528 637 97 129 116 128 430 211 117 889 279 637 206 796 2014 519 583 846 1319 357 156 317 309 702 100 115
internal_value=-0.00379206 -0.00168369 -0.00610917 -0.00571462 -0.001932 -0.00712196 -0.00499323 -0.00494127 -0.0068523 -0.00760713 -0.000115475 -0.00763785 -0.00245197 -0.00775333 -0.00822853 -0.00722042 -0.00616541 -0.00673005 1.30825e-05 0.000197978 -0.00485983 -0.000765603 -0.00720796 -0.00871178 -0.000628879 -0.0016044
internal_weight=14542.6 7614.9 6927.7 2132.3 1352.3 5575.4 476.6 1016 1733.5 4559.4 5482.6 1161.6 335.6 4327.9 2283.1 2044.8 680.4 1423.2 5212.5 3861 231.5 398.8 964.7 615.3 638.8 222.9
internal_count=15298 7237 8061 2539 1307 6754 546 1128 2093 5626 4698 1456 334 5373 2903 2470 794 1674 4419 3100 253 446 1155 819 572 215
is_linear=0
shrinkage=0.0103578


Tree=48
num_leaves=27
num_cat=0
split_feature=30 30 30 13 8 30 6 30 3 30 6 30 30 13 11 4 2 30 30 30 2 10 7 11 2 6
split_gain=1536.56 98.2758 75.9242 46.0801 17.0565 19.4246 15.9373 14.3913 13.315 12.7716 8.4531 8.1635 8.80432 8.15027 7.49739 6.51865 6.24457 4.68845 4.37049 8.46558 4.34049 4.25525 4.12335 4.03231 3.97861 3.48325
threshold=-94.668254852294908 -78.68517684936522 -84.907409667968736 73.166667938232436 4.5000000000000009 -79.408752441406236 0.22291666269302371 -75.049243927001939 3.8527778387069707 -79.132404327392564 0.14791666716337207 -117.08349990844725 -101.70369720458983 83.289581298828139 6.2701389789581308 4.9904165267944345 -1.7780538797378538 -122.19300079345702 -79.125286102294908 -79.294250488281236 -1.5100154876708982 61.631944656372077 0.73958334326744091 19.681249618530277 2.7195651531219487 0.41458332538604742
decision_type=2 2 2 2 2 2 2 2 2 2 2 2 2 2 2 2 2 2 2 2 2 2 2 2 2 2
left_child=11 2 3 6 13 10 -2 8 25 -7 -6 17 -13 16 -11 -8 -4 -1 19 21 -16 -15 -20 -22 -5 -3
right_child=1 7 4 24 5 9 15 -9 -10 14 -12 12 -14 18 20 -17 -18 -19 22 -21 23 -23 -24 -25 -26 -27
leaf_value=-2.3830412843150834e-05 0 0 0 0 -1.0478091619384434e-08 0 0 0 0 0 0 -0.00072395846199563708 -8.0009807227352073e-05 0 0 0 0 0.0082367324739700438 0 0 0 0 0 0 -8.8198983690548557e-05 0
leaf_weight=148.09999531507492 79.499998688697815 199.49999922513962 808.59998977184296 364.70000046491623 83.799998998641968 433.79999369382858 124.79999887943268 240.69999694824219 146.59999853372574 177.09999746084213 78.799999296665192 292.09999620914459 1049.8999988436699 139.59999811649323 153.39999914169312 170.69999718666077 1495.9999767541885 4606.5998474955559 1094.399989426136 825.9999880194664 443.29999506473541 167.09999823570251 315.49999582767487 180.89999938011169 98.699999630451202 576.09999424219131
leaf_count=131 105 217 996 357 104 556 146 281 184 223 100 305 1019 174 176 237 1944 3594 1290 1058 533 197 393 197 109 635
internal_value=-0.00378167 -0.00665451 -0.00710384 -0.00416724 -0.00748817 -0.00653247 -0.00686472 -0.00385583 -0.00326247 -0.00692975 -0.00312508 0.000176492 -0.000536647 -0.00779311 -0.00624901 -0.00797248 -0.00824851 0.000377902 -0.00737842 -0.00787416 -0.00579913 -0.00636856 -0.00697685 -0.006188 -0.00197771 -0.00271674
internal_weight=14496.3 8399.6 7236.7 838.4 6398.3 1551.1 375 1162.9 922.2 1388.5 162.6 6096.7 1342 4847.2 954.7 295.5 2304.6 4754.7 2542.6 1132.7 777.6 306.7 1409.9 624.2 463.4 775.6
internal_count=15261 10212 8895 954 7941 1889 488 1317 1036 1685 204 5049 1324 6052 1129 383 2940 3725 3112 1429 906 371 1683 730 466 852
is_linear=0
shrinkage=0.0103578


Tree=49
num_leaves=27
num_cat=0
split_feature=29 29 29 8 11 29 29 11 29 1 29 29 3 29 11 6 1 2 8 11 1 2 2 1 6 1
split_gain=660.541 406.192 285.275 108.799 67.4477 46.7832 40.3999 34.9769 29.5365 19.6932 16.4503 13.15 12.3868 12.1561 8.06726 8.06406 8.02635 9.78126 7.77257 7.34559 7.02935 5.41074 5.34543 5.3279 5.09111 4.99451
threshold=36.314949035644538 40.443843841552741 35.483499526977546 6.5000000000000009 15.24722194671631 34.162609100341804 36.579669952392585 14.509027481079103 36.020755767822273 11.182440757751467 35.633329391479499 35.725976943969734 2.1550694704055791 39.221981048583991 8.4368052482604998 0.21458333730697635 20.525297164916996 -0.36594201624393458 5.5000000000000009 17.487500190734867 21.996130943298343 0.53440734744071972 1.7414725422859194 5.5369048118591317 0.093750000000000014 23.386607170104984
decision_type=2 2 2 2 2 2 2 2 2 2 2 2 2 2 2 2 2 2 2 2 2 2 2 2 2 2
left_child=2 6 4 9 -1 -6 7 -2 10 -3 24 -12 -13 -8 -11 -10 17 -16 -7 -18 -15 -17 23 -14 -4 -21
right_child=1 3 8 -5 5 18 13 -9 15 14 11 12 22 20 16 21 19 -19 -20 25 -22 -23 -24 -25 -26 -27
leaf_value=0 -0.00055945369019953415 0 0 -2.3583581331268345e-05 8.3918545324927439e-07 0 8.374021488063493e-07 0 0 0 0 0 0 0 0 0 0 0 0 0 0 0 0 0 0 0
leaf_weight=883.59997314214706 177.99999541044235 296.39999508857727 97.399998903274536 411.49999505281448 123.79999846220016 281.99999606609344 4718.2998778223991 166.59999823570251 120.09999918937683 89.599999070167542 1998.199971139431 527.5999960899353 106.69999808073044 341.89999479055405 350.69999700784683 278.59999793767929 329.79999804496765 320.9999948143959 88.89999920129776 254.9999965429306 444.29999762773514 278.19999629259109 474.6999928355217 952.89999008178711 410.69999480247498 98.199999213218689
leaf_count=764 150 408 100 465 118 354 3953 204 129 98 2562 600 143 353 403 316 368 416 99 304 429 330 609 1133 475 108
internal_value=-0.00371234 -0.00170928 -0.00613168 -0.00555597 -0.00193689 -0.00499678 -0.000293408 -0.0037309 -0.00723358 -0.00668798 -0.00753367 -0.007755 -0.0071653 -7.7771e-05 -0.00618262 -0.00520309 -0.00638257 -0.00719637 -0.00683467 -0.00557631 -0.00126976 -0.00572966 -0.00764012 -0.00721397 -0.00575764 -0.00662282
internal_weight=14624.7 8001.3 6623.4 2152.2 1378.3 494.7 5849.1 344.6 5245.1 1740.7 4568.2 4060.1 2061.9 5504.5 1444.3 676.9 1354.7 671.7 370.9 683 786.2 556.8 1534.3 1059.6 508.1 353.2
internal_count=15391 7659 7732 2570 1335 571 5089 354 6397 2105 5622 5047 2485 4735 1697 775 1599 819 453 780 782 646 1885 1276 575 412
is_linear=0
shrinkage=0.0103578


Tree=50
num_leaves=27
num_cat=0
split_feature=30 30 30 1 29 29 29 8 29 8 30 3 30 29 3 29 29 3 4 29 1 13 30 8 30 2
split_gain=1492.5 107.237 91.6149 53.1588 27.3493 17.5446 15.8484 14.3084 49.3524 11.5728 11.5517 9.58024 9.35518 18.0664 7.55422 7.94609 8.91712 7.25197 7.06851 7.00769 6.93645 5.08043 9.57957 3.6404 3.59553 3.59349
threshold=-93.519866943359361 -78.68517684936522 -84.907409667968736 20.525297164916996 41.408981323242195 35.016698837280281 41.108394622802741 6.5000000000000009 40.068038940429695 4.5000000000000009 -109.12405014038085 3.666875004768372 -117.08349990844725 38.308649063110359 3.632222175598145 35.725976943969734 35.686880111694343 3.8527778387069707 2.3968750238418584 36.20991516113282 24.253273963928226 100.74791717529298 -76.589794158935533 2.5000000000000004 -79.060279846191392 2.536658883094788
decision_type=2 2 2 2 2 2 2 2 2 2 2 2 2 2 2 2 2 2 2 2 2 2 2 2 2 2
left_child=6 2 3 11 17 -4 12 14 24 -6 -8 -2 -1 19 15 16 -7 21 -17 -14 -21 -3 -23 -13 -9 -20
right_child=1 4 5 -5 9 7 10 8 -10 -11 -12 23 13 -15 -16 18 -18 -19 25 20 -22 22 -24 -25 -26 -27
leaf_value=0.008151409074826985 -1.0478091619384434e-08 -8.4554280511474701e-09 0 -8.6736742583509044e-09 0 0 -0.00031355143678459164 0 1.4091955300172901e-06 0 0 0 -7.5225548024368329e-05 3.8841087844694556e-06 0 0 0 -8.6736742583509044e-09 0 -0.00072529253604729368 -7.9189752427062418e-05 0 0 0 0 0
leaf_weight=4714.3998420238495 121.49999904632568 460.69999641180038 163.49999856948853 446.89999979734421 280.29999673366547 1482.4999806880951 129.0999983549118 415.29999417066574 100.69999867677689 87.499999165534973 159.09999871253967 130.69999784231186 144.09999793767929 840.49999845027924 520.19999170303345 510.59999614953995 649.7999894618988 108.39999908208847 1808.7999792695045 90.699999094009399 115.00000017881393 138.99999892711639 98.199999392032623 74.099998831748962 392.39999651908875 335.89999502897263
leaf_count=3668 137 503 191 453 329 1835 139 521 125 101 157 181 147 825 694 590 870 132 2196 103 112 154 102 103 460 433
internal_value=-0.0037 -0.00656367 -0.00704008 -0.00366782 -0.00365893 -0.00744836 0.000150689 -0.00753674 -0.00632021 -0.00599957 -0.00221849 -0.00684289 0.000266598 -0.000553561 -0.00774417 -0.00761123 -0.00809178 -0.00258725 -0.00722353 -0.00252967 -0.00375484 -0.0021957 -0.00342838 -0.00821696 -0.00717215 -0.0074887
internal_weight=14519.9 8327 7152.9 773.2 1174.1 6379.7 6192.9 6216.2 908.4 367.8 288.2 326.3 5904.7 1190.3 5307.8 4787.6 2132.3 806.3 2655.3 349.8 205.7 697.9 237.2 204.8 807.7 2144.7
internal_count=15261 10110 8789 874 1321 7915 5151 7724 1106 430 296 421 4855 1187 6618 5924 2705 891 3219 362 215 759 256 284 981 2629
is_linear=0
shrinkage=0.0103578


Tree=51
num_leaves=27
num_cat=0
split_feature=30 30 29 29 4 29 8 30 6 13 30 30 29 29 30 1 29 1 30 0 9 11 29 29 29 4
split_gain=1493.91 201.416 64.4526 60.9833 21.4908 21.1797 15.735 19.781 14.8895 12.7399 14.0609 11.1072 15.7802 9.38626 8.92443 6.55963 9.93813 6.23666 8.65593 5.99029 5.54567 5.03206 4.7127 4.31106 4.28709 4.28336
threshold=-84.907409667968736 -78.68517684936522 43.598333358764656 41.408981323242195 6.774583339691163 35.016698837280281 4.5000000000000009 -79.408752441406236 0.38124999403953558 100.74791717529298 -76.589794158935533 -117.08349990844725 38.308649063110359 36.20991516113282 -79.149951934814439 17.242261886596683 35.725976943969734 20.107440948486332 -88.538810729980455 23.656250000000004 196.11110687255862 7.061805486679078 41.317014694213874 35.686880111694343 39.309597015380866 3.7989583015441899
decision_type=2 2 2 2 2 2 2 2 2 2 2 2 2 2 2 2 2 2 2 2 2 2 2 2 2 2
left_child=2 5 11 9 21 -2 15 -8 -5 -3 -11 24 13 -13 -9 -7 23 18 -14 -15 -10 -4 -18 -17 -1 -16
right_child=1 3 4 8 -6 6 7 14 20 10 -12 12 17 19 25 16 22 -19 -20 -21 -22 -23 -24 -25 -26 -27
leaf_value=0.0080669781151472223 0 -8.5838337614675176e-09 -0.00030883787231705362 0 0 0 0 0 0 0 0 -7.4446374122797424e-05 -4.890463668006078e-08 -0.00071778007478999364 0 0 0 8.9840496883387857e-11 -8.5651439020755538e-09 -8.9044969673116376e-05 0 -1.650084891319148e-05 0 0 -2.2211329158419062e-05 0
leaf_weight=4606.6998469233513 157.09999871253967 549.29999494552612 93.099998652935028 87.599999368190765 108.99999839067459 1424.3999790549278 138.89999848604202 376.69999450445175 129.99999892711639 137.69999885559082 123.59999942779541 172.89999824762344 180.79999887943268 108.39999908208847 847.59999227523804 968.49998724460602 1628.2999834418297 1131.3999991416931 102.69999885559082 121.59999984502792 176.4999971985817 202.1999979019165 263.59999573230743 504.69999182224274 137.69999557733536 134.09999793767929
leaf_count=3585 181 621 113 100 152 1842 175 485 144 155 130 173 182 120 994 1201 1937 1104 121 118 217 226 332 671 121 169
internal_value=-0.00355361 -0.00671387 -8.36028e-05 -0.00282414 -0.00409446 -0.00744068 -0.00753477 -0.00659693 -0.00616363 -0.00119684 -0.00307706 0.000163776 -0.000524448 -0.00233139 -0.0069781 -0.00782705 -0.00756943 -8.88611e-06 -0.00138136 -0.00369986 -0.00723994 -0.00263244 -0.00706241 -0.00821729 0.000427587 -0.00644578
internal_weight=14615.1 7648.6 6966.5 1204.7 404.3 6443.9 6286.8 1497.3 394.1 810.6 261.3 6562.2 1817.8 402.9 1358.4 4789.5 3365.1 1414.9 283.5 230 306.5 295.3 1891.9 1473.2 4744.4 981.7
internal_count=15369 9354 6015 1367 491 7987 7806 1823 461 906 285 5524 1818 411 1648 5983 4141 1407 303 238 361 339 2269 1872 3706 1163
is_linear=0
shrinkage=0.0103578


Tree=52
num_leaves=27
num_cat=0
split_feature=29 29 29 11 8 29 29 11 4 29 29 29 29 29 29 1 29 29 29 10 11 6 5 4 2 29
split_gain=787.301 295.441 286.572 63.9053 56.755 55.6157 40.602 34.0565 24.7098 29.6042 15.9089 14.0204 11.7731 9.66368 7.73921 9.48143 6.23814 5.48243 4.35937 4.33814 4.31962 3.93978 3.88124 3.7114 3.63372 3.54069
threshold=36.579669952392585 40.443843841552741 35.483499526977546 15.24722194671631 6.5000000000000009 36.020755767822273 34.162609100341804 12.386805534362795 6.774583339691163 44.764192581176765 41.408981323242195 35.61804389953614 36.061250686645515 36.061250686645515 35.725976943969734 15.999702453613283 35.690526962280281 35.838500976562507 41.317014694213874 42.923612594604499 12.793749809265138 0.30208334326744085 0.40265035629272466 2.5564583539962773 -1.1038431525230405 41.806915283203132
decision_type=2 2 2 2 2 2 2 2 2 2 2 2 2 2 2 2 2 2 2 2 2 2 2 2 2 2
left_child=2 20 3 -1 8 11 -5 12 9 10 18 -4 -7 -9 16 -16 -13 -17 22 -19 -2 -12 -3 -6 -23 -26
right_child=1 4 5 6 23 7 -8 13 -10 -11 21 14 -14 -15 15 17 -18 19 -20 -21 -22 24 -24 -25 25 -27
leaf_value=0 -0.0029890372934363659 0 0 8.3049330781567822e-07 -0.00030355716387382004 0 0 0 0 0 0 0 -0.00055365878404680117 0 0 0 0 0 0 0 -8.4971843761884968e-09 0 0 -1.8454828902644304e-05 0 0
leaf_weight=896.29997330904007 3930.1998772025108 171.8999981880188 309.29999619722366 113.29999876022339 102.79999881982803 103.89999890327454 352.09999561309814 195.29999911785126 247.49999612569809 185.29999798536301 90.099999010562897 1534.3999796509743 232.49999451637268 457.09999400377274 656.3999902009964 431.79999756813049 690.29998904466629 223.09999829530716 89.899999141693115 776.89999037981033 1587.5999915003777 206.6999979019165 218.3999981880188 271.39999616146088 236.49999707937241 271.79999577999115
leaf_count=779 3164 207 347 111 116 127 429 213 347 221 105 1908 209 551 836 488 915 253 99 939 1566 233 244 310 273 346
internal_value=-0.00351497 -0.00121106 -0.00602913 -0.00176531 -0.0045247 -0.00706353 -0.00487674 -0.00482753 -0.00532067 -0.0048068 -0.00536468 -0.00754112 -0.00214368 -0.00620771 -0.00769493 -0.00723022 -0.00812899 -0.00674728 -0.00386182 -0.0071766 4.57031e-05 -0.00625718 -0.00433652 -0.000866436 -0.00651823 -0.00700088
internal_weight=14582.8 7610.1 6972.7 1361.7 2092.3 5611 465.4 988.8 1718.1 1470.6 1285.3 4622.2 336.4 652.4 4312.9 2088.2 2224.7 1431.8 480.2 1000 5517.8 805.1 390.3 374.2 715 508.3
internal_count=15336 7231 8105 1319 2501 6786 540 1100 2075 1728 1507 5686 336 764 5339 2516 2823 1680 550 1192 4730 957 451 426 852 619
is_linear=0
shrinkage=0.0103578


Tree=53
num_leaves=27
num_cat=0
split_feature=29 29 29 11 6 29 29 29 11 4 29 29 29 29 6 1 29 10 2 29 3 29 11 11 2 5
split_gain=822.383 299.004 291.76 66.8466 48.9765 43.2062 39.9294 32.7973 32.752 29.1707 31.8312 16.6118 15.6733 9.06265 9.0242 8.61505 7.10017 6.22282 5.24932 4.89692 4.19482 3.92796 5.0715 3.84163 3.78961 4.34344
threshold=36.314949035644538 35.483499526977546 40.443843841552741 15.24722194671631 0.18958333134651187 36.579669952392585 34.162609100341804 35.981050491333015 14.838194370269777 6.774583339691163 44.764192581176765 35.607975006103523 41.806915283203132 35.725976943969734 0.35208332538604742 15.999702453613283 35.654365539550788 53.159723281860359 2.4382505416870122 36.419198989868171 3.0482639074325566 36.061250686645515 15.954166889190676 16.670139312744144 1.3211827278137209 0.40265035629272466
decision_type=2 2 2 2 2 2 2 2 2 2 2 2 2 2 2 2 2 2 2 2 2 2 2 2 2 2
left_child=1 3 5 -1 -4 8 -5 11 -2 10 12 23 20 16 -9 -15 -13 -14 -17 -10 24 -16 -23 -3 25 -6
right_child=2 7 4 6 9 -7 -8 14 19 -11 -12 13 17 15 21 18 -18 -19 -20 -21 -22 22 -24 -25 -26 -27
leaf_value=0 -0.00054792407707244986 0 -1.8429434858577644e-05 8.2189119420037226e-07 0 8.2881648699159817e-07 0 0 0 0 0 0 0 0 0 0 0 0 0 0 0 -7.2529772359443474e-05 0 0 0 0
leaf_weight=875.59997409582138 162.49999564886093 96.799998342990875 428.89999443292618 113.69999891519547 167.49999785423279 5480.5998711585999 383.09999525547028 169.09999841451645 81.499999761581421 235.69999623298645 186.6999979019165 790.29999005794525 158.89999830722809 638.89999014139175 246.89999824762344 1047.2999908328056 1480.4999775290489 251.99999570846558 301.29999589920044 90.99999862909317 254.79999768733978 87.79999852180481 212.59999704360962 133.49999845027924 157.2999981045723 269.6999985575676
leaf_count=758 135 100 493 113 195 4708 465 181 91 333 223 961 189 813 287 1211 1929 320 373 118 290 96 258 149 191 293
internal_value=-0.00343577 -0.00614323 -0.00118896 -0.00184106 -0.00448621 8.44019e-06 -0.00487353 -0.00727717 -0.00359934 -0.00528258 -0.00472796 -0.00760653 -0.00531912 -0.00775377 -0.00520862 -0.0072314 -0.00820886 -0.00698585 -0.00675079 -0.00673504 -0.00450812 -0.00585689 -0.00666758 -0.00486984 -0.00498921 -0.00447657
internal_weight=14504.5 6577.4 7927.1 1372.4 2111.5 5815.6 496.8 5205 335 1682.6 1446.9 4488.6 1260.2 4258.3 716.4 1987.5 2270.8 410.9 1348.6 172.5 849.3 547.3 300.4 230.3 594.5 437.2
internal_count=15273 7694 7579 1336 2527 5052 578 6358 344 2034 1701 5536 1478 5287 822 2397 2890 509 1584 209 969 641 354 249 679 488
is_linear=0
shrinkage=0.0103578


Tree=54
num_leaves=27
num_cat=0
split_feature=30 30 29 29 29 8 29 4 6 29 4 30 29 29 29 11 29 29 13 6 3 29 9 9 11 30
split_gain=1547.95 168.042 49.7897 23.8182 17.0395 15.239 47.2459 14.4054 11.0133 9.22551 12.4478 8.9258 20.3393 9.33261 8.98881 7.84221 7.45826 7.30658 7.01847 6.67088 8.57587 5.65767 4.9733 4.8356 3.82984 5.42475
threshold=-84.907409667968736 -78.68517684936522 41.408981323242195 46.567749023437507 35.016698837280281 6.5000000000000009 38.816040039062507 6.6304166316986093 0.40208333730697637 35.725976943969734 2.6752083301544194 -117.08349990844725 38.308649063110359 36.20991516113282 39.747600555419929 14.936110973358156 35.630987167358406 35.654365539550788 104.07500076293947 0.18958333134651187 3.9871528148651127 36.061250686645515 293.22221374511724 197.55554962158206 17.420139312744144 -79.053211212158189
decision_type=2 2 2 2 2 2 2 2 2 2 2 2 2 2 2 2 2 2 2 2 2 2 2 2 2 2
left_child=3 4 18 11 -2 9 16 -5 -4 17 -11 14 13 -13 -1 -15 -7 22 -3 -12 -21 -20 -6 -10 -18 -26
right_child=1 2 8 7 5 6 -8 -9 23 10 19 12 -14 15 -16 -17 24 -19 21 20 -22 -23 -24 -25 25 -27
leaf_value=0.0080143730513344245 0 -9.7723360706933162e-09 0 -0.00030018415869047525 0 0 1.5857514077543942e-06 0 0 0 0 -7.3675270776840052e-05 8.8716357234573974e-11 -0.00070600154518096823 -0.00030884252624047555 -8.2456220140429375e-05 0 0 0 0 0 -8.4967329363386241e-09 0 0 0 0
leaf_weight=4578.3998468518257 170.59999871253967 539.89999520778656 93.899999260902405 116.09999895095825 912.0999875664711 109.89999938011169 105.6999985575676 84.999998688697815 121.79999887943268 776.99999314546585 80.199999213218689 173.49999779462814 1583.8999952673912 92.699999094009399 126.79999643564224 157.99999964237213 399.79999428987503 1287.2999807596207 102.69999921321869 1953.4999757409096 292.89999490976334 109.09999960660934 89.399999439716339 175.09999734163284 159.6999979019165 144.79999941587448
leaf_count=3562 200 609 107 135 1125 123 131 118 134 904 96 175 1609 105 118 154 502 1679 113 2409 403 115 100 213 199 160
internal_value=-0.00349869 -0.00671672 -0.0030513 5.04479e-05 -0.0073623 -0.0074499 -0.00620327 -0.00345682 -0.00604794 -0.00766181 -0.00728573 0.000155856 -0.000422088 -0.0024348 0.000402623 -0.00371102 -0.00704851 -0.00816966 -0.00148943 -0.00766847 -0.00777443 -0.00308585 -0.00748551 -0.0070272 -0.00744354 -0.00652347
internal_weight=14539.8 7625.4 1142.5 6914.4 6482.9 6312.3 919.9 201.1 390.8 5392.4 3103.6 6713.3 2008.1 424.2 4705.2 250.7 814.2 2288.8 751.7 2326.6 2246.4 211.8 1001.5 296.9 704.3 304.5
internal_count=15298 9322 1291 5976 8031 7831 1115 253 454 6716 3812 5723 2043 434 3680 259 984 2904 837 2908 2812 228 1225 347 861 359
is_linear=0
shrinkage=0.0103578


Tree=55
num_leaves=27
num_cat=0
split_feature=30 30 29 29 4 8 29 29 29 13 2 29 30 29 29 29 29 8 1 29 4 3 2 30 5 11
split_gain=1516.76 188.452 52.1928 30.6739 22.8839 13.6206 47.4051 10.3687 7.65169 16.3465 9.08689 8.59052 7.55119 18.8386 11.3658 7.39493 6.96673 6.20872 5.68065 4.85385 4.68411 3.58346 3.48771 2.89861 2.71978 2.79367
threshold=-84.907409667968736 -78.68517684936522 41.408981323242195 46.567749023437507 6.774583339691163 6.5000000000000009 38.816040039062507 34.956399917602546 35.725976943969734 83.289581298828139 -1.4258928894996641 35.652334213256843 -117.08349990844725 38.308649063110359 36.20991516113282 39.309597015380866 35.633329391479499 3.5000000000000004 23.619939804077152 40.376539230346687 2.8502082824707036 2.1168055534362797 0.40239389240741735 -78.952381134033189 0.51556551456451427 12.793749809265138
decision_type=2 2 2 2 2 2 2 2 2 2 2 2 2 2 2 2 2 2 2 2 2 2 2 2 2 2
left_child=3 5 19 12 -5 7 16 -2 11 10 23 -9 15 14 -14 -1 -7 -4 -16 24 -11 22 -18 -10 25 -3
right_child=1 2 17 4 -6 6 -8 8 9 20 -12 -13 13 -15 18 -17 21 -19 -20 -21 -22 -23 -24 -25 -26 -27
leaf_value=0.0079313614883341783 0 -9.68167216395051e-05 0 -0.00030014080009642304 0 0 1.5693264544805237e-06 0 0 0 0 0 -7.291215439300345e-05 8.7797447741522095e-11 -0.00067313627208623588 -0.00030608705776610914 0 0 -8.7277085180517667e-05 2.7771013809457702e-10 0 0 0 0 -9.6711158147611471e-09 -1.689043649813794e-08
leaf_weight=4468.9998507499695 97.899998962879181 90.099999129772186 256.69999712705612 118.19999879598618 81.299998700618744 153.7999986410141 103.99999868869781 930.29998779296875 483.89999449253082 671.89999496936798 1006.0999844074249 1326.5999801158905 191.69999772310257 1603.3999960422516 89.999998867511749 147.69999545812607 124.19999843835831 108.29999881982803 129.79999971389771 181.69999915361404 728.49999237060547 442.19999402761459 119.59999924898148 212.59999716281891 250.29999750852585 253.9999982714653
leaf_count=3478 113 113 297 136 115 178 130 1141 577 775 1321 1726 193 1634 100 133 154 125 128 185 883 554 134 270 285 282
internal_value=-0.00348916 -0.00669099 -0.00281072 4.6416e-05 -0.00394938 -0.00738228 -0.00621853 -0.00758278 -0.00764416 -0.00730159 -0.00798886 -0.00811302 0.000167013 -0.000361872 -0.00233728 0.000397946 -0.00703494 -0.00603816 -0.00394208 -0.00128901 -0.00646282 -0.00748678 -0.00642448 -0.00705713 -0.00174159 -0.00233966
internal_weight=14373.8 7542.7 1141.1 6831.1 199.5 6401.6 943.8 5457.8 5359.9 3103 1702.6 2256.9 6631.6 2014.9 411.5 4616.7 839.8 365 219.8 776.1 1400.4 686 243.8 696.5 594.4 344.1
internal_count=15160 9243 1287 5917 251 7956 1150 6806 6693 3826 2168 2867 5666 2055 421 3611 1020 422 228 865 1658 842 288 847 680 395
is_linear=0
shrinkage=0.0103578


Tree=56
num_leaves=27
num_cat=0
split_feature=29 29 29 6 11 29 29 11 29 4 29 29 29 29 1 7 29 2 29 4 29 12 4 6 11 29
split_gain=715.015 315.621 243.06 73.2684 57.7578 48.7322 43.4293 33.4536 32.6214 24.6378 32.8728 19.5405 18.5011 11.7768 9.50621 9.47659 9.15101 7.87799 7.22259 6.76336 6.48273 5.68422 5.60716 5.1317 4.60977 4.82525
threshold=36.170999526977546 35.483499526977546 40.784446716308601 0.18958333134651187 15.24722194671631 36.579669952392585 35.981050491333015 14.509027481079103 34.162609100341804 6.774583339691163 44.764192581176765 39.79341125488282 35.607975006103523 41.806915283203132 25.100893020629886 0.097916666418313994 35.725976943969734 1.0049948096275332 36.419198989868171 3.2981250286102299 35.650003433227546 -3.2104166746139522 2.3210417032241826 0.55208334326744091 13.959027767181398 38.308649063110359
decision_type=2 2 2 2 2 2 2 2 2 2 2 2 2 2 2 2 2 2 2 2 2 2 2 2 2 2
left_child=1 4 5 22 -1 7 12 -2 -6 10 13 24 -3 -5 -14 17 20 -8 -9 23 -16 -18 -4 -13 -7 -26
right_child=2 6 3 9 8 11 15 18 -10 -11 -12 19 14 -15 16 -17 21 -19 -20 -21 -22 -23 -24 -25 25 -27
leaf_value=0 -0.00048936562490808021 0 -1.0157106423522568e-05 0 8.1337817986853356e-07 0.0078182498749503632 0 0 0 -1.8283010721277575e-12 0 -8.4967329363386241e-09 0 0 0 0 0 0 0 -8.4096512936747188e-09 0 0 -1.1644299641099509e-05 -8.4967329363386241e-09 -8.6373083431593077e-05 -8.4096512936747188e-09
leaf_weight=930.59997200965881 222.69999438524246 218.09999716281891 83.399999022483826 713.89999282360077 106.89999884366989 3933.5998769402504 141.09999960660934 145.49999892711639 365.69999545812607 246.79999607801437 180.49999797344208 108.79999876022339 3131.1999573111534 411.79999417066574 173.89999824762344 370.19999575614929 142.89999800920486 104.89999890327454 94.29999852180481 267.09999877214432 486.49999332427979 370.19999849796295 348.19999504089355 139.69999861717224 218.79999780654907 981.39999794960022
leaf_count=808 197 237 92 811 101 3150 149 167 445 348 217 116 3918 508 201 436 171 121 121 279 623 410 396 159 204 982
internal_value=-0.00337865 -0.00592514 -0.0013207 -0.00446956 -0.00157016 -0.00029784 -0.00711387 -0.00352819 -0.00451664 -0.00551845 -0.00494641 -3.29791e-05 -0.00746587 -0.00560418 -0.00761554 -0.00452507 -0.00680441 -0.00293467 -0.0062082 -0.0019541 -0.00761973 -0.00574697 -0.000692157 -0.0031828 0.000160076 -0.000401535
internal_weight=14638.7 6542.2 8096.5 1984.6 1403.2 6111.9 5139 462.5 472.6 1553 1306.2 5649.4 4522.8 1125.7 4304.7 616.2 1173.5 246 239.8 515.6 660.4 513.1 431.6 248.5 5133.8 1200.2
internal_count=15367 7620 7747 2372 1354 5375 6266 485 546 1884 1536 4890 5560 1319 5323 706 1405 270 288 554 824 581 488 275 4336 1186
is_linear=0
shrinkage=0.0103578


Tree=57
num_leaves=27
num_cat=0
split_feature=30 30 4 29 30 6 30 30 11 29 29 13 29 7 6 30 2 29 5 29 30 0 29 29 29 29
split_gain=1375.09 218.585 69.3151 55.6501 22.8853 24.3788 19.9221 18.3414 18.036 27.5416 16.249 12.37 10.8006 10.6254 9.42261 7.66339 7.56899 7.3101 6.63087 6.1531 5.11942 4.71018 4.70021 4.60977 4.38333 5.19191
threshold=-84.907409667968736 -78.68517684936522 6.774583339691163 41.408981323242195 -79.408752441406236 0.18124999850988391 -79.125286102294908 -117.08349990844725 13.390972614288332 39.79341125488282 40.784446716308601 83.289581298828139 39.747600555419929 0.25624999403953558 0.4187499880790711 -80.495098114013658 1.6892727613449099 35.741001129150398 0.3454210907220841 36.20991516113282 -76.040576934814439 14.588194370269777 35.697473526000984 38.308649063110359 36.20991516113282 40.025205612182624
decision_type=2 2 2 2 2 2 2 2 2 2 2 2 2 2 2 2 2 2 2 2 2 2 2 2 2 2
left_child=7 2 4 24 5 -2 17 12 9 19 -7 16 -1 18 -5 -12 -8 22 -13 -9 -16 -21 -6 -10 -3 -26
right_child=1 3 -4 14 6 10 11 8 23 -11 15 13 -14 -15 20 -17 -18 -19 -20 21 -22 -23 -24 -25 25 -27
leaf_value=0.0077682295942311181 -5.007182679301616e-05 1.0017183310503117e-10 1.8937242958397401e-14 0 0 -5.0028777452180273e-05 0 -7.2156942243642517e-05 -7.480299345733588e-05 -1.8093638291693601e-12 0 0 -0.00029876698944457088 0 0 0 0 0 0 -0.00074501225584683881 0 -0.00074607816421595253 0 8.7081642663903524e-11 -6.6708911425093559e-05 -8.0308431974791726e-09
leaf_weight=4577.1998471021652 91.499998986721039 301.59999704360962 126.09999787807465 93.799999237060547 1387.1999806761742 210.79999762773514 1119.7999854683876 91.899998366832733 235.8999987244606 412.49999564886093 231.19999617338181 496.49999505281448 139.19999617338181 817.09999042749405 97.999999046325684 147.09999942779541 367.39999377727509 316.09999710321426 620.9999965429306 105.29999887943268 186.49999755620956 165.29999947547913 528.699991106987 1163.7999979257584 211.69999831914902 278.99999797344208
leaf_count=3560 115 348 179 108 1752 256 1374 101 225 475 302 589 130 983 114 169 482 381 704 121 217 169 713 1172 241 288
internal_value=-0.00331163 -0.00634025 -0.00708647 -0.00222011 -0.00723783 -0.00543051 -0.00745476 4.24048e-05 -0.00074436 -0.00201141 -0.00620248 -0.00695302 0.000405312 -0.00639898 -0.00548541 -0.00748936 -0.00767073 -0.00822181 -0.00573245 -0.004092 -0.00642523 -0.00487891 -0.00846727 -4.19734e-05 -0.000657687 -0.00126133
internal_weight=14522.2 7631.1 6460.5 1170.6 6334.4 680.6 5653.8 6891.1 2174.7 775 589.1 3421.8 4716.4 1934.6 378.3 378.3 1487.2 2232 1117.5 362.5 284.5 270.6 1915.9 1399.7 792.3 490.7
internal_count=15268 9315 7999 1316 7820 842 6978 5953 2263 866 727 4132 3690 2276 439 471 1856 2846 1293 391 331 290 2465 1397 877 529
is_linear=0
shrinkage=0.0103578


Tree=58
num_leaves=27
num_cat=0
split_feature=30 30 29 30 29 30 30 11 29 29 13 6 30 2 30 29 8 29 11 9 30 5 1 6 29 29
split_gain=1349.62 235.489 66.2359 52.9589 35.0052 29.4833 18.0261 14.6189 22.066 12.2043 11.039 9.99892 8.71206 7.66976 7.61639 6.98403 6.68859 6.47682 5.94973 5.61018 4.58449 4.54606 4.09024 4.49903 3.9535 3.56973
threshold=-81.665557861328111 -78.68517684936522 41.408981323242195 -79.408752441406236 40.784446716308601 -117.08349990844725 -79.125286102294908 14.085416793823244 39.747600555419929 39.747600555419929 83.289581298828139 0.40208333730697637 -84.907409667968736 1.7414725422859194 -80.495098114013658 36.20991516113282 1.5000000000000002 35.906902313232429 6.8875000476837167 197.55554962158206 -79.178325653076158 0.34173248708248144 7.2830357551574716 0.26041665673255926 38.308649063110359 37.167884826660163
decision_type=2 2 2 2 2 2 2 2 2 2 2 2 2 2 2 2 2 2 2 2 2 2 2 2 2 2
left_child=5 3 -3 4 -2 9 17 8 15 -1 13 -4 24 22 -6 -7 -12 20 -17 -13 -5 -18 -8 -24 25 -9
right_child=1 2 11 6 14 7 10 12 -10 -11 16 19 -14 -15 -16 18 21 -19 -20 -21 -22 -23 23 -25 -26 -27
leaf_value=0.0076877675448316926 -4.9510587571986771e-05 -9.5719815450913824e-09 0 0 0 -7.1409552457991606e-05 0 3.0643188702482214e-06 -1.7906227350708703e-12 -0.00029970146889578405 0 0 0 0 0 -0.00073729554096271094 0 -8.4096271460661391e-09 -0.00073835040882757447 0 0 0 0 0 8.6179665276544949e-11 -8.3790097411428095e-05
leaf_weight=4647.599845290184 172.69999802112579 789.69999247789383 89.39999932050705 1505.5999790430069 202.9999965429306 98.199998199939728 225.09999662637711 102.19999945163727 570.99999266862869 132.4999965429306 791.79999130964279 120.19999879598618 118.89999842643738 377.79999357461929 185.19999933242798 107.69999885559082 487.09999531507492 227.39999794960022 207.59999978542328 165.1999973654747 516.89999145269394 680.79999530315399 171.8999981880188 717.19999021291733 1120.5999982357025 131.79999983310699
leaf_count=3616 217 885 102 1892 266 106 289 96 682 125 950 130 147 500 212 123 583 274 212 202 697 778 203 872 1134 130
internal_value=-0.0032604 -0.0063622 -0.00208331 -0.00715752 -0.00411228 -7.73466e-05 -0.00745659 -0.000999142 -0.0019761 0.000396629 -0.00698102 -0.00566556 -0.000345604 -0.00766036 -0.00583609 -0.00379687 -0.00646153 -0.00818405 -0.00454803 -0.00661346 -0.00837423 -0.00595129 -0.00721436 -0.00688186 -0.000108758 -0.00133175
internal_weight=14665.1 7427 1164.5 6262.5 560.9 7238.1 5701.6 2458 984.5 4780.1 3451.7 374.8 1473.5 1492 388.2 413.5 1959.7 2249.9 315.3 285.4 2022.5 1167.9 1114.2 889.1 1354.6 234
internal_count=15423 9052 1319 7733 695 6371 7038 2630 1123 3741 4175 434 1507 1864 478 441 2311 2863 335 332 2589 1361 1364 1075 1360 226
is_linear=0
shrinkage=0.0103578


Tree=59
num_leaves=27
num_cat=0
split_feature=30 30 29 30 29 29 30 30 30 29 1 29 30 11 29 30 7 29 11 0 6 6 30 29 11 10
split_gain=1282.92 220.988 62.4199 50.5213 36.9783 28.2634 66.5358 22.7656 19.9515 15.1594 11.9433 9.70972 11.5666 8.53699 30.9738 12.4276 7.72438 6.2325 5.53065 5.48937 4.82526 4.81656 5.32473 4.67427 4.60781 4.4653
threshold=-81.665557861328111 -78.68517684936522 41.408981323242195 -79.408752441406236 40.784446716308601 35.906902313232429 -79.118217468261705 -117.08349990844725 -79.125286102294908 39.747600555419929 24.405357360839847 36.020755767822273 -78.920314788818345 14.184027671813967 39.670738220214851 -83.395496368408189 0.056250000372529037 36.20991516113282 15.954166889190676 22.056249618530277 0.44374999403953558 0.46041667461395269 -76.040576934814439 41.693527221679695 11.884027481079103 20.548610687255863
decision_type=2 2 2 2 2 2 2 2 2 2 2 2 2 2 2 2 2 2 2 2 2 2 2 2 2 2
left_child=7 3 -3 4 -2 8 -7 9 -5 -1 25 -8 18 14 17 -15 -14 -9 -13 -18 -6 -4 -23 -22 -19 -10
right_child=1 2 21 5 20 6 11 13 10 -11 -12 12 16 15 -16 -17 19 24 -20 -21 23 22 -24 -25 -26 -27
leaf_value=0.0076081389081571376 -4.899776501767269e-05 -9.4728365285095481e-09 0 0 0 -8.3225216059106265e-09 0 -7.0669904013288988e-05 0 -0.00029806875443061663 0 -6.6709930645269508e-05 0 -1.7756749977594193e-12 -1.7720757581545335e-12 0 0 -0.00073073581897302843 0 0 0 0 0 0 -0.00062715173403169757 0
leaf_weight=4579.4998481273651 186.59999787807465 785.29999279975891 92.599998950958252 2050.1999698281288 95.199999213218689 204.59999805688858 311.39999544620514 91.399998307228088 125.99999898672104 134.09999638795853 917.79999285936356 194.89999735355377 114.20000016689301 1325.2999982237816 582.3999924659729 95.699998259544373 93.099998712539673 189.99999803304672 373.49999487400055 97.99999988079071 198.9999977350235 95.199999094009399 179.99999755620956 81.299998998641968 96.000000178813934 1167.2999836802483
leaf_count=3563 232 873 108 2630 112 248 398 100 148 129 1060 243 126 1321 686 121 117 208 463 104 244 112 208 107 96 1451
internal_value=-0.00317044 -0.00619795 -0.0020318 -0.00697083 -0.00400116 -0.00726572 -0.00597491 -2.66273e-05 -0.00768573 0.000390304 -0.00699589 -0.00691623 -0.00634401 -0.000852158 -0.00160668 -0.000341791 -0.00469673 -0.00391575 -0.00722249 -0.00597174 -0.00587164 -0.00554968 -0.00624246 -0.00656225 -0.00466841 -0.00764345
internal_weight=14460.6 7366.2 1153.1 6213.1 562.1 5651 1389.7 7094.4 4261.3 4713.6 2211.1 1185.1 873.7 2380.8 959.8 1421 305.3 377.4 568.4 191.1 375.5 367.8 275.2 280.3 286 1293.3
internal_count=15208 8984 1301 7683 695 6988 1699 6224 5289 3692 2659 1451 1053 2532 1090 1442 347 404 706 221 463 428 320 351 304 1599
is_linear=0
shrinkage=0.0103578


Tree=60
num_leaves=27
num_cat=0
split_feature=30 30 29 29 29 29 11 30 29 30 29 8 30 30 30 30 30 1 11 29 29 29 30 30 29 30
split_gain=1254.09 216.957 84.1933 74.0655 50.7771 33.9505 26.9832 20.7752 14.5964 12.8511 21.551 11.5997 10.9796 21.2348 10.0429 9.93904 11.8466 11.6866 9.2154 30.8699 8.1527 6.68423 5.98286 5.71761 5.56502 5.15739
threshold=-81.665557861328111 -78.68517684936522 35.906902313232429 41.408981323242195 35.975336074829109 36.020755767822273 15.954166889190676 -117.08349990844725 35.016698837280281 -79.237697601318345 40.93249702453614 4.5000000000000009 -80.182350158691392 -78.882755279541001 -78.876529693603501 -79.10402679443358 -79.298500061035142 24.405357360839847 14.085416793823244 39.747600555419929 39.747600555419929 36.504644393920906 -79.107582092285142 -80.495098114013658 41.720960617065437 -85.705905914306626
decision_type=2 2 2 2 2 2 2 2 2 2 2 2 2 2 2 2 2 2 2 2 2 2 2 2 2 2
left_child=7 2 8 -3 -4 -6 12 20 -2 10 -8 -5 -7 22 -11 16 -10 -17 19 21 -1 -9 -14 -12 -20 -26
right_child=1 3 4 11 5 6 9 18 15 14 23 -13 13 -15 -16 17 -18 -19 24 -21 -22 -23 -24 -25 25 -27
leaf_value=0.007529335051854995 0 -7.8534462432936018e-09 1.7330885539736116e-10 0 0 0 -8.2363182906687763e-09 -6.9937916725993474e-05 0 0 0 0 -6.6770211612228892e-05 0 0 0 0 0 8.5111836072430678e-11 -1.7537208877863812e-12 -0.00029765414316992525 -0.00072208991265703174 6.9097053194695728e-07 0 -1.7572828470571349e-12 0
leaf_weight=4624.7998458743095 163.69999837875366 800.19999289512634 176.69999837875366 287.09999614953995 309.59999525547028 182.59999781847 99.099998414516449 96.499998211860657 195.19999766349792 436.19999378919601 93.399998307228088 94.799999117851257 106.19999885559082 109.59999907016754 114.1000000834465 1155.9999841451645 2018.2999706864357 773.29999387264252 1256.0999988913536 593.29999279975891 134.69999629259109 275.49999862909317 194.69999688863754 97.799999892711639 118.89999848604202 76.699998497962952
leaf_count=3600 193 884 207 339 398 232 135 107 224 536 120 108 136 130 123 1434 2597 887 1227 705 129 293 245 110 145 101
internal_value=-0.00307703 -0.00606614 -0.00683845 -0.00199643 -0.00503102 -0.00556713 -0.00489107 8.92518e-06 -0.00764341 -0.00608577 -0.00430329 -0.00574576 -0.00319292 -0.00224596 -0.00701992 -0.00776386 -0.00824524 -0.00720909 -0.000772947 -0.00155705 0.000406114 -0.00389383 -0.000818216 -0.00633024 -0.00025087 -0.00187335
internal_weight=14585.1 7408.6 6226.5 1182.1 1920 1743.3 1433.7 7176.5 4306.5 840.6 290.3 381.9 593.1 410.5 550.3 4142.8 2213.5 1929.3 2417 965.3 4759.5 372 300.9 191.2 1451.7 195.6
internal_count=15345 9038 7707 1331 2372 2165 1767 6307 5335 1024 365 447 743 511 659 5142 2821 2321 2578 1105 3729 400 381 230 1473 246
is_linear=0
shrinkage=0.0103578


Tree=61
num_leaves=27
num_cat=0
split_feature=30 30 29 29 29 29 30 30 29 29 29 11 0 3 30 11 29 6 11 29 30 30 30 29 9 30
split_gain=1203.55 215.227 81.961 68.0852 44.91 34.0986 23.5156 17.2863 14.7642 13.4007 12.356 12.154 22.7601 11.5883 11.2198 10.9125 29.3325 9.53875 9.04028 15.2623 8.33885 7.35815 6.51744 6.37699 6.20672 5.31192
threshold=-81.665557861328111 -78.68517684936522 35.906902313232429 41.408981323242195 35.975336074829109 38.816040039062507 -117.08349990844725 -80.748550415039048 35.633329391479499 35.725976943969734 36.020755767822273 15.954166889190676 15.27847194671631 2.1845139265060429 -78.856933593749986 12.07569456100464 39.747600555419929 0.4187499880790711 15.954166889190676 41.317014694213874 -83.395496368408189 -79.927204132080064 -79.04628753662108 36.658319473266609 279.67359924316412 -76.589794158935533
decision_type=2 2 2 2 2 2 2 2 2 2 2 2 2 2 2 2 2 2 2 2 2 2 2 2 2 2
left_child=6 2 8 -3 -4 10 -1 -7 22 -10 -6 12 -12 -11 -13 16 23 -5 21 -20 -17 -9 -2 -8 -24 -19
right_child=1 3 4 17 5 7 15 18 9 13 11 14 -14 -15 -16 20 -18 25 19 -21 -22 -23 24 -25 -26 -27
leaf_value=0.0074513474329852992 0 -7.7721015338049833e-09 1.7151375066787477e-10 0 0 0 -0.00045950100759324479 -4.7841262725846258e-05 0 0 -0.0005357980411140117 0 0 0 0 -8.3253968844471227e-09 -1.7355561341582619e-12 0 -8.1510078552427515e-09 0 0 0 0 -0.00071565456536444171 0 0
leaf_weight=4686.6998442411423 492.89999413490295 793.69999325275421 164.8999987244606 95.299999117851257 312.09999543428421 172.19999706745148 94.399998247623444 111.7999991774559 1928.8999722599983 432.19999718666077 89.699998915195465 378.09999525547028 92.999998986721039 1095.7999866008759 92.100000441074371 1602.8999963402748 439.59999418258667 85.499999165534973 151.79999852180481 138.39999800920486 108.39999842643738 198.99999707937241 247.99999630451202 200.9999982714653 82.599999845027924 166.39999747276306
leaf_count=3667 575 883 189 111 395 228 106 134 2477 486 107 465 112 1344 97 1621 530 101 192 168 138 258 312 218 94 194
internal_value=-0.00301744 -0.00596648 -0.00672914 -0.00183129 -0.00493718 -0.00542712 1.09035e-05 -0.00380035 -0.00752501 -0.00782444 -0.00672713 -0.00590299 -0.00361286 -0.00708828 -0.00678652 -0.000812097 -0.00186733 -0.00565295 -0.00296512 -0.00428002 -0.000358162 -0.00173046 -0.00626302 -0.0043882 -0.00740413 -0.00671047
internal_weight=14457.4 7324.4 6183.5 1140.9 1903.1 1738.2 7133 773.2 4280.4 3456.9 965 652.9 182.7 1528 470.2 2446.3 735 347.2 601 290.2 1711.3 310.8 823.5 295.4 330.6 251.9
internal_count=15202 8922 7633 1289 2345 2156 6280 980 5288 4307 1176 781 219 1830 562 2613 854 406 752 360 1759 392 981 324 406 295
is_linear=0
shrinkage=0.0103578


Tree=62
num_leaves=27
num_cat=0
split_feature=30 30 29 29 30 30 29 11 30 30 30 29 13 11 29 30 4 6 29 30 7 29 29 30 0 30
split_gain=1183.33 226.281 79.839 72.4979 49.448 40.6747 34.2006 71.8362 28.4364 20.2914 18.8369 13.3845 12.1556 11.5592 21.9128 11.4749 9.9502 8.75918 6.03112 5.67793 5.35819 5.29488 7.48408 5.05559 4.5809 4.37836
threshold=-79.408752441406236 -78.68517684936522 35.906902313232429 41.408981323242195 -79.118217468261705 -82.058330535888658 36.020755767822273 15.954166889190676 -80.748550415039048 -79.125286102294908 -117.08349990844725 39.747600555419929 83.756248474121108 12.461805343627931 39.747600555419929 -78.882755279541001 5.1679165363311776 0.42708334326744085 41.317014694213874 -75.886917114257798 0.2520833313465119 38.308649063110359 36.20991516113282 -79.192516326904283 13.108333110809328 -84.990852355957017
decision_type=2 2 2 2 2 2 2 2 2 2 2 2 2 2 2 2 2 2 2 2 2 2 2 2 2 2
left_child=5 2 9 -3 -4 10 -6 -8 16 23 11 -1 -11 14 24 -9 -7 -5 -10 -19 -14 22 -15 -2 -12 -23
right_child=1 3 4 17 6 8 7 15 18 12 13 -13 20 21 -16 -17 -18 19 -20 -21 -22 25 -24 -25 -26 -27
leaf_value=0.0073741675970944564 0 -7.6915993794898235e-09 -8.0665810513297077e-09 0 0 0 -7.1569595621055719e-09 0 -4.7303127321971621e-05 0 -0.00070210420840727792 -0.00036760664590373591 0 5.1818899861904733e-07 -1.7175795280721308e-12 0 0 0 0 0 0 1.7065694502632176e-10 -8.2998276414439508e-05 0 -0.0007082419326284008 -8.2389702010398163e-09
leaf_weight=4640.7998450994492 1355.1999813318253 792.69999343156815 216.59999811649323 94.89999908208847 333.99999511241913 159.29999750852585 331.39999616146088 438.99999421834946 242.89999836683273 921.19998699426651 99.699998795986176 136.69999641180038 755.79999393224716 113.79999941587448 442.7999946475029 124.30000001192093 73.699998736381531 94.599999070167542 105.39999902248383 187.69999712705612 538.19999414682388 1199.7999967336655 154.69999957084656 683.89998841285706 224.29999834299088 113.9999988079071
leaf_count=3610 1700 877 262 109 426 203 406 538 291 1148 113 131 874 116 528 133 101 112 130 219 644 1222 155 911 235 132
internal_value=-0.00298855 -0.00611436 -0.00696604 -0.00196335 -0.00485842 -0.000202447 -0.00566249 -0.00460033 -0.0028356 -0.00768121 1.24828e-05 0.000385941 -0.0069876 -0.000746771 -0.00179008 -0.0068498 -0.0056324 -0.00569756 -0.000957332 -0.00661472 -0.00633007 -0.000240445 -0.00156423 -0.00843237 -0.00383462 3.03348e-05
internal_weight=14577.4 6869.5 5699.6 1169.9 1445.3 7707.9 1228.7 894.7 581.3 4254.3 7126.6 4777.5 2215.2 2349.1 766.8 563.3 233 377.2 348.3 282.3 1294 1582.3 268.5 2039.1 324 1313.8
internal_count=15326 8359 7042 1317 1765 6967 1503 1077 725 5277 6242 3741 2666 2501 876 671 304 440 421 331 1518 1625 271 2611 348 1354
is_linear=0
shrinkage=0.0103578


Tree=63
num_leaves=27
num_cat=0
split_feature=30 30 29 29 30 11 29 30 30 30 1 4 30 29 29 29 30 6 29 1 30 9 30 11 29 2
split_gain=1202.38 230.647 90.1375 64.1966 51.6524 45.7452 84.7752 41.8134 30.3868 17.5994 11.5185 11.4246 9.45615 15.9082 11.2411 11.216 8.34668 8.03437 7.41391 5.7741 5.24982 4.44816 4.05685 3.60195 6.47658 5.42894
threshold=-79.408752441406236 -78.68517684936522 35.906902313232429 41.408981323242195 -79.118217468261705 15.954166889190676 36.020755767822273 -82.058330535888658 -80.748550415039048 -79.125286102294908 18.306249618530277 5.3802084922790536 -117.08349990844725 38.308649063110359 39.747600555419929 36.361949920654304 -78.769439697265611 0.40208333730697637 41.317014694213874 23.453571319580082 -78.910125732421861 202.14583587646487 -79.294250488281236 13.959027767181398 39.79341125488282 -1.08680123090744
decision_type=2 2 2 2 2 2 2 2 2 2 2 2 2 2 2 2 2 2 2 2 2 2 2 2 2 2
left_child=7 2 9 -3 -4 6 -6 12 11 22 -11 -9 14 15 -1 -14 -7 -5 -10 -17 -12 -19 -2 24 25 -15
right_child=1 3 4 17 5 16 -8 8 18 10 20 -13 13 23 -16 19 -18 21 -20 -21 -22 -23 -24 -25 -26 -27
leaf_value=0.0072977871772987157 0 -7.611931053299684e-09 -7.9830287264192077e-09 0 0 0 -7.0828289475491372e-09 0 4.9004246951603097e-07 0 0 0 -5.7118221189908855e-05 -5.9374214551515691e-05 -0.00036527058074062459 -0.00070939153221143407 0 0 0 -8.2975996014485309e-05 0 0 0 1.6888930834997268e-10 9.0833614344296394e-14 -5.9374214551515691e-05
leaf_weight=4573.6998482346535 197.0999972820282 780.39999294281006 227.79999780654907 91.799999296665192 177.69999712705612 566.29999196529388 321.69999647140503 163.39999753236771 269.19999819993973 642.79999053478241 1147.8999898433685 75.599998712539673 223.7999974489212 117.49999988079071 144.69999605417252 91.69999897480011 122.39999979734421 131.39999896287918 113.79999876022339 144.50000029802322 377.99999541044235 157.29999762773514 1778.6999735236168 1195.1999979615211 522.39999395608902 105.49999970197678
leaf_count=3561 235 868 276 106 231 695 391 208 318 816 1341 104 236 121 135 101 134 144 142 143 468 189 2307 1220 618 113
internal_value=-0.00288848 -0.00609339 -0.00697009 -0.0018925 -0.00470968 -0.00557558 -0.00318192 -0.000105443 -0.00267959 -0.00774147 -0.00708928 -0.00557348 0.000119602 -0.000409494 0.000388898 -0.00214007 -0.00730665 -0.00537736 -0.00086708 -0.0037119 -0.00659051 -0.00622774 -0.0084549 1.01039e-06 -0.000563588 -0.00203895
internal_weight=14462.3 6721.3 5560.4 1160.9 1415.9 1188.1 499.4 7741 622 4144.5 2168.7 239 7119 2400.6 4718.4 460 688.7 380.5 383 236.2 1525.9 288.7 1975.8 1940.6 745.4 223
internal_count=15221 8201 6894 1307 1727 1451 622 7020 772 5167 2625 312 6248 2552 3696 480 829 439 460 244 1809 333 2542 2072 852 234
is_linear=0
shrinkage=0.0103578


Tree=64
num_leaves=27
num_cat=0
split_feature=30 30 29 29 11 29 29 30 30 30 30 30 29 29 29 4 13 8 30 29 8 11 29 0 2 29
split_gain=1184.13 219.197 86.7781 64.2461 49.8327 42.2914 44.575 38.6132 37.9413 27.6501 19.1901 11.6073 14.8953 12.5304 12.4778 11.4635 9.34509 8.62633 8.43618 7.21525 6.114 5.39192 7.62633 5.33948 4.8591 4.80174
threshold=-79.408752441406236 -78.68517684936522 35.906902313232429 41.408981323242195 16.049304962158207 36.020755767822273 35.975336074829109 -82.058330535888658 -79.118217468261705 -80.748550415039048 -79.125286102294908 -117.08349990844725 38.308649063110359 39.747600555419929 36.20991516113282 5.3229167461395273 83.756248474121108 4.5000000000000009 -78.769439697265611 41.317014694213874 1.5000000000000002 13.959027767181398 39.79341125488282 23.779861450195316 -1.1267856955528257 41.720960617065437
decision_type=2 2 2 2 2 2 2 2 2 2 2 2 2 2 2 2 2 2 2 2 2 2 2 2 2 2
left_child=7 2 10 -3 5 6 -4 11 -6 15 -2 13 14 -1 -13 -9 -12 25 -10 -11 -18 22 24 -16 -14 -5
right_child=1 3 4 17 8 -7 -8 9 18 19 16 12 21 -15 23 -17 20 -19 -20 -21 -22 -23 -24 -25 -26 -27
leaf_value=0.0072221978933771419 0 -7.5458674163524485e-09 3.3597646786776211e-10 0 -7.9003418228010146e-09 -7.009466165752805e-09 0 0 0 4.8496668990476702e-07 0 -5.6526600013006105e-05 -4.4164076907969697e-05 -0.00035769402687924523 -0.00070204377094666411 0 0 0 0 0 0 8.3607316787997724e-11 -1.7007299604218793e-12 -8.2116544242457075e-05 -9.7428984181408384e-05 0
leaf_weight=4677.2998449802399 2018.1999711990356 790.69999331235886 85.899999141693115 136.49999803304672 100.69999933242798 358.79999577999115 162.49999743700027 156.99999743700027 584.09999227523804 262.19999825954437 867.49998790025711 204.89999729394913 96.999999642372131 143.79999625682831 97.89999920129776 74.499998688697815 548.19999414682388 90.299999117851257 121.79999983310699 110.89999884366989 713.9999942779541 1196.4999966621399 555.6999933719635 122.89999979734421 109.79999959468842 152.99999874830246
leaf_count=3641 2594 877 101 163 119 442 213 200 721 310 1079 213 100 136 109 101 658 103 132 139 826 1215 655 121 116 172
internal_value=-0.00285892 -0.00604223 -0.00689963 -0.0019665 -0.00467937 -0.00243365 -0.00571376 -0.000114757 -0.0063665 -0.00262776 -0.00765556 9.62275e-05 -0.000494708 0.000388638 -0.00224946 -0.0054356 -0.00696209 -0.00546446 -0.00721438 -0.000878827 -0.00638194 -0.000112636 -0.000793185 -0.00395469 -0.00248844 -0.00633769
internal_weight=14542.6 6732.2 5561.7 1170.5 1413.8 607.2 248.4 7810.4 806.6 604.6 4147.9 7205.8 2384.7 4821.1 425.7 231.5 2129.7 379.8 705.9 373.1 1262.2 1959 762.5 220.8 206.8 289.5
internal_count=15256 8200 6885 1315 1728 756 314 7056 972 750 5157 6306 2529 3777 443 301 2563 438 853 449 1484 2086 871 230 216 335
is_linear=0
shrinkage=0.0103578


Tree=65
num_leaves=27
num_cat=0
split_feature=29 29 29 29 11 11 29 29 29 29 11 29 29 6 11 29 29 3 29 10 0 3 6 3 7 29
split_gain=816.941 280.064 142.19 65.54 37.6756 31.029 44.4356 40.7968 29.9519 27.705 21.9261 20.1131 13.8814 11.4512 10.6488 8.59916 11.8597 10.0486 4.59261 5.09603 4.50262 4.28838 4.20157 4.19825 3.84111 3.70793
threshold=36.579669952392585 35.483499526977546 35.906902313232429 40.93249702453614 15.24722194671631 16.049304962158207 35.981050491333015 35.975336074829109 35.975336074829109 34.162609100341804 15.954166889190676 35.607975006103523 41.841104507446296 0.24374999850988391 21.813194274902347 35.725976943969734 35.652334213256843 2.1845139265060429 36.419198989868171 63.423612594604499 21.5131950378418 3.4347223043441777 0.31041666865348821 2.2750694751739506 0.53125000000000011 42.399999618530281
decision_type=2 2 2 2 2 2 2 2 2 2 2 2 2 2 2 2 2 2 2 2 2 2 2 2 2 2
left_child=1 4 11 -2 -1 6 7 -4 -7 -6 12 -3 22 -12 18 16 -13 -17 19 -10 -19 -14 -5 -11 -24 -15
right_child=3 2 5 10 9 8 -8 -9 14 23 13 15 21 25 -16 17 -18 20 -20 -21 -22 -23 24 -25 -26 -27
leaf_value=0 3.072020887474083e-10 0 3.3249647865957799e-10 -6.3566539894150688e-05 8.0495334194438166e-07 4.1780691408560285e-10 -6.501464410120294e-05 0 0 0 0 0 -6.0229294009522649e-05 0 0 0 0 0 0 0 0 0 0 0 0 0
leaf_weight=927.0999721288681 5739.5998660326004 227.69999676942825 85.599999010562897 149.49999874830246 127.29999881982803 99.899999439716339 461.89999145269394 175.59999740123749 261.79999816417694 120.39999890327454 88.299998819828033 693.99999195337296 331.69999593496323 440.69999527931213 95.799999296665192 437.29999697208405 1570.7999765872955 645.19999080896378 88.99999862909317 260.89999705553055 451.69999587535858 502.9999925494194 219.7999974489212 239.39999675750732 99.499998927116394 90.299998819828033
leaf_count=805 4982 247 102 167 121 111 473 228 300 144 105 838 375 509 104 497 2040 812 116 317 533 662 258 292 117 115
internal_value=-0.00285656 -0.00542213 -0.00646935 -0.00052207 -0.00130574 -0.00377922 -0.00221714 -0.00562667 -0.00517515 -0.00363631 -0.00217683 -0.00749106 -0.00141289 -0.00378133 -0.00592424 -0.00767088 -0.00808384 -0.00705823 -0.0064281 -0.0060398 -0.00759296 -0.000610413 -0.00283833 -0.00510378 -0.00350999 -0.00435519
internal_weight=14633.8 6971.4 5557.2 7662.4 1414.2 1530.5 723.1 261.2 807.4 487.1 1922.8 4026.7 1303.5 619.3 707.5 3799 2264.8 1534.2 611.7 522.7 1096.9 834.7 468.8 359.8 319.3 531
internal_count=15370 8080 6718 7290 1362 1751 803 330 948 557 2308 4967 1579 729 837 4720 2878 1842 733 617 1345 1037 542 436 375 624
is_linear=0
shrinkage=0.0103578


Tree=66
num_leaves=27
num_cat=0
split_feature=30 30 29 29 30 29 0 30 30 30 13 4 29 30 29 29 29 29 30 0 30 2 7 4 2 7
split_gain=1150.39 234.196 97.6224 44.4811 43.8056 40.0334 49.7396 39.4287 22.947 17.2198 14.172 14.0337 12.554 10.5716 16.1624 14.923 11.2429 9.39967 8.79532 5.95835 5.91989 4.25559 3.83017 3.78602 3.78342 3.66865
threshold=-79.408752441406236 -78.68517684936522 35.906902313232429 41.408981323242195 -79.118217468261705 36.020755767822273 20.486804962158207 -82.058330535888658 -80.748550415039048 -79.125286102294908 100.74791717529298 5.5343751907348642 41.799581527709968 -117.08349990844725 38.308649063110359 39.747600555419929 36.20991516113282 41.317014694213874 -78.920314788818345 23.779861450195316 -79.188957214355455 -0.88334625959396351 0.79375001788139354 3.169791698455811 -0.17314958572387693 0.27291667461395269
decision_type=2 2 2 2 2 2 2 2 2 2 2 2 2 2 2 2 2 2 2 2 2 2 2 2 2 2
left_child=7 2 9 -3 -4 -6 22 13 11 20 21 23 24 15 16 -1 -15 -10 -8 -18 -2 -11 -7 -9 -5 -12
right_child=1 3 4 12 5 6 18 8 17 10 25 -13 -14 14 -16 -17 19 -19 -20 -21 -22 -23 -24 -25 -26 -27
leaf_value=0.0071473915476920197 0 -7.4708905068635487e-09 -7.8216933254867899e-09 0 0 0 0 0 4.799434843871068e-07 0 0 0 0 -5.5941106751323193e-05 -1.6831140781374302e-12 -0.00035539464288138428 -0.00069477211977117493 0 0 -8.1265997713020832e-05 0 0 0 0 0 0
leaf_weight=4613.3998462557793 1361.9999815821648 786.19999319314957 216.09999811649323 91.499998986721039 327.59999513626099 243.49999707937241 383.7999951839447 82.699998915195465 257.2999981045723 605.29999279975891 538.89999639987946 75.399998664855957 167.49999856948853 211.4999971985817 1952.7999903559685 139.69999629259109 115.89999896287918 121.79999876022339 184.99999928474426 127.19999998807907 638.0999892950058 685.49998986721039 80.699998915195465 82.599998533725739 111.59999823570251 368.89999634027481
leaf_count=3590 1706 872 261 103 414 295 470 101 305 727 613 104 191 217 2084 133 127 152 204 124 851 873 103 110 134 433
internal_value=-0.00284339 -0.0059579 -0.00682928 -0.00171131 -0.00449494 -0.00525564 -0.00411395 -0.000124126 -0.00262916 -0.00762722 -0.00698679 -0.00512701 -0.00466672 9.28369e-05 -0.000466235 0.000376112 -0.00222394 -0.00103681 -0.00595818 -0.0037409 -0.00832883 -0.00768973 -0.000872256 -0.00681258 -0.006398 -0.00598265
internal_weight=14572.5 6792.2 5635.4 1156.8 1436.7 1220.6 893 7780.3 619.8 4198.7 2198.6 240.7 370.6 7160.5 2407.4 4753.1 454.6 379.1 568.8 243.1 2000.1 1290.8 324.2 165.3 203.1 907.8
internal_count=15297 8250 6950 1300 1747 1486 1072 7047 772 5203 2646 315 428 6275 2552 3723 468 457 674 251 2557 1600 398 211 237 1046
is_linear=0
shrinkage=0.0103578


Tree=67
num_leaves=27
num_cat=0
split_feature=30 30 30 30 30 30 30 4 2 11 11 11 5 30 10 6 1 30 6 4 8 11 6 30 11 1
split_gain=1152.47 254.643 39.2075 27.5245 15.1652 14.5838 9.89953 9.50948 8.93532 8.51997 11.422 6.90711 6.73618 5.95762 6.03346 5.73854 5.32852 5.30799 4.49593 4.1605 4.11146 4.08262 3.99531 3.41152 3.3712 3.12819
threshold=-79.408752441406236 -78.68517684936522 -82.058330535888658 -80.748550415039048 -75.049243927001939 -79.125286102294908 -117.08349990844725 5.0835416316986093 1.6571428179740908 16.049304962158207 12.694444179534914 13.959027767181398 0.46757456660270696 -78.762928009033189 72.215278625488295 0.57291665673255932 22.9970235824585 -122.19300079345702 0.33125001192092901 3.5581250190734868 4.5000000000000009 6.0312500000000009 0.91458335518836986 -75.886917114257798 19.89374923706055 24.034225463867191
decision_type=2 2 2 2 2 2 2 2 2 2 2 2 2 2 2 2 2 2 2 2 2 2 2 2 2 2
left_child=2 5 6 7 16 -2 17 -4 9 10 13 19 22 14 21 -6 23 -1 24 -8 -10 -7 -12 -3 -11 -20
right_child=1 4 3 -5 15 8 11 -9 20 18 12 -13 -14 -15 -16 -17 -18 -19 25 -21 -22 -23 -24 -25 -26 -27
leaf_value=-6.1759025923725856e-05 0 0 0 0 0 0 -0.0006713433514132914 0 0 0 0 -8.0510753619449451e-09 0 0 0 0 0 0.007073360037061268 0 -8.6890155235632403e-05 0 0 0 -4.9345441028278238e-05 0 0
leaf_weight=133.29999601840973 2267.499968111515 427.79999595880508 159.79999750852585 374.59999692440033 97.49999862909317 281.89999616146088 241.79999750852585 72.699998736381531 631.39999097585678 174.39999854564667 100.39999896287918 1472.8999956250191 173.79999828338623 101.79999876022339 111.79999846220016 162.59999829530716 380.19999784231186 4611.1998462080956 407.49999457597733 664.99999308586121 275.99999660253525 258.69999665021896 86.899998843669891 127.59999853372574 111.6999996304512 668.29999381303787
leaf_count=119 2883 498 204 454 115 359 260 101 800 204 118 1489 206 124 134 186 402 3596 499 774 334 315 105 148 119 783
internal_value=-0.00285231 -0.00594647 -0.00011145 -0.00263697 -0.00160246 -0.00686511 0.000103901 -0.00543227 -0.00642928 -0.00610116 -0.00541897 -0.000441135 -0.00388932 -0.00614731 -0.00651386 -0.00381283 -0.000985582 0.000377383 -0.00665703 -0.00115202 -0.00732021 -0.00697128 -0.00525395 -0.00163182 -0.00546511 -0.00697058
internal_weight=14579.1 6847.8 7731.3 607.1 1195.7 5652.1 7124.2 232.5 3384.6 2477.2 1115.3 2379.7 361.1 754.2 652.4 260.1 935.6 4744.5 1361.9 906.8 907.4 540.6 187.3 555.4 286.1 1075.8
internal_count=15329 8332 6997 759 1349 6983 6238 305 4100 2966 1361 2523 429 932 808 301 1048 3715 1605 1034 1134 674 223 646 323 1282
is_linear=0
shrinkage=0.0103578


Tree=68
num_leaves=27
num_cat=0
split_feature=30 30 29 11 29 29 30 30 29 30 30 4 6 1 29 30 30 29 29 29 0 30 13 30 2 7
split_gain=1181.69 274.685 96.4238 51.1966 50.9779 46.2518 41.3188 35.158 34.9788 26.1663 20.5936 14.0478 10.9598 10.1347 7.5386 7.12517 6.31512 20.1006 14.0225 13.011 7.0289 5.57718 5.26259 5.23489 4.96895 4.11372
threshold=-79.408752441406236 -78.68517684936522 35.906902313232429 16.049304962158207 35.981050491333015 35.975336074829109 -82.058330535888658 -79.118217468261705 41.408981323242195 -80.748550415039048 -79.125286102294908 5.5343751907348642 0.36875000596046453 24.142559051513675 41.317014694213874 -78.769439697265611 -117.08349990844725 38.240348815917976 39.747600555419929 36.361949920654304 23.779861450195316 -79.26528167724608 69.927082061767592 -78.910125732421861 -3.746260285377502 0.26875001192092901
decision_type=2 2 2 2 2 2 2 2 2 2 2 2 2 2 2 2 2 2 2 2 2 2 2 2 2 2
left_child=6 2 10 4 5 -4 16 -5 -3 11 21 -8 -10 23 -11 -9 18 19 -1 -18 -21 -2 -14 24 -12 -15
right_child=1 8 3 7 -6 -7 9 15 12 14 13 -13 22 25 -16 -17 17 -19 -20 20 -22 -23 -24 -25 -26 -27
leaf_value=0.0070000953326883955 0 -7.5704311196771306e-09 4.1006835257779237e-10 -7.7406775075184524e-09 2.2009629847492375e-10 0 0 0 0 -4.682824262231523e-05 0 0 0 0 0 0 -5.2747996703741704e-05 1.6613173774488313e-10 -0.00042497822777073382 -0.00067925636043133586 -7.9586772282709171e-05 0 0 0 0 0
leaf_weight=4633.1998440623283 504.79999339580536 811.89999336004257 85.399998784065247 98.999999225139618 371.79999560117722 170.79999715089798 157.09999734163284 577.59999245405197 94.499999403953552 271.69999831914902 165.0999983549118 74.49999874830246 130.09999829530716 591.69999599456787 113.49999874830246 124.79999989271164 204.69999754428864 1930.0999896526337 143.09999603033066 101.89999890327454 107.69999969005585 1499.6999770998955 159.29999786615372 315.99999505281448 762.79998993873596 419.89999574422836
leaf_count=3602 616 903 104 118 458 222 201 706 107 321 189 103 153 681 141 138 213 2053 135 115 105 1963 191 414 938 497
internal_value=-0.00283482 -0.00595603 -0.00690446 -0.00457269 -0.00235411 -0.00590365 -5.71354e-05 -0.00630781 -0.00144211 -0.00262767 -0.00768605 -0.00537503 -0.00401591 -0.00699998 -0.000969267 -0.00712174 0.000165659 -0.000274473 0.000381788 -0.00234298 -0.00415361 -0.00845561 -0.00501481 -0.00763366 -0.00722413 -0.00621653
internal_weight=14622.7 6885.2 5689.4 1429.4 628 256.2 7737.5 801.4 1195.8 616.8 4260 231.6 383.9 2255.5 385.2 702.4 7120.7 2344.4 4776.3 414.3 209.6 2004.5 289.4 1243.9 927.9 1011.6
internal_count=15387 8398 7044 1746 784 326 6989 962 1354 766 5298 304 451 2719 462 844 6223 2486 3737 433 220 2579 344 1541 1127 1178
is_linear=0
shrinkage=0.0103578


Tree=69
num_leaves=27
num_cat=0
split_feature=30 30 29 11 29 29 30 29 30 30 30 6 29 13 29 3 30 29 29 29 1 30 30 30 10 30
split_gain=1178.15 272.271 100.4 54.877 48.9342 44.8824 40.8699 36.429 29.295 23.7915 18.3356 9.64428 9.2795 8.70422 8.41416 8.23325 8.0997 19.3071 12.5228 11.3891 6.426 5.21374 4.73394 4.04268 4.19131 3.83245
threshold=-79.408752441406236 -78.68517684936522 35.906902313232429 16.049304962158207 35.981050491333015 35.975336074829109 -82.058330535888658 41.408981323242195 -79.118217468261705 -80.748550415039048 -79.125286102294908 0.40208333730697637 41.317014694213874 102.13541793823244 41.799581527709968 4.0379166603088388 -117.08349990844725 38.308649063110359 36.361949920654304 39.747600555419929 23.386607170104984 -78.769439697265611 -78.952381134033189 -78.943847656249986 19.993055343627933 -79.192516326904283
decision_type=2 2 2 2 2 2 2 2 2 2 2 2 2 2 2 2 2 2 2 2 2 2 2 2 2 2
left_child=6 2 10 4 5 -4 16 -3 -5 15 25 -9 -11 23 -13 -8 19 18 -18 -1 -20 -10 -15 24 -12 -2
right_child=1 7 3 8 -6 -7 9 11 21 12 13 14 -14 22 -16 -17 17 -19 20 -21 -22 -23 -24 -25 -26 -27
leaf_value=0.0069275894921198115 0 -7.4920178344700646e-09 4.0582093176690924e-10 -7.6605008381190945e-09 2.1781657707563971e-10 0 0 0 0 -4.6343203357517606e-05 0 0 0 0 0 0 -5.2201641596054216e-05 1.6352939797073567e-10 -0.00069868689103155476 -0.00041854697562758003 -7.9599827683614593e-05 0 0 0 0 0
leaf_weight=4586.6998470425606 1376.8999809026718 808.69999301433563 83.699999332427979 95.899999022483826 381.69999593496323 160.89999735355377 150.99999767541885 98.399999260902405 558.79999279975891 268.59999829530716 87.499999403953552 148.19999760389328 131.09999841451645 608.49999541044235 131.19999879598618 72.599998652935028 204.59999775886536 1940.9999892711639 87.099998891353607 147.5999960899353 141.89999985694885 118.29999971389771 285.69999665021896 422.89999377727509 803.8999890089035 696.89998871088028
leaf_count=3569 1733 897 97 117 465 211 194 114 680 318 101 176 165 693 148 100 216 2068 97 138 141 131 347 541 977 929
internal_value=-0.002856 -0.00597773 -0.00692011 -0.00450752 -0.00222475 -0.0058357 -8.28455e-05 -0.00146358 -0.00635354 -0.00262478 -0.00770766 -0.00411638 -0.00110689 -0.00704318 -0.00509774 -0.00532659 0.000140161 -0.00035336 -0.00232793 0.000387799 -0.00398894 -0.00711197 -0.00623889 -0.00758715 -0.0071705 -0.00841298
internal_weight=14600.3 6868.1 5681.6 1399.3 626.3 244.6 7732.2 1186.5 773 623.3 4282.3 377.8 399.7 2208.5 279.4 223.6 7108.9 2374.6 433.6 4734.3 229 677.1 894.2 1314.3 891.4 2073.8
internal_count=15363 8357 7022 1701 773 308 7006 1335 928 777 5321 438 483 2659 324 294 6229 2522 454 3707 238 811 1040 1619 1078 2662
is_linear=0
shrinkage=0.0103578


Tree=70
num_leaves=27
num_cat=0
split_feature=29 29 29 29 11 11 29 29 11 29 29 29 29 11 6 13 9 29 29 3 29 6 29 2 3 29
split_gain=876.366 277.845 141.465 57.9709 44.1737 40.5597 44.5417 45.8856 37.2009 32.0924 30.5545 17.2424 13.5427 12.2142 10.7274 8.29001 6.16621 5.86336 5.38182 5.07941 4.69147 4.19415 4.17305 3.5654 3.37286 5.01203
threshold=36.579669952392585 35.483499526977546 35.906902313232429 40.93249702453614 15.24722194671631 16.049304962158207 35.981050491333015 35.975336074829109 15.954166889190676 35.975336074829109 34.162609100341804 35.607975006103523 41.841104507446296 21.813194274902347 0.2937499880790711 107.55833435058595 254.5138854980469 35.725976943969734 36.419198989868171 2.2858333587646489 35.646080017089851 0.35208332538604742 36.020755767822273 0.53440734744071972 2.850972175598145 41.372816085815437
decision_type=2 2 2 2 2 2 2 2 2 2 2 2 2 2 2 2 2 2 2 2 2 2 2 2 2 2
left_child=1 4 11 -2 -1 6 7 -4 12 -7 -6 -3 16 18 -10 -13 -5 20 22 -12 -17 -19 -11 -24 25 -16
right_child=3 2 5 8 10 9 -8 -9 14 13 19 15 -14 -15 24 17 -18 21 -20 -21 -22 -23 23 -25 -26 -27
leaf_value=0 6.8365341347038461e-07 0 4.016175050448928e-10 0 7.9661576711113257e-07 6.5401803848396492e-10 -5.9855281782419896e-05 0 0 0 0 0 0 0 0 0 -4.6264635712246526e-05 0 0 0 0 0 0 0 0 0
leaf_weight=919.49997264146805 5669.699867784977 228.99999672174454 92.799999058246613 343.79999631643295 125.99999874830246 92.199999570846558 458.19999128580093 160.09999734163284 102.69999831914902 129.4999982714653 139.09999859333038 2854.4999597072601 798.39998960494995 87.399999380111694 99.499998867511749 168.79999834299088 144.29999768733978 112.80000013113022 93.399998366832733 239.5999967455864 425.99999415874481 269.29999750852585 182.89999920129776 207.99999755620956 231.99999743700027 185.59999758005142
leaf_count=799 4921 250 110 396 120 104 474 209 125 159 161 3583 998 98 115 196 169 120 122 298 542 311 205 250 278 222
internal_value=-0.00287951 -0.0055246 -0.0065693 -0.000439053 -0.00144124 -0.00385346 -0.00205368 -0.00553774 -0.00200134 -0.00546339 -0.0039016 -0.00757482 -0.000995768 -0.00621823 -0.00408507 -0.00774057 -0.00235392 -0.00689749 -0.0067348 -0.00536984 -0.00755255 -0.005867 -0.00630535 -0.00574728 -0.00469212 -0.00545705
internal_weight=14565.1 6989.1 5564.9 7576 1424.2 1504.5 711.1 252.9 1906.3 793.4 504.7 4060.4 1286.5 701.2 619.8 3831.4 488.1 976.9 613.8 378.7 594.8 382.1 520.4 390.9 517.1 285.1
internal_count=15335 8111 6733 7224 1378 1731 793 319 2303 938 579 5002 1563 834 740 4752 565 1169 736 459 738 431 614 455 615 337
is_linear=0
shrinkage=0.0103578


Tree=71
num_leaves=27
num_cat=0
split_feature=30 30 29 29 29 0 30 29 30 30 0 29 1 30 30 29 29 29 8 30 0 30 30 6 10 30
split_gain=1196.88 296.633 87.3631 44.7626 39.7093 50.5036 28.853 20.1348 16.4116 11.3088 10.5911 9.59704 8.69775 7.45133 7.1075 14.5478 12.4561 9.09807 6.88169 5.42938 5.13713 5.00726 4.68705 4.44608 4.42683 3.267
threshold=-79.408752441406236 -78.68517684936522 35.906902313232429 35.975336074829109 36.020755767822273 20.486804962158207 -82.058330535888658 41.408981323242195 -79.125286102294908 -80.748550415039048 18.835416793823246 41.317014694213874 25.348512649536136 -78.920314788818345 -117.08349990844725 38.308649063110359 39.747600555419929 36.361949920654304 3.5000000000000004 -78.910125732421861 23.779861450195316 -79.188957214355455 -75.049243927001939 0.33125001192092901 80.673610687255874 -78.952381134033189
decision_type=2 2 2 2 2 2 2 2 2 2 2 2 2 2 2 2 2 2 2 2 2 2 2 2 2 2
left_child=6 2 8 -4 -5 24 14 -3 21 10 -8 -11 19 -7 16 17 -1 -16 22 -10 -19 -2 -9 -14 -6 -25
right_child=1 7 3 4 5 13 9 18 12 11 -12 -13 23 -15 15 -17 -18 20 -20 -21 -22 -23 -24 25 -26 -27
leaf_value=0.006855827573998519 0 -1.4305884418542634e-08 3.9745761672817848e-10 0 -6.9413990934484687e-09 0 0 0 0 1.4400268807679502e-06 0 0 0 0 -5.1660945545057985e-05 1.6271716171243432e-10 -0.00041624113191611348 -0.00067241036072528419 0 0 -7.7945024731251457e-05 0 0 0 -5.9235310580336715e-05 0
leaf_weight=4623.0998457074165 1369.7999814152718 805.69999289512634 168.4999988079071 309.69999516010284 248.19999641180038 407.69999468326569 105.39999842643738 117.29999881982803 1139.099986076355 257.59999799728394 129.69999796152115 121.59999859333038 186.19999945163727 187.29999899864197 229.59999758005142 1902.0999906659126 148.89999586343765 98.699999213218689 112.69999885559082 374.19999432563782 140.59999960660934 649.39998918771744 139.79999816417694 327.99999731779099 84.699998795986176 160.99999767541885
leaf_count=3597 1718 899 193 399 308 505 144 137 1375 310 165 154 206 205 240 2029 139 107 129 484 136 866 164 376 107 198
internal_value=-0.0028038 -0.00597943 -0.00697009 -0.00473064 -0.00541228 -0.00433476 -2.41585e-05 -0.00124696 -0.00771761 -0.00217721 -0.00396019 -0.0010664 -0.00708813 -0.00614112 0.000161103 -0.000302272 0.000391431 -0.00193524 -0.00324604 -0.00753024 -0.00334633 -0.00839748 -0.00418082 -0.00609115 -0.00110001 -0.00661815
internal_weight=14546.6 6789.3 5613.8 1406.1 1237.6 927.9 7757.3 1175.5 4207.7 614.3 235.1 379.2 2188.5 595 7143 2371 4772 468.9 369.8 1513.3 239.3 2019.2 257.1 675.2 332.9 489
internal_count=15290 8269 6940 1717 1524 1125 7021 1329 5223 773 309 464 2639 710 6248 2512 3736 483 430 1859 243 2584 301 780 415 574
is_linear=0
shrinkage=0.0103578


Tree=72
num_leaves=27
num_cat=0
split_feature=30 30 29 11 29 29 30 30 29 30 11 30 11 29 1 30 29 29 29 30 30 30 0 2 6 2
split_gain=1165.68 293.243 92.1155 54.4749 39.5156 46.0331 31.4746 27.5651 22.2991 18.5932 12.404 11.6224 13.6578 10.8317 8.42353 7.90775 17.9941 14.4709 9.8283 4.9285 4.92665 4.71762 4.69651 3.84944 3.53181 3.8354
threshold=-79.408752441406236 -78.68517684936522 35.906902313232429 16.453472137451175 35.981050491333015 35.975336074829109 -82.058330535888658 -79.118217468261705 41.408981323242195 -79.125286102294908 16.181249618530277 -80.748550415039048 15.475694656372072 41.317014694213874 25.006845474243168 -117.08349990844725 38.308649063110359 39.747600555419929 36.504644393920906 -79.178325653076158 -78.910125732421861 -78.769439697265611 23.779861450195316 1.7414725422859194 0.33958333730697637 -1.1715061664581297
decision_type=2 2 2 2 2 2 2 2 2 2 2 2 2 2 2 2 2 2 2 2 2 2 2 2 2 2
left_child=6 2 9 4 5 -4 15 -5 -3 19 -10 12 -8 -13 20 17 18 -1 -17 -2 23 -9 -20 -11 -16 -26
right_child=1 8 3 7 -6 -7 11 21 10 14 -12 13 -14 -15 24 16 -18 -19 22 -21 -22 -23 -24 -25 25 -27
leaf_value=0.0067848160352377857 0 -1.4157706411594682e-08 3.9334081585309749e-10 -1.466232467327866e-08 -6.2526975272125226e-09 0 0 0 0 0 0 1.4181122767080392e-06 0 0 0 -5.1125849935170959e-05 1.6015018955739083e-10 -0.0004119297744681849 -0.00066122156525769496 0 0 0 -7.7975085084312884e-05 0 0 0
leaf_weight=4638.9998448491096 1484.6999794244766 784.99999350309372 91.499999284744263 93.699999332427979 400.69999486207962 167.89999741315842 105.49999845027924 539.09999233484268 227.09999763965607 789.99999111890793 160.49999785423279 257.79999822378159 124.89999806880951 117.99999862909317 205.39999896287918 192.19999825954437 1925.3999899029732 131.3999964594841 113.79999911785126 527.59999114274979 373.89999455213547 115.59999948740005 130.99999976158142 272.49999588727951 107.8999992609024 473.2999951839447
leaf_count=3608 1869 870 105 113 501 219 141 667 261 930 187 310 157 148 232 204 2050 126 124 708 483 130 128 349 121 563
internal_value=-0.00280194 -0.00592504 -0.00690423 -0.00460556 -0.00243249 -0.00557758 -5.08678e-05 -0.00651839 -0.00121071 -0.00766786 -0.00324155 -0.00231561 -0.00414549 -0.00118805 -0.00700738 0.000141717 -0.000348215 0.000384442 -0.00224427 -0.00839511 -0.00748592 -0.00727005 -0.00361853 -0.00711006 -0.00612824 -0.00655012
internal_weight=14555.4 6816.4 5643.8 1408.5 660.1 259.4 7739 748.4 1172.6 4235.3 387.6 606.2 230.4 375.8 2223 7132.8 2362.4 4770.4 437 2012.3 1436.4 654.7 244.8 1062.5 786.6 581.2
internal_count=15304 8308 6990 1735 825 324 6996 910 1318 5255 448 756 298 458 2678 6240 2506 3734 456 2577 1762 797 252 1279 916 684
is_linear=0
shrinkage=0.0103578


Tree=73
num_leaves=27
num_cat=0
split_feature=30 30 29 11 29 29 30 30 29 30 30 11 11 29 30 30 29 29 29 1 11 30 30 2 30 13
split_gain=1121.37 281.302 112.416 55.0023 47.01 47.8774 30.6621 23.1999 19.7878 16.3434 14.8089 13.5398 11.5757 7.60792 7.49576 7.46874 17.2168 14.214 12.4079 7.37371 6.94882 5.83589 5.57375 4.44576 3.5836 3.04633
threshold=-79.408752441406236 -78.68517684936522 35.906902313232429 16.453472137451175 35.981050491333015 35.975336074829109 -82.058330535888658 -79.118217468261705 41.408981323242195 -79.125286102294908 -80.748550415039048 15.627083301544191 15.954166889190676 41.317014694213874 -78.769439697265611 -117.08349990844725 38.308649063110359 39.747600555419929 36.504644393920906 27.642559051513675 15.057639122009279 -78.910125732421861 -79.188957214355455 1.854930102825165 -79.089889526367173 79.308334350585952
decision_type=2 2 2 2 2 2 2 2 2 2 2 2 2 2 2 2 2 2 2 2 2 2 2 2 2 2
left_child=6 2 9 4 5 -4 15 -5 -3 22 11 -8 -10 -12 25 17 18 -1 -17 21 -20 23 -2 -11 -6 -9
right_child=1 8 3 7 24 -7 10 14 12 19 13 -13 -14 -15 -16 16 -18 -19 20 -21 -22 -23 -24 -25 -26 -27
leaf_value=0.0067145400223610893 0 -1.4011063208165389e-08 3.8926665612698869e-10 -1.4510454716570906e-08 -0.00052834112058808193 0 0 0 0 0 -4.5899873357123216e-05 0 0 0 0 -5.0596296757941708e-05 1.5849138013277446e-10 -0.00040744150468828241 -0.00067764354686769568 0 -6.7558004122741583e-05 0 0 0 3.5222275974860383e-10 0
leaf_weight=4541.1998494267464 1377.8999817967415 814.09999287128448 91.799998998641968 91.099999308586121 80.999998927116394 161.1999973654747 103.19999831914902 88.699998676776886 192.1999979019165 1174.699987590313 255.99999845027924 122.09999811649323 154.39999806880951 119.19999867677689 128.09999984502792 213.99999785423279 1955.3999891281128 146.99999624490738 93.499999046325684 134.29999959468842 142.09999990463257 497.69999307394028 635.69998955726624 356.39999520778656 336.49999594688416 437.19999450445175
leaf_count=3536 1733 907 108 109 104 212 140 107 224 1377 302 153 182 148 139 226 2086 140 105 145 139 633 849 448 411 540
internal_value=-0.00275859 -0.00583859 -0.00680164 -0.00427561 -0.00211974 -0.00563748 -5.48894e-05 -0.00621198 -0.0011972 -0.00765698 -0.00230112 -0.00439754 -0.00326784 -0.00103641 -0.00689385 0.000135383 -0.000333738 0.000376138 -0.00216006 -0.00702375 -0.00379721 -0.00718088 -0.00833484 -0.00685311 1.57164e-05 -0.007446
internal_weight=14446.7 6753 5592.3 1415.6 670.5 253 7693.7 745.1 1160.7 4176.7 600.5 225.3 346.6 375.2 654 7093.2 2405 4688.2 449.6 2163.1 235.6 2028.8 2013.6 1531.1 417.5 525.9
internal_count=15203 8228 6915 1730 835 320 6975 895 1313 5185 743 293 406 450 786 6232 2556 3676 470 2603 244 2458 2582 1825 515 647
is_linear=0
shrinkage=0.0103578


Tree=74
num_leaves=27
num_cat=0
split_feature=30 30 29 11 29 30 30 29 30 30 30 11 1 30 11 30 29 29 11 29 30 7 30 29 2 2
split_gain=1162.1 269.766 111.301 55.8478 44.7294 50.0717 31.4469 25.6472 25.5123 18.7723 17.5876 13.7903 11.9442 8.77277 8.25857 8.1822 15.5962 14.7342 8.84386 7.82468 5.09735 5.79055 5.04358 4.79016 4.40191 4.0777
threshold=-79.408752441406236 -78.68517684936522 35.906902313232429 16.670139312744144 35.981050491333015 -78.84649276733397 -82.058330535888658 41.408981323242195 -79.118217468261705 -80.748550415039048 -79.125286102294908 15.954166889190676 24.708929061889652 -78.769439697265611 15.24722194671631 -117.08349990844725 38.365810394287116 39.747600555419929 11.884027481079103 41.317014694213874 -78.96700286865233 0.74375000596046459 -78.910125732421861 36.504644393920906 1.4698369503021242 -2.0565476417541499
decision_type=2 2 2 2 2 2 2 2 2 2 2 2 2 2 2 2 2 2 2 2 2 2 2 2 2 2
left_child=6 2 10 4 5 -4 15 -3 -5 14 -2 -9 22 -10 -8 17 18 -1 -17 -11 21 24 25 -20 -14 -12
right_child=1 7 3 8 -6 -7 9 11 13 19 12 -13 20 -15 -16 16 -18 -19 23 -21 -22 -23 -24 -25 -26 -27
leaf_value=0.0066449919169118297 0 -1.3865938911011364e-08 3.8523469587981742e-10 -1.4360157803992534e-08 0 0 0 0 0 1.8858461117006799e-06 0 0 0 0 0 -0.00064416017288549906 1.5511980238891474e-10 -0.00040535787706246445 4.9452164285618153e-06 0 0 0 0 -0.00011098097704154196 0 0
leaf_weight=4541.4998490810394 2000.9999704957008 762.49999344348907 94.499999046325684 90.899999260902405 440.4999948143959 179.39999723434448 107.29999822378159 204.49999749660492 526.89999276399612 261.99999809265137 336.29999613761902 165.89999771118164 328.49999845027924 117.09999990463257 126.89999800920486 142.29999804496765 1895.9999892711639 143.59999620914459 136.99999862909317 120.69999861717224 285.89999681711197 85.499998867511749 359.59999448060989 219.49999952316284 171.99999845027924 665.49999088048935
leaf_count=3533 2560 849 111 109 543 234 147 239 649 316 393 195 357 129 159 161 2028 136 138 149 345 107 468 217 200 819
internal_value=-0.00281828 -0.00593254 -0.00685244 -0.00437137 -0.00230548 -0.00558765 -5.99067e-05 -0.00131603 -0.00637573 -0.00230173 -0.00770086 -0.00354988 -0.00706125 -0.00710044 -0.00460827 0.000135542 -0.000356823 0.000387318 -0.0019854 -0.000884379 -0.00610054 -0.00552989 -0.00767342 -0.00110911 -0.00509005 -0.00727851
internal_weight=14513.3 6816.5 5683.6 1449.3 714.4 273.9 7696.8 1132.9 734.9 616.9 4234.3 370.4 2233.3 644 234.2 7079.9 2394.8 4685.1 498.8 382.7 871.9 586 1361.4 356.5 500.5 1001.8
internal_count=15291 8307 7024 1775 888 345 6984 1283 887 771 5249 434 2689 778 306 6213 2544 3669 516 465 1009 664 1680 355 557 1212
is_linear=0
shrinkage=0.0103578


Tree=75
num_leaves=27
num_cat=0
split_feature=30 30 29 11 30 29 30 30 29 30 30 1 11 11 30 30 29 29 29 29 8 30 1 30 5 4
split_gain=1158.19 280.815 112.046 56.1667 44.9984 48.7415 28.3576 26.0827 21.6108 19.0804 13.133 12.9749 11.9856 9.64323 7.74461 7.56765 14.7468 11.8494 11.1136 7.56476 7.0294 5.77142 5.12194 5.06168 5.00562 4.6969
threshold=-79.408752441406236 -78.68517684936522 35.906902313232429 16.453472137451175 -78.84649276733397 36.020755767822273 -82.058330535888658 -79.118217468261705 41.408981323242195 -79.125286102294908 -80.748550415039048 18.306249618530277 16.670139312744144 15.627083301544191 -78.769439697265611 -117.08349990844725 38.308649063110359 39.747600555419929 36.361949920654304 41.317014694213874 2.5000000000000004 -78.882755279541001 22.9970235824585 -79.188957214355455 0.45042283833026892 2.6797916889190678
decision_type=2 2 2 2 2 2 2 2 2 2 2 2 2 2 2 2 2 2 2 2 2 2 2 2 2 2
left_child=6 2 9 4 -4 -6 15 -5 -3 23 13 -11 -10 -8 -9 17 18 -1 -17 -12 25 24 -20 -2 -22 -13
right_child=1 8 3 7 5 -7 10 14 12 11 19 20 -14 -15 -16 16 -18 -19 22 -21 21 -23 -24 -25 -26 -27
leaf_value=0.0065761641793441348 0 -1.3722317787550266e-08 6.1116150914530335e-11 -1.4211417642210183e-08 0 2.7667661957163295e-10 0 0 0 0 -4.5443983274121696e-05 0 0 0 0 -4.340012307345955e-05 1.5612462133931776e-10 -0.00040115924658521026 -0.00065042837612530678 0 0 0 -7.614250288173974e-05 0 0 0
leaf_weight=4585.199846804142 1400.9999806284904 809.39999347925186 403.29999476671219 93.699999213218689 161.19999742507935 93.399999260902405 105.39999830722809 568.4999925494194 252.89999735355377 640.69999021291733 273.69999802112579 291.39999771118164 131.49999797344208 116.79999798536301 112.3999999165535 216.59999758005142 1917.299989938736 145.89999604225159 89.099999248981476 115.59999865293503 338.99999696016312 169.79999828338623 141.19999980926514 647.39998912811279 244.29999887943268 487.99999350309372
leaf_count=3566 1764 904 499 111 212 110 142 697 289 811 327 330 155 148 124 224 2047 137 99 144 390 212 138 864 273 602
internal_value=-0.00278609 -0.00588557 -0.00684931 -0.00434267 -0.00211358 -0.0055177 -3.17417e-05 -0.00623246 -0.00131965 -0.00769908 -0.00217092 -0.0070154 -0.00334007 -0.00417766 -0.00693719 0.00015272 -0.000325655 0.000391871 -0.00201881 -0.00102005 -0.00648964 -0.00575986 -0.00360016 -0.00842208 -0.00525628 -0.00718956
internal_weight=14554.7 6847.9 5654.1 1432.5 657.9 254.6 7706.8 774.6 1193.8 4221.6 611.5 2173.2 384.4 222.2 680.9 7095.3 2364.2 4731.1 446.9 389.3 1532.5 753.1 230.3 2048.4 583.3 779.4
internal_count=15319 8347 6999 1753 821 322 6972 932 1348 5246 761 2618 444 290 821 6211 2508 3703 461 471 1807 875 237 2628 663 932
is_linear=0
shrinkage=0.0103578


Tree=76
num_leaves=27
num_cat=0
split_feature=30 30 29 11 29 30 30 30 29 30 30 1 11 30 30 29 29 29 29 11 8 30 30 10 11 3
split_gain=1131.2 277.71 112.717 55.4846 44.9065 41.1818 27.327 25.3667 20.2986 18.8328 14.3458 10.927 10.4078 9.05687 8.80152 16.5741 14.5672 14.0532 8.71141 8.62172 6.90407 5.71875 4.92873 4.05817 3.71539 3.35088
threshold=-79.408752441406236 -78.68517684936522 35.906902313232429 16.453472137451175 35.981050491333015 -78.84649276733397 -82.058330535888658 -79.118217468261705 41.408981323242195 -79.125286102294908 -80.748550415039048 24.514881134033207 15.954166889190676 -78.769439697265611 -117.08349990844725 38.308649063110359 36.504644393920906 39.747600555419929 41.317014694213874 15.627083301544191 1.5000000000000002 -78.910125732421861 -79.26528167724608 19.993055343627933 15.741666793823244 1.8760417103767397
decision_type=2 2 2 2 2 2 2 2 2 2 2 2 2 2 2 2 2 2 2 2 2 2 2 2 2 2
left_child=6 2 9 4 5 -4 14 -5 -3 22 19 21 -10 25 17 16 -16 -1 -12 -8 -13 23 -2 -11 -18 -9
right_child=1 8 3 7 -6 -7 10 13 12 11 18 20 -14 -15 15 -17 24 -19 -20 -21 -22 -23 -24 -25 -26 -27
leaf_value=0.0065080493482055088 0 -1.3580184268155263e-08 3.8061146693832039e-10 -1.4064218106654156e-08 5.825037981938e-11 0 0 0 0 0 2.3370141599149655e-06 0 0 0 -3.8610608496634358e-05 1.5189598364185881e-10 -0.00064369134557082255 -0.00039493781646036648 0 0 0 0 0 0 -6.49200550377083e-05 0
leaf_weight=4617.7998452782631 492.69999349117279 799.89999330043793 77.39999920129776 97.499999225139618 406.6999951004982 152.19999766349792 101.89999830722809 110.39999914169312 218.19999742507935 95.599999368190765 264.39999812841415 391.09999573230743 159.8999981880188 119.79999989271164 219.69999760389328 1937.4999893903732 90.499999403953552 135.49999624490738 115.59999871253967 114.2999981045723 508.69999676942825 335.99999475479126 1518.7999772429466 885.89998835325241 124.89999961853027 434.29999357461929
leaf_count=3590 597 891 92 117 503 198 139 128 250 112 312 463 187 130 229 2069 101 129 144 145 577 438 1978 1073 125 541
internal_value=-0.0027599 -0.00583864 -0.00679595 -0.00424308 -0.00198164 -0.00563775 -4.64793e-05 -0.00612803 -0.00126431 -0.0076393 -0.00217564 -0.00697348 -0.00324013 -0.00685159 0.00013176 -0.000383337 -0.00220877 0.000388973 -0.000959649 -0.00430285 -0.00607952 -0.00758083 -0.00837085 -0.00716545 -0.00411928 -0.00742216
internal_weight=14527.2 6805.1 5627.1 1398.3 636.3 229.6 7722.1 762 1178 4228.8 596.2 2217.3 378.1 664.5 7125.9 2372.6 435.1 4753.3 380 216.2 899.8 1317.5 2011.5 981.5 215.4 544.7
internal_count=15258 8275 6947 1709 793 290 6983 916 1328 5238 740 2663 437 799 6243 2524 455 3719 456 284 1040 1623 2575 1185 226 669
is_linear=0
shrinkage=0.0103578


Tree=77
num_leaves=27
num_cat=0
split_feature=30 30 29 11 29 30 30 29 30 30 30 11 1 11 30 29 29 29 30 29 0 30 29 7 30 10
split_gain=1131.61 283.105 104.397 59.2849 54.5368 46.0848 30.1458 22.2588 21.2031 18.4838 16.8879 14.1358 11.048 9.24982 8.45118 13.2869 12.7133 12.6931 8.17992 8.07567 5.85627 5.62162 4.66133 4.61963 4.4514 4.31005
threshold=-79.408752441406236 -78.68517684936522 35.906902313232429 16.453472137451175 35.981050491333015 -78.84649276733397 -82.058330535888658 41.408981323242195 -79.118217468261705 -79.125286102294908 -80.748550415039048 16.670139312744144 24.405357360839847 15.627083301544191 -117.08349990844725 38.308649063110359 36.361949920654304 39.747600555419929 -78.769439697265611 41.317014694213874 23.779861450195316 -78.799945831298814 35.857364654541023 0.33958333730697637 -79.192516326904283 22.312500000000004
decision_type=2 2 2 2 2 2 2 2 2 2 2 2 2 2 2 2 2 2 2 2 2 2 2 2 2 2
left_child=6 2 9 4 5 -4 14 -3 -5 24 13 -9 22 -8 17 16 -16 -1 -10 -12 -18 23 25 -14 -2 -11
right_child=1 7 3 8 -6 -7 10 11 18 12 19 -13 21 -15 15 -17 20 -19 -20 -21 -22 -23 -24 -25 -26 -27
leaf_value=0.0064406400393279637 0 -1.333647463525145e-08 3.7666915572270932e-10 -1.3918543239770421e-08 5.9879771946060795e-11 0 0 0 0 0 2.3128077501402234e-06 0 0 0 -3.8210686139743006e-05 1.4940547651337931e-10 -0.0006505482404509901 -0.00039276213132257185 0 0 -7.3019649400861414e-05 0 0 0 0 0
leaf_weight=4719.8998430967331 1381.4999816417694 792.69999355077744 81.299999296665192 91.099999248981476 421.8999952673912 171.59999722242355 113.49999815225601 246.49999749660492 547.09999245405197 81.399999499320984 267.09999811649323 124.7999981045723 516.09999710321426 122.09999805688858 228.1999973654747 1922.9999889731407 101.69999903440475 128.89999669790268 128.49999982118607 113.79999876022339 124.09999984502792 102.59999847412109 548.49999213218689 288.29999721050262 677.49998915195465 634.99999213218689
leaf_count=3675 1731 885 95 109 519 224 155 281 671 94 315 150 581 153 240 2064 113 123 141 142 121 128 689 339 903 774
internal_value=-0.00273087 -0.0058109 -0.00676566 -0.00435472 -0.00211215 -0.00590961 -4.56217e-05 -0.00115677 -0.00632491 -0.00758629 -0.00224313 -0.00324757 -0.00691215 -0.00441999 0.000141971 -0.000363807 -0.0019564 0.000390017 -0.00695733 -0.000890996 -0.00369575 -0.00602604 -0.00754422 -0.00572393 -0.0082951 -0.00696968
internal_weight=14678.7 6836.4 5672.4 1441.5 674.8 252.9 7842.3 1164 766.7 4230.9 616.5 371.3 2171.9 235.6 7225.8 2377 454 4848.8 675.6 380.9 225.8 907 1264.9 804.4 2059 716.4
internal_count=15415 8314 6998 1759 838 319 7101 1316 921 5239 765 431 2605 308 6336 2538 474 3798 812 457 234 1048 1557 920 2634 868
is_linear=0
shrinkage=0.0103578


Tree=78
num_leaves=27
num_cat=0
split_feature=30 30 30 30 30 30 11 2 11 11 11 5 10 30 1 30 6 6 2 5 6 1 1 30 6 1
split_gain=1154.71 269.301 28.83 23.2569 16.7161 13.3682 11.924 10.3021 10.2826 8.82493 19.3521 9.22433 6.93713 6.78507 6.27841 4.62232 4.44149 3.70124 3.57867 3.45258 3.41874 3.32651 4.24607 3.25404 3.16954 3.66463
threshold=-79.408752441406236 -78.68517684936522 -82.058330535888658 -79.125286102294908 -75.049243927001939 -80.748550415039048 15.627083301544191 1.6892727613449099 15.954166889190676 16.670139312744144 5.1069443225860605 0.49936333298683172 65.159721374511733 -117.08349990844725 24.376487731933597 -122.19300079345702 1.2604166865348818 1.2604166865348818 4.6905150413513192 0.36073566973209387 0.49791666865348821 15.999702453613283 23.491964340209964 -79.298500061035142 0.33125001192092901 26.041070938110355
decision_type=2 2 2 2 2 2 2 2 2 2 2 2 2 2 2 2 2 2 2 2 2 2 2 2 2 2
left_child=2 3 13 23 -3 6 -4 9 -6 10 19 12 -12 15 -11 -1 18 20 21 -5 -13 -9 -23 -2 25 -16
right_child=1 4 5 7 8 -7 -8 16 -10 14 11 17 -14 -15 24 -17 -18 -19 -20 -21 -22 22 -24 -25 -26 -27
leaf_value=-2.5079566750387348e-05 -1.3702479374751408e-08 -1.3198337616011868e-08 0 0 0 0 0 0 0 0 0 0 0 -1.8807688266103457e-05 0 0.0063739289450275094 0 0 0 0 0 0 0 0 0 0
leaf_weight=151.49999535083771 188.49999743700027 905.29999232292175 110.69999814033508 117.9999988079071 117.59999865293503 392.69999653100967 107.59999823570251 82.599998474121094 129.3999981880188 472.79999387264252 356.89999574422836 95.299999237060547 106.09999877214432 2391.7999864816666 106.89999938011169 4576.899846971035 203.89999639987946 123.49999886751175 192.99999696016312 311.69999545812607 129.29999840259552 131.49999809265137 295.69999730587006 2049.9999707341194 597.39999490976334 89.100000083446503
leaf_count=133 227 1011 151 142 134 473 134 110 154 576 427 107 133 2534 123 3569 271 151 248 397 153 163 349 2630 692 97
internal_value=-0.00277081 -0.00588242 -3.18827e-05 -0.00681276 -0.00131751 -0.00219005 -0.0042424 -0.00627056 -0.0037031 -0.00592295 -0.00529269 -0.00434396 -0.00530462 0.000153415 -0.00653759 0.000380847 -0.00722694 -0.00305846 -0.00681699 -0.00707445 -0.00385161 -0.00633747 -0.00594688 -0.00763762 -0.00595913 -0.0047719
internal_weight=14535.7 6804.5 7731.2 5652.2 1152.3 611 218.3 3413.7 247 2507 1240.8 811.1 463 7120.2 1266.2 4728.4 906.7 348.1 702.8 429.7 224.6 509.8 427.2 2238.5 793.4 196
internal_count=15289 8295 6994 6996 1299 758 285 4139 288 2998 1510 971 560 6236 1488 3702 1141 411 870 539 260 622 512 2857 912 220
is_linear=0
shrinkage=0.0103578


Tree=79
num_leaves=27
num_cat=0
split_feature=30 30 29 30 29 0 30 30 30 30 30 0 1 29 6 30 29 29 29 1 30 30 7 10 2 12
split_gain=1131.42 320.265 115.59 40.5549 53.4919 62.2723 27.1072 22.8378 22.7083 19.9785 11.1279 10.9094 9.45928 8.68215 6.60886 5.11113 17.6921 12.8947 7.32183 7.54497 4.95838 3.83329 4.05562 3.57982 3.33107 3.28222
threshold=-79.298500061035142 -78.68517684936522 35.906902313232429 -79.118217468261705 36.020755767822273 20.486804962158207 -82.058330535888658 -80.748550415039048 -79.125286102294908 -75.049243927001939 -78.920314788818345 19.202083587646488 24.708929061889652 41.317014694213874 0.57291665673255932 -117.08349990844725 38.365810394287116 39.747600555419929 36.361949920654304 22.415178298950199 -78.910125732421861 -78.876529693603501 0.17708332836627963 19.993055343627933 0.25161749124526983 -0.3104166686534881
decision_type=2 2 2 2 2 2 2 2 2 2 2 2 2 2 2 2 2 2 2 2 2 2 2 2 2 2
left_child=6 2 8 -4 -5 -6 15 11 -2 -3 24 -8 20 -9 -11 17 18 -1 -17 -20 23 22 -14 -10 25 -7
right_child=1 9 3 4 5 10 7 13 12 14 -12 -13 21 -15 -16 16 -18 -19 19 -21 -22 -23 -24 -25 -26 -27
leaf_value=0.0063079088333119525 0 -1.2986854856551974e-08 3.7276767832076592e-10 0 7.1897874539258395e-11 0 0 -1.3631547235537772e-08 0 0 0 0 0 0 0 -4.196008237212631e-05 1.9495745873320526e-07 -0.000452799061172623 -0.00061617967704461385 -7.2905919030996576e-05 0 0 0 0 0 0
leaf_weight=4598.9998466968536 1886.6999722719193 912.39999204874039 184.29999828338623 334.99999487400055 320.69999605417252 85.099998712539673 95.899998486042023 433.29999560117722 103.19999921321869 89.399998605251312 171.69999951124191 125.79999792575836 331.4999977350235 128.49999850988388 141.89999812841415 200.89999753236771 1868.2999889850616 145.39999598264694 92.299999237060547 195.89999955892563 353.29999482631683 172.19999796152115 339.09999710321426 918.79998809099197 223.19999694824219 83.599999368190765
leaf_count=3580 2439 1020 219 428 391 105 131 519 120 106 189 158 371 163 165 213 2001 136 103 191 461 210 397 1114 280 96
internal_value=-0.00267438 -0.00582026 -0.00685577 -0.00428633 -0.00497056 -0.0036304 -2.022e-05 -0.00184793 -0.00773354 -0.000831641 -0.00570209 -0.00465889 -0.00701607 -0.000734325 -0.00354666 0.000181492 -0.00021256 0.00037738 -0.00196519 -0.00302196 -0.00755227 -0.00613609 -0.00576606 -0.00717008 -0.00666822 -0.00551492
internal_weight=14537.4 6652.1 5508.4 1403.6 1219.3 884.3 7885.3 783.5 4104.8 1143.7 563.6 221.7 2218.1 561.8 231.3 7101.8 2357.4 4744.4 489.1 288.2 1375.3 842.8 670.6 1022 391.9 168.7
internal_count=15306 8111 6820 1708 1489 1061 7195 971 5112 1291 670 289 2673 682 271 6224 2508 3716 507 294 1695 978 768 1234 481 201
is_linear=0
shrinkage=0.0103578


Tree=80
num_leaves=27
num_cat=0
split_feature=30 30 29 11 29 29 30 30 30 30 30 30 11 29 11 29 30 1 30 29 29 29 11 2 30 0
split_gain=1146.07 311.352 124.928 49.7054 52.5124 48.2016 27.2196 24.106 21.2476 20.0007 18.01 9.92358 9.49691 8.90342 8.75548 8.35692 7.81482 7.47025 4.85827 15.9872 10.3274 9.24761 5.26176 4.84537 2.99089 2.8396
threshold=-79.298500061035142 -78.68517684936522 35.906902313232429 16.453472137451175 35.981050491333015 35.975336074829109 -79.118217468261705 -82.058330535888658 -75.049243927001939 -79.125286102294908 -80.748550415039048 -78.943847656249986 16.049304962158207 35.016698837280281 15.627083301544191 41.317014694213874 -78.769439697265611 24.581845283508304 -117.08349990844725 38.308649063110359 39.747600555419929 36.361949920654304 15.475694656372072 2.6775621175765996 -79.022460937499986 24.379861831665043
decision_type=2 2 2 2 2 2 2 2 2 2 2 2 2 2 2 2 2 2 2 2 2 2 2 2 2 2
left_child=7 2 9 4 5 -4 -5 18 -3 -2 14 13 -10 -11 -9 -12 25 23 20 21 -1 -20 -23 -15 -19 -8
right_child=1 8 3 6 -6 -7 16 10 12 11 15 -13 -14 17 -16 -17 -18 24 19 -21 -22 22 -24 -25 -26 -27
leaf_value=0.0062425725470968869 0 -1.3030163991747966e-08 3.6890661178253836e-10 -5.3686111697627586e-09 5.9259547078875059e-11 0 0 0 0 0 -1.3419358005496872e-08 0 0 0 0 0 0 0 -4.1525466713606482e-05 1.9293639136725249e-07 -0.00044826031499828453 -0.00061948464977307856 -6.2374943552876317e-05 0 0 0
leaf_weight=4687.3998438119888 1849.8999726772308 921.99999213218689 90.099999248981476 85.999999523162842 407.89999479055405 170.39999723434448 266.19999706745148 112.59999805688858 127.09999841451645 103.09999889135361 438.89999562501907 659.69999080896378 123.69999831914902 717.49999123811722 113.99999815225601 122.29999858140945 117.59999984502792 346.79999661445618 212.79999768733978 1953.8999889492989 155.09999561309814 93.799999177455902 127.49999940395355 150.6999973654747 200.69999939203262 264.19999611377716
leaf_count=3648 2393 1036 105 98 505 224 318 154 145 123 521 829 149 861 142 153 128 402 222 2081 143 104 123 197 217 332
internal_value=-0.00261939 -0.00581458 -0.00685966 -0.00419373 -0.0021466 -0.00577408 -0.00605422 1.22379e-05 -0.000973838 -0.00778692 -0.00170758 -0.00710687 -0.00364341 -0.00663668 -0.00416878 -0.000709849 -0.00678036 -0.00685181 0.000199798 -0.000182387 0.000388353 -0.00197913 -0.00345909 -0.00745808 -0.00588292 -0.00731998
internal_weight=14621.9 6603.6 5430.8 1402.4 668.4 260.5 734 8018.3 1172.8 4028.4 787.8 2178.5 250.8 1518.8 226.6 561.2 648 1415.7 7230.5 2388 4842.5 434.1 221.3 868.2 547.5 530.4
internal_count=15353 8062 6732 1710 834 329 876 7291 1330 5022 970 2629 294 1800 296 674 778 1677 6321 2530 3791 449 227 1058 619 650
is_linear=0
shrinkage=0.0103578


Tree=81
num_leaves=27
num_cat=0
split_feature=30 30 29 11 30 29 30 30 30 30 30 11 13 11 29 8 2 30 30 29 29 11 29 30 30 30
split_gain=1114.18 305.721 109.61 52.5937 50.1721 49.3298 27.7096 25.7159 21.2622 19.9314 18.5231 10.626 10.2149 9.63992 9.34495 8.01371 6.39539 5.22806 5.07217 14.8298 14.1643 7.78734 6.53011 4.12449 4.12315 3.98557
threshold=-79.298500061035142 -78.68517684936522 35.906902313232429 16.453472137451175 -78.84649276733397 36.020755767822273 -82.058330535888658 -79.11110687255858 -75.049243927001939 -80.748550415039048 -79.125286102294908 15.475694656372072 83.289581298828139 15.954166889190676 41.317014694213874 1.5000000000000002 -0.73486027121543873 -78.769439697265611 -117.08349990844725 38.376905441284187 39.747600555419929 15.152083396911623 36.361949920654304 -78.882755279541001 -78.943847656249986 -79.178325653076158
decision_type=2 2 2 2 2 2 2 2 2 2 2 2 2 2 2 2 2 2 2 2 2 2 2 2 2 2
left_child=6 2 10 4 -4 -6 18 -5 -3 11 25 -8 16 -10 -11 -14 24 -9 20 21 -1 22 -20 -17 -12 -2
right_child=1 8 3 7 5 -7 9 17 13 14 12 -13 15 -15 -16 23 -18 -19 19 -21 -22 -23 -24 -25 -26 -27
leaf_value=0.0061779130034298165 0 -1.2718276815306475e-08 5.8645746399246709e-11 -5.2249962071934654e-09 0 3.4312664317361739e-10 0 0 0 -1.3351358391039702e-08 0 0 0 0 0 0 0 0 -4.2809039970097608e-05 1.9093889894359813e-07 -0.00044361730809797621 -6.0829250293273192e-05 -0.00060435019606744182 0 0 0
leaf_weight=4567.7998465299606 1322.9999823570251 893.9999925494194 391.5999950170517 115.39999920129776 173.0999972820282 91.299999237060547 122.59999799728394 497.39999312162399 132.6999985575676 434.69999581575394 328.09999626874924 123.6999979019165 558.59999370574951 124.69999819993973 119.49999856948853 590.09999620914459 452.19999259710312 119.09999960660934 100.59999841451645 1807.899990260601 135.2999963760376 315.29999941587448 124.59999918937683 145.59999847412109 131.89999788999557 537.09999108314514
leaf_count=3552 1676 1002 484 132 227 109 166 614 153 517 385 155 674 149 151 665 584 133 108 1927 129 311 134 178 167 721
internal_value=-0.00265748 -0.00579215 -0.00681584 -0.00429888 -0.00216537 -0.00564629 -1.99957e-05 -0.00620741 -0.000941307 -0.00184556 -0.00767403 -0.00429408 -0.00702469 -0.00356104 -0.000753347 -0.00642207 -0.00787475 -0.00704717 0.000187318 -0.000205657 0.000383633 -0.00171016 -0.00317935 -0.0056972 -0.00698427 -0.0084417
internal_weight=14457.9 6605.9 5454.5 1387.9 656 264.4 7852 731.9 1151.4 800.5 4066.6 246.3 2206.5 257.4 554.2 1294.3 912.2 616.5 7051.5 2348.4 4703.1 540.5 225.2 735.7 460 1860.1
internal_count=15203 8053 6749 1699 820 336 7150 879 1304 989 5050 321 2653 302 668 1517 1136 747 6161 2480 3681 553 242 843 552 2397
is_linear=0
shrinkage=0.0103578


Tree=82
num_leaves=27
num_cat=0
split_feature=30 29 30 11 30 29 30 30 30 30 30 1 11 29 30 30 30 3 30 29 29 11 29 30 29 30
split_gain=1122.46 310.783 88.7479 56.958 70.4237 22.9858 73.7532 22.319 21.7585 19.0811 14.4086 10.084 9.25682 7.37541 6.32308 6.2021 5.08762 5.22291 4.67852 17.4451 12.6593 9.68785 9.36072 4.12767 3.43361 3.307
threshold=-79.298500061035142 35.981050491333015 -78.68517684936522 16.453472137451175 -78.807968139648423 35.906902313232429 -79.042778015136705 -75.049243927001939 -82.058330535888658 -79.125286102294908 -80.748550415039048 24.864880561828617 15.24722194671631 41.317014694213874 -75.317043304443345 -78.910125732421861 -79.093429565429673 2.0122221708297734 -117.08349990844725 38.365810394287116 39.747600555419929 13.474305629730226 36.20991516113282 -79.192516326904283 37.118564605712898 -78.876529693603501
decision_type=2 2 2 2 2 2 2 2 2 2 2 2 2 2 2 2 2 2 2 2 2 2 2 2 2 2
left_child=8 2 5 14 16 9 -7 -6 18 23 12 15 -10 -12 -3 -11 -5 -18 20 21 -1 22 -20 -2 -23 -13
right_child=1 3 -4 4 7 6 -8 -9 10 11 13 25 -14 -15 -16 -17 17 -19 19 -21 -22 24 -24 -25 -26 -27
leaf_value=0.0061139231927223071 0 5.2858956829544821e-11 2.470729754483219e-09 -5.3441947556224688e-09 0 3.6447809450616796e-10 0 0 0 0 -1.3213067208296203e-08 0 0 0 -4.7837002463905303e-05 0 0 0 -4.2365630947870202e-05 1.8896200395388521e-07 -0.00043902239270243645 7.8289106874359069e-06 -0.00064743212800362439 0 -7.0874642612265835e-05 0
leaf_weight=4586.3998476862907 1208.8999838829041 716.79999244213104 170.99999803304672 94.399998784065247 445.19999808073044 156.29999876022339 284.09999597072601 114.9999982714653 110.49999833106995 1036.8999872803688 435.3999959230423 674.39999502897263 112.19999825954437 122.19999867677689 193.29999804496765 344.89999455213547 104.99999922513962 260.49999588727951 91.399998426437378 1928.4999903440475 141.59999620914459 132.29999923706055 87.599998831748962 689.09998852014542 194.5999995470047 155.79999816417694
leaf_count=3572 1525 852 202 116 470 183 359 138 149 1253 518 774 140 152 225 449 120 333 98 2053 134 131 100 917 192 190
internal_value=-0.00261907 -0.00575783 -0.00718931 -0.00225502 -0.00393497 -0.00746457 -0.00519902 -0.00146565 9.64208e-06 -0.00770648 -0.00163213 -0.00704527 -0.00385632 -0.000740036 -0.00037027 -0.00759375 -0.00693641 -0.00749771 0.000188677 -0.000180103 0.000378645 -0.001891 -0.00382488 -0.00847452 -0.000826001 -0.00612729
internal_weight=14594.3 6651.6 4721.4 1930.2 1020.1 4550.4 440.4 560.2 7942.7 4110 780.3 2212 222.7 557.6 910.1 1381.8 459.9 365.5 7162.4 2434.4 4728 505.9 179 1898 326.9 830.2
internal_count=15345 8106 5852 2254 1177 5650 542 608 7239 5108 959 2666 289 670 1077 1702 569 453 6280 2574 3706 521 198 2442 323 964
is_linear=0
shrinkage=0.0103578


Tree=83
num_leaves=27
num_cat=0
split_feature=30 30 30 30 30 2 11 1 11 11 30 0 11 10 9 30 11 30 30 10 0 12 12 30 10 30
split_gain=1086.74 314.981 31.3104 26.6145 18.0073 11.3653 11.0791 7.47995 6.98919 11.6549 6.76073 7.91044 8.50182 6.7962 6.72516 6.42309 6.96623 4.99902 5.83647 3.68098 4.67707 4.16034 3.474 2.89321 2.82788 2.75587
threshold=-79.298500061035142 -78.68517684936522 -79.125286102294908 -82.058330535888658 -80.748550415039048 -1.2053183317184446 15.24722194671631 15.133928298950197 3.4576388597488408 16.670139312744144 -79.093429565429673 20.395138740539554 12.317360877990724 84.409721374511733 264.45140075683599 -75.202808380126939 16.453472137451175 -117.08349990844725 -97.264274597167955 45.576387405395515 19.468750000000004 -0.097916666418313966 -3.6729166507720943 -79.311107635498033 71.222225189208999 -79.199592590332017
decision_type=2 2 2 2 2 2 2 2 2 2 2 2 2 2 2 2 2 2 2 2 2 2 2 2 2 2
left_child=3 2 25 17 6 8 -5 -7 -4 19 14 12 -12 22 -9 -3 -17 -1 -19 20 -10 24 -13 -6 -21 -2
right_child=1 15 5 4 23 7 -8 10 9 -11 11 13 -14 -15 -16 16 -18 18 -20 21 -22 -23 -24 -25 -26 -27
leaf_value=0.0060505961779900898 0 -1.2584282429344065e-08 0 0 -1.3077110400353453e-08 0 0 0 0 0 0 0 0 0 0 -4.7341512369384069e-05 0 -0.00057553739821092126 1.8009195324918358e-07 0 0 0 0 6.9726684893721368e-10 0 0
leaf_weight=4759.8998414874077 1141.2999845743179 805.99999278783798 239.49999696016312 111.89999812841415 419.99999576807022 333.19999462366104 124.29999798536301 167.59999758005142 159.69999825954437 332.39999681711197 146.69999778270721 379.79999530315399 119.79999828338623 128.89999777078629 98.399998724460602 151.59999793767929 153.99999850988388 609.7999946475029 1758.9999924302101 112.6999990940094 88.899999260902405 91.399998724460602 965.09999173879623 148.69999778270721 87.19999897480011 937.99998658895493
leaf_count=3725 1451 898 299 153 514 438 157 200 185 390 185 466 152 167 116 178 180 614 1904 131 105 112 1127 175 104 1212
internal_value=-0.002578 -0.00566879 -0.00667992 9.84243e-06 -0.00177478 -0.00607149 -0.00417562 -0.00648446 -0.00519927 -0.00476016 -0.0062396 -0.00647723 -0.00480663 -0.00677707 -0.00467285 -0.000636831 -0.00191412 0.000211528 -0.000177133 -0.00381116 -0.00474434 -0.00300565 -0.00655138 -0.000773732 -0.0038423 -0.00768767
internal_weight=14575.8 6642.2 5530.6 7933.6 804.9 3451.3 236.2 2339.5 1111.8 872.3 2006.3 1740.3 266.5 1473.8 266 1111.6 305.6 7128.7 2368.8 539.9 248.6 291.3 1344.9 568.7 199.9 2079.3
internal_count=15338 8096 6840 7242 999 4177 310 2851 1326 1027 2413 2097 337 1760 316 1256 358 6243 2518 637 290 347 1593 689 235 2663
is_linear=0
shrinkage=0.0103578


Tree=84
num_leaves=27
num_cat=0
split_feature=30 29 30 11 30 30 30 29 30 30 30 30 11 13 30 30 29 29 11 7 30 30 2 29 30 6
split_gain=1102.46 364.98 106.142 50.9977 37.6073 32.9157 22.0282 21.7343 79.0471 16.9614 13.6443 27.4388 13.7054 8.73699 5.41104 4.63223 17.0165 12.9337 9.22129 4.44516 4.34953 4.14335 3.99295 3.45527 3.45019 3.37732
threshold=-79.298500061035142 36.020755767822273 -78.68517684936522 16.453472137451175 -78.807968139648423 -79.093429565429673 -75.049243927001939 35.906902313232429 -79.042778015136705 -79.125286102294908 -82.058330535888658 -80.748550415039048 15.24722194671631 105.94166564941408 -79.01998138427733 -117.08349990844725 38.365810394287116 39.747600555419929 11.884027481079103 0.27291667461395269 -78.882755279541001 -77.269069671630845 -3.746260285377502 36.504644393920906 -79.178325653076158 0.093750000000000014
decision_type=2 2 2 2 2 2 2 2 2 2 2 2 2 2 2 2 2 2 2 2 2 2 2 2 2 2
left_child=10 2 7 -3 5 -5 21 9 -9 24 15 12 -12 20 -7 17 18 -1 -17 -15 22 -6 -11 -20 -2 -24
right_child=1 3 -4 4 6 14 -8 8 -10 13 11 -13 -14 19 -16 16 -18 -19 23 -21 -22 -23 25 -25 -26 -27
leaf_value=0.0059879250941010454 0 -6.6582211171778672e-09 2.575484276096827e-09 -5.2035300265043033e-09 -4.1363869885151108e-09 0 0 3.6070289011893627e-10 0 0 0 1.3545056698844075e-10 0 0 0 -0.00059032028128648323 1.8514028510499646e-07 -0.00050158263438298157 7.7458684987802271e-06 0 0 6.6826600037384229e-10 0 -7.0142400039051954e-05 0 0
leaf_weight=4638.1998455524445 1337.6999818086624 910.79999029636383 201.29999786615372 98.599998772144318 125.29999995231628 233.39999687671661 110.19999831914902 159.79999887943268 311.89999538660049 158.89999848604202 114.09999811649323 550.49999433755875 116.99999803304672 453.19999676942825 121.29999852180481 156.49999737739563 1897.2999908924103 134.49999636411667 132.19999891519547 285.0999967455864 304.49999529123306 317.69999802112579 103.29999881982803 219.60000020265579 543.29999095201492 866.49998807907104
leaf_count=3610 1697 1086 235 118 135 294 132 184 399 181 155 663 148 518 139 175 2027 127 134 339 399 329 123 218 729 1061
internal_value=-0.0025401 -0.00565529 -0.00720169 -0.00184269 -0.00344896 -0.00565955 -0.00163288 -0.0075291 -0.00540791 -0.00777511 5.9794e-05 -0.00123922 -0.00422976 -0.00714337 -0.00712913 0.000201381 -0.000169086 0.000388195 -0.00185115 -0.00620943 -0.00762154 -0.00059801 -0.00730953 -0.000916224 -0.00850182 -0.00756551
internal_weight=14602.7 6642.8 4725.5 1917.3 1006.5 453.3 553.2 4524.2 471.7 4052.5 7959.9 781.6 231.1 2171.5 354.7 7178.3 2405.6 4772.7 508.3 738.3 1433.2 443 1128.7 351.8 1881 969.8
internal_count=15355 8098 5865 2233 1147 551 596 5630 583 5047 7257 966 303 2621 433 6291 2554 3737 527 857 1764 464 1365 352 2426 1184
is_linear=0
shrinkage=0.0103578


Tree=85
num_leaves=27
num_cat=0
split_feature=30 29 30 11 30 30 30 29 29 30 30 30 11 1 30 30 29 29 11 3 10 6 2 7 30 30
split_gain=1078.13 378.9 96.2753 39.8219 49.7328 32.8309 24.2573 18.568 82.6811 22.0138 15.3343 30.1559 13.365 8.8271 5.53378 5.63223 16.8981 9.84005 8.24361 4.92063 4.88899 4.29764 4.91607 4.20403 3.88811 3.02217
threshold=-79.298500061035142 36.020755767822273 -78.68517684936522 16.453472137451175 -78.807968139648423 -79.093429565429673 -75.049243927001939 35.906902313232429 35.975336074829109 -79.125286102294908 -82.058330535888658 -80.748550415039048 15.627083301544191 24.405357360839847 -122.19300079345702 -117.08349990844725 38.365810394287116 36.504644393920906 14.184027671813967 2.0122221708297734 19.409722328186039 0.043750001117587096 -1.6983566284179685 0.75624999403953563 -78.970527648925767 -79.178325653076158
decision_type=2 2 2 2 2 2 2 2 2 2 2 2 2 2 2 2 2 2 2 2 2 2 2 2 2 2
left_child=10 2 7 -3 5 -5 -6 9 -9 25 14 12 -12 20 -1 -16 17 -17 -19 -7 -11 -22 -23 24 -15 -2
right_child=1 3 -4 4 6 19 -8 8 -10 13 11 -13 -14 23 15 16 -18 18 -20 -21 21 22 -24 -25 -26 -27
leaf_value=-6.1812070350603622e-05 0 -1.2564702665811633e-08 2.5377060446771638e-09 -5.1496327150300249e-09 4.2844018726249899e-11 0 0 3.5696678868022256e-10 0 0 0 1.3404759220763642e-10 0 0 0.0059259031470309661 -2.3797381402284771e-05 1.8322175079059251e-07 -0.00061173802114502455 -6.941587655149595e-05 0 0 0 0 0 0 0
leaf_weight=149.3999952673912 1306.1999821662903 903.09999012947083 191.89999783039093 94.999998688697815 448.29999786615372 98.999999344348907 105.49999845027924 169.19999873638153 323.99999493360519 108.69999915361404 120.89999800920486 567.49999397993088 121.29999798536301 521.89999657869339 4645.0998452305794 220.59999752044678 1939.1999896764755 92.099999189376831 171.09999978542328 244.49999606609344 83.799998879432678 401.39999520778656 683.39998960494995 110.19999849796295 283.79999721050262 539.99999099969864
leaf_count=134 1656 1069 225 116 473 112 125 194 416 129 163 685 153 585 3619 228 2074 103 169 307 98 482 870 138 336 726
internal_value=-0.00249554 -0.00558981 -0.00715927 -0.00167656 -0.00310823 -0.00571208 -0.001042 -0.00746347 -0.00554845 -0.00769637 5.6409e-05 -0.00129461 -0.00434975 -0.00698779 0.000208122 0.000249931 -0.000154751 -0.00188544 -0.00323573 -0.00720044 -0.00755191 -0.00775114 -0.0079296 -0.00619644 -0.00592455 -0.00853549
internal_weight=14647.1 6619.9 4724.5 1895.4 992.3 438.5 553.8 4532.6 493.2 4039.4 8027.2 809.7 242.2 2193.2 7217.5 7068.1 2423 483.8 263.2 343.5 1277.3 1168.6 1084.8 915.9 805.7 1846.2
internal_count=15385 8057 5855 2202 1133 535 598 5630 610 5020 7328 1001 316 2638 6327 6193 2574 500 272 419 1579 1450 1352 1059 921 2382
is_linear=0
shrinkage=0.0103578


Tree=86
num_leaves=27
num_cat=0
split_feature=29 29 11 11 29 29 29 29 29 29 29 29 1 7 6 29 2 29 12 5 6 4 0 29 11 4
split_gain=928.209 370.382 53.8362 44.3971 35.061 29.3327 72.2198 26.0838 22.161 16.4844 13.1217 12.855 13.3418 8.37132 6.7553 5.42741 5.32948 5.19691 5.05549 4.70019 4.64107 4.11534 3.77273 3.71042 5.77185 3.61989
threshold=36.020755767822273 35.633329391479499 14.838194370269777 16.372917175292972 37.60169982910157 35.906902313232429 35.975336074829109 34.162609100341804 40.784446716308601 36.361949920654304 35.61804389953614 35.725976943969734 24.466369628906254 0.15625000000000003 0.95624998211860668 35.652334213256843 -1.3465450406074522 38.308649063110359 5.4083333015441903 0.40456041693687445 0.24374999850988391 2.6797916889190678 6.5298612117767343 35.038000106811531 21.567361831665043 3.029583334922791
decision_type=2 2 2 2 2 2 2 2 2 2 2 2 2 2 2 2 2 2 2 2 2 2 2 2 2 2
left_child=1 2 18 17 9 11 -7 -4 -6 13 23 15 16 -5 -15 -3 22 -2 -1 -14 -10 -18 -13 24 -9 -22
right_child=3 5 7 4 8 6 -8 10 20 -11 -12 12 19 14 -16 -17 21 -19 -20 -21 25 -23 -24 -25 -26 -27
leaf_value=0 7.4501423778358749e-06 0 7.8836455151198789e-07 0 1.5724074949299039e-07 3.5326938516809252e-10 0 0 0 -5.8021426547853922e-05 0 0 0 0 0 0 0 -8.9480327478563774e-06 0 0 0 0 0 0 0 0
leaf_weight=975.6999728679657 3924.3998785614967 450.89999395608902 123.79999846220016 166.49999868869781 1124.8999969959259 178.99999850988388 343.39999479055405 87.499998986721039 86.699999034404755 156.89999836683273 100.29999923706055 84.599998652935028 217.39999794960022 106.09999883174896 167.99999922513962 1550.0999764204025 87.699999094009399 2423.099964261055 110.59999763965607 287.49999940395355 188.09999763965607 529.59999150037766 352.99999642372131 406.79999560117722 85.599999070167542 312.49999606609344
leaf_count=877 3192 555 120 189 1145 206 434 99 99 187 115 110 256 125 192 2011 101 2663 120 313 217 680 404 480 104 373
internal_value=-0.00253467 -0.00567522 -0.00188352 -0.000367402 -0.00159687 -0.00742996 -0.00512457 -0.0039144 -0.0008421 -0.00375619 -0.00470978 -0.0077672 -0.00705076 -0.00272182 -0.00383344 -0.0083233 -0.00771847 8.0007e-05 -0.000378763 -0.00564778 -0.0024719 -0.00835501 -0.00680991 -0.00530795 -0.00400223 -0.00285478
internal_weight=14630.7 5973.5 1890.3 8657.2 2309.7 4083.2 522.4 804 1712.2 597.5 680.2 3560.8 1559.8 440.6 274.1 2001 1054.9 6347.5 1086.3 504.9 587.3 617.3 437.6 579.9 173.1 500.6
internal_count=15367 6985 1915 8382 2527 5070 640 918 1834 693 798 4430 1864 506 317 2566 1295 5855 997 569 689 781 514 683 203 590
is_linear=0
shrinkage=0.0103578


Tree=87
num_leaves=27
num_cat=0
split_feature=30 29 30 11 29 30 30 30 30 30 29 1 30 29 29 29 1 30 30 11 10 7 29 29 29 6
split_gain=1058.67 445.125 107.303 20.3119 19.0494 79.4025 20.1325 16.7735 28.9646 16.5658 18.8297 12.982 8.37278 13.6468 6.63166 14.5491 11.6358 8.14313 8.56763 27.3458 5.60696 4.69019 3.80633 3.75373 9.98795 3.45551
threshold=-79.298500061035142 36.020755767822273 -78.68517684936522 16.049304962158207 35.906902313232429 -79.042778015136705 -79.125286102294908 -78.876529693603501 -75.049243927001939 -79.093429565429673 36.314949035644538 24.466369628906254 -117.08349990844725 39.747600555419929 38.376905441284187 36.361949920654304 21.659225463867191 -82.058330535888658 -80.748550415039048 16.372917175292972 20.548610687255863 0.27291667461395269 36.504644393920906 38.94049263000489 36.170999526977546 0.052083333954215057
decision_type=2 2 2 2 2 2 2 2 2 2 2 2 2 2 2 2 2 2 2 2 2 2 2 2 2 2
left_child=12 2 4 23 6 -6 -2 9 -9 -5 -11 20 13 -1 15 -14 -17 -16 19 -19 -8 -13 -12 24 -3 -22
right_child=1 3 -4 7 5 -7 11 8 -10 10 22 21 14 -15 17 16 -18 18 -20 -21 25 -23 -24 -25 -26 -27
leaf_value=0.0058644464457729088 0 1.219933564057019e-06 2.5225226884933508e-09 -5.0962936630775236e-09 3.4961027875576283e-10 0 0 0 0 0 -7.6910755433005576e-08 0 6.8725325537661337e-10 -0.00055323769547531692 1.8140840289406438e-07 -0.00062835444186059143 -6.8698506949112407e-05 9.2682257167112614e-08 -1.4573125172252244e-08 0 0 0 -8.5405913461926049e-09 9.3549083558154911e-08 -0.00052355910018418294 0
leaf_weight=4674.4998436570168 1882.6999723911285 171.3999981880188 204.3999981880188 103.19999861717224 156.39999860525131 318.29999512434006 128.09999924898148 520.29999786615372 118.09999817609787 161.49999791383743 80.399998903274536 534.59999710321426 436.49999487400055 124.6999968290329 1887.6999896168709 90.799998879432678 231.80000013113022 121.49999803304672 332.59999644756317 95.099998295307159 88.499998986721039 363.09999620914459 85.499998688697815 541.19999355077744 95.799998998641968 1064.1999846696854
leaf_count=3637 2433 206 240 128 182 407 149 553 143 197 102 608 477 121 2013 102 228 165 416 121 105 429 105 628 118 1332
internal_value=-0.00242342 -0.00548761 -0.00717803 -0.0012183 -0.0075088 -0.00552742 -0.00773949 -0.00215481 -0.00108673 -0.00373385 -0.00487276 -0.00705411 0.000112985 0.000386537 -0.000297652 -0.00114265 -0.00280861 -3.40564e-05 -0.0011436 -0.00274388 -0.00772953 -0.00608572 -0.00240576 2.02217e-05 -0.000982505 -0.00796214
internal_weight=14612.9 6617.7 4740.3 1877.4 4535.9 474.7 4061.2 1069 638.4 430.6 327.4 2178.5 7995.2 4799.2 3196 759.1 322.6 2436.9 549.2 216.6 1280.8 897.7 165.9 808.4 267.2 1152.7
internal_count=15345 8065 5885 2180 5645 589 5056 1228 696 532 404 2623 7280 3758 3522 807 330 2715 702 286 1586 1037 207 952 324 1437
is_linear=0
shrinkage=0.0103578


Tree=88
num_leaves=27
num_cat=0
split_feature=30 29 30 29 30 29 29 11 30 29 30 1 30 30 29 30 9 29 29 11 30 30 11 2 29 29
split_gain=1009.24 479.008 106.818 19.2573 55.3025 28.811 17.8149 13.3868 14.3491 17.4697 22.5534 12.7072 11.3795 8.05542 15.6395 7.4545 6.81478 5.27785 12.4791 10.5935 9.06672 10.0296 32.2089 4.8924 4.49424 10.4611
threshold=-79.298500061035142 36.020755767822273 -78.68517684936522 35.725976943969734 -79.132404327392564 35.906902313232429 35.633329391479499 16.605555534362797 -75.049243927001939 36.20991516113282 -78.769439697265611 24.034225463867191 -79.070907592773423 -117.08349990844725 39.747600555419929 -78.943847656249986 276.71528625488287 38.376905441284187 36.361949920654304 15.152083396911623 -82.058330535888658 -80.748550415039048 16.372917175292972 -1.737241208553314 39.747600555419929 36.20991516113282
decision_type=2 2 2 2 2 2 2 2 2 2 2 2 2 2 2 2 2 2 2 2 2 2 2 2 2 2
left_child=13 2 3 6 5 -5 16 24 9 10 12 15 -9 14 -1 23 -2 18 -15 -20 -19 22 -22 -6 25 -3
right_child=1 7 -4 4 11 -7 -8 8 -10 -11 -12 -13 -14 17 -16 -17 -18 20 19 -21 21 -23 -24 -25 -26 -27
leaf_value=0.0058037034703116164 0 6.1380549593499253e-07 2.4963948117730935e-09 0 0 3.459890727681484e-10 0 0 0 -6.6694836771608596e-09 4.2400247399797151e-11 0 0 6.8013479875618918e-10 -0.00054927109381113111 0 0 1.7952940437862749e-07 -0.00059066792387750403 -5.6708882238337527e-05 9.1722269532327903e-08 -1.4421277151974423e-08 0 0 9.2580117477631609e-08 -0.00051813616080378369
leaf_weight=4624.8998450040817 447.29999428987503 218.09999734163284 205.09999781847 95.199999213218689 251.39999753236771 160.39999860525131 1942.7999714016914 107.39999890327454 102.69999849796295 501.69999516010284 114.39999979734421 620.89999568462372 106.39999848604202 455.6999951004982 144.59999603033066 479.5999920964241 155.39999902248383 1819.2999910116196 113.09999918937683 205.99999988079071 122.49999809265137 352.99999642372131 91.699998378753662 400.29999440908432 613.59999281167984 100.19999927282333
leaf_count=3597 547 265 241 114 290 188 2504 128 123 573 116 715 130 493 138 626 180 1953 123 202 167 440 117 497 718 120
internal_value=-0.00238429 -0.00536889 -0.00711241 -0.00744174 -0.00667551 -0.00216642 -0.00804434 -0.000918201 -0.00179514 -0.00134033 -0.00319617 -0.00733211 -0.00517823 0.000108261 0.000377034 -0.00799161 -0.00646991 -0.000297102 -0.00103956 -0.0026085 -5.56901e-05 -0.00119856 -0.00296359 -0.00724711 -3.95928e-05 -0.00103766
internal_weight=14553.7 6622.9 4758.4 4553.3 2007.8 255.6 2545.5 1864.5 932.6 829.9 328.2 1752.2 213.8 7930.8 4769.5 1131.3 602.7 3161.3 774.8 319.1 2386.5 567.2 214.2 651.7 931.9 318.3
internal_count=15305 8075 5902 5661 2430 302 3231 2173 1070 947 374 2128 258 7230 3735 1413 727 3495 818 325 2677 724 284 787 1103 385
is_linear=0
shrinkage=0.0103578


Tree=89
num_leaves=27
num_cat=0
split_feature=30 29 30 29 30 30 11 30 30 29 30 0 30 29 6 29 29 11 30 30 11 2 30 2 30 30
split_gain=1028.39 474.44 114.154 20.6595 78.9273 18.5828 17.7613 17.9497 20.6709 27.5825 11.1201 9.3541 9.34167 11.0495 5.89766 5.89676 13.0501 9.60133 8.66512 10.0647 32.7197 3.91194 3.75172 4.18728 3.37406 3.01552
threshold=-79.298500061035142 36.020755767822273 -78.68517684936522 35.906902313232429 -79.042778015136705 -79.125286102294908 16.453472137451175 -75.049243927001939 -78.867374420166001 36.20991516113282 -79.070907592773423 23.716667175292972 -117.08349990844725 39.616733551025398 0.093750000000000014 38.376905441284187 36.361949920654304 13.184027671813967 -82.058330535888658 -80.748550415039048 16.372917175292972 1.5789467096328738 -78.78957366943358 1.8141951560974123 -79.178325653076158 -78.89247894287108
decision_type=2 2 2 2 2 2 2 2 2 2 2 2 2 2 2 2 2 2 2 2 2 2 2 2 2 2
left_child=12 2 3 5 -5 24 -3 8 9 10 -8 21 13 -1 -13 16 -14 -18 -17 20 -20 25 23 -16 -2 -7
right_child=1 6 -4 4 -6 11 7 -9 -10 -11 -12 14 15 -15 22 18 17 -19 19 -21 -22 -23 -24 -25 -26 -27
leaf_value=0.0057435896606380949 0 8.6728527032467289e-08 2.4705375633191436e-09 3.4240537463885955e-10 0 0 0 0 4.1961072584036825e-11 -4.9744256690784853e-09 0 0 6.7309007394315985e-10 -0.00054181809006963405 0 1.7766986822196059e-07 -0.00059285247236144937 -6.6562155609701899e-05 9.0772225292181047e-08 -1.4271903925999395e-08 0 0 0 0 0 0
leaf_weight=4551.8998480439186 1335.0999816656113 878.99999052286148 208.99999785423279 157.79999876022339 301.89999532699585 671.49999189376831 104.3999987244606 102.79999852180481 463.99999797344208 191.19999718666077 103.29999840259552 126.39999949932098 447.99999511241913 151.99999570846558 600.6999951004982 1838.1999903321266 92.799999177455902 236.99999976158142 126.29999786615372 350.79999673366547 93.499998211860657 271.39999544620514 94.099998533725739 227.29999727010727 539.89999103546143 207.89999693632126
leaf_count=3541 1695 1034 242 182 387 795 126 122 490 240 129 140 490 140 697 1976 102 234 173 438 121 356 121 277 729 269
internal_value=-0.00242038 -0.00544138 -0.00717474 -0.00751971 -0.00542063 -0.00775565 -0.000983568 -0.00195281 -0.00146244 -0.00318966 -0.00579765 -0.00710211 0.000101969 0.000395325 -0.00638052 -0.000330931 -0.00111473 -0.00267654 -7.74649e-05 -0.00119197 -0.00292683 -0.00775573 -0.00667108 -0.00643496 -0.00851963 -0.00740012
internal_weight=14478.2 6587.7 4743 4534 459.7 4074.3 1844.7 965.7 862.9 398.9 207.7 2199.3 7890.5 4703.9 1048.5 3186.6 777.8 329.8 2408.8 570.6 219.8 1150.8 922.1 828 1875 879.4
internal_count=15246 8031 5890 5648 569 5079 2141 1107 985 495 255 2655 7215 3681 1235 3534 826 336 2708 732 294 1420 1095 974 2424 1064
is_linear=0
shrinkage=0.0103578


Tree=90
num_leaves=27
num_cat=0
split_feature=30 29 30 29 30 30 11 30 30 29 30 1 30 29 30 29 29 11 30 30 11 29 3 2 29 29
split_gain=1016.24 460.84 94.9691 19.9964 79.116 22.2311 17.1439 15.2261 24.1204 33.4376 12.7141 12.0774 7.511 10.6603 5.43092 5.39031 12.4916 10.0606 8.96684 8.58696 28.1527 5.22445 5.08453 5.02672 4.48828 4.38433
threshold=-79.298500061035142 35.981050491333015 -78.68517684936522 35.906902313232429 -79.042778015136705 -79.125286102294908 16.453472137451175 -75.049243927001939 -78.867374420166001 36.20991516113282 -79.074466705322251 25.100893020629886 -117.08349990844725 39.747600555419929 -78.910125732421861 38.376905441284187 36.361949920654304 15.152083396911623 -82.058330535888658 -80.748550415039048 16.372917175292972 35.514999389648445 2.8193750381469731 1.6892727613449099 40.405790328979499 39.747600555419929
decision_type=2 2 2 2 2 2 2 2 2 2 2 2 2 2 2 2 2 2 2 2 2 2 2 2 2 2
left_child=12 2 3 5 -5 -2 25 8 9 10 -8 14 13 -1 21 16 -14 -18 -17 20 -20 22 -7 -23 -21 -3
right_child=1 6 -4 4 -6 11 7 -9 -10 -11 -12 -13 15 -15 -16 18 17 -19 19 24 -22 23 -24 -25 -26 -27
leaf_value=0.0056840984999561939 0 -6.7931974457463367e-05 2.4449481400082589e-09 3.3885879586764496e-10 0 0 0 0 4.1526446669064251e-11 -8.1894335665586361e-10 0 0 6.6611831723554433e-10 -0.00053605475474831192 0 1.7582959283614022e-07 -0.0005591796229702581 -5.633168483860967e-05 8.9832021454619487e-08 -4.4970229076756538e-05 0 0 0 0 5.8080446064875394e-10 9.0722867915513872e-08
leaf_weight=4566.8998478651047 1859.9999728798866 329.79999673366547 187.29999822378159 159.2999986410141 286.09999561309814 106.29999905824661 93.69999897480011 109.4999982714653 488.09999769926071 193.89999717473984 143.19999778270721 761.99999403953552 442.29999500513077 137.69999623298645 340.4999948143959 1864.1999900341034 112.49999934434891 203.19999974966049 116.7999981045723 95.899998605251312 89.999998331069946 683.49999207258224 83.399998843669891 213.89999657869339 274.99999779462814 555.6999939084053
leaf_count=3555 2396 398 221 187 363 123 113 131 513 241 176 876 489 129 443 1996 123 200 160 129 116 807 106 279 334 653
internal_value=-0.00238275 -0.00538424 -0.00713445 -0.00743553 -0.00533467 -0.00766571 -0.00110134 -0.00201063 -0.00157276 -0.00335729 -0.00596321 -0.00695142 0.000122097 0.000385437 -0.00751856 -0.000264942 -0.00102763 -0.00259953 -2.78376e-05 -0.00115486 -0.00284308 -0.00714609 -0.00553499 -0.00748248 -0.000209527 -4.42378e-05
internal_weight=14500.7 6596.2 4682.3 4495 445.4 4049.6 1913.9 1028.4 918.9 430.8 236.9 2189.6 7904.5 4704.6 1427.6 3199.9 758 315.7 2441.9 577.7 206.8 1087.1 189.7 897.4 370.9 885.5
internal_count=15257 8026 5801 5580 550 5030 2225 1174 1043 530 289 2634 7231 3684 1758 3547 812 323 2735 739 276 1315 229 1086 463 1051
is_linear=0
shrinkage=0.0103578


Tree=91
num_leaves=27
num_cat=0
split_feature=30 29 30 29 30 30 11 30 30 29 30 1 30 29 29 29 11 30 30 11 2 30 6 6 30 29
split_gain=1036.69 469.191 110.157 20.0969 76.5205 21.7458 18.756 16.6683 18.8141 23.6684 15.7556 10.3374 6.66788 13.8644 5.59657 9.86551 13.2942 6.62237 10.1487 29.3367 5.0282 4.09524 3.7467 3.68399 3.23009 2.78969
threshold=-79.298500061035142 36.020755767822273 -78.68517684936522 35.906902313232429 -79.042778015136705 -79.125286102294908 16.453472137451175 -75.049243927001939 -78.867374420166001 36.20991516113282 -79.089889526367173 24.405357360839847 -117.08349990844725 39.747600555419929 38.376905441284187 36.361949920654304 14.936110973358156 -82.058330535888658 -80.748550415039048 16.372917175292972 -1.3465450406074522 -78.779132843017564 0.068750001490116133 0.36875000596046453 -79.188957214355455 39.09523010253907
decision_type=2 2 2 2 2 2 2 2 2 2 2 2 2 2 2 2 2 2 2 2 2 2 2 2 2 2
left_child=12 2 3 5 -5 24 25 8 9 10 -8 20 13 -1 15 -14 -17 -16 19 -19 -7 23 -22 -13 -2 -3
right_child=1 6 -4 4 -6 11 7 -9 -10 -11 -12 21 14 -15 17 16 -18 18 -20 -21 22 -23 -24 -25 -26 -27
leaf_value=0.0056252235389696748 0 -5.2303885715200561e-05 2.4196237677514874e-09 3.3534895197827534e-10 0 0 0 0 -4.1137778396134289e-09 -4.9144189018887103e-09 0 0 6.5921877284166177e-10 -0.00052862426245259308 1.7400837872125761e-07 -0.00058091991266559007 -5.4613789617783506e-05 8.8901556094365507e-08 5.7478858320367539e-10 0 0 0 0 0 0 8.9783175313573189e-08
leaf_weight=4647.0998451709747 1224.8999831676483 293.59999698400497 208.09999781847 154.19999873638153 310.19999539852142 532.79999363422394 80.499999046325684 106.99999821186066 457.39999729394913 190.2999974489212 143.49999815225601 217.79999905824661 441.89999485015869 149.09999579191208 1866.4999904632568 109.39999914169312 208.3999999165535 127.19999796152115 355.09999686479568 91.399998426437378 76.999998986721039 86.99999874830246 655.69999027252197 582.09999471902847 632.19998925924301 585.69999343156815
leaf_count=3615 1555 356 245 178 396 636 97 130 492 237 175 242 479 141 1999 120 204 172 439 116 92 110 841 673 842 683
internal_value=-0.00235645 -0.00541484 -0.00716236 -0.00750498 -0.00544748 -0.00774238 -0.00101016 -0.00199616 -0.00151965 -0.00311694 -0.00539459 -0.00702659 0.000145154 0.000389478 -0.000220927 -0.000996923 -0.00238702 2.0664e-05 -0.000951871 -0.00270466 -0.00763449 -0.00615441 -0.00820732 -0.00591041 -0.00856935 8.73998e-05
internal_weight=14536.1 6540 4682 4473.9 464.4 4009.5 1858 978.7 871.7 414.3 224 2152.4 7996.1 4796.2 3199.9 759.7 317.8 2440.2 573.7 218.6 1265.5 886.9 732.7 799.9 1857.1 879.3
internal_count=15265 7980 5810 5565 574 4991 2170 1131 1001 509 272 2594 7285 3756 3529 803 324 2726 727 288 1569 1025 933 915 2397 1039
is_linear=0
shrinkage=0.0103578


Tree=92
num_leaves=27
num_cat=0
split_feature=30 29 30 29 30 30 30 30 29 30 1 30 0 8 30 29 29 29 30 30 0 10 1 30 6 30
split_gain=1046.31 485.957 116.477 21.4916 77.922 22.6672 12.3314 9.9411 9.01148 12.2117 8.6433 8.62006 9.56079 7.33171 7.15025 14.1078 7.19329 18.0635 5.70572 9.77263 22.5608 4.17249 4.14751 3.74482 3.03229 2.72328
threshold=-79.298500061035142 36.020755767822273 -78.68517684936522 35.906902313232429 -79.042778015136705 -79.125286102294908 -79.04628753662108 -78.882755279541001 36.20991516113282 -79.089889526367173 24.405357360839847 -75.049243927001939 20.288194656372074 2.5000000000000004 -117.08349990844725 39.747600555419929 38.308649063110359 36.361949920654304 -82.058330535888658 -80.748550415039048 21.727083206176761 20.548610687255863 22.837797164916996 -79.188957214355455 1.1479166746139529 -101.70369720458983
decision_type=2 2 2 2 2 2 2 2 2 2 2 2 2 2 2 2 2 2 2 2 2 2 2 2 2 2
left_child=14 2 3 5 -5 23 8 10 9 -3 21 -8 -13 -12 15 -1 17 25 -18 20 -20 -7 -19 -2 -23 -16
right_child=1 6 -4 4 -6 7 11 -9 -10 -11 13 12 -14 -15 16 -17 18 22 19 -21 -22 24 -24 -25 -26 -27
leaf_value=0.0055669583951830498 0 0 2.3945617011934357e-09 3.3187546247686308e-10 0 0 0 0 -4.1192004162323814e-05 0 0 1.0740289601047314e-06 0 0 -2.9604597337099973e-05 -0.00052495668757307468 1.7220602844379137e-07 -0.00056660024932230749 0 5.6883501723153859e-10 0 0 -6.5560962808925417e-05 0 0 6.5239069279819788e-10
leaf_weight=4615.9998467564583 1246.2999828457832 100.49999862909317 219.39999788999557 157.2999986410141 301.49999541044235 109.8999992609024 1214.0999890565872 481.29999315738678 169.49999809265137 154.79999804496765 377.8999964594841 104.89999920129776 141.99999785423279 351.99999821186066 97.199998021125793 146.69999587535858 1935.4999911785126 87.799998998641968 133.9999977350235 360.49999648332596 81.49999862909317 596.09999233484268 144.99999964237213 643.29998910427094 321.39999514818192 340.29999709129333
leaf_count=3594 1587 125 252 183 383 127 1383 617 213 190 445 117 170 388 106 139 2061 98 182 453 103 719 144 865 402 373
internal_value=-0.00241999 -0.00543716 -0.00718533 -0.00753793 -0.00539393 -0.00777534 -0.000980505 -0.0070632 -0.00253291 -0.00376049 -0.00669418 -0.000528033 -0.00229009 -0.00581603 0.000121743 0.000375745 -0.000258328 -0.00121114 -3.64635e-06 -0.000908282 -0.00265023 -0.00731409 -0.00353829 -0.00861641 -0.00754763 2.91855e-05
internal_weight=14636.7 6692.2 4806.4 4587 458.8 4128.2 1885.8 2238.6 424.8 255.3 1757.3 1461 246.9 729.9 7944.5 4762.7 3181.8 670.3 2511.5 576 215.5 1027.4 232.8 1889.6 917.5 437.5
internal_count=15419 8166 5968 5716 566 5150 2198 2698 528 315 2081 1670 287 833 7253 3733 3520 721 2799 738 285 1248 242 2452 1121 479
is_linear=0
shrinkage=0.0103578


Tree=93
num_leaves=27
num_cat=0
split_feature=29 29 11 29 29 29 11 29 29 29 29 1 12 7 29 29 29 10 29 11 0 10 29 11 6 29
split_gain=999.294 359.558 58.9461 33.9889 78.1891 30.118 19.5853 18.3834 17.6067 11.4281 8.66914 10.5362 7.18635 6.50524 6.24212 5.20907 4.17332 3.86857 3.73479 3.09466 4.32928 4.66757 3.13848 3.03448 2.97173 2.64658
threshold=36.020755767822273 35.633329391479499 15.152083396911623 35.906902313232429 35.975336074829109 34.162609100341804 16.372917175292972 36.20991516113282 40.93249702453614 35.61804389953614 35.725976943969734 24.034225463867191 5.4895834922790536 0.28541666269302374 35.692842483520515 41.799581527709968 35.857364654541023 65.159721374511733 36.112329483032234 22.438194274902347 26.90555572509766 83.506942749023452 35.514999389648445 3.4576388597488408 0.71875000000000011 35.652334213256843
decision_type=2 2 2 2 2 2 2 2 2 2 2 2 2 2 2 2 2 2 2 2 2 2 2 2 2 2
left_child=1 2 12 10 -5 -4 -2 13 -9 19 14 16 -1 -8 25 17 23 24 -15 20 21 22 -7 -12 -10 -3
right_child=6 3 5 4 -6 9 7 8 15 -11 11 -13 -14 18 -16 -17 -18 -19 -20 -21 -22 -23 -24 -25 -26 -27
leaf_value=0 8.8853234830888231e-08 0 7.8019880065214957e-07 3.2843795081061402e-10 0 0 0 1.6179732846509854e-07 0 0 0 0 0 0 0 0 0 0 0 0 0 0 0 0 0 0
leaf_weight=1018.3999707102776 6379.7998449802399 440.99999433755875 127.29999858140945 191.49999803304672 327.39999485015869 212.09999769926071 191.59999823570251 1331.2999965548515 99.199999034404755 88.099999248981476 98.499998390674591 587.29999613761902 105.19999766349792 99.999999344348907 616.59998977184296 236.69999629259109 533.29999172687531 132.6999985575676 86.499999225139618 104.49999958276749 87.799998581409454 87.399998664855957 83.89999908208847 292.19999676942825 101.89999878406525 924.89998739957809
leaf_count=908 5912 540 119 223 416 245 222 1389 110 101 127 669 112 112 822 291 675 155 101 119 108 114 99 342 117 1177
internal_value=-0.00235052 -0.00562711 -0.00193296 -0.00738918 -0.00490337 -0.00409783 -0.000107491 -0.000931398 -0.000515992 -0.00498226 -0.00775739 -0.00715243 -0.000407059 -0.00301583 -0.00821618 -0.00203749 -0.00784942 -0.00287066 -0.00439272 -0.00551397 -0.00587745 -0.00538139 -0.00473801 -0.00699469 -0.00195194 -0.00781017
internal_weight=14587.1 5927.4 1914.7 4012.7 518.9 791.1 8659.7 2279.9 1901.8 663.8 3493.8 1511.3 1123.6 378.1 1982.5 570.5 924 333.8 186.5 575.7 471.2 383.4 296 390.7 201.1 1365.9
internal_count=15325 6916 1925 4991 639 905 8409 2497 2062 786 4352 1813 1020 435 2539 673 1144 382 213 685 566 458 344 469 227 1717
is_linear=0
shrinkage=0.0103578


Tree=94
num_leaves=27
num_cat=0
split_feature=30 29 30 29 30 30 11 30 29 30 30 1 30 29 29 29 11 30 30 11 8 30 29 2 1 30
split_gain=1007.8 505.926 106.569 21.0115 85.368 20.2756 15.6925 17.6696 22.3322 25.4175 11.5261 9.60816 7.05748 14.5163 6.1926 17.1876 6.98055 5.4383 9.98487 29.3167 5.05308 3.76881 3.76672 4.69492 2.69804 2.59726
threshold=-79.298500061035142 36.020755767822273 -78.68517684936522 35.906902313232429 -79.042778015136705 -79.125286102294908 16.453472137451175 -75.049243927001939 36.20991516113282 -78.867374420166001 -79.070907592773423 24.708929061889652 -117.08349990844725 39.747600555419929 38.308649063110359 36.361949920654304 15.24722194671631 -82.058330535888658 -80.748550415039048 16.372917175292972 1.5000000000000002 -79.192516326904283 35.112148284912116 1.8900620937347414 27.642559051513675 -78.943847656249986
decision_type=2 2 2 2 2 2 2 2 2 2 2 2 2 2 2 2 2 2 2 2 2 2 2 2 2 2
left_child=12 2 3 5 -5 21 -3 8 9 10 -8 22 13 -1 15 -14 -17 -16 19 -19 -13 -2 -7 25 -22 -24
right_child=1 6 -4 4 -6 11 7 -9 -10 -11 -12 20 14 -15 17 16 -18 18 -20 -21 24 -23 23 -25 -26 -27
leaf_value=0.0055092958318824249 0 8.7604195238123885e-08 2.3697592234146526e-09 3.2503604432700607e-10 0 0 0 -9.5892968861551532e-10 2.6845297809396688e-10 8.3706159404293068e-11 0 0 6.4563333688911957e-10 -0.00052150550494851357 1.7033881395142747e-07 -0.00061063438481145297 -6.4794366813818852e-05 8.7060401093098052e-08 5.62943117320316e-10 0 0 0 0 0 0 0
leaf_weight=4509.9998497366905 1200.6999838352203 906.79998987913132 203.09999781847 166.99999821186066 291.19999533891678 78.299999058246613 104.89999902248383 101.99999856948853 534.49999523162842 120.90000027418137 101.99999839067459 378.99999588727951 446.79999506473541 141.4999960064888 1937.899990439415 94.599999308586121 146.69999957084656 120.69999796152115 347.19999676942825 82.799998462200165 375.99999672174454 673.69998860359192 673.19999194145203 283.79999536275864 97.400000095367432 309.89999562501907
leaf_count=3510 1525 1074 237 198 376 97 125 122 605 125 126 450 484 135 2067 106 143 165 430 106 438 897 800 372 104 391
internal_value=-0.00239737 -0.00537707 -0.00717935 -0.00750839 -0.00538812 -0.00774608 -0.000816845 -0.00173632 -0.00125135 -0.00337734 -0.00557736 -0.00706371 0.000116652 0.000373684 -0.000259574 -0.00112885 -0.00335292 -1.88473e-05 -0.000926762 -0.00274516 -0.00618749 -0.00854351 -0.00761578 -0.00775542 -0.00545221 -0.00739935
internal_weight=14432.6 6604.4 4733.3 4530.2 458.2 4072 1871.1 964.3 862.3 327.8 206.9 2197.6 7828.2 4651.5 3176.7 688.1 241.3 2488.6 550.7 203.5 852.4 1874.4 1345.2 1266.9 473.4 983.1
internal_count=15208 8062 5885 5648 574 5074 2177 1103 981 376 251 2652 7146 3645 3501 733 249 2768 701 271 992 2422 1660 1563 542 1191
is_linear=0
shrinkage=0.0103578


Tree=95
num_leaves=27
num_cat=0
split_feature=29 30 30 29 30 30 29 30 30 11 1 30 29 11 29 7 29 30 10 30 30 30 30 11 29 0
split_gain=1028.21 491.55 109.794 20.4867 68.3665 22.2163 16.0442 16.4617 23.1207 18.1332 12.3142 7.40764 14.4939 22.364 10.6212 5.55248 4.81635 4.3891 4.90193 4.01165 3.7208 2.69739 15.8168 30.6108 2.6953 3.34736
threshold=36.020755767822273 -79.298500061035142 -78.68517684936522 35.906902313232429 -79.042778015136705 -79.125286102294908 36.314949035644538 -78.867374420166001 -79.093429565429673 18.270138740539554 24.466369628906254 -118.89915084838866 38.308649063110359 13.184027671813967 39.747600555419929 0.45625001192092901 36.579669952392585 -78.910125732421861 19.993055343627933 -78.876529693603501 -79.188957214355455 -82.058330535888658 -80.748550415039048 16.372917175292972 40.703229904174812 17.439582824707035
decision_type=2 2 2 2 2 2 2 2 2 2 2 2 2 2 2 2 2 2 2 2 2 2 2 2 2 2
left_child=1 -1 3 5 -5 20 7 8 -2 -10 17 14 13 -13 -8 19 -15 18 -7 -12 -3 -14 23 -23 25 -24
right_child=6 2 -4 4 -6 10 11 -9 9 -11 15 12 21 16 -16 -17 -18 -19 -20 -21 -22 22 24 -25 -26 -27
leaf_value=6.3894597256543035e-10 2.1537723191030502e-10 0 2.3452136456370937e-09 3.2166937423339103e-10 0 0 0.0054522314482923486 8.2839144719502317e-11 0 0 0 -0.00060378624129322762 1.6857445368353586e-07 4.254308672709888e-07 -0.00051075450546116227 0 -6.7414798614511288e-05 0 0 0 0 8.6158643722449686e-08 -4.5205641402020971e-05 0 9.9324366047647519e-12 -1.5659158862476835e-08
leaf_weight=1168.6999704241753 154.79999750852585 1226.4999831914902 209.39999794960022 143.49999910593033 309.39999568462372 87.399999558925629 3828.6998733282089 259.49999916553497 87.999998867511749 142.79999816417694 496.89999717473984 93.199999094009399 1969.2999887466431 157.59999829530716 152.79999572038651 273.79999667406082 175.99999994039536 340.19999474287033 866.59998816251755 136.59999871253967 635.69998931884766 130.1999979019165 92.69999885559082 104.3999981880188 932.09998923540115 403.89999729394913
leaf_count=1037 170 1557 244 165 392 100 2981 287 108 174 557 108 2115 194 142 326 174 442 1056 166 853 178 117 132 1099 463
internal_value=-0.00233466 -0.00567331 -0.00716056 -0.00750045 -0.00539319 -0.00773442 -6.86336e-05 -0.00163957 -0.00299548 -0.0050686 -0.007023 5.74528e-05 -0.000253818 -0.00205814 0.000374911 -0.00608434 -0.000799056 -0.00767777 -0.00729891 -0.00553586 -0.00857283 -4.14219e-05 -0.000348574 -0.00283777 6.08335e-05 -0.000554788
internal_weight=14580.7 5894.7 4726 4516.6 452.9 4063.7 8686 645.1 385.6 230.8 2201.5 8040.9 4059.4 426.8 3981.5 907.3 333.6 1294.2 954 633.5 1862.2 3632.6 1663.3 234.6 1428.7 496.6
internal_count=15337 6895 5858 5614 557 5057 8442 739 452 282 2647 7703 4580 476 3123 1049 368 1598 1156 723 2410 4104 1989 310 1679 580
is_linear=0
shrinkage=0.0103578


Tree=96
num_leaves=27
num_cat=0
split_feature=30 30 30 11 30 11 2 30 11 10 5 0 2 5 30 10 30 30 30 30 13 30 30 11 10 11
split_gain=980.202 372.872 53.3107 17.3159 11.3767 9.97385 9.93947 7.64654 7.50286 7.64693 7.09184 9.14696 5.15954 4.50146 4.4538 3.68789 3.67038 3.60212 3.57089 3.36212 3.24782 2.83535 15.6687 25.5192 2.80374 2.74674
threshold=-79.298500061035142 -78.68517684936522 -79.125286102294908 5.2618055343627939 -79.063835144042955 20.184027671813968 2.0921583175659184 -117.08349990844725 16.829861640930179 74.284721374511733 0.67042431235313427 19.764583587646488 -0.64580744504928578 0.29537253081798559 -78.769439697265611 74.604167938232436 -101.70369720458983 -78.876529693603501 -109.12405014038085 -122.19300079345702 96.924999237060561 -82.058330535888658 -80.748550415039048 16.372917175292972 73.284721374511733 15.954166889190676
decision_type=2 2 2 2 2 2 2 2 2 2 2 2 2 2 2 2 2 2 2 2 2 2 2 2 2 2
left_child=7 2 -2 14 5 10 8 19 9 17 11 -5 -10 -13 24 25 18 -6 -9 -1 -14 -18 23 -23 -4 -8
right_child=1 -3 3 4 6 -7 15 16 12 -11 -12 13 20 -15 -16 -17 21 -19 -20 -21 -22 22 -24 -25 -26 -27
leaf_value=-1.6075993437209782e-05 0 9.8295580537313553e-12 0 0 0 0 0 -1.0820027437131828e-06 0 0 0 0 0 0 0 0 1.4820052077296005e-07 0 -0.00051083304810529485 0.0053957581282381385 0 8.5266226606903636e-08 5.5700936619201843e-10 0 0 0
leaf_weight=135.89999580383301 2058.8999704122543 1166.0999886393547 329.79999494552612 95.599998712539673 415.79999512434006 303.79999697208405 133.59999799728394 124.69999808073044 355.99999624490738 106.09999865293503 81.799998879432678 100.49999868869781 80.799999177455902 192.6999979019165 96.699998617172241 168.49999725818634 2045.9999908804893 164.79999798536301 170.79999792575836 4483.899850666523 486.19999665021896 113.8999981880188 564.89999389648438 105.09999829530716 82.299998939037323 194.4999982714653
leaf_count=119 2645 1313 426 118 486 360 174 115 422 133 100 125 96 229 121 219 2172 202 192 3497 562 155 679 131 99 229
internal_value=-0.00237164 -0.0052998 -0.00643741 -0.00563615 -0.00532196 -0.00423873 -0.00571877 0.000129202 -0.00531748 -0.00448551 -0.00328496 -0.00269261 -0.00593286 -0.00177701 -0.0074063 -0.00701116 -0.000266369 -0.00495339 -0.00136386 0.000396905 -0.00530166 -0.000151369 -0.000680838 -0.00302901 -0.00788519 -0.00633616
internal_weight=14359.7 6614.5 5448.4 3389.5 2880.7 774.4 2106.3 7745.2 1609.7 686.7 470.6 388.8 923 293.2 508.8 496.6 3125.4 580.6 295.5 4619.8 567 2829.9 783.9 219 412.1 328.1
internal_count=15119 8059 6746 4101 3455 932 2523 7060 1901 821 572 472 1080 354 646 622 3444 688 307 3616 658 3137 965 286 525 403
is_linear=0
shrinkage=0.0103578


Tree=97
num_leaves=27
num_cat=0
split_feature=29 30 30 29 30 30 29 30 11 1 30 30 29 11 29 29 30 29 30 6 7 2 30 30 30 11
split_gain=1028.2 507.805 114.378 18.6331 74.2467 19.7056 17.8525 21.1236 28.0961 11.3322 10.3493 6.91736 13.5031 19.7155 9.58764 5.60784 4.79742 4.23671 4.22524 4.3948 4.0409 4.02605 2.91069 2.72376 14.1146 30.2232
threshold=36.020755767822273 -79.298500061035142 -78.68517684936522 35.906902313232429 -79.042778015136705 -79.125286102294908 36.20991516113282 -78.867374420166001 16.453472137451175 24.514881134033207 -79.074466705322251 -118.89915084838866 38.308649063110359 12.461805343627931 39.747600555419929 36.579669952392585 -78.779132843017564 35.741001129150398 -78.910125732421861 0.13125000149011615 0.72708335518836986 -1.2974767088890073 -78.970527648925767 -82.058330535888658 -80.748550415039048 16.372917175292972
decision_type=2 2 2 2 2 2 2 2 2 2 2 2 2 2 2 2 2 2 2 2 2 2 2 2 2 2
left_child=1 -1 3 5 -5 17 7 8 -2 18 -10 14 13 -13 -8 -15 20 -3 19 -7 22 -21 -11 -14 25 -25
right_child=6 2 -4 4 -6 9 11 -9 10 16 -12 12 23 15 -16 -17 -18 -19 -20 21 -22 -23 -24 24 -26 -27
leaf_value=6.265584631104998e-10 3.1241643457778763e-06 0 2.3208204939807787e-09 3.1833757555701434e-10 0 0 0.0053398697495805284 8.1981110430765954e-11 0 0 0 -0.00059753385736625462 1.6537690180302635e-07 4.2102432404988988e-07 -0.00056289335840731139 -8.5337152987189838e-05 0 0 0 0 0 0 0 8.4383053001627828e-08 9.7277451018740621e-12 0
leaf_weight=1211.0999684333801 123.899997651577 1763.5999734401703 217.79999792575836 148.89999860525131 316.2999951839447 154.69999849796295 3825.0998729467392 260.79999887943268 95.799998879432678 522.99999672174454 127.09999817609787 103.19999891519547 1981.0999907255173 199.29999768733978 150.39999574422836 170.89999973773956 88.699998676776886 108.59999918937683 340.19999486207962 384.59999549388885 116.09999859333038 431.29999369382858 190.69999802112579 127.79999786615372 1420.6999853253365 92.79999840259552
leaf_count=1075 139 2286 252 173 399 181 2977 286 114 584 155 116 2101 243 138 169 113 128 444 454 143 543 223 176 1669 116
internal_value=-0.00233337 -0.00563184 -0.00714829 -0.00749799 -0.00551507 -0.007722 -5.44349e-05 -0.00176579 -0.00343861 -0.00705673 -0.00563227 7.4457e-05 -0.000224204 -0.00186824 0.00038225 -0.000747276 -0.00616054 -0.00851157 -0.00768145 -0.00731461 -0.00590472 -0.0076252 -0.00560005 -8.97518e-06 -0.000321071 -0.00275513
internal_weight=14674.5 5995.6 4784.5 4566.7 465.2 4101.5 8678.9 607.6 346.8 2229.3 222.9 8071.3 4095.8 473.4 3975.5 370.2 918.5 1872.2 1310.8 970.6 829.8 815.9 713.7 3622.4 1641.3 220.6
internal_count=15397 6998 5923 5671 572 5099 8399 694 408 2685 269 7705 4590 528 3115 412 1063 2414 1622 1178 950 997 807 4062 1961 292
is_linear=0
shrinkage=0.0103578


Tree=98
num_leaves=27
num_cat=0
split_feature=29 30 30 29 30 11 29 30 30 30 1 30 29 11 29 30 30 7 30 2 3 30 30 11 29 11
split_gain=1008.71 493.376 102.37 19.1946 19.1656 25.3631 18.3324 82.2853 21.2059 17.0851 12.3478 6.79139 11.1053 19.0962 9.93817 5.36283 4.32578 3.69955 3.56705 3.54101 3.07846 2.84576 15.2737 31.6063 3.2866 3.46716
threshold=36.020755767822273 -79.298500061035142 -78.68517684936522 36.314949035644538 -78.867374420166001 16.453472137451175 35.906902313232429 -78.970527648925767 -79.125286102294908 -79.089889526367173 24.864880561828617 -118.89915084838866 38.376905441284187 14.838194370269777 39.747600555419929 -78.910125732421861 -78.779132843017564 0.26875001192092901 -79.188957214355455 -3.746260285377502 3.5572916269302373 -82.058330535888658 -80.748550415039048 16.372917175292972 40.703229904174812 13.810416698455812
decision_type=2 2 2 2 2 2 2 2 2 2 2 2 2 2 2 2 2 2 2 2 2 2 2 2 2 2
left_child=1 -1 6 4 5 -2 8 -8 18 -7 15 14 13 -13 -5 19 17 -12 -3 -10 -21 -14 23 -23 25 -24
right_child=3 2 -4 11 -6 9 7 -9 10 -11 16 12 21 -15 -16 -17 -18 -19 -20 20 -22 22 24 -25 -26 -27
leaf_value=6.2006867320420454e-10 1.8186658473305469e-06 0 2.2967818155446322e-09 0.0052845602535923656 8.1131963520612987e-11 0 3.150402871054495e-10 0 0 0 0 -0.00055026861452874205 1.6366395494930809e-07 -4.5993155715320072e-05 -0.00055353073890977266 0 0 0 0 0 0 8.3509027163857321e-08 -6.6220261186156483e-05 0 9.6269867118911919e-12 -1.5497166431899347e-08
leaf_weight=1189.39996945858 149.69999730587006 1217.9999840259552 201.69999808073044 3814.9998739957809 274.39999878406525 88.999998986721039 170.69999837875366 312.49999517202377 160.49999850988388 145.59999805688858 438.49999785423279 130.7999991774559 1824.49998909235 385.9999977350235 132.09999626874924 352.3999947309494 85.899998843669891 306.79999732971191 640.49998939037323 807.29998975992203 78.999998509883881 126.19999796152115 104.7999986410141 93.399998247623444 974.19998848438263 350.09999758005142
leaf_count=1054 165 1544 235 2972 304 106 201 401 187 178 493 142 1959 424 123 458 109 358 853 973 104 172 128 118 1148 407
internal_value=-0.00233898 -0.0056121 -0.00709908 -6.80404e-05 -0.00176631 -0.00325764 -0.00741763 -0.00549186 -0.0076443 -0.00537914 -0.00695642 7.29625e-05 -0.000228305 -0.00164405 0.000377601 -0.00755581 -0.00594247 -0.00567692 -0.00846724 -0.00716803 -0.00743195 -1.72921e-05 -0.000329239 -0.0028688 6.16859e-05 -0.000664367
internal_weight=14559 5963.2 4773.8 8595.8 658.7 384.3 4572.1 483.2 4088.9 234.6 2230.4 7937.1 3990 516.8 3947.1 1399.2 831.2 745.3 1858.5 1046.8 886.3 3473.2 1648.7 219.6 1429.1 454.9
internal_count=15316 6970 5916 8346 753 449 5681 602 5079 284 2682 7593 4498 566 3095 1722 960 851 2397 1264 1077 3932 1973 290 1683 535
is_linear=0
shrinkage=0.0103578


Tree=99
num_leaves=27
num_cat=0
split_feature=29 30 30 29 30 29 30 30 30 11 13 30 29 11 10 6 29 30 29 30 7 30 30 11 29 11
split_gain=1056.47 502.992 102.81 19.1532 82.1809 17.7212 17.2238 16.3549 21.8544 25.3167 10.014 7.80266 11.7677 20.7304 5.77916 5.53104 5.13943 5.06041 4.53695 3.60198 3.48383 2.69465 17.9429 30.3406 2.69468 6.50793
threshold=36.020755767822273 -79.298500061035142 -78.68517684936522 35.906902313232429 -79.042778015136705 36.314949035644538 -79.125286102294908 -78.867374420166001 -79.093429565429673 17.420139312744144 101.78333282470705 -118.89915084838866 38.240348815917976 14.184027671813967 19.409722328186039 0.36875000596046453 39.747600555419929 -78.934486389160142 36.579669952392585 -79.178325653076158 0.72708335518836986 -82.058330535888658 -80.748550415039048 16.372917175292972 39.79341125488282 17.888194084167484
decision_type=2 2 2 2 2 2 2 2 2 2 2 2 2 2 2 2 2 2 2 2 2 2 2 2 2 2
left_child=1 -1 3 6 -5 7 19 8 -2 -10 14 16 13 -13 -8 -12 -7 20 -15 -3 -17 -14 23 -23 25 -24
right_child=5 2 -4 4 -6 11 10 -9 9 -11 15 12 21 18 -16 17 -18 -19 -20 -21 -22 22 24 -25 -26 -27
leaf_value=6.1364610347847909e-10 2.1314638982933098e-10 0 2.2729921258012579e-09 3.1177715142744217e-10 0 0.0052298236443018061 0 8.0291611935032163e-11 0 0 0 -0.00060019074689868343 1.6188519911358268e-07 8.93052994516144e-07 0 0 -0.00055322314959722028 0 -6.1318003160659029e-05 0 0 8.2644054342515103e-08 -6.5534362570240148e-05 0 9.527271960803627e-12 1.177977560788275e-06
leaf_weight=1174.0999694466591 151.09999698400497 1360.2999813556671 192.69999808073044 159.09999871253967 319.79999482631683 3805.299872815609 110.49999922513962 263.69999867677689 81.899998903274536 154.09999805688858 247.29999893903732 95.599998950958252 1980.3999887704849 175.19999796152115 1190.7999830245972 356.89999729394913 137.69999629259109 173.59999734163284 157.09999990463257 542.99999088048935 91.299998760223389 115.59999805688858 80.299998998641968 101.89999824762344 1224.5999870896339 116.1999990940094
leaf_count=1041 167 1725 227 185 410 2959 127 295 101 187 277 108 2126 216 1482 403 129 218 155 730 113 158 103 131 1426 140
internal_value=-0.00235883 -0.00572954 -0.00723125 -0.00754488 -0.00556736 -4.94135e-05 -0.00777645 -0.00169225 -0.00304601 -0.00501148 -0.00713771 8.44579e-05 -0.000234961 -0.00185813 -0.0077198 -0.0062612 0.000412387 -0.00678969 -0.000629944 -0.00850226 -0.00618445 -4.26649e-05 -0.000353415 -0.0031199 7.07759e-05 -0.00105301
internal_weight=14560.1 5919.4 4745.3 4552.6 478.9 8640.7 4073.7 650.8 387.1 236 2170.4 7989.9 4046.9 427.9 1301.3 869.1 3943 621.8 332.3 1903.3 448.2 3619 1638.6 217.5 1421.1 196.5
internal_count=15339 6938 5897 5670 595 8401 5075 750 455 288 2620 7651 4563 479 1609 1011 3088 734 371 2455 516 4084 1958 289 1669 243
is_linear=0
shrinkage=0.0103578


Tree=100
num_leaves=27
num_cat=0
split_feature=29 30 30 29 29 30 30 30 11 30 1 30 29 11 2 29 30 8 30 29 4 29 9 30 30 11
split_gain=1071.02 499.121 104.834 19.0902 18.3815 86.7463 18.195 27.6482 21.4525 17.9806 9.0255 7.59043 12.0373 18.9326 5.0497 4.19738 3.66029 3.53337 3.70301 2.92434 2.51703 2.34023 2.2036 2.1664 11.2686 26.78
threshold=36.020755767822273 -79.298500061035142 -78.68517684936522 36.314949035644538 35.906902313232429 -79.042778015136705 -78.867374420166001 -79.093429565429673 18.270138740539554 -79.125286102294908 24.376487731933597 -118.89915084838866 38.308649063110359 14.838194370269777 -0.92782089114189137 36.579669952392585 -79.192516326904283 2.5000000000000004 -78.882755279541001 35.508249282836921 2.8564583063125615 35.857364654541023 226.24305725097659 -82.058330535888658 -80.748550415039048 16.372917175292972
decision_type=2 2 2 2 2 2 2 2 2 2 2 2 2 2 2 2 2 2 2 2 2 2 2 2 2 2
left_child=1 -1 4 6 9 -6 7 -2 -9 16 14 -5 13 -13 -11 -15 -3 19 20 -12 -19 -16 -21 -14 25 -25
right_child=3 2 -4 11 5 -7 -8 8 -10 10 17 12 23 15 21 -17 -18 18 -20 22 -22 -23 -24 24 -26 -27
leaf_value=6.0729005767770639e-10 2.1093865444513312e-10 0 2.2312860456184599e-09 0.0051756539878422964 3.0854781477415929e-10 0 7.9459964573492572e-11 0 0 0 0 -0.00053835234495298835 1.6029197014911601e-07 8.8380289791570036e-07 0 -6.1520283478996957e-05 0 0 0 0 0 0 0 8.1788040767940191e-08 9.4285900387706794e-12 0
leaf_weight=1185.7999692559242 158.69999718666077 1179.2999841570854 204.09999805688858 3956.199868619442 164.3999987244606 323.99999487400055 264.79999852180481 85.799999058246613 150.39999794960022 610.69999289512634 88.199998617172241 109.99999922513962 1970.4999908804893 175.89999812841415 368.89999502897263 148.89999949932098 681.69998866319656 194.29999822378159 104.39999890327454 174.89999914169312 153.69999921321869 330.39999449253082 223.19999724626541 126.49999797344208 1446.5999847054482 85.199998497962952
leaf_count=1054 173 1491 239 3100 190 416 294 104 184 731 114 124 2097 217 461 147 909 221 128 197 171 430 266 173 1698 110
internal_value=-0.00235245 -0.00572197 -0.00720781 -2.75463e-05 -0.0075302 -0.00561224 -0.0017205 -0.00312763 -0.00536991 -0.00775722 -0.00712632 0.000111773 -0.000202559 -0.00182999 -0.00768961 -0.000567267 -0.00851693 -0.00633561 -0.00564896 -0.0069662 -0.00511283 -0.00830848 -0.00655906 -7.18993e-06 -0.000283127 -0.00251176
internal_weight=14667.5 5988 4802.2 8679.5 4598.1 488.4 659.7 394.9 236.2 4109.7 2248.7 8019.8 4063.6 434.8 1310 324.8 1861 938.7 452.4 486.3 348 699.3 398.1 3628.8 1658.3 211.7
internal_count=15439 7018 5964 8421 5725 606 755 461 288 5119 2719 7666 4566 488 1622 364 2400 1097 520 577 392 891 463 4078 1981 283
is_linear=0
shrinkage=0.0103578


Tree=101
num_leaves=27
num_cat=0
split_feature=29 30 30 29 30 30 29 30 30 11 13 30 30 29 29 0 7 2 29 30 30 5 29 30 30 11
split_gain=1040.76 491.985 99.7879 22.5063 73.5898 20.945 18.037 17.2424 25.0387 20.0933 10.1004 6.47207 5.69387 12.208 9.26328 7.60436 5.4852 5.47512 4.97837 4.84054 3.95734 3.09543 2.32062 1.97617 9.73867 24.3528
threshold=36.020755767822273 -79.298500061035142 -78.68517684936522 35.906902313232429 -79.042778015136705 -79.125286102294908 36.314949035644538 -78.867374420166001 -79.093429565429673 18.270138740539554 83.756248474121108 -78.769439697265611 -119.9710006713867 39.747600555419929 38.376905441284187 19.347916603088382 0.26041665673255926 -0.56354814767837513 37.118564605712898 -78.934486389160142 -79.178325653076158 0.3454210907220841 38.16259956359864 -82.058330535888658 -80.748550415039048 16.372917175292972
decision_type=2 2 2 2 2 2 2 2 2 2 2 2 2 2 2 2 2 2 2 2 2 2 2 2 2 2
left_child=1 -1 3 5 -5 20 7 8 -2 -10 17 16 13 -8 15 -14 21 19 -17 -7 -3 -12 -20 -16 25 -25
right_child=6 2 -4 4 -6 10 12 -9 9 -11 11 -13 14 -15 23 18 -18 -19 22 -21 -22 -23 -24 24 -26 -27
leaf_value=6.00999846757971e-10 2.0875378642233203e-10 0 2.2263375504773416e-09 3.0535192706084039e-10 0 0 0.0051220454118093006 7.8636931279067673e-11 0 0 0 0 -0.00050426363077779428 -0.00059542739821328726 1.5854815952058303e-07 8.7464861230031903e-07 0 0 -0.00045654591057685609 0 0 0 -6.0285430175546195e-05 8.094089364172249e-08 9.3309302479182197e-12 0
leaf_weight=1175.8999693989754 146.39999729394913 1366.6999816298485 181.79999834299088 155.7999991774559 310.5999955534935 326.99999648332596 3675.7998768687248 263.89999902248383 81.499998927116394 144.79999804496765 280.09999740123749 128.69999808073044 141.99999743700027 129.49999630451202 1874.799989938736 254.09999632835388 472.69999492168427 482.69999235868454 153.99999970197678 134.39999788999557 532.49999099969864 394.19999808073044 98.199999809265137 121.49999803304672 1437.2999846339226 77.299998641014099
leaf_count=1043 162 1739 218 178 394 382 2858 295 101 178 329 167 142 123 2000 283 561 621 154 172 717 444 98 165 1691 99
internal_value=-0.00235485 -0.0056879 -0.00716785 -0.00746621 -0.00529328 -0.00771139 -5.15435e-05 -0.0017285 -0.0031613 -0.00531638 -0.00702103 -0.00640878 8.25556e-05 0.000372101 -0.000182267 -0.00131925 -0.00615305 -0.00784353 -0.000722262 -0.00700413 -0.00851573 -0.00553669 -0.00175177 2.77402e-05 -0.000235136 -0.00238048
internal_weight=14544.2 5943.1 4767.2 4585.4 466.4 4119 8601.1 636.6 372.7 226.3 2219.8 1275.7 7964.5 3805.3 4159.2 648.3 1147 944.1 506.3 461.4 1899.2 674.3 252.2 3510.9 1636.1 198.8
internal_count=15314 6965 5922 5704 572 5132 8349 736 441 279 2676 1501 7613 2981 4632 677 1334 1175 535 554 2456 773 252 3955 1955 264
is_linear=0
shrinkage=0.0103578


Tree=102
num_leaves=27
num_cat=0
split_feature=29 29 11 29 29 29 29 11 29 29 3 12 7 1 29 29 29 0 13 2 29 1 5 3 3 2
split_gain=1027.02 366.285 55.8179 36.477 66.803 30.0296 18.5815 23.9408 13.3052 12.4751 12.3421 6.50547 5.95507 5.26343 4.99223 4.2935 3.73508 3.68408 2.71813 2.65801 2.50466 2.16286 1.97035 2.0405 1.91545 1.61989
threshold=36.020755767822273 35.633329391479499 14.838194370269777 35.906902313232429 35.975336074829109 34.162609100341804 36.20991516113282 18.270138740539554 35.61804389953614 35.725976943969734 2.0820833444595341 5.3437500000000009 0.28541666269302374 15.567559242248537 35.697473526000984 34.956399917602546 35.838500976562507 25.218750000000004 17.685416221618656 -0.70243272185325611 35.468124389648445 24.864880561828617 0.58686095476150524 1.8934027552604678 2.4243749380111699 -4.8566122055053702
decision_type=2 2 2 2 2 2 2 2 2 2 2 2 2 2 2 2 2 2 2 2 2 2 2 2 2 2
left_child=1 2 11 9 -5 -4 7 -2 15 14 22 -1 -9 19 17 -7 -15 -3 -6 -12 24 -22 23 -11 -17 -8
right_child=6 3 5 4 18 8 25 12 -10 10 13 -13 -14 16 -16 20 -18 -19 -20 -21 21 -23 -24 -25 -26 -27
leaf_value=0 7.7822422828661626e-11 0 7.7211762930185044e-07 3.0218914182884558e-10 0 0 -0.00047594148221695703 0 0 0 0 0 0 0 0 0 0 0 0 0 0 0 0 0 0 2.6507604447816198e-10
leaf_weight=967.59997254610062 330.9999960064888 1133.9999833703041 135.39999800920486 184.69999831914902 101.49999821186066 115.39999848604202 330.7999946475029 130.49999928474426 93.89999932050705 139.29999870061874 184.899997651577 116.39999747276306 159.89999878406525 260.19999808073044 541.59999090433121 82.699998676776886 482.09999358654022 325.99999636411667 224.49999707937241 212.99999612569809 91.299998998641968 157.19999897480011 115.49999970197678 106.79999935626984 116.69999808073044 7666.899843275547
leaf_count=866 378 1448 126 217 135 136 324 147 109 165 229 126 185 298 728 107 583 398 277 284 109 172 123 116 149 7355
internal_value=-0.00233546 -0.00566855 -0.00189001 -0.00743441 -0.00483635 -0.0039781 -5.72038e-05 -0.00178173 -0.00489257 -0.00781217 -0.00708649 -0.000361565 -0.00394922 -0.00761923 -0.00835428 -0.00549415 -0.0070823 -0.00802321 -0.0076521 -0.00860836 -0.00595797 -0.0052247 -0.00539616 -0.00593564 -0.00685229 7.68516e-05
internal_weight=14509.8 5890.7 1876.6 4014.1 510.7 792.6 8619.1 621.4 657.2 3503.4 1501.8 1084 290.4 1140.2 2001.6 563.3 742.3 1460 326 397.9 447.9 248.5 361.6 246.1 199.4 7997.7
internal_count=15290 6901 1900 5001 629 908 8389 710 782 4372 1798 992 332 1394 2574 673 881 1846 412 513 537 281 404 281 256 7679
is_linear=0
shrinkage=0.0103578


Tree=103
num_leaves=27
num_cat=0
split_feature=29 30 30 29 30 30 29 30 11 1 10 8 30 29 29 29 0 29 12 30 30 11 29 11 30 30
split_gain=1000.26 498.763 113.573 22.4119 82.2325 24.8814 17.9715 16.2227 25.4147 11.9118 7.85404 6.46841 6.19956 11.8323 7.52081 7.36285 7.88405 5.10048 5.6676 3.71454 22.4657 38.2457 3.52069 7.27212 3.06149 2.82568
threshold=36.020755767822273 -79.298500061035142 -78.68517684936522 35.906902313232429 -79.042778015136705 -79.125286102294908 36.314949035644538 -78.867374420166001 18.270138740539554 18.306249618530277 64.756942749023452 2.5000000000000004 -119.9710006713867 39.747600555419929 38.376905441284187 36.504644393920906 20.486804962158207 35.112148284912116 -3.6729166507720943 -82.058330535888658 -80.748550415039048 16.372917175292972 39.79341125488282 18.004861831665043 -78.970527648925767 -78.929180145263658
decision_type=2 2 2 2 2 2 2 2 2 2 2 2 2 2 2 2 2 2 2 2 2 2 2 2 2 2
left_child=1 -1 3 5 -5 -3 7 8 -2 25 -10 24 13 -8 15 -14 -17 -13 -19 -16 21 -21 23 -22 -11 -7
right_child=6 2 -4 4 -6 9 12 -9 10 11 -12 17 14 -15 19 16 -18 18 -20 20 22 -23 -24 -25 -26 -27
leaf_value=5.9477478881236152e-10 -8.0607190532485554e-13 0 2.2032775108900287e-09 2.9905911620809675e-10 0 0 0.005068992101878075 7.7016350923336774e-11 0 0 0 0 8.6558639966127558e-07 -0.00059000446755444285 1.5698673071015097e-07 -0.00054549891116025787 -7.7975691323125398e-05 0 0 8.0099775512403595e-08 -6.5323566975393065e-05 -2.7456142389567754e-12 6.4886677622221671e-12 1.4916686527775248e-06 0 0
leaf_weight=1217.0999688506126 202.09999656677246 1867.399972319603 218.09999799728394 169.29999893903732 320.69999516010284 468.69999361038208 3664.6998770236969 260.19999879598618 105.69999903440475 543.99999487400055 81.799998641014099 96.39999908208847 257.79999595880508 135.09999603033066 1883.6999903321266 98.299998939037323 296.89999902248383 182.99999779462814 467.59999710321426 115.49999815225601 78.799999058246613 96.699998259544373 1217.3999872207642 109.09999918937683 263.79999643564224 172.89999693632126
leaf_count=1081 231 2412 255 195 411 577 2849 288 125 636 102 116 272 127 2013 105 299 224 528 159 102 123 1422 131 328 231
internal_value=-0.00232349 -0.00557359 -0.00708302 -0.00743268 -0.00532409 -0.00768605 -6.08748e-05 -0.00171635 -0.00305238 -0.00693207 -0.00579305 -0.00643379 7.44286e-05 0.000376796 -0.000202056 -0.00122204 -0.00210941 -0.00572241 -0.00605451 -1.15338e-05 -0.00037566 -0.00351235 9.8905e-05 -0.00121812 -0.00708663 -0.00813216
internal_weight=14592.8 5989 4771.9 4553.8 490 4063.8 8603.8 649.8 389.6 2196.4 187.5 1554.8 7954 3799.8 4154.2 653 395.2 747 650.6 3501.2 1617.5 212.2 1405.3 187.9 807.8 641.6
internal_count=15342 6994 5913 5658 606 5052 8348 746 458 2640 227 1832 7602 2976 4626 676 404 868 752 3950 1937 282 1655 233 964 808
is_linear=0
shrinkage=0.0103578


Tree=104
num_leaves=27
num_cat=0
split_feature=29 30 30 29 30 30 29 30 30 11 13 30 29 29 11 30 2 30 6 29 30 30 11 29 11 4
split_gain=1029.07 493.292 113.048 20.0732 75.2288 19.2528 16.5481 15.9017 22.4826 27.3106 11.917 6.24642 12.6148 11.518 20.3159 5.86197 6.26051 3.27827 3.11847 2.99376 2.80158 17.1314 37.4323 3.59735 7.55171 2.78693
threshold=36.020755767822273 -79.298500061035142 -78.68517684936522 35.906902313232429 -79.042778015136705 -79.125286102294908 36.314949035644538 -78.867374420166001 -79.093429565429673 17.288194656372074 105.94166564941408 -118.89915084838866 39.747600555419929 38.308649063110359 14.838194370269777 -78.943847656249986 -2.0565476417541499 -79.178325653076158 0.31874999403953558 36.579669952392585 -82.058330535888658 -80.748550415039048 16.372917175292972 39.79341125488282 17.670833587646488 2.8564583063125615
decision_type=2 2 2 2 2 2 2 2 2 2 2 2 2 2 2 2 2 2 2 2 2 2 2 2 2 2
left_child=1 -1 3 5 -5 17 7 8 -2 -10 15 12 -8 14 -13 16 -7 -3 -12 -16 -15 22 -22 24 -23 -18
right_child=6 2 -4 4 -6 10 11 -9 9 -11 18 13 -14 20 19 -17 25 -19 -20 -21 21 23 -24 -25 -26 -27
leaf_value=5.8861420899704644e-10 2.0579382615994948e-10 0 2.1804563234146312e-09 2.9596151087990788e-10 0 0 0.005016488312184539 7.6218628178741393e-11 -7.9772274459537558e-13 0 0 -0.0005398487228123614 -0.00058580831400410695 1.5536068787397695e-07 8.5662079755024386e-07 0 0 0 0 -5.5346582030658704e-05 7.9270115161099315e-08 -6.4679589113425545e-05 -2.7171756165078757e-12 6.4214592046367806e-12 1.1505411089847898e-06 0
leaf_weight=1181.4999697208405 156.89999729394913 1319.6999819278717 210.99999785423279 152.29999870061874 320.19999521970749 330.79999679327011 3796.9998741745949 269.59999859333038 83.19999885559082 155.69999796152115 190.99999916553497 104.99999910593033 130.49999618530273 1924.7999908924103 155.2999981045723 432.59999334812164 148.59999823570251 529.99999117851257 545.5999950170517 161.29999923706055 128.29999792575836 79.099999129772186 87.199998438358307 1259.6999868750572 108.89999920129776 534.09999215602875
leaf_count=1049 173 1677 244 177 404 384 2956 300 104 189 212 118 123 2056 191 558 174 714 636 157 173 101 112 1467 131 665
internal_value=-0.00233541 -0.00566785 -0.00716712 -0.00751415 -0.00547671 -0.00775198 -5.06081e-05 -0.00161891 -0.00293904 -0.00493587 -0.00708556 8.09223e-05 0.000374527 -0.000206578 -0.00182489 -0.00763702 -0.00718958 -0.00853572 -0.00599732 -0.000510413 -1.60462e-05 -0.000327459 -0.00304811 7.82727e-05 -0.00125565 -0.00776647
internal_weight=14499.9 5897.4 4715.9 4504.9 472.5 4032.4 8602.5 665.4 395.8 238.9 2182.7 7937.1 3927.5 4009.6 421.6 1446.1 1013.5 1849.7 736.6 316.6 3588 1663.2 215.5 1447.7 188 682.7
internal_count=15245 6894 5845 5601 581 5020 8351 766 466 293 2629 7585 3079 4506 466 1781 1223 2391 848 348 4040 1984 285 1699 232 839
is_linear=0
shrinkage=0.0103578


Tree=105
num_leaves=27
num_cat=0
split_feature=29 30 30 29 30 30 29 11 30 1 30 30 29 29 11 30 30 10 8 30 29 30 30 11 29 11
split_gain=1033.79 491.195 101.202 20.1882 79.4624 24.4053 18.3347 17.9339 23.0436 13.2946 8.14999 6.14328 11.7096 10.3927 21.989 5.12627 4.57577 4.54919 3.17609 2.90505 2.58869 2.48225 15.4695 37.1996 2.5045 6.25869
threshold=36.020755767822273 -79.298500061035142 -78.68517684936522 35.906902313232429 -79.042778015136705 -79.125286102294908 36.314949035644538 18.270138740539554 -78.769439697265611 24.950893402099613 -79.070907592773423 -118.89915084838866 39.747600555419929 38.365810394287116 14.838194370269777 -78.910125732421861 -78.970527648925767 19.993055343627933 1.5000000000000002 -79.192516326904283 36.579669952392585 -82.058330535888658 -80.748550415039048 16.372917175292972 39.747600555419929 18.836805343627933
decision_type=2 2 2 2 2 2 2 2 2 2 2 2 2 2 2 2 2 2 2 2 2 2 2 2 2 2
left_child=1 -1 3 5 -5 19 7 -2 10 15 -9 12 -8 14 -13 17 18 -7 -11 -3 -16 -15 23 -23 25 -24
right_child=6 2 -4 4 -6 9 11 8 -10 16 -12 13 -14 21 20 -17 -18 -19 -20 -21 -22 22 24 -25 -26 -27
leaf_value=5.8251743945811619e-10 -7.9772274459537558e-13 0 2.2083571761813991e-09 2.9289599004020043e-10 0 0 0.0049645283481424898 0 7.6235240020961434e-11 0 0 -0.00056272411555495744 -0.00057974060746579905 1.5375148732309106e-07 8.4774805967696462e-07 0 0 0 0 0 -5.393590905309783e-05 7.8449048295783288e-08 -4.1283301357959845e-05 -2.689031556650951e-12 6.3549467822794934e-12 1.1384080070324838e-06
leaf_weight=1166.6999699473381 356.59999471902847 1195.1999832987785 188.79999804496765 160.69999873638153 317.59999519586563 100.29999941587448 3788.2998739480972 103.19999879598618 95.799999952316284 210.89999824762344 91.199998497962952 115.39999908208847 129.3999964594841 1891.399990439415 176.39999812841415 362.89999461174011 262.89999741315842 995.19998699426651 306.99999845027924 675.79998868703842 208.19999957084656 126.99999803304672 78.199999094009399 78.49999862909317 1250.0999870896339 115.89999908208847
leaf_count=1039 408 1510 224 187 406 115 2949 122 100 243 112 128 122 2018 216 473 315 1208 340 900 206 172 98 101 1457 141
internal_value=-0.00235151 -0.00567337 -0.00714467 -0.00745043 -0.00541924 -0.00768592 -5.6782e-05 -0.0017331 -0.00364237 -0.00694972 -0.00568658 7.9511e-05 0.00037179 -0.000203751 -0.00160074 -0.00753846 -0.00584485 -0.00716957 -0.00526144 -0.0085644 -0.000406856 -6.15428e-06 -0.000299854 -0.00295476 7.86416e-05 -0.00101384
internal_weight=14549.6 5944 4777.3 4588.5 478.3 4110.2 8605.6 646.8 290.2 2239.2 194.4 7958.8 3917.7 4041.1 500 1458.4 780.8 1095.5 517.9 1871 384.6 3541.1 1649.7 205.5 1444.2 194.1
internal_count=15310 6960 5921 5697 593 5104 8350 742 334 2694 234 7608 3071 4537 550 1796 898 1323 583 2410 422 3987 1969 273 1696 239
is_linear=0
shrinkage=0.0103578


Tree=106
num_leaves=27
num_cat=0
split_feature=29 30 30 29 30 30 11 29 30 30 1 30 29 29 29 8 13 30 30 30 30 11 29 11 30 5
split_gain=1034.45 498.179 107.476 22.7696 19.3667 27.2208 26.168 17.5235 78.4399 21.3359 7.9964 5.78051 10.2605 6.48314 7.66868 5.45898 4.04145 3.51439 3.34237 3.32079 19.0646 38.7369 3.12852 6.6972 2.63217 2.49703
threshold=36.020755767822273 -79.298500061035142 -78.68517684936522 36.314949035644538 -78.867374420166001 -79.093429565429673 17.487500190734867 35.906902313232429 -79.042778015136705 -79.125286102294908 18.306249618530277 -119.9710006713867 39.747600555419929 38.308649063110359 36.504644393920906 4.5000000000000009 84.55625152587892 -79.178325653076158 -78.779132843017564 -82.058330535888658 -80.748550415039048 16.372917175292972 39.79341125488282 18.270138740539554 -78.89247894287108 0.20055922865867618
decision_type=2 2 2 2 2 2 2 2 2 2 2 2 2 2 2 2 2 2 2 2 2 2 2 2 2 2
left_child=1 -1 7 4 5 -2 -7 9 -9 17 24 12 -5 14 -13 18 -16 -3 -12 -15 21 -21 23 -22 -11 -17
right_child=3 2 -4 11 -6 6 -8 8 -10 10 15 13 -14 19 16 25 -18 -19 -20 20 22 -23 -24 -25 -26 -27
leaf_value=5.7648381925918264e-10 2.0367051010709425e-10 0 2.1349977122438686e-09 0.0049131065768949272 7.5445607895116568e-11 -7.8946006310481492e-13 0 2.8986222136309928e-10 0 0 0 8.3896722416887777e-07 -0.00057316487265324722 1.521589546078617e-07 -0.00048818260400143056 0 -5.74816508770666e-05 0 0 7.7636485906535576e-08 -6.3582042854758549e-05 -2.6611790083549346e-12 6.2891232846956639e-12 1.1266143028526161e-06 0 0
leaf_weight=1182.89996945858 152.59999734163284 1349.3999815583229 202.29999804496765 3655.9998769760132 256.09999871253967 80.699998736381531 164.59999769926071 153.09999889135361 314.59999507665634 555.79999268054962 977.49998950958252 249.39999622106552 132.99999612569809 1976.8999907970428 90.099998652935028 90.699999034404755 196.59999895095825 542.79999101161957 120.59999817609787 131.09999793767929 79.19999897480011 95.299998223781586 1212.5999870896339 109.69999897480011 139.59999763965607 337.39999783039093
leaf_count=1047 166 1714 237 2840 283 101 202 177 404 682 1157 268 124 2103 97 109 198 732 156 179 102 121 1414 131 190 382
internal_value=-0.00235679 -0.00566909 -0.0071572 -5.41324e-05 -0.00191089 -0.00333933 -0.00547216 -0.0074834 -0.0055647 -0.00770064 -0.00700513 9.9072e-05 0.000391427 -0.000168354 -0.00123048 -0.00657555 -0.00238421 -0.00851466 -0.00696942 -1.01107e-05 -0.000356596 -0.00314154 9.40756e-05 -0.00114335 -0.00794123 -0.00555636
internal_weight=14550.6 5966.7 4783.8 8583.9 654 397.9 245.3 4581.5 467.7 4113.8 2221.6 7929.9 3789 4140.9 536.1 1526.2 286.7 1892.2 1098.1 3604.8 1627.9 226.4 1401.5 188.9 695.4 428.1
internal_count=15316 6987 5940 8329 752 469 303 5703 581 5122 2676 7577 2964 4613 563 1804 295 2446 1313 4050 1947 300 1647 233 872 491
is_linear=0
shrinkage=0.0103578


Tree=107
num_leaves=27
num_cat=0
split_feature=29 29 11 29 29 29 29 11 29 1 29 12 10 29 29 4 29 12 12 29 11 6 29 4 4 2
split_gain=1027.37 364.032 53.1068 37.7978 69.0865 27.3153 18.7394 18.1781 11.3822 13.8777 10.8358 9.19134 6.84097 6.02324 5.61523 3.65154 3.55815 3.16258 3.12566 2.84557 5.42296 6.13543 4.15894 3.17337 2.86176 2.59458
threshold=36.020755767822273 35.633329391479499 14.838194370269777 35.906902313232429 35.975336074829109 34.162609100341804 36.314949035644538 18.270138740539554 35.725976943969734 21.872917175292972 35.61804389953614 5.1062498092651376 76.840278625488295 35.699068069458015 35.857364654541023 2.9343750476837163 34.956399917602546 1.9583333134651186 -2.2437499761581416 40.784446716308601 16.372917175292972 0.006250000325962902 41.317014694213874 4.5429167747497567 2.2814583778381352 -1.3178312778472898
decision_type=2 2 2 2 2 2 2 2 2 2 2 2 2 2 2 2 2 2 2 2 2 2 2 2 2 2
left_child=1 2 11 8 -5 -4 7 -2 13 14 16 -1 18 -3 25 -11 -7 -18 -9 -8 21 -21 -22 -24 -23 -10
right_child=6 3 5 4 -6 10 19 12 9 15 -12 -13 -14 -15 -16 -17 17 -19 -20 20 22 24 23 -25 -26 -27
leaf_value=0 -7.8128296511538553e-13 0 7.6412016140038812e-07 2.8685987596490643e-10 0 0 1.0051208709900905e-06 0 0 0 0 0 0 0 0 0 0 0 0 -0.00056575633569507574 -2.6336149521908393e-12 -0.00056513957930234479 -2.6336149521908393e-12 -2.6336149521908393e-12 7.683241294859341e-08 0
leaf_weight=987.59997141361237 367.69999498128891 1518.899979531765 127.99999868869781 191.69999831914902 310.09999537467957 119.99999862909317 5996.5998632311821 89.89999908208847 157.59999847412109 416.09999793767929 89.89999932050705 126.79999762773514 86.399998784065247 513.69999140501022 488.49999213218689 303.89999705553055 316.59999597072601 148.49999862909317 127.29999983310699 90.199998736381531 124.79999899864197 87.799998998641968 362.79999572038651 113.19999814033508 1224.6999841332436 177.19999754428864
leaf_count=878 423 1915 122 219 389 140 5240 105 178 461 105 136 104 691 625 359 382 169 137 100 136 98 420 148 1493 220
internal_value=-0.00232299 -0.00561974 -0.00189657 -0.00736982 -0.00469616 -0.00392636 -4.34636e-05 -0.00170498 -0.00774409 -0.00706121 -0.00475768 -0.000432342 -0.00357828 -0.00826027 -0.00798706 -0.00599648 -0.00527214 -0.00568763 -0.00258269 9.60148e-05 -0.000241801 0.000110677 -0.00106477 -0.000620717 0.000290954 -0.00691268
internal_weight=14666.5 5995.1 1917.4 4077.7 501.8 803 8671.4 671.3 3575.9 1543.3 675 1114.4 303.6 2032.6 823.3 720 585.1 465.1 217.2 8000.1 2003.5 1402.7 600.8 476 1312.5 334.8
internal_count=15393 6989 1932 5057 608 918 8404 769 4449 1843 796 1014 346 2606 1023 820 691 551 242 7635 2395 1691 704 568 1591 398
is_linear=0
shrinkage=0.0103578


Tree=108
num_leaves=27
num_cat=0
split_feature=29 30 30 29 30 30 29 30 30 11 13 30 29 11 29 10 29 30 30 30 11 29 11 30 2 1
split_gain=1026.1 507.827 102.883 23.3817 74.5517 20.2824 17.1363 16.2284 25.4836 19.2223 12.7773 6.15139 12.6146 16.3787 10.6323 5.68028 4.41229 4.06424 3.2306 15.4781 36.3525 3.81229 8.70032 3.09658 3.06764 3.47494
threshold=36.020755767822273 -79.298500061035142 -78.68517684936522 35.906902313232429 -79.042778015136705 -79.125286102294908 36.314949035644538 -78.867374420166001 -79.093429565429673 18.270138740539554 105.3562469482422 -118.89915084838866 38.308649063110359 14.838194370269777 39.747600555419929 19.409722328186039 36.579669952392585 -78.876529693603501 -82.058330535888658 -80.748550415039048 16.372917175292972 39.79341125488282 17.811111450195316 -79.188957214355455 -1.2705486416816709 27.72500038146973
decision_type=2 2 2 2 2 2 2 2 2 2 2 2 2 2 2 2 2 2 2 2 2 2 2 2 2 2
left_child=1 -1 3 5 -5 23 7 8 -2 -10 15 14 13 -13 -8 -7 -15 24 -14 20 -20 22 -21 -3 -12 -26
right_child=6 2 -4 4 -6 10 11 -9 9 -11 17 12 18 16 -16 -17 -18 -19 19 21 -22 -23 -24 -25 25 -27
leaf_value=5.7051269430972837e-10 2.0156901673349047e-10 0 2.1128837557359659e-09 2.8388862836844739e-10 0 0 0.0048622070130517614 7.4664154649458801e-11 -7.8136766215663381e-13 0 0 -0.00051390617435995113 1.505829443641302e-07 8.1986646181245047e-07 -0.00056194537822279846 0 -5.8281674837973703e-05 0 7.6036522360197248e-08 -6.2901248407153083e-05 -2.6063364000044299e-12 6.2512601283017744e-12 1.1044060538057901e-06 0 0 0
leaf_weight=1216.7999686598778 165.39999705553055 1221.999983549118 201.2999981045723 158.29999840259552 323.99999529123306 117.69999903440475 3812.8998732566833 276.29999887943268 83.299999117851257 148.99999815225601 90.399999618530273 107.49999940395355 1981.4999893903732 160.19999802112579 139.79999595880508 1303.3999819159508 154.89999973773956 164.99999809265137 129.6999979019165 77.799998998641968 84.199998497962952 1240.2999869585037 114.6999990940094 632.6999893784523 427.59999614953995 93.399999976158142
leaf_count=1072 182 1556 237 185 406 137 2967 307 99 180 100 119 2107 200 130 1616 155 200 177 100 108 1451 139 845 496 98
internal_value=-0.00231512 -0.00562684 -0.00716019 -0.00748182 -0.00531 -0.00773943 -4.3069e-05 -0.00162852 -0.00296676 -0.00517495 -0.00705887 9.05001e-05 -0.000193075 -0.00188544 0.000381205 -0.00764783 -0.000689206 -0.00597553 4.1941e-06 -0.000334669 -0.00292983 5.34694e-05 -0.00130015 -0.00854314 -0.00557 -0.00588046
internal_weight=14630.1 5952.6 4735.8 4534.5 482.3 4052.2 8677.5 674 397.7 232.3 2197.5 8003.5 4050.8 422.6 3952.7 1421.1 315.1 776.4 3628.2 1646.7 213.9 1432.8 192.5 1854.7 611.4 521
internal_count=15369 6948 5876 5639 591 5048 8421 768 461 279 2647 7653 4556 474 3097 1753 355 894 4082 1975 285 1690 239 2401 694 594
is_linear=0
shrinkage=0.0103578


Tree=109
num_leaves=27
num_cat=0
split_feature=29 29 11 29 29 29 29 11 29 3 29 10 12 29 29 2 5 11 6 29 12 29 0 12 6 1
split_gain=1062.97 355.388 55.3072 32.0235 67.4397 30.7736 16.6249 15.0704 12.6586 10.2555 8.07686 6.27346 6.24205 5.56304 4.6539 3.29669 3.24624 2.97713 2.75418 2.69472 2.65964 2.82931 2.4456 2.41861 2.04541 2.01801
threshold=36.020755767822273 35.633329391479499 14.838194370269777 35.906902313232429 35.975336074829109 34.162609100341804 36.314949035644538 18.270138740539554 35.725976943969734 2.3284027576446538 35.61804389953614 76.840278625488295 5.3437500000000009 35.652334213256843 35.016698837280281 1.5047489404678347 0.32149246335029608 17.750694274902347 0.36875000596046453 36.160299301147468 -2.6062500476837154 35.644563674926765 25.845138549804691 -5.4854166507720938 0.33125001192092901 12.319940567016603
decision_type=2 2 2 2 2 2 2 2 2 2 2 2 2 2 2 2 2 2 2 2 2 2 2 2 2 2
left_child=1 2 12 8 -5 -4 7 19 13 23 14 16 -1 20 22 18 -9 -17 -11 -2 -3 -22 -7 -10 -25 -6
right_child=6 3 5 4 25 10 -8 11 9 15 -12 -13 -14 -15 -16 17 -18 -19 -20 -21 21 -23 -24 24 -26 -27
leaf_value=0 1.9948119788299613e-10 0 7.5620552996115349e-07 2.8094815646778665e-10 0 0 2.6202827307707499e-10 0 0 0 0 0 0 0 0 0 0 0 0 -3.459686933231133e-05 0 0 0 0 0 0
leaf_weight=961.79997247457504 266.19999700784683 157.899997651577 136.69999849796295 171.79999840259552 99.999998271465302 83.799998819828033 7995.6998379826546 107.69999921321869 112.59999859333038 101.0999995470047 88.199999094009399 88.699999153614044 113.09999781847 1535.6999767422676 430.5999955534935 209.09999626874924 106.30000007152557 100.79999887943268 576.39999294281006 103.49999785423279 151.99999821186066 156.0999983549118 84.299999296665192 115.69999992847443 349.59999686479568 234.89999711513519
leaf_count=864 308 201 129 200 132 100 7635 127 136 115 102 105 123 2001 510 279 111 118 704 115 190 181 99 125 398 289
internal_value=-0.00234526 -0.00570744 -0.00200514 -0.00743222 -0.00498271 -0.0040239 -2.85026e-05 -0.00159207 -0.00777922 -0.00706982 -0.00491647 -0.00330354 -0.000456648 -0.00833159 -0.00534814 -0.0077182 -0.00232963 -0.00864627 -0.00728619 -0.000186708 -0.00730071 -0.00669638 -0.00385374 -0.00595479 -0.00560271 -0.00768545
internal_weight=14640.3 5972.2 1898.5 4073.7 506.7 823.6 8668.1 672.4 3567 1565.3 686.9 302.7 1074.9 2001.7 598.7 987.4 214 309.9 677.5 369.7 466 308.1 168.1 577.9 465.3 334.9
internal_count=15397 6996 1927 5069 621 940 8401 766 4448 1875 811 343 987 2573 709 1216 238 397 819 423 572 371 199 659 523 421
is_linear=0
shrinkage=0.0103578


Tree=110
num_leaves=27
num_cat=0
split_feature=29 30 30 29 30 30 29 30 30 8 30 29 3 30 29 29 30 1 29 2 30 3 30 30 13 1
split_gain=1017.3 492.458 108.433 27.449 75.3233 21.0843 14.2014 16.1291 22.2134 9.62265 8.42472 6.78513 7.78471 6.62148 9.28524 5.97817 6.81463 18.0991 4.5583 3.98333 3.28824 2.34794 2.31789 18.3543 22.8546 2.25186
threshold=36.020755767822273 -79.298500061035142 -78.68517684936522 35.906902313232429 -79.042778015136705 -79.125286102294908 36.314949035644538 -78.867374420166001 -79.093429565429673 1.5000000000000002 -78.910125732421861 35.016698837280281 2.1893750429153447 -120.45205307006835 39.747600555419929 38.308649063110359 -117.08349990844725 21.12589263916016 36.579669952392585 1.6892727613449099 -79.185417175292955 1.8499305844306948 -82.058330535888658 -80.748550415039048 68.877082824707045 24.034225463867191
decision_type=2 2 2 2 2 2 2 2 2 2 2 2 2 2 2 2 2 2 2 2 2 2 2 2 2 2
left_child=1 -1 3 5 -5 20 7 8 -2 -10 11 -7 21 14 -8 16 -15 -18 -19 -14 -3 -13 -17 24 -24 -12
right_child=6 2 -4 4 -6 10 13 -9 9 -11 25 12 19 15 -16 22 17 18 -20 -21 -22 -23 23 -25 -26 -27
leaf_value=5.6460341729419857e-10 1.9741500431808942e-10 0 2.0909988519664477e-09 2.7803814149330956e-10 0 0 0.0048118450667148155 7.3890795568487181e-11 0 0 0 0 0 0.0048118450667148155 -0.00055612484277768387 1.489369654469465e-07 -0.00050545036852607105 8.1137170528103392e-07 -0.00043368122944286894 0 0 0 7.5246234473402783e-08 3.4724646779643413e-12 -5.2933863167198868e-12 0
leaf_weight=1187.9999697804451 153.99999731779099 1285.3999823927879 203.49999809265137 166.99999868869781 321.69999557733536 116.09999871253967 3577.3998793363571 285.59999871253967 96.599998533725739 131.89999866485596 289.29999536275864 229.19999802112579 699.79999208450317 212.99999350309372 130.99999618530273 1960.099989771843 89.19999897480011 170.39999800920486 178.89999896287918 278.99999582767487 610.39998990297318 277.09999781847 110.69999819993973 1437.9999849796295 112.59999787807465 246.99999725818634
leaf_count=1056 172 1628 239 194 407 139 2780 316 120 159 379 266 830 168 122 2099 102 210 175 354 820 305 153 1684 144 304
internal_value=-0.00231866 -0.00562929 -0.00712784 -0.00746064 -0.00512792 -0.00774243 -5.49498e-05 -0.00150495 -0.00289413 -0.0049393 -0.00702976 -0.00664433 -0.00683453 6.64724e-05 0.000386724 -0.000211386 -0.00112438 -0.00186211 -0.000793249 -0.00738123 -0.00854339 -0.00576971 -4.6869e-05 -0.000331542 -0.00309043 -0.00817149
internal_weight=14562.9 5913.5 4725.5 4522 488.7 4033.3 8649.4 668.1 382.5 228.5 2137.5 1601.2 1485.1 7981.3 3708.4 4272.9 651.5 438.5 349.3 978.8 1895.8 506.3 3621.4 1661.3 223.3 536.3
internal_count=15325 6921 5865 5626 601 5025 8404 767 451 279 2577 1894 1755 7637 2902 4735 655 487 385 1184 2448 571 4080 1981 297 683
is_linear=0
shrinkage=0.0103578


Tree=111
num_leaves=27
num_cat=0
split_feature=29 30 30 29 30 30 29 11 30 1 30 30 29 11 29 30 29 30 30 30 11 29 11 0 30 8
split_gain=1033.61 509.116 104.115 21.8589 85.3621 20.4924 15.244 20.5509 21.0434 11.083 8.16102 6.95353 9.41073 13.8177 7.0063 5.49878 4.23708 3.78746 2.57965 15.3408 36.3657 2.90339 8.06693 2.26531 2.18303 2.54921
threshold=36.020755767822273 -79.298500061035142 -78.68517684936522 35.906902313232429 -78.970527648925767 -79.125286102294908 36.314949035644538 18.270138740539554 -78.769439697265611 25.006845474243168 -79.074466705322251 -118.89915084838866 38.308649063110359 14.838194370269777 39.747600555419929 -78.910125732421861 36.579669952392585 -79.178325653076158 -82.058330535888658 -80.748550415039048 16.372917175292972 39.79341125488282 17.888194084167484 25.132638931274418 -78.799945831298814 2.5000000000000004
decision_type=2 2 2 2 2 2 2 2 2 2 2 2 2 2 2 2 2 2 2 2 2 2 2 2 2 2
left_child=1 -1 3 5 -5 17 7 -2 10 15 -9 14 13 -13 -8 -7 -15 23 -14 20 -20 22 -21 -3 25 -11
right_child=6 2 -4 4 -6 9 11 8 -10 24 -12 12 18 16 -16 -17 -18 -19 19 21 -22 -23 -24 -25 -26 -27
leaf_value=5.587553476018265e-10 7.1059168552222038e-11 0 2.0693406284445769e-09 2.7515826797716461e-10 0 0 0.0047620047638808321 0 7.312544681417001e-11 0 0 -0.00051282402409812675 1.4739431950159875e-07 8.0296765009192091e-07 -0.00055564813517474569 0 -5.2954659020316625e-05 0 7.446684630498202e-08 -4.0024086537802872e-05 -5.2385582885135035e-12 3.4364974577545241e-12 1.0930921322090712e-06 0 0 0
leaf_weight=1232.3999685645103 361.99999511241913 1097.7999844551086 204.19999772310257 177.49999845027924 302.49999529123306 1070.8999870419502 3852.5998722314835 97.099999129772186 94.500000178813934 358.19999688863754 109.29999858140945 97.699999570846558 1963.7999898195267 165.49999803304672 131.09999638795853 364.19999444484711 148.59999936819077 521.39999121427536 130.1999979019165 80.299999058246613 84.099998474121094 1221.1999873518944 131.09999912977219 299.39999681711197 95.999998927116394 348.99999779462814
leaf_count=1092 416 1404 238 205 389 1291 2998 115 97 412 133 107 2096 207 125 472 148 698 178 103 107 1426 155 366 118 396
internal_value=-0.00232174 -0.00559816 -0.00711108 -0.00742981 -0.00532065 -0.00767249 -2.60501e-05 -0.00153485 -0.00353251 -0.00699204 -0.0053819 9.89235e-05 -0.00020477 -0.00168716 0.000405666 -0.00754295 -0.000623917 -0.00846381 -3.53487e-05 -0.000337709 -0.00291859 4.90683e-05 -0.00106963 -0.00816389 -0.00600258 -0.00578795
internal_weight=14742.6 6073.5 4841.1 4636.9 480 4156.9 8669.1 662.9 300.9 2238.3 206.4 8006.2 4022.5 411.8 3983.7 1435.1 314.1 1918.6 3610.7 1646.9 214.3 1432.6 211.4 1397.2 803.2 707.2
internal_count=15492 7081 5989 5751 594 5157 8411 761 345 2689 248 7650 4527 462 3123 1763 355 2468 4065 1969 285 1684 258 1770 926 808
is_linear=0
shrinkage=0.0103578


Tree=112
num_leaves=27
num_cat=0
split_feature=30 30 30 11 11 30 7 30 30 5 30 30 5 4 1 1 30 30 30 11 3 0 3 30 7 11
split_gain=985.718 370.412 51.8077 15.383 19.1332 11.6903 10.3091 7.32121 6.52835 6.40316 5.84556 7.86605 6.94567 5.00361 4.34854 5.35011 3.85432 3.40526 14.9201 33.5938 3.39882 3.08342 5.15293 3.04852 2.49828 2.35565
threshold=-79.298500061035142 -78.695117950439439 -79.125286102294908 11.4680552482605 20.25625038146973 -79.063835144042955 0.11041666567325593 -117.08349990844725 -79.078010559082017 0.52354729175567638 -78.769439697265611 -78.867374420166001 0.25793790817260748 2.8502082824707036 20.525297164916996 17.474405288696293 -101.70369720458983 -82.058330535888658 -80.748550415039048 16.372917175292972 2.4215972423553471 24.815972328186039 2.0406249761581425 -109.12405014038085 0.018750000745058063 21.635416030883793
decision_type=2 2 2 2 2 2 2 2 2 2 2 2 2 2 2 2 2 2 2 2 2 2 2 2 2 2
left_child=7 2 24 10 5 8 -6 -1 20 14 11 12 -4 -8 15 -7 23 -18 19 -19 -5 22 -11 -9 -2 -26
right_child=1 -3 3 4 6 9 13 16 -10 21 -12 -13 -14 -15 -16 -17 17 18 -20 -21 -22 -23 -24 -25 25 -27
leaf_value=0.0047126806987378266 0 0 0 0 0 0 0 -4.3278308772014392e-06 0 0 0 0 0 0 0 0 1.4586500302357052e-07 7.3695530911515715e-08 5.4491311211500697e-10 -5.1842981600403221e-12 0 0 0 -0.0004386506187229191 0 0
leaf_weight=4715.3998426795006 606.699991106987 1208.2999876141548 137.09999829530716 158.899997651577 200.19999849796295 98.799998581409454 313.89999723434448 127.89999777078629 111.49999874830246 89.799999475479126 139.79999822378159 144.6999973654747 427.79999405145645 364.39999485015869 582.99999439716339 101.69999843835831 2156.2999902367592 135.59999763965607 554.79999428987503 98.099998354911804 135.89999836683273 88.299999177455902 255.39999711513519 161.79999816417694 1150.9999846816063 272.19999593496323
leaf_count=3694 787 1365 167 195 224 124 365 119 137 102 174 195 534 456 696 125 2303 186 668 121 163 103 306 186 1464 346
internal_value=-0.0022957 -0.00525783 -0.00642142 -0.00562767 -0.00521487 -0.00454401 -0.00645029 0.000159663 -0.00301276 -0.00505323 -0.00683874 -0.00722514 -0.00665494 -0.00706339 -0.00561685 -0.00426716 -0.000219749 -0.000107326 -0.000689602 -0.00288161 -0.00381955 -0.00402758 -0.00357075 -0.00135864 -0.00772968 -0.00747283
internal_weight=14539.3 6589.4 5381.1 3351.2 2501.8 1623.3 878.5 7949.9 406.3 1217 849.4 709.6 564.9 678.3 783.5 200.5 3234.5 2944.8 788.5 233.7 294.8 433.5 345.2 289.7 2029.9 1423.2
internal_count=15305 8028 6663 4066 2996 1951 1045 7277 495 1456 1070 896 701 821 945 249 3583 3278 975 307 358 511 408 305 2597 1810
is_linear=0
shrinkage=0.0103578


Tree=113
num_leaves=27
num_cat=0
split_feature=29 30 30 29 30 30 29 30 30 1 7 30 30 29 29 0 10 30 30 0 6 1 30 29 13 29
split_gain=1042.13 493.354 113.129 24.2948 79.6191 21.4875 14.6118 13.7882 20.5841 11.2432 10.1991 6.45432 5.90419 5.80443 5.58081 6.52496 4.36479 3.40032 18.1412 21.6552 3.02015 2.94093 2.93622 2.91576 3.77184 2.88141
threshold=36.020755767822273 -79.298500061035142 -78.68517684936522 35.906902313232429 -79.042778015136705 -79.125286102294908 36.314949035644538 -78.867374420166001 -79.093429565429673 25.006845474243168 0.11041666567325593 -119.9710006713867 -78.910125732421861 39.616733551025398 38.376905441284187 19.347916603088382 19.993055343627933 -82.058330535888658 -80.748550415039048 20.395138740539554 0.36875000596046453 26.115774154663089 -78.970527648925767 40.703229904174812 57.989582061767585 36.504644393920906
decision_type=2 2 2 2 2 2 2 2 2 2 2 2 2 2 2 2 2 2 2 2 2 2 2 2 2 2
left_child=1 -1 3 5 -5 -3 7 8 -2 12 -10 13 16 -8 15 -13 -7 -16 19 -19 -11 22 -22 24 -20 -17
right_child=6 2 -4 4 -6 9 11 -9 10 20 -12 14 -14 -15 17 25 -18 18 23 -21 21 -23 -24 -25 -26 -27
leaf_value=5.473237305198247e-10 1.9463419282199212e-10 0 2.047906737253488e-09 2.7230822371906483e-10 0 0 0.0046638675241803748 7.0323149326608902e-11 0 0 0 -0.00046671209254683699 0 -0.00057732450243685074 1.4444032014992296e-07 7.9517777484678612e-07 0 6.5847852679866576e-08 -3.8023725326946513e-05 -5.1306000490879502e-12 0 0 0 3.4009027801188131e-12 -2.5753680272659658e-08 -7.6823415886649926e-05
leaf_weight=1175.9999703168869 159.19999718666077 1879.8999722599983 212.29999774694443 166.09999853372574 297.999995470047 91.5999995470047 3700.0998754501343 269.29999876022339 87.999998807907104 237.59999883174896 153.89999824762344 141.19999760389328 356.99999445676804 145.99999552965164 1857.5999898910522 195.0999972820282 969.69998747110367 110.19999837875366 89.199998915195465 102.8999981880188 158.69999945163727 280.59999650716782 88.699999034404755 976.0999892950058 402.3999964594841 326.09999936819077
leaf_count=1050 174 2431 245 193 382 104 2875 299 106 268 189 140 466 130 1994 219 1179 150 110 131 175 332 107 1145 468 325
internal_value=-0.00230052 -0.00565554 -0.0071452 -0.00749165 -0.00523065 -0.00774899 -2.32803e-05 -0.00149184 -0.00270776 -0.00704298 -0.00460781 9.91118e-05 -0.00759459 0.000405691 -0.000181497 -0.00105364 -0.00719184 -1.79686e-05 -0.000355572 -0.00317542 -0.00601569 -0.00646395 -0.00559687 5.46323e-05 -0.000595149 -0.000516125
internal_weight=14633.5 5916.2 4740.2 4527.9 464.1 4063.8 8717.3 670.4 401.1 2183.9 241.9 8046.9 1418.3 3846.1 4200.8 662.4 1061.3 3538.4 1680.8 213.1 765.6 528 247.4 1467.7 491.6 521.2
internal_count=15387 6932 5882 5637 575 5062 8455 768 469 2631 295 7687 1749 3005 4682 684 1283 3998 2004 281 882 614 282 1723 578 544
is_linear=0
shrinkage=0.0103578


Tree=114
num_leaves=27
num_cat=0
split_feature=29 30 30 29 30 30 29 11 30 13 30 30 30 29 29 29 29 2 1 29 29 2 30 30 11 29
split_gain=1035.81 488.734 108.296 21.5546 74.3384 21.7123 17.112 20.2579 26.3197 9.83884 8.84948 8.6197 6.16765 10.9213 6.83333 8.00378 4.83426 5.77621 4.30771 3.3185 2.42199 2.41303 2.36613 17.2424 37.7509 2.90252
threshold=36.020755767822273 -79.298500061035142 -78.68517684936522 35.906902313232429 -79.042778015136705 -79.125286102294908 36.314949035644538 18.270138740539554 -78.769439697265611 45.893751144409187 -79.070907592773423 -78.934486389160142 -119.9710006713867 39.747600555419929 38.308649063110359 36.504644393920906 35.016698837280281 1.4005434513092043 21.872917175292972 35.741001129150398 35.697473526000984 -5.7725932598114005 -82.058330535888658 -80.748550415039048 16.372917175292972 39.79341125488282
decision_type=2 2 2 2 2 2 2 2 2 2 2 2 2 2 2 2 2 2 2 2 2 2 2 2 2 2
left_child=1 -1 3 5 -5 19 7 -2 10 21 -9 16 13 -8 15 -14 -11 -18 -17 20 -3 -7 -16 24 -24 -25
right_child=6 2 -4 4 -6 9 12 8 -10 11 -12 -13 14 -15 22 18 17 -19 -20 -21 -22 -23 23 25 -26 -27
leaf_value=5.4165464099197802e-10 6.959475366754614e-11 0 2.0266948547956529e-09 2.6948769975244253e-10 0 0 0.004615559948487496 0 7.1639629757793468e-11 0 0 0 7.8641432161867643e-07 -0.00058744262237301215 1.4286069831496591e-07 -0.00046164712843541002 0 0 -6.9011225409603858e-05 0 0 0 7.2250163406900385e-08 -3.7326708891413243e-05 -6.8717186967224382e-10 3.3656767863222624e-12
leaf_weight=1165.1999707818031 349.49999493360519 1232.0999824404716 204.79999780654907 155.29999887943268 315.39999538660049 83.099998950958252 3772.6998733282089 108.79999893903732 110.3000003695488 93.199999034404755 93.399998426437378 477.39999401569366 263.09999632835388 131.39999622106552 1966.9999892711639 90.699999034404755 739.89999437332153 336.89999616146088 202.39999860525131 109.49999904632568 555.79999071359634 441.99999308586121 129.29999780654907 189.8999981880188 86.699998378753662 1222.7999868392944
leaf_count=1032 403 1571 236 179 400 97 2933 128 113 110 116 592 281 124 2098 97 839 409 202 129 746 566 177 235 111 1428
internal_value=-0.00231024 -0.00565736 -0.0071331 -0.00746537 -0.00535015 -0.00770912 -4.07008e-05 -0.00164082 -0.00355447 -0.00699494 -0.00576973 -0.00659313 9.08424e-05 0.000386401 -0.00018699 -0.0012548 -0.00610426 -0.00630218 -0.0024303 -0.00852429 -0.00863602 -0.00824628 -2.15273e-05 -0.000313573 -0.0030351 0.000103298
internal_weight=14628.6 5910.6 4745.4 4540.6 470.7 4069.9 8718 662 312.5 2172.5 202.2 1647.4 8056 3904.1 4151.9 556.2 1170 1076.8 293.1 1897.4 1787.9 525.1 3595.7 1628.7 216 1412.7
internal_count=15352 6906 5874 5638 579 5059 8446 760 357 2613 244 1950 7686 3057 4629 580 1358 1248 299 2446 2317 663 4049 1951 288 1663
is_linear=0
shrinkage=0.0103578


Tree=115
num_leaves=27
num_cat=0
split_feature=29 30 30 29 30 30 29 11 30 1 30 8 30 5 4 30 29 29 1 2 29 30 0 30 2 9
split_gain=1054.55 510.619 101.836 16.7214 78.7866 21.2231 15.8363 18.2891 24.0979 11.6143 9.52311 7.90518 6.09665 4.4814 4.03623 3.87417 12.333 9.6029 7.85339 3.30343 3.25639 3.18375 2.12364 1.80857 1.5486 1.50677
threshold=36.020755767822273 -79.298500061035142 -78.68517684936522 35.906902313232429 -79.042778015136705 -79.125286102294908 36.314949035644538 18.270138740539554 -78.769439697265611 18.306249618530277 -79.070907592773423 2.5000000000000004 -78.882755279541001 0.49936333298683172 2.6797916889190678 -119.9710006713867 39.747600555419929 38.376905441284187 21.12589263916016 -6.1219849586486808 37.118564605712898 -79.178325653076158 24.99930572509766 -78.977985382080064 1.7414725422859194 265.31250000000006
decision_type=2 2 2 2 2 2 2 2 2 2 2 2 2 2 2 2 2 2 2 2 2 2 2 2 2 2
left_child=1 -1 3 5 -5 21 7 -2 10 19 -9 14 13 -13 23 16 -8 18 -17 -7 -20 22 -3 -11 -21 -24
right_child=6 2 -4 4 -6 9 15 8 -10 11 -12 12 -14 -15 -16 17 -18 -19 20 24 -22 -23 25 -25 -26 -27
leaf_value=5.360442709646438e-10 6.8873902611380455e-11 0 2.0057026815409859e-09 2.666963903109552e-10 0 0 0.0045677527347489869 0 7.0897598210115099e-11 0 0 0 0 0 0 -0.00045686546311479975 -0.00058470231153657278 2.0401555062614708e-12 7.7826877092054962e-07 0 -6.8296431656017623e-05 0 0 0 0 0
leaf_weight=1214.8999693393707 343.09999531507492 1011.0999854803085 195.29999834299088 151.79999887943268 314.59999507665634 89.599998950958252 3622.6998780965805 107.79999893903732 108.49999982118607 220.79999876022339 87.099998533725739 351.59999692440033 174.09999817609787 225.59999907016754 489.79999339580536 170.89999729394913 137.79999589920044 3500.7999707460403 250.79999631643295 425.59999394416809 255.4999994635582 542.79999095201492 225.69999778270721 105.09999865293503 158.0999972820282 90.49999862909317
leaf_count=1077 397 1299 225 176 404 104 2815 126 113 248 109 402 215 254 604 171 130 3958 278 530 253 730 273 127 215 117
internal_value=-0.00231568 -0.00565209 -0.00717819 -0.00749071 -0.00561269 -0.0077029 1.1231e-05 -0.00154686 -0.00339697 -0.00701585 -0.00557003 -0.00651845 -0.00573631 -0.00520968 -0.00723383 0.000138274 0.000379453 -7.87251e-05 -0.00120729 -0.00816639 -0.000556739 -0.00852337 -0.00822855 -0.00629986 -0.00846108 -0.00741439
internal_weight=14572 5987 4772.1 4576.8 466.4 4110.4 8585 646.5 303.4 2240.3 194.9 1567 751.3 577.2 815.7 7938.5 3760.5 4178 677.2 673.3 506.3 1870.1 1327.3 325.9 583.7 316.2
internal_count=15350 7000 5923 5698 580 5118 8350 745 348 2699 235 1850 871 656 979 7605 2945 4660 702 849 531 2419 1689 375 745 390
is_linear=0
shrinkage=0.0103578


Tree=116
num_leaves=27
num_cat=0
split_feature=29 30 30 29 30 30 29 11 30 1 30 2 30 7 30 30 6 30 29 29 0 30 2 29 11 30
split_gain=1072.12 501.146 112.132 18.7411 76.7249 20.7781 15.5021 19.1572 24.3607 11.2195 7.98082 6.78988 5.05202 5.09156 4.44636 4.0749 3.76818 2.96069 7.37779 5.7648 9.17713 16.2818 2.78623 2.48003 1.5919 1.18783
threshold=36.020755767822273 -79.298500061035142 -78.68517684936522 35.906902313232429 -79.042778015136705 -79.125286102294908 36.314949035644538 18.270138740539554 -78.769439697265611 24.466369628906254 -79.070907592773423 -0.88334625959396351 -78.952381134033189 0.71875000000000011 -79.192516326904283 -78.89247894287108 0.11458333209156991 -120.45205307006835 39.616733551025398 38.781452178955085 19.347916603088382 -117.08349990844725 1.4698369503021242 35.741001129150398 16.829861640930179 -109.12405014038085
decision_type=2 2 2 2 2 2 2 2 2 2 2 2 2 2 2 2 2 2 2 2 2 2 2 2 2 2
left_child=1 -1 3 5 -5 14 7 -2 10 11 -9 15 13 22 23 24 -13 18 -8 20 21 -19 -11 -3 -7 -21
right_child=6 2 -4 4 -6 9 17 8 -10 12 -12 16 -14 -15 -16 -17 -18 19 -20 25 -22 -23 -24 -25 -26 -27
leaf_value=5.3049201223085623e-10 1.9118396808618467e-10 0 1.9849279417775578e-09 2.639339927953379e-10 0 0 0.0045204407002977049 0 7.0163252503634018e-11 0 0 0 0 0 0 0 0 0.0045204407002977049 -0.00057338033286980612 -0.00063178414621966141 -2.9130450229567316e-05 -0.00044649278777746072 0 0 0 3.3096840611208985e-12
leaf_weight=1186.8999696969986 351.59999525547028 1096.8999845981598 212.39999759197235 151.29999893903732 306.79999524354935 341.3999964594841 3581.4998789429665 106.09999883174896 112.39999997615814 347.8999981880188 92.299998641014099 112.29999858140945 272.09999680519104 104.19999873638153 683.39998823404312 127.49999803304672 584.79999059438705 113.59999662637711 148.79999548196793 98.099999248981476 791.29999452829361 123.79999893903732 158.89999878406525 90.499999344348907 128.99999850988388 3155.0999729633331
leaf_count=1045 404 1397 254 175 394 398 2781 125 118 381 113 137 329 128 912 163 754 90 134 97 813 142 185 107 154 3603
internal_value=-0.0022616 -0.00566519 -0.00717809 -0.00752465 -0.00552038 -0.00775051 5.59842e-05 -0.0014661 -0.00333719 -0.0070555 -0.005515 -0.00767591 -0.00614091 -0.00560108 -0.00855707 -0.00684095 -0.00838531 0.000181968 0.000395267 -3.7836e-06 -0.000679519 -0.00246313 -0.00515719 -0.00815213 -0.00637215 0.000209844
internal_weight=14580.9 5906.3 4719.4 4507 458.1 4048.9 8674.6 662.4 310.8 2178.1 198.4 1295 883.1 611 1870.8 597.9 697.1 8012.2 3730.3 4281.9 1028.7 237.4 506.8 1187.4 470.4 3253.2
internal_count=15333 6913 5868 5614 569 5045 8420 760 356 2629 238 1606 1023 694 2416 715 891 7660 2915 4745 1045 232 566 1504 552 3700
is_linear=0
shrinkage=0.0103578


Tree=117
num_leaves=27
num_cat=0
split_feature=29 30 30 29 30 30 29 11 30 1 30 29 30 30 30 1 10 30 29 11 29 1 12 2 11 7
split_gain=1072.92 481.871 102.763 17.1926 83.3129 20.7109 16.7959 17.8197 24.8687 10.7264 8.14149 5.15034 4.60534 4.38152 4.28342 4.07245 3.94621 3.86729 6.35743 5.24671 3.16092 2.72628 2.33822 1.90423 1.59498 1.33836
threshold=36.020755767822273 -79.298500061035142 -78.68517684936522 35.906902313232429 -79.042778015136705 -79.125286102294908 36.314949035644538 18.270138740539554 -78.769439697265611 24.405357360839847 -79.070907592773423 35.857364654541023 -78.799945831298814 -122.19300079345702 -79.188957214355455 27.72500038146973 20.548610687255863 -120.45205307006835 38.376905441284187 4.6770832538604745 36.504644393920906 27.112500190734867 -4.285416603088378 -0.66942286491394032 21.072221755981449 0.52291664481163036
decision_type=2 2 2 2 2 2 2 2 2 2 2 2 2 2 2 2 2 2 2 2 2 2 2 2 2 2
left_child=1 -1 3 5 -5 14 7 -2 10 11 -9 16 15 -8 24 21 -7 -15 19 -19 -21 -11 -18 -13 -3 -26
right_child=6 2 -4 4 -6 9 13 8 -10 12 -12 23 -14 17 -16 -17 22 18 -20 20 -22 -23 -24 -25 25 -27
leaf_value=5.2499726288335779e-10 6.6180265794271402e-11 0 1.9643683833648902e-09 2.6120020774059942e-10 0 0 -2.5604318114096047e-05 0 6.943651302966632e-11 0 0 0 0 0.0044736187161477205 0 0 0 -0.00050886687012661948 2.0034838386324515e-12 1.0724631533983176e-06 -0.00043118988647012165 0 0 0 0 0
leaf_weight=1139.1999712586403 342.09999483823776 1008.8999860882759 200.89999771118164 160.29999870061874 316.09999483823776 78.699999392032623 148.59999543428421 112.19999903440475 117.50000005960464 614.29999542236328 92.199998676776886 301.59999585151672 105.99999850988388 3520.5998819470406 638.5999892950058 86.400000035762787 183.69999802112579 93.699997782707214 3520.4999722242355 233.99999624490738 394.69999611377716 105.09999859333038 465.19999366998672 294.3999952673912 119.79999846220016 97.999999344348907
leaf_count=1012 403 1289 235 187 407 91 132 130 121 703 114 362 132 2740 854 90 217 91 3979 250 379 127 574 386 150 114
internal_value=-0.00229398 -0.00568653 -0.00712967 -0.00744788 -0.00556668 -0.00766552 4.69356e-05 -0.00153457 -0.00328158 -0.00698603 -0.00545968 -0.00758811 -0.00610741 0.000179813 -0.00847723 -0.0058287 -0.00697969 0.000213631 2.93972e-06 -0.000881665 -0.000538648 -0.00608679 -0.00725029 -0.00832283 -0.00809815 -0.00719416
internal_weight=14493.3 5917.2 4778 4577.1 476.4 4100.7 8576.1 664 321.9 2235.4 204.4 1323.6 911.8 7912.1 1865.3 805.8 727.6 7763.5 4242.9 722.4 628.7 719.4 648.9 596 1226.7 217.8
internal_count=15269 6930 5918 5683 594 5089 8339 768 365 2682 244 1630 1052 7571 2407 920 882 7439 4699 720 629 830 791 748 1553 264
is_linear=0
shrinkage=0.0103578


Tree=118
num_leaves=27
num_cat=0
split_feature=29 30 30 29 29 30 29 11 30 1 30 30 10 30 30 30 29 30 11 8 29 0 2 29 30 29
split_gain=1058.36 492.941 105.803 21.1816 77.5898 18.8648 15.5472 18.1315 22.3991 8.94369 8.85947 4.80446 4.70773 4.02226 3.53564 4.30204 7.91391 6.15655 21.553 3.44868 3.13759 2.88347 2.64855 2.29425 1.99118 1.51333
threshold=36.020755767822273 -79.298500061035142 -78.68517684936522 35.906902313232429 35.975336074829109 -79.125286102294908 36.314949035644538 18.270138740539554 -78.769439697265611 24.629166603088382 -79.070907592773423 -78.910125732421861 20.548610687255863 -79.178325653076158 -122.19300079345702 -120.45205307006835 38.308649063110359 -117.08349990844725 13.292360782623293 2.5000000000000004 36.579669952392585 28.268054962158207 -2.0290760993957515 35.741001129150398 -79.063835144042955 40.57173156738282
decision_type=2 2 2 2 2 2 2 2 2 2 2 2 2 2 2 2 2 2 2 2 2 2 2 2 2 2
left_child=1 -1 3 5 -5 13 7 -2 10 11 -9 12 -7 23 -8 -16 17 -17 -19 -11 -20 24 -14 -3 -21 -18
right_child=6 2 -4 4 -6 9 14 8 -10 19 -12 -13 22 -15 15 16 25 18 20 21 -22 -23 -24 -25 -26 -27
leaf_value=5.1955942724934731e-10 6.5494781444071419e-11 0 1.9440217774898073e-09 2.5849473878355778e-10 0 0 -2.6051945801784742e-05 0 6.8717301004101829e-11 0 0 0 0 0 0.0044272817064383027 0.0044780849103461338 -2.5664863747545104e-08 -0.00048035968576502959 1.0608276236492823e-06 0 -4.1001166765955594e-05 0 0 0 0 3.2546511385184467e-12
leaf_weight=1172.3999701142311 350.8999947309494 1237.2999827861786 201.29999798536301 165.19999891519547 313.59999531507492 83.699999630451202 166.19999486207962 106.49999916553497 106.60000002384186 448.19999551773071 95.199998497962952 339.09999471902847 279.39999693632126 534.99999099969864 3538.5998810529709 212.59999370574951 1601.1999951004982 97.799999058246613 169.29999816417694 85.299999117851257 184.59999978542328 88.600000023841858 582.29999154806137 93.099999308586121 265.19999778270721 2012.3999757766724
leaf_count=1038 407 1577 233 190 404 97 146 125 110 530 116 441 328 720 2754 168 1662 112 211 99 182 94 721 111 312 2404
internal_value=-0.00227416 -0.00565993 -0.00715364 -0.0074811 -0.00540441 -0.0077265 3.35028e-05 -0.00149456 -0.0033248 -0.00706269 -0.00535 -0.00762276 -0.00722544 -0.00849674 0.000159838 0.000191711 -2.92068e-05 -0.00106784 -0.00175142 -0.00624706 -0.000557077 -0.00556694 -0.00745695 -0.00817238 -0.0059962 0.000161749
internal_weight=14531.6 5889.7 4717.3 4516 478.8 4037.2 8641.9 659.2 308.3 2171.8 201.7 1284.5 945.4 1865.4 7982.7 7816.5 4277.9 664.3 451.7 887.3 353.9 439.1 861.7 1330.4 350.5 3613.6
internal_count=15292 6895 5857 5624 594 5030 8397 758 351 2622 241 1587 1146 2408 7639 7493 4739 673 505 1035 393 505 1049 1688 411 4066
is_linear=0
shrinkage=0.0103578


Tree=119
num_leaves=27
num_cat=0
split_feature=29 30 30 29 30 30 29 30 30 7 1 8 2 30 29 1 29 29 30 5 0 12 12 29 2 29
split_gain=1042.06 489.698 106.205 20.4876 78.332 21.1237 15.8309 16.2177 21.2476 12.2185 11.8396 7.95654 5.4416 3.52383 8.35446 8.12551 8.04867 3.51498 3.45289 2.88443 4.1479 2.58347 2.73913 2.47073 1.91358 1.76068
threshold=36.020755767822273 -79.298500061035142 -78.68517684936522 35.906902313232429 -79.042778015136705 -79.125286102294908 36.314949035644538 -78.867374420166001 -79.093429565429673 0.11041666567325593 24.466369628906254 1.5000000000000002 -0.92782089114189137 -119.9710006713867 38.376905441284187 21.12589263916016 39.616733551025398 35.838500976562507 -79.178325653076158 0.44604733586311346 19.579860687255863 -5.2354166507720938 0.043750001117587096 36.504644393920906 2.9309653043746953 35.725976943969734
decision_type=2 2 2 2 2 2 2 2 2 2 2 2 2 2 2 2 2 2 2 2 2 2 2 2 2 2
left_child=1 -1 3 5 -5 18 7 8 -2 -10 12 24 19 16 15 -15 -8 -14 -3 -7 -21 -13 -23 -17 25 -12
right_child=6 2 -4 4 -6 10 13 -9 9 -11 11 21 17 14 -16 23 -18 -19 -20 20 -22 22 -24 -25 -26 -27
leaf_value=5.141779158259053e-10 1.8783984730229537e-10 0 1.9238859184248145e-09 2.5581729263071226e-10 0 0 0.0043814246478836531 6.8005538458863299e-11 0 0 0 0 0 -0.00044238991594737931 1.9302798439272948e-12 1.0503668770455159e-06 -0.00065776368487701806 0 0 0 0 0 0 -6.979152786020426e-05 0 0
leaf_weight=1175.1999689340591 149.49999737739563 1327.4999820590019 204.39999806880951 159.89999860525131 305.999995470047 341.99999570846558 3604.6998794674873 303.79999870061874 82.899998843669891 154.89999783039093 131.79999834299088 95.299998998641968 355.29999536275864 148.19999766349792 3493.5999703407288 191.29999732971191 148.79999560117722 353.99999403953552 536.199991106987 146.69999819993973 89.999999642372131 174.59999960660934 253.29999846220016 301.89999890327454 88.599998533725739 172.7999986410141
leaf_count=1048 161 1687 242 187 392 416 2803 336 101 191 162 113 443 150 3948 213 136 460 720 175 104 194 283 303 110 196
internal_value=-0.00227549 -0.0056206 -0.00710484 -0.00743405 -0.00535946 -0.00767076 3.03478e-05 -0.00147213 -0.00287594 -0.00479591 -0.00697738 -0.00606401 -0.00762396 0.000162127 -4.6358e-05 -0.00113247 0.000391887 -0.00824834 -0.00848829 -0.00685062 -0.00592065 -0.00521087 -0.00484848 -0.000490852 -0.007189 -0.00675536
internal_weight=14493.2 5913.6 4738.4 4534 465.9 4068.1 8579.6 691.1 387.3 237.8 2204.4 916.4 1288 7888.5 4135 641.4 3753.5 709.3 1863.7 578.7 236.7 523.2 427.9 493.2 393.2 304.6
internal_count=15274 6932 5884 5642 579 5063 8342 789 453 292 2656 1058 1598 7553 4614 666 2939 903 2407 695 279 590 477 516 468 358
is_linear=0
shrinkage=0.0103578


Tree=120
num_leaves=27
num_cat=0
split_feature=29 30 30 29 30 30 29 11 30 1 30 8 30 2 30 29 30 29 29 29 1 30 5 29 2 29
split_gain=1086.93 495.47 101.752 21.3717 75.3135 18.9006 14.7874 17.4351 25.6701 9.74567 9.45942 5.84442 4.95794 4.58839 3.42668 3.19071 3.08298 9.56967 8.1698 7.97314 5.02692 2.65955 2.5467 2.17579 1.75899 1.5171
threshold=36.020755767822273 -79.298500061035142 -78.68517684936522 35.906902313232429 -79.042778015136705 -79.125286102294908 36.314949035644538 18.270138740539554 -78.769439697265611 21.71339321136475 -79.070907592773423 1.5000000000000002 -78.876529693603501 1.7414725422859194 -78.934486389160142 35.508249282836921 -119.9710006713867 39.747600555419929 38.308649063110359 36.504644393920906 22.837797164916996 -79.178325653076158 0.34827888011932379 35.741001129150398 -3.642960667610168 40.57173156738282
decision_type=2 2 2 2 2 2 2 2 2 2 2 2 2 2 2 2 2 2 2 2 2 2 2 2 2 2
left_child=1 -1 3 5 -5 21 7 -2 10 13 -9 15 22 14 24 -11 17 -8 19 -18 -21 23 -13 -3 -7 -20
right_child=6 2 -4 4 -6 9 16 8 -10 11 -12 12 -14 -15 -16 -17 18 -19 25 20 -22 -23 -24 -25 -26 -27
leaf_value=5.0885214521608687e-10 6.4112007003052543e-11 0 1.9039586232889811e-09 2.5316757902644832e-10 0 0 0.0043360425692283468 0 6.7301148233453989e-11 0 0 0 0 0 0 0 1.0389602169067149e-06 -0.00065282241310724259 -2.5399051287271553e-08 -0.00047026962093408935 -4.4505591777162905e-05 0 0 0 0 3.2009464728952805e-12
leaf_weight=1171.29996997118 361.29999560117722 1239.6999824047089 192.59999787807465 154.89999860525131 317.39999538660049 156.89999842643738 3698.0998756885529 99.999999165534973 120.3999999165535 132.89999794960022 89.099998593330383 226.19999772310257 159.29999816417694 238.9999960064888 157.2999974489212 421.69999593496323 268.39999580383301 128.29999631643295 1588.7999940514565 94.699998676776886 181.39999932050705 555.09999090433121 340.59999787807465 87.699999272823334 355.19999521970749 2054.2999755144119
leaf_count=1039 419 1587 224 181 404 183 2873 118 124 173 111 266 195 318 205 495 284 119 1642 101 180 745 382 103 434 2457
internal_value=-0.00227619 -0.00570341 -0.00719492 -0.00750744 -0.00540477 -0.00775046 5.53341e-05 -0.00142122 -0.00322307 -0.00708841 -0.00559783 -0.00649493 -0.00586625 -0.00792009 -0.0074563 -0.00731042 0.000179071 0.00039158 -1.50349e-05 -0.00119783 -0.00243176 -0.00851773 -0.00539682 -0.00824271 -0.00701789 0.00016179
internal_weight=14592.6 5907.8 4736.5 4543.9 472.3 4071.6 8684.8 670.8 309.5 2189.1 189.1 1280.7 726.1 908.4 669.4 554.6 8014 3826.4 4187.6 544.5 276.1 1882.5 566.8 1327.4 512.1 3643.1
internal_count=15362 6934 5895 5671 585 5086 8428 772 353 2651 229 1511 843 1140 822 668 7656 2992 4664 565 281 2435 648 1690 617 4099
is_linear=0
shrinkage=0.0103578


Tree=121
num_leaves=27
num_cat=0
split_feature=30 30 30 11 8 30 11 12 5 4 0 11 30 3 10 3 3 30 30 13 4 30 2 10 30 3
split_gain=1015.4 368.546 58.1227 14.1001 14.6252 11.2337 10.8716 9.9787 8.03528 7.50794 8.06113 5.89308 5.01401 4.62085 4.2519 4.18736 3.78116 3.76338 3.70843 3.65998 3.63693 3.57695 3.25878 3.40122 2.64141 2.45771
threshold=-79.298500061035142 -78.68517684936522 -79.125286102294908 4.6770832538604745 1.5000000000000002 -79.063835144042955 19.160416603088382 -1.1312500238418577 0.51556551456451427 3.3831250667572026 24.815972328186039 18.757638931274418 -78.769439697265611 2.2693749666213994 66.298610687255874 2.4818055629730229 3.1165276765823369 -122.19300079345702 -117.08349990844725 45.893751144409187 4.7143750190734872 -101.70369720458983 2.9309653043746953 45.576387405395515 -109.12405014038085 1.9194444417953493
decision_type=2 2 2 2 2 2 2 2 2 2 2 2 2 2 2 2 2 2 2 2 2 2 2 2 2 2
left_child=17 2 -2 12 6 11 7 16 22 10 -10 15 20 25 -9 -6 19 -1 -19 -5 -4 24 23 -7 -20 -8
right_child=1 -3 3 4 5 8 13 14 9 -11 -12 -13 -14 -15 -16 -17 -18 18 21 -21 -22 -23 -24 -25 -26 -27
leaf_value=-1.0199031240356905e-05 0 -9.5576189702174675e-10 0 0 0 0 0 0 0 0 0 0 0 0 0 0 0 0.0042911305507084049 2.2579368161070016e-06 0 0 1.8771314424317442e-12 0 0 -0.00039543509346879566 0
leaf_weight=157.69999504089355 2077.7999702692032 1167.5999889373779 320.89999496936798 105.5999983549118 159.69999772310257 351.69999617338181 146.89999860525131 136.79999822378159 147.99999898672104 121.99999862909317 104.69999945163727 195.29999780654907 87.299998641014099 356.49999505281448 87.099999189376831 106.49999856948853 85.299998760223389 4582.6998473405838 117.99999839067459 143.29999804496765 77.799999296665192 2869.4999819993973 134.39999824762344 360.69999670982361 159.79999774694443 131.49999922513962
leaf_count=139 2664 1320 409 134 195 423 175 164 166 146 117 231 111 447 105 131 113 3573 110 173 98 3213 168 425 178 147
internal_value=-0.00228791 -0.00528301 -0.00641623 -0.00557189 -0.00529298 -0.00466597 -0.00617451 -0.00510514 -0.00518782 -0.00390901 -0.00287605 -0.00327916 -0.0072135 -0.00710847 -0.00339456 -0.00226555 -0.00624221 0.000221179 0.00025358 -0.00689705 -0.00771323 -2.0053e-05 -0.0057502 -0.00545721 -0.00114118 -0.00606838
internal_weight=14495.1 6607.4 5439.8 3362 2876 1683 1193 558.1 1221.5 374.7 252.7 461.5 486 634.9 223.9 266.2 334.2 7887.7 7730 248.9 398.7 3147.3 846.8 712.4 277.8 278.4
internal_count=15275 8062 6742 4078 3460 2002 1458 689 1445 429 283 557 618 769 269 326 420 7213 7074 307 507 3501 1016 848 288 322
is_linear=0
shrinkage=0.0103578


Tree=122
num_leaves=27
num_cat=0
split_feature=29 30 30 29 30 30 29 11 30 1 30 2 30 30 30 29 11 29 6 30 4 29 29 0 5 11
split_gain=1049.61 494.368 104.544 20.3968 77.1983 19.1993 14.6302 18.0955 24.9793 12.489 7.54507 6.45016 4.92433 4.13197 4.31499 16.0193 21.765 4.24623 3.61542 3.42477 3.05439 2.94061 2.66982 2.30517 2.24878 2.48583
threshold=36.020755767822273 -79.298500061035142 -78.68517684936522 35.906902313232429 -79.042778015136705 -79.125286102294908 36.314949035644538 18.270138740539554 -78.769439697265611 24.405357360839847 -79.074466705322251 -0.88334625959396351 -78.779132843017564 -122.19300079345702 -118.89915084838866 38.308649063110359 12.240277767181398 36.579669952392585 0.36875000596046453 -79.188957214355455 2.6797916889190678 35.468124389648445 35.741001129150398 27.791666984558109 0.41093026101589208 10.589583396911623
decision_type=2 2 2 2 2 2 2 2 2 2 2 2 2 2 2 2 2 2 2 2 2 2 2 2 2 2
left_child=1 -1 3 5 -5 19 7 -2 10 11 -9 24 18 -8 -15 16 -16 -18 23 22 -13 -20 -3 -11 -7 -26
right_child=6 2 -4 4 -6 9 13 8 -10 12 -12 20 -14 14 15 -17 17 -19 21 -21 -22 -23 -24 -25 25 -27
leaf_value=5.0356209504574318e-10 6.3447945338550905e-11 0 1.8941373569497438e-09 2.5054531072157144e-10 0 0 -1.1388795023133884e-05 0 6.6604053966593014e-11 0 0 0 0 0.0042466837235179602 -0.000507693256701918 1.8764295165965397e-12 1.0281988372020176e-06 -6.1212541671038369e-05 0 0 0 0 0 0 0 0
leaf_weight=1191.5999696850777 352.89999550580978 1130.5999841690063 198.79999828338623 158.19999879598618 328.99999517202377 303.4999960064888 145.29999548196793 86.399998962879181 113.70000046491623 131.59999907016754 100.2999986410141 80.899999260902405 95.99999862909317 3791.6998732686043 83.299999117851257 3645.7999709844589 158.0999983549118 172.19999980926514 124.99999809265137 642.09998947381973 576.19999074935913 479.69999665021896 96.299999296665192 94.899999976158142 113.99999868869781 161.09999871253967
leaf_count=1060 405 1436 232 184 418 365 129 102 115 152 123 95 122 2955 97 4102 195 172 160 855 746 539 113 101 140 185
internal_value=-0.00225535 -0.00561978 -0.00712522 -0.00744858 -0.00542983 -0.00769161 4.3399e-05 -0.00144618 -0.0033121 -0.00701966 -0.00563749 -0.00770784 -0.00609791 0.000165243 0.00019737 -3.72205e-05 -0.00196768 -0.000768364 -0.0058304 -0.00846664 -0.00842598 -0.00625687 -0.00812291 -0.00467718 -0.00688409 -0.00615474
internal_weight=14559.2 5909.5 4717.9 4519.1 487.2 4031.9 8649.7 653.3 300.4 2162.9 186.7 1235.7 927.2 7996.4 7851.1 4059.4 413.6 330.3 831.2 1869 657.1 604.7 1226.9 226.5 578.6 275.1
internal_count=15298 6903 5843 5611 602 5009 8395 745 340 2605 225 1531 1074 7650 7521 4566 464 367 952 2404 841 699 1549 253 690 325
is_linear=0
shrinkage=0.0103578


Tree=123
num_leaves=27
num_cat=0
split_feature=29 30 30 29 30 30 29 11 30 1 30 30 2 30 7 8 30 30 29 0 29 30 1 2 29 11
split_gain=1057.29 492.821 110.117 18.1708 77.2327 21.3863 15.437 17.6241 23.9814 10.4163 10.3464 5.03403 5.15317 3.96699 3.87935 3.77259 3.73829 4.38594 9.46118 8.22002 4.12074 3.72507 2.92438 1.91386 1.76204 11.185
threshold=36.020755767822273 -79.298500061035142 -78.68517684936522 35.906902313232429 -79.042778015136705 -79.125286102294908 36.314949035644538 18.270138740539554 -78.769439697265611 24.405357360839847 -79.070907592773423 -78.910125732421861 -2.0290760993957515 -78.952381134033189 0.72708335518836986 6.5000000000000009 -122.19300079345702 -119.9710006713867 38.308649063110359 19.468750000000004 36.579669952392585 -79.192516326904283 17.126487731933597 1.4698369503021242 40.443843841552741 13.959027767181398
decision_type=2 2 2 2 2 2 2 2 2 2 2 2 2 2 2 2 2 2 2 2 2 2 2 2 2 2
left_child=1 -1 3 5 -5 21 7 -2 10 11 -9 12 22 14 23 -14 -8 -18 19 -19 -21 -3 -7 -11 25 -20
right_child=6 2 -4 4 -6 9 16 8 -10 13 -12 -13 15 -15 -16 -17 17 18 24 20 -22 -23 -24 -25 -26 -27
leaf_value=4.9834628136828196e-10 6.2790761915971101e-11 0 1.8745181925396999e-09 2.4795020344216707e-10 0 0 -1.3180426311045968e-05 0 6.5914180087937084e-11 0 0 0 0 0 0 0 0.0042026972692814383 -0.00043083673037818884 -4.9735633245348503e-05 1.0175489221051699e-06 -0.00041564449866210988 0 0 0 1.3047980982711204e-11 8.1225238115587322e-07
leaf_weight=1171.2999702095985 344.79999488592148 1164.9999842047691 208.69999814033508 151.39999884366989 324.89999514818192 199.59999752044678 148.09999549388885 109.19999897480011 113.60000020265579 355.79999822378159 89.399998605251312 324.29999494552612 512.79999244213104 284.69999694824219 96.599998891353607 113.99999856948853 3535.4998815059662 125.29999792575836 341.49999791383743 219.39999711513519 202.29999947547913 655.79998886585236 144.0999990105629 174.19999849796295 2092.1999762654305 1155.7999967932701
leaf_count=1035 398 1478 243 176 413 238 131 128 116 394 112 423 640 343 120 136 2753 127 371 252 197 878 163 200 2494 1174
internal_value=-0.00231692 -0.00569034 -0.00718485 -0.00752569 -0.00559402 -0.00775324 2.44531e-05 -0.00149971 -0.0032802 -0.00706032 -0.00544653 -0.00766438 -0.00727382 -0.00619737 -0.00571807 -0.00784588 0.000152658 0.000184218 -4.46512e-05 -0.00131295 -0.000617505 -0.00859009 -0.00621814 -0.00535415 0.000148684 -0.000122357
internal_weight=14360.3 5883.2 4711.9 4503.2 476.3 4026.9 8477.1 657 312.2 2206.1 198.6 1294.8 970.5 911.3 626.6 626.8 7820.1 7672 4136.5 547 421.7 1820.8 343.7 530 3589.5 1497.3
internal_count=15133 6880 5845 5602 589 5013 8253 754 356 2657 240 1600 1177 1057 714 776 7499 7368 4615 576 449 2356 401 594 4039 1545
is_linear=0
shrinkage=0.0103578


Tree=124
num_leaves=27
num_cat=0
split_feature=29 29 11 29 29 29 29 11 29 29 1 12 29 7 2 0 29 1 29 9 3 6 12 3 10 2
split_gain=1049.06 380.485 50.81 32.5148 70.1086 27.0317 14.4461 17.4121 9.0819 7.7745 7.67573 7.66826 6.95666 5.86415 4.64957 4.39177 4.07133 3.08591 2.7005 4.24451 3.06649 2.61008 2.25081 2.16117 2.10525 1.53882
threshold=36.020755767822273 35.633329391479499 14.838194370269777 35.906902313232429 35.975336074829109 34.162609100341804 36.314949035644538 18.270138740539554 35.61804389953614 35.725976943969734 21.872917175292972 6.4145832061767587 35.654365539550788 0.28541666269302374 -1.3465450406074522 6.5298612117767343 34.956399917602546 11.182440757751467 35.644563674926765 186.3263854980469 2.3373612165451054 0.30625000596046453 1.7895833253860476 2.174444437026978 65.034721374511733 -3.5644021034240718
decision_type=2 2 2 2 2 2 2 2 2 2 2 2 2 2 2 2 2 2 2 2 2 2 2 2 2 2
left_child=1 2 11 9 -5 -4 7 -2 16 12 14 -1 18 -9 15 -11 -7 -6 -3 -20 -21 -12 -18 -23 -19 -8
right_child=6 3 5 4 17 8 25 13 -10 10 21 -13 -14 -15 -16 -17 22 24 19 20 -22 23 -24 -25 -26 -27
leaf_value=0 6.2140385491610215e-11 0 7.4837287697764233e-07 2.453819758587834e-10 0 0 -6.3875452961284482e-05 0 0 0 0 0 0 0 0 0 0 0 0 0 0 0 0 0 0 2.5885496947199743e-10
leaf_weight=1001.5999717116356 346.89999544620514 223.59999686479568 131.19999831914902 179.09999841451645 100.69999814033508 113.99999892711639 656.99998825788498 151.59999877214432 94.299999177455902 83.199998617172241 152.69999951124191 114.39999753236771 1457.4999783039093 152.89999890327454 470.69999277591705 255.49999743700027 309.79999607801437 130.2999986410141 88.99999874830246 90.499999284744263 104.69999879598618 243.69999819993973 145.29999876022339 297.29999655485153 116.89999824762344 7291.699850320816
leaf_count=898 403 280 124 209 135 134 638 170 109 110 169 122 1899 175 605 293 374 155 114 99 127 275 165 357 149 6975
internal_value=-0.00227486 -0.00563587 -0.00183308 -0.00745374 -0.00504396 -0.00383393 3.34368e-05 -0.00144873 -0.00468293 -0.00781888 -0.00724317 -0.000406861 -0.00825677 -0.00325383 -0.00793992 -0.00697075 -0.00517657 -0.00775096 -0.00717943 -0.00646164 -0.00556599 -0.00642378 -0.00561924 -0.00677258 -0.00707752 0.000155049
internal_weight=14506.1 5906 1910.6 3995.4 527 794.6 8600.1 651.4 663.4 3468.4 1503.1 1116 1965.3 304.5 809.4 338.7 569.1 347.9 507.8 284.2 195.2 693.7 455.1 541 247.2 7948.7
internal_count=15263 6902 1926 4976 648 906 8361 748 782 4328 1809 1020 2519 345 1008 403 673 439 620 340 226 801 539 632 304 7613
is_linear=0
shrinkage=0.0103578


Tree=125
num_leaves=27
num_cat=0
split_feature=29 30 30 29 29 30 29 11 30 13 30 2 30 29 29 30 11 11 6 29 0 30 6 30 30 11
split_gain=1054.16 514.421 103.587 22.1819 78.6842 24.4032 14.8763 20.0963 23.6294 11.0771 7.94615 5.66765 5.64718 10.3201 5.32713 5.39626 23.7357 4.90182 4.07157 5.27064 3.86543 3.60197 3.10499 2.95016 20.2339 39.6408
threshold=36.020755767822273 -79.298500061035142 -78.68517684936522 35.906902313232429 35.975336074829109 -79.125286102294908 36.314949035644538 18.270138740539554 -78.769439697265611 107.40625000000001 -79.070907592773423 -1.6983566284179685 -120.26449966430663 39.747600555419929 38.308649063110359 -117.08349990844725 14.838194370269777 18.458333015441898 0.33125001192092901 35.468124389648445 7.5770833492279062 -78.943847656249986 0.052083333954215057 -82.058330535888658 -80.748550415039048 16.372917175292972
decision_type=2 2 2 2 2 2 2 2 2 2 2 2 2 2 2 2 2 2 2 2 2 2 2 2 2 2
left_child=1 -1 3 5 -5 -3 7 -2 10 11 -9 20 13 -8 15 -14 -17 -11 -19 -20 -7 -22 -13 -16 25 -25
right_child=6 2 -4 4 -6 9 12 8 -10 17 -12 22 14 -15 23 16 -18 18 19 -21 21 -23 -24 24 -26 -27
leaf_value=4.9318449223433921e-10 6.1496745559695938e-11 0 1.8551022402202345e-09 2.4284034955593307e-10 0 0 0.0041591664168500325 0 6.5231451809888138e-11 0 0 0 0.0042094434094953233 -0.00077928450953125789 1.4146148504267951e-07 -0.00048524736981971956 -1.8880792919969445e-05 0 0 0 0 0 0 7.1498789822667885e-08 1.0231654770161621e-11 -6.8307248507742525e-10
leaf_weight=1209.1999685764313 357.09999495744705 1861.0999716520309 192.89999806880951 165.7999986410141 304.49999541044235 86.699998557567596 3579.7998795509338 115.49999904632568 108.20000016689301 106.49999940395355 92.199998617172241 84.699998795986176 211.59999388456345 128.79999619722366 1952.7999891042709 100.59999912977219 351.59999775886536 153.99999922513962 84.999998509883881 386.19999688863754 276.59999763965607 126.39999836683273 870.09998732805252 125.99999797344208 1450.8999844193459 91.999998271465302
leaf_count=1070 411 2415 225 190 391 111 2780 135 110 119 114 101 168 120 2094 114 390 172 112 444 318 156 1097 172 1711 118
internal_value=-0.00233052 -0.00570352 -0.00725332 -0.00757137 -0.00542553 -0.00782043 -3.03581e-05 -0.00150869 -0.00340926 -0.00706878 -0.00544951 -0.00760018 9.41435e-05 0.000390082 -0.000161876 -0.00101447 -0.00165283 -0.00601404 -0.00636763 -0.00685446 -0.00666289 -0.00621134 -0.00807622 -5.35966e-06 -0.000325193 -0.00326323
internal_weight=14576.8 5909.7 4700.5 4507.6 470.3 4037.3 8667.1 673 315.9 2176.2 207.7 1444.5 7994.1 3708.6 4285.5 663.8 452.2 731.7 625.2 471.2 489.7 403 954.8 3621.7 1668.9 218
internal_count=15358 6921 5851 5626 581 5045 8437 770 359 2630 249 1783 7667 2900 4767 672 504 847 728 556 585 474 1198 4095 2001 290
is_linear=0
shrinkage=0.0103578


Tree=126
num_leaves=27
num_cat=0
split_feature=29 30 30 29 30 30 29 11 30 13 6 30 2 30 30 29 30 11 29 30 30 29 0 7 11 29
split_gain=1065.13 485.21 102.57 20.8757 77.425 22.0922 18.5834 19.5373 26.6435 13.7001 7.71612 6.46081 4.44111 4.33592 3.43962 7.73298 6.70548 19.5817 3.83495 3.28915 2.82057 2.60078 2.49421 2.43186 2.25001 2.06831
threshold=36.020755767822273 -79.298500061035142 -78.68517684936522 35.906902313232429 -79.042778015136705 -79.125286102294908 36.314949035644538 18.270138740539554 -78.769439697265611 83.289581298828139 0.36875000596046453 -79.070907592773423 -0.56354814767837513 -78.96700286865233 -120.45205307006835 38.308649063110359 -117.08349990844725 12.240277767181398 36.579669952392585 -79.188957214355455 -78.943847656249986 39.616733551025398 25.411110877990726 0.75624999403953563 18.410416603088382 35.741001129150398
decision_type=2 2 2 2 2 2 2 2 2 2 2 2 2 2 2 2 2 2 2 2 2 2 2 2 2 2
left_child=1 -1 3 5 -5 19 7 -2 11 12 22 -9 20 23 21 16 -16 -18 -19 25 -7 -8 -11 -12 -15 -3
right_child=6 2 -4 4 -6 9 14 8 -10 10 13 -13 -14 24 15 -17 17 18 -20 -21 -22 -23 -24 -25 -26 -27
leaf_value=4.8807616806654424e-10 1.8898699760706429e-11 0 1.8358873951538072e-09 2.403250490019106e-10 0 0 0.0041160864525372444 0 6.4555795119485817e-11 0 0 0 0 0 0.0041658426843300383 6.1158204411837482e-12 -0.00047875100952044354 1.2025707955647533e-06 -3.982339221681707e-05 0 0 -0.00076641357024916795 0 0 0 0
leaf_weight=1157.6999705433846 339.99999505281448 1105.1999844312668 197.99999809265137 160.19999891519547 328.39999520778656 337.19999599456787 3547.2998803257942 101.19999885559082 109.30000001192093 174.79999893903732 465.39999634027481 88.899998724460602 460.09999269247055 91.39999932050705 224.59999352693558 3619.599970638752 83.89999908208847 161.49999797344208 174.99999922513962 620.79998952150345 124.89999794960022 146.89999562501907 194.89999932050705 134.09999847412109 267.39999604225159 91.899999260902405
leaf_count=1025 396 1410 232 184 418 402 2757 120 113 198 530 111 595 108 178 4074 97 199 172 828 157 133 217 163 334 109
internal_value=-0.00226193 -0.00564585 -0.00710986 -0.00742694 -0.0053874 -0.00767101 6.51305e-05 -0.00163289 -0.00355967 -0.00697811 -0.00629515 -0.00589713 -0.00795666 -0.00679072 0.000201707 1.18841e-06 -0.00104305 -0.00181435 -0.000692465 -0.00852601 -0.00720319 0.000433036 -0.00500103 -0.00622927 -0.00771633 -0.00818483
internal_weight=14510.6 5912.4 4754.7 4556.7 488.6 4068.1 8598.2 639.4 299.4 2250.2 1328 190.1 922.2 958.3 7958.8 4264.6 645 420.4 336.5 1817.9 462.1 3694.2 369.7 599.5 358.8 1197.1
internal_count=15260 6910 5885 5653 602 5051 8350 740 344 2704 1550 231 1154 1135 7610 4720 646 468 371 2347 559 2890 415 693 442 1519
is_linear=0
shrinkage=0.0103578


Tree=127
num_leaves=27
num_cat=0
split_feature=29 30 30 29 30 30 29 11 30 13 30 6 2 30 29 11 9 29 30 1 30 4 2 29 10 7
split_gain=1067.19 492.8 104.153 21.8203 76.3425 22.1284 16.5726 23.9535 24.3173 9.35893 7.14532 6.08185 5.54513 4.20974 7.33883 5.69766 3.50756 3.35896 3.3104 3.23683 3.1603 2.87414 2.1345 2.46456 2.07173 1.6875
threshold=36.020755767822273 -79.298500061035142 -78.68517684936522 35.906902313232429 -79.042778015136705 -79.125286102294908 36.20991516113282 18.270138740539554 -78.769439697265611 107.40625000000001 -79.070907592773423 0.36875000596046453 -0.88334625959396351 -120.45205307006835 38.376905441284187 3.4576388597488408 276.71528625488287 36.504644393920906 -79.192516326904283 21.71339321136475 -78.89247894287108 2.7050000429153447 -0.53564956784248341 35.468124389648445 25.256944656372074 0.031250000931322582
decision_type=2 2 2 2 2 2 2 2 2 2 2 2 2 2 2 2 2 2 2 2 2 2 2 2 2 2
left_child=1 -1 3 5 -5 18 7 -2 10 12 -9 25 20 -8 15 -15 21 -17 -3 -18 24 -14 -13 -24 -7 -11
right_child=6 2 -4 4 -6 9 13 8 -10 11 -12 22 16 14 -16 17 19 -19 -20 -21 -22 -23 23 -25 -26 -27
leaf_value=4.830207550835376e-10 1.8244624864530839e-10 0 1.8168715743044402e-09 2.3783580151892279e-10 0 0 0.004073452703436637 0 6.3887136770383897e-11 0 0 0 0 -0.00039438128863760786 6.0337326809643191e-12 6.8777773109535114e-07 0 -0.00037076490418925341 0 0 0 0 0 0 0 0
leaf_weight=1182.2999690771103 320.89999580383301 1175.6999841928482 198.89999771118164 158.09999865293503 300.79999548196793 85.999999463558197 3709.5998762249947 94.599999129772186 96.300000131130219 107.19999933242798 97.899998426437378 113.39999914169312 79.699999034404755 88.59999817609787 3532.8999701142311 269.19999539852142 101.09999859333038 425.39999616146088 684.29998862743378 115.59999877214432 150.09999793767929 521.19999176263809 84.99999862909317 275.89999735355377 433.2999951839447 123.3999999165535
leaf_count=1049 373 1491 237 185 384 100 2904 110 97 124 121 130 93 90 3991 286 129 414 913 136 189 672 108 317 505 132
internal_value=-0.00224645 -0.00564486 -0.00714557 -0.00746897 -0.00531149 -0.00771244 7.2478e-05 -0.00157293 -0.00373409 -0.00700027 -0.00585494 -0.00599937 -0.00747199 0.000197632 -2.22058e-05 -0.000929038 -0.00805897 -0.000611328 -0.00854906 -0.00686135 -0.00674822 -0.00848329 -0.00667764 -0.00708393 -0.0063417 -0.00458952
internal_weight=14527.4 5892 4709.7 4510.8 458.9 4051.9 8635.4 609.7 288.8 2191.9 192.5 704.9 1487 8025.7 4316.1 783.2 817.6 694.6 1860 216.7 669.4 600.9 474.3 360.9 519.3 230.6
internal_count=15280 6894 5845 5608 569 5039 8386 701 328 2635 231 811 1824 7685 4781 790 1030 700 2404 265 794 765 555 425 605 256
is_linear=0
shrinkage=0.0103578


Tree=128
num_leaves=27
num_cat=0
split_feature=30 30 30 11 11 30 2 30 30 7 5 30 3 0 4 30 30 30 30 5 5 0 5 0 30 11
split_gain=1044.16 374.141 50.15 13.2576 15.8152 11.9259 8.25726 8.17904 7.45044 7.31942 6.18618 5.97117 5.20364 5.10725 5.07261 4.44338 3.20726 4.33015 2.98827 2.6841 2.30663 2.29796 2.02888 1.96643 3.3362 7.37925
threshold=-79.298500061035142 -78.68517684936522 -79.125286102294908 5.1069443225860605 20.03055572509766 -79.063835144042955 4.6555123329162607 -79.078010559082017 -78.769439697265611 0.11041666567325593 0.46493068337440496 -78.84649276733397 2.1845139265060429 16.249304771423343 4.7143750190734872 -122.19300079345702 -117.08349990844725 -97.084445953369126 -79.053211212158189 0.65755069255828869 0.29537253081798559 19.347916603088382 0.7114539146423341 26.022916793823246 -79.199592590332017 8.741666793823244
decision_type=2 2 2 2 2 2 2 2 2 2 2 2 2 2 2 2 2 2 2 2 2 2 2 2 2 2
left_child=15 2 22 8 5 7 10 19 14 -6 13 -12 18 -7 -4 -1 -17 21 -11 20 -5 -18 23 24 -2 -26
right_child=1 -3 3 4 9 6 -8 -9 -10 12 11 -13 -14 -15 -16 16 17 -19 -20 -21 -22 -23 -24 -25 25 -27
leaf_value=-3.9225976543439237e-05 0 9.9998338857239116e-12 0 0 0 0 0 0 0 0 0 0 0 0 0 0.0040312605477241508 -0.00038811490100877801 5.9712362664145714e-12 0 0 0 -1.3366398534718926e-05 0 0 0 0
leaf_weight=153.59999525547028 879.19998759031296 1156.4999886155128 355.09999442100525 83.699998617172241 224.49999815225601 112.09999859333038 139.09999787807465 109.19999879598618 94.899998664855957 93.499999761581421 409.69999587535858 169.69999784231186 405.69999408721924 655.69999253749847 87.199999272823334 4585.9998469352722 187.39999717473984 2466.0999830365181 200.19999796152115 80.099998950958252 150.59999811649323 472.89999741315842 286.79999673366547 277.09999567270279 137.5999983549118 480.09999251365662
leaf_count=136 1124 1311 455 107 257 137 181 136 119 105 477 209 499 791 108 3572 196 2809 238 97 182 465 356 363 174 627
internal_value=-0.00230386 -0.00534557 -0.0064844 -0.00570341 -0.00541713 -0.00487439 -0.00531274 -0.00333028 -0.00720546 -0.00653496 -0.00505915 -0.00423783 -0.00706274 -0.0056748 -0.00777526 0.000243929 0.000278761 2.27874e-05 -0.00597585 -0.00417775 -0.00359618 -0.000721658 -0.00775981 -0.0078999 -0.00773458 -0.00711625
internal_weight=14454.3 6588.3 5431.8 3371 2833.8 1909.9 1486.3 423.6 537.2 923.9 1347.2 579.4 699.4 767.8 442.3 7866 7712.4 3126.4 293.7 314.4 234.3 660.3 2060.8 1774 1496.9 617.7
internal_count=15231 8053 6742 4098 3416 2317 1795 522 682 1099 1614 686 842 928 563 7178 7042 3470 343 386 289 661 2644 2288 1925 801
is_linear=0
shrinkage=0.0103578


Tree=129
num_leaves=27
num_cat=0
split_feature=29 29 11 29 29 29 29 11 29 1 29 29 2 10 12 0 5 5 29 6 11 4 7 11 10 4
split_gain=1068.54 364.664 54.6849 34.1861 79.9671 30.4096 15.8343 18.6577 11.7491 10.0977 9.51732 6.77698 6.71553 6.20799 6.13387 4.42266 3.74388 3.11417 2.71133 2.36057 2.27843 2.16985 5.1246 2.36241 1.91501 1.88771
threshold=36.020755767822273 35.633329391479499 14.838194370269777 35.906902313232429 35.975336074829109 34.162609100341804 36.314949035644538 18.270138740539554 35.725976943969734 24.376487731933597 35.61804389953614 35.699068069458015 -1.2974767088890073 76.840278625488295 5.3437500000000009 6.5298612117767343 0.4965964555740357 0.26078662276268011 35.654365539550788 1.1812499761581423 20.377082824707035 2.6958333253860478 0.064583335071802153 19.096527099609379 66.298610687255874 2.7627083063125615
decision_type=2 2 2 2 2 2 2 2 2 2 2 2 2 2 2 2 2 2 2 2 2 2 2 2 2 2
left_child=1 2 14 8 -5 -4 7 -2 11 12 21 18 15 17 -1 -10 -11 -9 24 -17 -20 22 -7 -23 -3 -14
right_child=6 3 5 4 -6 10 -8 13 9 16 -12 -13 25 -15 -16 19 -18 -19 20 -21 -22 23 -24 -25 -26 -27
leaf_value=0 5.8774274357273762e-11 0 7.4062135333044185e-07 2.3537233725352836e-10 0 0 2.5594197122426317e-10 0 0 0 0 0 0 0 0 0 0 0 0 0 0 0 0 0 0 0
leaf_weight=984.89997225999832 345.59999537467957 325.19999551773071 133.79999870061874 198.79999846220016 336.99999469518661 110.59999853372574 8020.1998360157013 84.599999189376831 84.599998652935028 307.69999706745148 92.199999034404755 520.5999910235405 85.099998950958252 93.599998950958252 111.49999755620956 262.79999786615372 208.69999951124191 118.79999971389771 748.69998925924301 91.699998676776886 227.1999973654747 107.39999848604202 115.69999939203262 211.99999713897705 178.99999803304672 516.99999189376831
leaf_count=881 400 406 126 230 426 130 7664 100 110 357 108 704 101 112 121 294 227 126 977 111 278 124 131 262 212 664
internal_value=-0.00227978 -0.0056543 -0.00186105 -0.00738452 -0.00493339 -0.00397236 4.29209e-05 -0.00152073 -0.00775264 -0.0070661 -0.00491336 -0.00828477 -0.00765975 -0.00342199 -0.00037334 -0.00665534 -0.00586125 -0.00239129 -0.00791356 -0.00612118 -0.00825117 -0.00543377 -0.00461785 -0.00600135 -0.00725074 -0.00838459
internal_weight=14625 5962.2 1868.1 4094.1 535.8 771.7 8662.8 642.6 3558.3 1557.6 637.9 2000.7 1041.2 297 1096.4 439.1 516.4 203.4 1480.1 354.5 975.9 545.7 226.3 319.4 504.2 602.1
internal_count=15382 6980 1883 5097 656 881 8402 738 4441 1864 755 2577 1280 338 1002 515 584 226 1873 405 1255 647 261 386 618 765
is_linear=0
shrinkage=0.0103578


Tree=130
num_leaves=27
num_cat=0
split_feature=29 30 30 29 30 30 13 29 11 30 30 6 30 2 2 29 30 30 29 30 11 30 29 4 29 29
split_gain=1069.85 503.257 103.206 24.8693 76.9384 22.7718 15.3007 15.1158 20.1751 25.8369 9.64192 5.53467 5.09924 4.29292 3.88509 3.23914 3.11482 4.18366 6.46612 5.527 24.5464 3.05536 2.94412 2.77589 2.37671 1.75099
threshold=36.020755767822273 -79.298500061035142 -78.68517684936522 35.906902313232429 -79.042778015136705 -79.125286102294908 107.40625000000001 36.314949035644538 18.270138740539554 -78.769439697265611 -79.070907592773423 0.36875000596046453 -78.910125732421861 -1.08680123090744 -0.70243272185325611 35.468124389648445 -122.19300079345702 -120.45205307006835 38.308649063110359 -117.08349990844725 13.292360782623293 -79.188957214355455 37.118564605712898 2.8564583063125615 35.741001129150398 40.443843841552741
decision_type=2 2 2 2 2 2 2 2 2 2 2 2 2 2 2 2 2 2 2 2 2 2 2 2 2 2
left_child=1 -1 3 5 -5 21 12 8 -2 10 -10 -8 14 -13 -7 -15 -9 -18 19 -19 -21 24 -22 -16 -3 -20
right_child=7 2 -4 4 -6 6 11 16 9 -11 -12 13 -14 15 23 -17 17 18 25 20 22 -23 -24 -25 -26 -27
leaf_value=4.7795585615300872e-10 5.8165500052989259e-11 0 1.7979491395708739e-09 2.3293438914738385e-10 0 0 0 -3.4799443693281744e-05 0 6.3225404274909774e-11 0 0 0 0 0 0 0.0039895054087968158 0.0040847787515370946 -1.6027572852168153e-06 -0.00045543376617657839 1.1829882242330872e-06 0 -3.0005040413152942e-05 0 0 7.2452522399878973e-12
leaf_weight=1180.6999694705009 342.3999952673912 1105.1999840140343 195.89999800920486 162.09999877214432 314.99999529123306 544.89999401569366 207.8999992609024 152.99999523162842 97.899999141693115 108.70000004768372 85.399998605251312 91.0999995470047 364.29999428987503 91.899998486042023 116.19999861717224 290.99999731779099 3550.499881207943 218.99999386072159 1592.5999949574471 91.999999165534973 195.59999811649323 642.29998898506165 163.29999947547913 457.49999296665192 83.499999344348907 2061.2999758720398
leaf_count=1045 396 1418 229 185 398 639 231 134 115 111 108 101 473 117 138 334 2765 174 1640 106 236 859 159 575 99 2471
internal_value=-0.00226117 -0.00568326 -0.00721092 -0.00753317 -0.00528237 -0.00780102 -0.00707475 5.00351e-05 -0.00148833 -0.00348579 -0.00585271 -0.00577584 -0.00766933 -0.00640064 -0.00730706 -0.0068882 0.000171762 0.000200287 -1.59746e-05 -0.000951088 -0.00160631 -0.008657 -0.000377883 -0.00792302 -0.00832033 0.000155473
internal_weight=14511.2 5849.5 4668.8 4472.9 477.1 3995.8 2164.8 8661.7 634.4 292 183.3 681.9 1482.9 474 1118.6 382.9 8027.3 7874.3 4323.8 669.9 450.9 1831 358.9 573.7 1188.7 3653.9
internal_count=15256 6841 5796 5567 583 4984 2608 8415 730 334 223 783 1825 552 1352 451 7685 7551 4786 675 501 2376 395 713 1517 4111
is_linear=0
shrinkage=0.0103578


Tree=131
num_leaves=27
num_cat=0
split_feature=29 30 30 29 30 30 29 11 30 30 1 30 29 30 30 30 29 30 11 2 1 29 8 4 30 0
split_gain=1074.76 501.911 111.927 20.239 79.4047 21.5775 14.931 17.3993 24.5487 10.9461 9.70883 5.12747 3.80261 3.7956 3.73433 3.58431 6.70105 6.49183 22.5254 3.26937 3.36639 2.7224 2.5851 2.56499 2.35812 2.24689
threshold=36.020755767822273 -79.298500061035142 -78.68517684936522 35.906902313232429 -79.042778015136705 -79.125286102294908 36.314949035644538 18.270138740539554 -78.769439697265611 -79.070907592773423 25.417857170104984 -78.943847656249986 35.725976943969734 -78.970527648925767 -122.19300079345702 -120.45205307006835 38.308649063110359 -117.08349990844725 12.240277767181398 1.6892727613449099 21.71339321136475 36.579669952392585 2.5000000000000004 2.7050000429153447 -79.185417175292955 20.997221946716312
decision_type=2 2 2 2 2 2 2 2 2 2 2 2 2 2 2 2 2 2 2 2 2 2 2 2 2 2
left_child=1 -1 3 5 -5 12 7 -2 9 -9 11 19 24 22 -8 -16 17 -17 -19 -7 -21 -20 -12 -24 -3 -13
right_child=6 2 -4 4 -6 10 14 8 -10 -11 13 25 -14 -15 15 16 -18 18 21 20 -22 -23 23 -25 -26 -27
leaf_value=4.7300526770270243e-10 5.7563031333207658e-11 0 1.8219491550416733e-09 2.3052169290829218e-10 0 0 -3.6549641459035362e-05 0 6.2570525896206285e-11 0 0 0 0 0 0.0039481827654083822 0.0040424692824740302 3.2020781332289779e-12 -0.00044154554340219623 1.1707350260258831e-06 0 0 -3.5259801333192858e-05 0 0 0 0
leaf_weight=1187.8999698162079 350.99999511241913 1157.2999832630157 203.59999799728394 156.89999884366989 309.19999516010284 770.99999135732651 156.79999506473541 98.999999284744263 116.00000011920929 91.599998533725739 234.09999829530716 219.99999612569809 123.79999893903732 225.59999758005142 3496.1998829245567 234.49999308586121 3572.6999712586403 87.199999034404755 164.8999981880188 162.89999723434448 88.299998760223389 173.49999988079071 135.3999987244606 88.399999797344208 584.89999002218246 249.19999700784683
leaf_count=1065 406 1483 236 181 396 908 138 114 120 114 269 290 148 272 2722 185 4027 100 203 213 111 169 150 98 785 310
internal_value=-0.00229036 -0.00569075 -0.00720786 -0.00754717 -0.00548568 -0.00778405 5.74985e-05 -0.00144122 -0.00324153 -0.00552275 -0.00707569 -0.00754979 -0.00860704 -0.00603519 0.000182625 0.000214819 1.19873e-05 -0.000946226 -0.00170811 -0.00712098 -0.00819106 -0.000493171 -0.00547106 -0.00463814 -0.00873639 -0.00847337
internal_weight=14441.9 5898.5 4710.6 4507 466.1 4040.9 8543.4 657.6 306.6 190.6 2174.9 1491.4 1866 683.5 7885.8 7729 4232.8 660.1 425.6 1022.2 251.2 338.4 457.9 223.8 1742.2 469.2
internal_count=15213 6915 5850 5614 577 5037 8298 754 348 228 2621 1832 2416 789 7544 7406 4684 657 472 1232 324 372 517 248 2268 600
is_linear=0
shrinkage=0.0103578


Tree=132
num_leaves=27
num_cat=0
split_feature=29 30 30 29 29 30 29 11 30 1 30 30 30 30 29 30 11 8 30 2 29 10 1 10 30 29
split_gain=1077.3 483.309 108.835 23.8259 79.4259 23.1973 14.3078 16.2294 21.5688 10.6117 9.87836 7.01402 4.29092 4.21139 7.89467 6.64205 22.8689 3.99096 3.93345 3.46147 2.84604 2.35351 2.22612 2.21226 2.20213 1.8281
threshold=36.020755767822273 -79.298500061035142 -78.68517684936522 35.906902313232429 35.975336074829109 -79.125286102294908 36.314949035644538 18.270138740539554 -78.769439697265611 25.197916030883793 -79.070907592773423 -78.910125732421861 -122.19300079345702 -120.45205307006835 38.308649063110359 -117.08349990844725 12.240277767181398 2.5000000000000004 -78.876529693603501 1.6892727613449099 36.504644393920906 58.743055343627937 21.580952644348148 19.409722328186039 -79.178325653076158 35.508249282836921
decision_type=2 2 2 2 2 2 2 2 2 2 2 2 2 2 2 2 2 2 2 2 2 2 2 2 2 2
left_child=1 -1 3 5 -5 24 7 -2 10 11 -9 19 -8 -14 15 -15 -17 25 21 23 -18 -19 -21 -7 -3 -11
right_child=6 2 -4 4 -6 9 12 8 -10 17 -12 -13 13 14 -16 16 20 18 -20 22 -22 -23 -24 -25 -26 -27
leaf_value=4.6810595663646582e-10 5.6966802885717787e-11 0 1.7604548261151653e-09 2.2813398698155173e-10 0 0 -3.8080660821887927e-05 0 6.1922430640454914e-11 0 0 0 0.0039072881351899123 0.004000598047959587 3.1501704384512241e-12 -0.00043697208700593999 1.1586087444381595e-06 0 0 0 -5.1148953796815067e-05 0 0 0 0 0
leaf_weight=1150.1999709010124 354.89999562501907 1345.29998087883 207.09999787807465 174.29999852180481 312.09999537467957 81.999999403953552 142.69999557733536 111.19999897480011 110.20000004768372 90.399998784065247 85.099998772144318 371.9999942779541 3566.4998803734779 224.59999352693558 3608.8999717831612 82.099998891353607 147.4999982714653 190.09999853372574 90.699999153614044 156.49999737739563 210.19999921321869 104.59999984502792 100.79999858140945 717.3999919295311 521.89999139308929 291.19999742507935
leaf_count=1020 407 1713 243 203 399 94 127 130 114 114 105 488 2775 178 4065 95 181 217 111 203 212 110 126 852 701 334
internal_value=-0.00227459 -0.00568381 -0.00714066 -0.00747492 -0.00529284 -0.00773528 5.51825e-05 -0.00140807 -0.00315168 -0.0070066 -0.0052058 -0.00753991 0.000176566 0.000209062 -1.01651e-05 -0.00104735 -0.00178687 -0.00600782 -0.00523811 -0.00709508 -0.000649755 -0.00463486 -0.00818186 -0.00673921 -0.00858953 -0.00677517
internal_weight=14550.5 5906.6 4756.4 4549.3 486.4 4062.9 8643.9 661.4 306.5 2195.7 196.3 1428.7 7982.5 7839.8 4273.3 664.4 439.8 767 385.4 1056.7 357.7 294.7 257.3 799.4 1867.2 381.6
internal_count=15317 6928 5908 5665 602 5063 8389 756 349 2649 235 1763 7633 7506 4731 666 488 886 438 1275 393 327 329 946 2414 448
is_linear=0
shrinkage=0.0103578


Tree=133
num_leaves=27
num_cat=0
split_feature=29 30 30 29 30 30 29 11 30 30 13 30 2 7 13 30 30 29 0 29 6 30 30 30 29 11
split_gain=1061.26 518.118 106.584 18.6868 79.7777 18.9032 14.3359 17.2722 22.6299 10.4858 9.57982 4.5704 4.06578 4.36301 6.21274 3.94589 4.38825 11.2382 8.33525 4.92431 3.61754 3.63261 2.87009 1.7745 1.75892 8.48823
threshold=36.020755767822273 -79.298500061035142 -78.68517684936522 35.906902313232429 -79.042778015136705 -79.125286102294908 36.314949035644538 18.270138740539554 -78.769439697265611 -79.070907592773423 105.00208282470705 -79.188957214355455 -0.92782089114189137 0.022916667163372043 87.839580535888686 -122.19300079345702 -119.9710006713867 38.308649063110359 19.347916603088382 36.579669952392585 0.36875000596046453 -78.952381134033189 -79.035778045654283 -78.934486389160142 40.57173156738282 13.959027767181398
decision_type=2 2 2 2 2 2 2 2 2 2 2 2 2 2 2 2 2 2 2 2 2 2 2 2 2 2
left_child=1 -1 3 5 -5 11 7 -2 9 -9 12 -3 23 14 -14 -8 -17 18 -18 -20 -12 22 -22 -7 25 -19
right_child=6 2 -4 4 -6 10 15 8 -10 -11 20 -13 13 -15 -16 16 17 24 19 -21 21 -23 -24 -25 -26 -27
leaf_value=4.6325739183155579e-10 5.6376750074801653e-11 0 1.742220323457117e-09 2.2577101252160151e-10 0 0 -3.5776633015350693e-05 0 6.128104824917944e-11 0 0 0 0 0 0 0.0038668170848511177 -0.00040257953615189336 -4.286539338085536e-05 1.146608064888366e-06 -0.00039190309343683919 0 0 0 0 7.1044115543792142e-12 7.6391712228752487e-07
leaf_weight=1233.099967956543 369.29999482631683 1216.999983727932 198.59999811649323 155.89999878406525 328.0999950170517 457.89999502897263 149.19999533891678 104.99999916553497 108.89999985694885 87.299998700618744 228.09999889135361 641.49998909235001 165.79999738931656 521.99999183416367 122.29999899864197 3658.5998770594597 118.69999772310257 373.29999756813049 213.69999706745148 211.39999896287918 239.59999740123749 168.49999767541885 127.29999989271164 165.89999777078629 2017.0999767184258 1213.5999973416328
leaf_count=1089 421 1542 232 179 419 537 132 122 113 109 255 861 210 674 139 2850 121 405 243 206 282 207 139 207 2415 1244
internal_value=-0.00228891 -0.00564528 -0.0072015 -0.00752637 -0.00558454 -0.00775718 3.47768e-05 -0.001419 -0.00325732 -0.00538895 -0.00709927 -0.00853242 -0.00760457 -0.00810638 -0.00703116 0.000157446 0.000189431 -4.11214e-05 -0.00142837 -0.000747135 -0.00614481 -0.00662071 -0.00601272 -0.00694545 0.000168272 -8.94828e-05
internal_weight=14597.7 5971.6 4738.5 4539.9 484 4055.9 8626.1 670.5 301.2 192.3 2197.4 1858.5 1433.9 810.1 288.1 7955.6 7806.4 4147.8 543.8 425.1 763.5 535.4 366.9 623.8 3604 1586.9
internal_count=15353 6972 5883 5651 598 5053 8381 765 344 231 2650 2403 1767 1023 349 7616 7484 4634 570 449 883 628 421 744 4064 1649
is_linear=0
shrinkage=0.0103578


Tree=134
num_leaves=27
num_cat=0
split_feature=29 30 30 29 30 29 29 11 30 29 30 30 30 1 30 2 29 30 29 11 29 11 5 6 8 1
split_gain=1034.07 485.601 113.157 19.2194 53.9945 31.1312 17.1443 21.9091 26.1697 16.4692 10.7465 10.4785 5.97595 5.80127 5.38618 5.06113 4.80056 4.01565 14.4432 19.5545 3.74875 3.64432 3.30954 2.78327 2.73186 2.31639
threshold=36.020755767822273 -79.298500061035142 -78.68517684936522 35.725976943969734 -79.132404327392564 35.906902313232429 36.314949035644538 18.270138740539554 -78.769439697265611 35.633329391479499 -78.856933593749986 -79.070907592773423 -79.08282089233397 24.514881134033207 -122.19300079345702 1.7414725422859194 35.697473526000984 -118.89915084838866 38.240348815917976 14.184027671813967 37.118564605712898 18.063194274902347 0.44604733586311346 0.4187499880790711 3.5000000000000004 16.592857360839847
decision_type=2 2 2 2 2 2 2 2 2 2 2 2 2 2 2 2 2 2 2 2 2 2 2 2 2 2
left_child=1 -1 3 9 5 -5 7 -2 11 12 13 -9 21 15 -8 23 -11 -16 19 -19 -21 -3 -15 -6 -14 -12
right_child=6 2 -4 4 10 -7 14 8 -10 16 25 -13 24 22 17 -17 -18 18 -20 20 -22 -23 -24 -25 -26 -27
leaf_value=4.5845904766651196e-10 1.775750348705732e-10 0 1.7241746907900812e-09 0 0 2.234325133639605e-10 -3.6118897531912333e-05 0 6.0646309191629456e-11 0 0 0 0 0 0.0038267652270210025 0 0 -0.00044576218208285166 3.0626962523666555e-12 1.1347316864111719e-06 -2.4739977359140618e-05 0 0 0 0 0
leaf_weight=1177.8999692201614 349.49999541044235 101.19999897480011 213.29999804496765 93.499999046325684 99.199999272823334 162.69999837875366 153.99999517202377 109.69999885559082 111.10000032186508 1408.299980700016 212.09999632835388 96.399998486042023 193.9999971985817 216.39999812841415 3714.1998763680458 189.8999969959259 535.9999908208847 95.399999141693115 3580.19997215271 170.19999814033508 138.99999964237213 122.69999873638153 185.39999955892563 479.59999430179596 164.59999847412109 355.49999511241913
leaf_count=1039 401 118 245 111 110 191 138 129 113 1781 287 120 246 250 2896 245 726 108 4018 206 138 145 202 574 196 439
internal_value=-0.00228396 -0.00561197 -0.00709246 -0.00744024 -0.00667226 -0.00222469 2.57046e-05 -0.00156818 -0.00353661 -0.00804458 -0.00732666 -0.00571623 -0.00649705 -0.00674799 0.000161178 -0.00728465 -0.00850596 0.000199648 -2.86389e-05 -0.00188229 -0.000611885 -0.0051342 -0.00571142 -0.00678141 -0.00733736 -0.00851134
internal_weight=14432 5912.3 4734.4 4521.1 1994.3 256.2 8519.7 666.7 317.2 2526.8 1738.1 206.1 582.5 1170.5 7853 768.7 1944.3 7699 3984.8 404.6 309.2 223.9 401.8 578.8 358.6 567.6
internal_count=15172 6905 5866 5621 2409 302 8267 763 362 3212 2107 249 705 1381 7504 929 2507 7366 4470 452 344 263 452 684 442 726
is_linear=0
shrinkage=0.0103578


Tree=135
num_leaves=27
num_cat=0
split_feature=29 30 30 29 30 30 29 11 30 1 30 8 30 2 4 30 30 29 30 11 30 30 29 4 4 0
split_gain=1077.53 501.166 101.522 17.6085 74.5096 19.0567 16.1307 18.2652 22.9675 11.2763 10.1021 5.86461 4.01981 3.41883 3.47636 3.30979 4.04356 7.01202 6.92451 18.9432 3.2696 3.15092 3.12773 2.38011 2.22662 2.0654
threshold=36.020755767822273 -79.298500061035142 -78.68517684936522 35.906902313232429 -79.042778015136705 -79.125286102294908 36.314949035644538 18.270138740539554 -78.769439697265611 24.708929061889652 -79.074466705322251 2.5000000000000004 -78.910125732421861 -2.0290760993957515 2.7166665792465214 -122.19300079345702 -120.45205307006835 38.308649063110359 -117.08349990844725 12.240277767181398 -78.876529693603501 -79.188957214355455 36.579669952392585 2.9118750095367436 2.6958333253860478 19.579860687255863
decision_type=2 2 2 2 2 2 2 2 2 2 2 2 2 2 2 2 2 2 2 2 2 2 2 2 2 2
left_child=1 -1 3 5 -5 21 7 -2 10 12 -9 24 13 25 -15 -8 -17 18 -18 -20 23 -3 -21 -13 -11 -7
right_child=6 2 -4 4 -6 9 15 8 -10 11 -12 20 -14 14 -16 16 17 -19 19 22 -22 -23 -24 -25 -26 -27
leaf_value=4.5371040396417448e-10 5.3953515816723329e-11 0 1.7063159718296352e-09 2.2111823599745735e-10 0 0 -3.5744783908954563e-05 0 6.001814465724268e-11 0 0 0 0 0 0 0.0037871282197722428 0.0038794716437532358 3.0122322522747104e-12 -0.00044707555421948032 1.1229783215164327e-06 0 0 -3.0305525603512271e-05 0 0 0
leaf_weight=1184.0999702215195 359.69999486207962 1250.1999832391739 196.69999784231186 147.69999885559082 314.59999537467957 258.19999700784683 133.19999593496323 99.399998962879181 106.70000004768372 208.39999836683273 98.699998617172241 216.59999859333038 341.19999498128891 133.1999985575676 501.49999260902405 3580.0998804569244 226.89999341964722 3663.5999709367752 84.799999058246613 165.89999800920486 95.499999165534973 645.1999893784523 179.29999977350235 110.29999953508377 236.49999696016312 93.299999356269836
leaf_count=1045 419 1586 231 171 402 306 118 118 111 238 121 240 444 154 631 2787 179 4112 96 205 115 858 177 123 289 109
internal_value=-0.00226699 -0.00567015 -0.00717315 -0.00748791 -0.00555287 -0.00770572 5.4504e-05 -0.00149565 -0.00335867 -0.00704117 -0.00544069 -0.00610817 -0.00764759 -0.00729365 -0.00776469 0.000182871 0.000210258 -2.95878e-06 -0.000988012 -0.00175994 -0.00521212 -0.00847265 -0.000676989 -0.00469753 -0.00695025 -0.00643077
internal_weight=14631.5 5933.2 4749.1 4552.4 462.3 4090.1 8698.3 664.5 304.8 2194.7 198.1 867.3 1327.4 986.2 634.7 8033.8 7900.6 4320.5 656.9 430 422.4 1895.4 345.2 326.9 444.9 351.5
internal_count=15385 6942 5897 5666 573 5093 8443 769 350 2649 239 1005 1644 1200 785 7674 7556 4769 657 478 478 2444 382 363 527 415
is_linear=0
shrinkage=0.0103578


Tree=136
num_leaves=27
num_cat=0
split_feature=29 30 30 29 30 30 29 11 30 1 30 8 29 29 10 30 29 29 30 11 30 0 11 1 29 11
split_gain=1054.53 496.049 112.536 22.757 79.2555 18.2508 15.0349 17.8061 25.3695 8.35892 6.59114 5.53305 5.2408 5.04105 3.44412 3.30197 9.14934 6.04008 4.72161 19.1357 3.11961 2.44466 2.12975 1.94419 1.73859 10.8489
threshold=36.020755767822273 -79.298500061035142 -78.68517684936522 35.88811111450196 -79.132404327392564 -79.125286102294908 36.314949035644538 18.270138740539554 -78.769439697265611 24.405357360839847 -79.074466705322251 1.5000000000000002 35.901496887207038 35.857364654541023 22.763889312744144 -120.45205307006835 39.747600555419929 38.376905441284187 -117.08349990844725 14.838194370269777 -79.188957214355455 28.268054962158207 18.063194274902347 22.837797164916996 40.443843841552741 13.959027767181398
decision_type=2 2 2 2 2 2 2 2 2 2 2 2 2 2 2 2 2 2 2 2 2 2 2 2 2 2
left_child=1 -1 3 5 -5 20 7 -2 10 13 -9 -11 23 14 -7 16 -8 18 -17 -20 -3 22 -13 -6 25 -19
right_child=6 2 -4 4 12 9 15 8 -10 11 -12 21 -14 -15 -16 17 -18 24 19 -21 -22 -23 -24 -25 -26 -27
leaf_value=4.4901094593529369e-10 5.3394674139574423e-11 0 1.6886422305542303e-09 2.1882792953674793e-10 0 0 0.0037479017661504852 0 5.9396486548185346e-11 0 0 0 0 0 0 0.0038392887120753207 -0.0010896977355299977 -4.1618663773756934e-05 -0.00040267440858431504 -7.3927388645274753e-06 0 0 0 0 2.9997731382247371e-12 8.1250876425654138e-07
leaf_weight=1201.499969124794 350.59999549388885 1222.099983394146 215.89999806880951 168.6999985575676 130.09999865293503 83.199999332427979 3562.3998802900314 95.69999885559082 119.40000027418137 348.3999959230423 98.399998784065247 93.299999237060547 420.49999392032623 374.49999409914017 634.49999141693115 219.99999356269836 124.49999636411667 334.09999793767929 129.79999887943268 383.99999833106995 627.09998947381973 86 262.39999759197235 95.499999761581421 2038.6999755501747 1123.0999976992607
leaf_count=1073 406 1553 251 195 155 98 2768 113 120 412 120 105 529 481 781 174 115 363 142 416 837 92 308 105 2451 1143
internal_value=-0.00227904 -0.00562427 -0.00712459 -0.00747154 -0.00589076 -0.00781565 4.61017e-05 -0.00145011 -0.00324139 -0.00708896 -0.00554716 -0.00625995 -0.0075402 -0.00768472 -0.00715369 0.000171763 0.000398318 -2.56465e-05 -0.000879685 -0.00142307 -0.00855273 -0.00546794 -0.00585461 -0.00621833 0.000153612 -0.000119364
internal_weight=14544.4 5963.7 4762.2 4546.3 814.8 3731.5 8580.7 664.1 313.5 1882.3 194.1 790.1 646.1 1092.2 717.7 7916.6 3686.9 4229.7 733.8 513.8 1849.2 441.7 355.7 225.6 3495.9 1457.2
internal_count=15306 6975 5902 5651 984 4667 8331 759 353 2277 233 917 789 1360 879 7572 2883 4689 732 558 2390 505 413 260 3957 1506
is_linear=0
shrinkage=0.0103578


Tree=137
num_leaves=27
num_cat=0
split_feature=29 30 30 29 30 30 29 11 30 1 30 30 7 5 2 30 30 29 11 1 29 30 2 29 29 29
split_gain=1059.31 496.668 108.177 20.9926 81.6995 24.3776 14.965 17.5162 22.9418 12.9786 10.1902 7.16882 6.72783 4.53092 4.41736 4.02045 3.70694 11.7709 22.18 3.14055 2.65321 2.47193 2.24913 2.02504 1.60985 1.46137
threshold=36.020755767822273 -79.298500061035142 -78.68517684936522 35.906902313232429 -79.042778015136705 -79.125286102294908 36.314949035644538 18.270138740539554 -78.769439697265611 21.71339321136475 -79.070907592773423 -78.78957366943358 0.75624999403953563 0.33782358467578893 -1.3178312778472898 -122.19300079345702 -118.89915084838866 38.308649063110359 13.184027671813967 18.392261505126957 36.579669952392585 -79.188957214355455 -6.1219849586486808 35.679185867309577 35.857364654541023 40.57173156738282
decision_type=2 2 2 2 2 2 2 2 2 2 2 2 2 2 2 2 2 2 2 2 2 2 2 2 2 2
left_child=1 -1 3 5 -5 21 7 -2 10 14 -9 12 13 -11 19 -8 -17 18 -18 22 -20 -3 -7 -14 -16 -19
right_child=6 2 -4 4 -6 9 15 8 -10 11 -12 -13 23 -15 24 16 17 25 20 -21 -22 -23 -24 -25 -26 -27
leaf_value=4.4436016412272229e-10 1.7462384678930323e-10 0 1.6711515509953109e-09 2.1656134569511747e-10 0 0 -2.207939798668707e-05 0 5.87812674719699e-11 0 0 0 0 0 0 0.0037090816137085253 -0.0004100531753212302 -3.3272328956746181e-08 1.1879194739907322e-06 0 -2.9915053156591725e-05 0 0 0 0 6.9368309506490655e-12
leaf_weight=1190.4999695420265 350.99999552965164 1191.7999835014343 206.59999823570251 164.19999885559082 301.29999512434006 92.39999908208847 155.59999531507492 110.19999897480011 113.00000023841858 408.39999604225159 89.099998652935028 151.69999778270721 85.199998557567596 575.49999701976776 257.19999629259109 3788.5998745560646 83.799999058246613 1578.9999957084656 171.29999804496765 80.999999344348907 172.99999964237213 634.69998949766159 209.19999700784683 100.79999911785126 262.99999552965164 2065.0999752283096
leaf_count=1055 404 1516 242 190 383 108 138 130 116 478 111 193 112 647 320 2954 96 1636 209 94 168 847 260 118 348 2471
internal_value=-0.00223967 -0.00562036 -0.00712728 -0.00746251 -0.00536228 -0.00770296 6.37732e-05 -0.00143064 -0.00321277 -0.0069682 -0.005322 -0.00630463 -0.00602165 -0.00567059 -0.00793456 0.00018757 0.000220295 3.22824e-06 -0.00162023 -0.00704808 -0.000451846 -0.00859513 -0.00754742 -0.00785355 -0.00857737 0.000194286
internal_weight=14593.2 5913.5 4723 4516.4 465.5 4050.9 8679.7 663.3 312.3 2224.4 199.3 1321.6 1169.9 983.9 902.8 8016.4 7860.8 4072.2 428.1 382.6 344.3 1826.5 301.6 186 520.2 3644.1
internal_count=15344 6911 5856 5614 573 5041 8433 761 357 2678 241 1548 1355 1125 1130 7672 7534 4580 473 462 377 2363 368 230 668 4107
is_linear=0
shrinkage=0.0103578


Tree=138
num_leaves=27
num_cat=0
split_feature=29 30 30 29 30 30 29 11 30 13 30 30 6 1 30 30 29 29 2 1 30 30 2 29 29 11
split_gain=1066.61 510.994 107.722 19.2133 75.4228 23.5387 13.0389 17.1542 21.4354 9.14031 8.20444 7.02941 5.54476 4.59463 4.36955 4.16867 7.85889 6.80972 3.80164 3.5661 2.72915 2.34549 2.37279 1.81851 1.70907 7.51962
threshold=36.020755767822273 -79.298500061035142 -78.68517684936522 35.906902313232429 -79.042778015136705 -79.125286102294908 36.314949035644538 18.270138740539554 -78.769439697265611 45.893751144409187 -79.070907592773423 -78.910125732421861 0.36875000596046453 25.371130943298343 -122.19300079345702 -119.9710006713867 38.308649063110359 36.504644393920906 1.4005434513092043 21.659225463867191 -79.188957214355455 -78.89247894287108 -3.3689570426940914 35.741001129150398 40.57173156738282 13.959027767181398
decision_type=2 2 2 2 2 2 2 2 2 2 2 2 2 2 2 2 2 2 2 2 2 2 2 2 2 2
left_child=1 -1 3 5 -5 20 7 -2 10 21 -9 12 13 -11 -8 -16 17 -17 -14 -19 23 22 -7 -3 25 -18
right_child=6 2 -4 4 -6 9 14 8 -10 11 -12 -13 18 -15 15 16 24 19 -20 -21 -22 -23 -24 -25 -26 -27
leaf_value=4.3975755434618694e-10 1.7281512159442576e-10 0 1.6964649151142078e-09 2.1431823875756416e-10 0 0 -2.3146106877170906e-05 0 5.8172420734149107e-11 0 0 0 0 0 0.0036706635540453107 1.1756151987064686e-06 -4.1187239843809354e-05 -0.00040580591171388388 0 -3.5084843560828542e-05 0 0 0 0 6.8649803921844845e-12 7.6513221676470639e-07
leaf_weight=1213.6999682784081 369.79999488592148 1153.8999834656715 200.59999781847 151.89999860525131 320.8999952673912 114.89999866485596 166.09999483823776 111.79999905824661 110.70000004768372 188.89999806880951 83.599998772144318 398.49999493360519 643.99999463558197 164.49999952316284 3656.0998766422272 265.69999575614929 389.39999759197235 89.999998927116394 263.7999963760376 223.99999928474426 628.19998973608017 104.89999812841415 314.89999508857727 92.799999237060547 2009.7999768257141 1179.4999969005585
leaf_count=1075 424 1473 232 177 409 131 147 130 115 223 104 499 750 179 2843 283 416 94 322 224 840 145 397 110 2400 1211
internal_value=-0.00225537 -0.00562866 -0.00716322 -0.00749124 -0.00549698 -0.00772204 6.59063e-05 -0.00131473 -0.00312607 -0.00698699 -0.00518451 -0.00659909 -0.0062101 -0.00508252 0.000182974 0.0002184 -5.82608e-06 -0.0011241 -0.00664514 -0.0021554 -0.00857975 -0.00818198 -0.00780434 -0.0082739 0.000175351 -8.06097e-05
internal_weight=14612.9 5956.4 4742.7 4542.1 472.8 4069.3 8656.5 675.9 306.1 2194.4 195.4 1659.7 1261.2 353.4 7980.6 7814.5 4158.4 579.7 907.8 314 1874.9 534.7 429.8 1246.7 3578.7 1568.9
internal_count=15353 6962 5887 5655 586 5069 8391 773 349 2646 234 1973 1474 402 7618 7471 4628 601 1072 318 2423 673 528 1583 4027 1627
is_linear=0
shrinkage=0.0103578


Tree=139
num_leaves=27
num_cat=0
split_feature=29 29 11 29 29 29 29 11 29 1 29 0 12 2 29 2 29 0 1 3 29 1 10 3 29 0
split_gain=1065.19 345.223 51.4973 33.2355 76.5517 29.1484 17.9433 21.6339 12.1082 13.3151 11.0468 6.48353 6.1079 5.79411 5.42175 5.33237 3.85468 3.84255 3.7667 2.8957 2.85559 4.21488 2.80938 2.63163 2.3368 3.69619
threshold=36.020755767822273 35.633329391479499 14.838194370269777 35.906902313232429 35.975336074829109 34.162609100341804 36.314949035644538 18.270138740539554 35.725976943969734 21.872917175292972 35.61804389953614 25.454860687255863 5.1062498092651376 -1.4258928894996641 35.654365539550788 0.53440734744071972 35.016698837280281 6.6402776241302499 12.319940567016603 2.1893750429153447 35.468124389648445 24.950893402099613 64.520832061767592 2.4243749380111699 35.699068069458015 24.99930572509766
decision_type=2 2 2 2 2 2 2 2 2 2 2 2 2 2 2 2 2 2 2 2 2 2 2 2 2 2
left_child=1 2 12 8 -5 -4 7 -2 14 13 16 15 -1 17 -3 -9 -7 -10 -6 -11 23 -22 -20 -18 25 -16
right_child=6 3 5 4 18 10 -8 11 9 19 -12 -13 -14 -15 24 -17 20 -19 22 -21 21 -23 -24 -25 -26 -27
leaf_value=0 1.710251308787774e-10 0 7.3295011869517848e-07 2.1209836555416203e-10 0 0 2.5283958802959908e-10 0 0 0 0 0 0 0 0 0 0 0 0 0 0 0 0 0 0 0
leaf_weight=917.39997416734695 356.69999521970749 497.19999372959137 134.09999847412109 187.09999853372574 103.39999812841415 142.89999830722809 7998.1998378038406 97.099999248981476 85.599998533725739 329.69999879598618 89.599999189376831 117.19999939203262 110.1999979019165 477.09999245405197 746.59998881816864 90.19999885559082 84.69999885559082 256.59999758005142 119.69999867677689 397.79999649524689 84.099998950958252 151.89999908208847 115.09999811649323 86.999998509883881 505.39999151229858 242.39999735355377
leaf_count=832 413 610 129 215 140 169 7658 111 110 365 104 126 118 615 970 110 107 296 141 462 99 165 147 114 678 296
internal_value=-0.0022785 -0.00568637 -0.00191165 -0.00735953 -0.00491618 -0.00392789 3.00562e-05 -0.00160899 -0.0077213 -0.00702197 -0.00484699 -0.0036341 -0.000390666 -0.00793507 -0.00826207 -0.00482942 -0.00539589 -0.00686709 -0.0078532 -0.00598771 -0.00591569 -0.00513846 -0.00707721 -0.00696112 -0.00858326 -0.00825964
internal_weight=14525 5865.6 1801.9 4063.7 525.3 774.3 8659.4 661.2 3538.4 1546.8 640.2 304.5 1027.6 819.3 1991.6 187.3 550.6 342.2 338.2 727.5 407.7 236 234.8 171.7 1494.4 989
internal_count=15300 6882 1837 5045 643 887 8418 760 4402 1848 758 347 950 1021 2554 221 654 406 428 827 485 264 288 221 1944 1266
is_linear=0
shrinkage=0.0103578


Tree=140
num_leaves=27
num_cat=0
split_feature=29 30 30 29 30 30 29 11 30 13 30 7 30 30 29 0 30 2 29 30 29 8 2 0 30 2
split_gain=1048.59 507.352 106.513 23.1134 82.1404 25.6703 17.1131 20.0625 24.8347 13.5448 9.05823 5.18342 4.55302 3.9922 8.73596 5.85118 3.80397 3.76748 3.67272 3.52065 2.92534 2.86594 2.51777 2.40563 2.24714 2.14069
threshold=36.020755767822273 -79.298500061035142 -78.68517684936522 35.906902313232429 -79.042778015136705 -79.125286102294908 36.314949035644538 18.270138740539554 -78.769439697265611 100.74791717529298 -79.074466705322251 0.26875001192092901 -122.19300079345702 -120.26449966430663 38.308649063110359 19.347916603088382 -78.876529693603501 -1.3178312778472898 37.118564605712898 -79.178325653076158 35.741001129150398 6.5000000000000009 1.5789467096328738 6.6402776241302499 -78.902667999267564 0.51050722599029552
decision_type=2 2 2 2 2 2 2 2 2 2 2 2 2 2 2 2 2 2 2 2 2 2 2 2 2 2
left_child=1 -1 3 5 -5 19 7 -2 10 17 -9 16 -8 -14 15 -15 22 23 -17 20 -3 -19 -11 -7 -25 -13
right_child=6 2 -4 4 -6 9 12 8 -10 11 -12 25 13 14 -16 18 -18 21 -20 -21 -22 -23 -24 24 -26 -27
leaf_value=4.3520261764763073e-10 1.6925368059369174e-10 0 1.6362703313856779e-09 2.0990148543369932e-10 0 0 -2.3619198932972256e-05 0 5.7569880331085932e-11 0 0 0 0.0036326434197308465 -0.00036024720572376588 2.0687405105259318e-13 1.1634357502186535e-06 0 0 -0.00036305002761287516 0 0 0 0 0 0 0
leaf_weight=1218.7999690175056 338.39999544620514 1233.8999820351601 202.39999783039093 168.39999860525131 320.7999951839447 84.099998712539673 165.39999490976334 90.499998986721039 105.50000011920929 311.49999892711639 105.59999841451645 142.99999910593033 3543.7998813986778 169.9999965429306 3618.4999700188637 268.79999542236328 106.5999990105629 609.29999077320099 203.19999945163727 512.199991106987 92.499999284744263 124.89999830722809 123.19999903440475 356.19999641180038 110.89999848604202 233.69999694824219
leaf_count=1080 390 1585 240 196 410 109 146 107 107 341 130 162 2760 164 4085 290 130 779 198 692 109 151 142 408 139 281
internal_value=-0.00227927 -0.00562183 -0.0071561 -0.00748445 -0.0053421 -0.00774284 3.18116e-05 -0.00159692 -0.00353684 -0.00698219 -0.00571195 -0.00600857 0.000162763 0.000198898 -1.46683e-05 -0.00112771 -0.00534065 -0.00767425 -0.000531722 -0.00865175 -0.00834923 -0.00817964 -0.00489314 -0.0069926 -0.00667547 -0.00695775
internal_weight=14562.1 5952.4 4733.6 4531.2 489.2 4042 8609.7 640 301.6 2203.4 196.1 918 7969.7 7804.3 4260.5 642 541.3 1285.4 472 1838.6 1326.4 734.2 434.7 551.2 467.1 376.7
internal_count=15331 6954 5874 5634 606 5028 8377 734 344 2642 237 1056 7643 7497 4737 652 613 1586 488 2386 1694 930 483 656 547 443
is_linear=0
shrinkage=0.0103578


Tree=141
num_leaves=27
num_cat=0
split_feature=11 6 4 11 4 13 2 4 12 12 12 7 1 10 4 3 2 9 2 5 0 10 1 2 5 6
split_gain=143.845 85.6165 58.6181 58.1802 52.3664 36.2342 24.9618 24.4931 24.0027 23.7739 22.0665 18.7524 15.1533 17.1784 15.1579 12.9106 10.6775 9.74394 8.80904 8.35775 7.4549 7.04658 10.8262 9.75954 10.1995 6.65329
threshold=18.004861831665043 0.064583335071802153 4.9904165267944345 4.5215277671813974 4.2127082347869882 35.670833587646491 4.6905150413513192 2.6958333253860478 -5.4854166507720938 2.2104166746139531 -8.9770836830139142 1.0000000180025095e-35 22.486011505126957 47.215276718139656 2.6797916889190678 2.3747221231460576 -1.4258928894996641 142.53472137451175 -5.9878363609313956 0.19510152190923694 11.077777385711672 77.77777481079103 25.715179443359379 0.58901396393775951 0.65755069255828869 0.4812499880790711
decision_type=2 2 2 2 2 2 2 2 2 2 2 2 2 2 2 2 2 2 2 2 2 2 2 2 2 2
left_child=1 10 3 7 12 6 -5 -3 16 17 -1 25 -2 14 -14 -13 -7 -10 -4 -15 -12 22 23 24 -21 -11
right_child=4 2 18 5 -6 8 -8 -9 9 11 20 15 13 19 -16 -17 -18 -19 -20 21 -22 -23 -24 -25 -26 -27
leaf_value=-1.1347682486312612e-05 0 0 0 0 0 0 0 0 0 0 -1.8834301124410319e-05 0 0 0 0 0 0 0 0 0 8.4787568440286312e-07 0 0 0 0 0
leaf_weight=132.09999769926071 310.49999636411667 177.5999955534935 104.89999866485596 1252.3999642133713 448.19999748468399 219.19999778270721 130.99999731779099 1058.6999810934067 171.99999684095383 150.29999822378159 247.99999463558197 240.29999595880508 464.39999610185623 571.79999315738678 308.69999903440475 728.19999092817307 420.2999946475029 1312.2999837398529 1185.1999761462212 221.69999849796295 2882.5999150276184 649.29999279975891 538.09999448060989 200.59999829530716 185.69999825954437 247.99999678134918
leaf_count=149 369 166 117 1100 476 240 152 1261 190 165 248 259 526 698 331 854 521 1433 1292 249 2398 785 629 228 223 300
internal_value=-0.00229854 -0.00167582 -0.00229206 -0.00271561 -0.00400098 -0.00220596 -0.000786506 -0.00472261 -0.00276818 -0.00236022 -0.000277808 -0.00334603 -0.00443356 -0.00464966 -0.00330287 -0.00256453 -0.00458261 -0.00145123 -0.00028533 -0.00508843 -0.000102314 -0.00473602 -0.00424058 -0.00328588 -0.00420667 -0.00523893
internal_weight=14562.1 10663.1 7400.4 6110.3 3899 4874 1383.4 1236.3 3490.6 2851.1 3262.7 1366.8 3450.8 3140.3 773.1 968.5 639.5 1484.3 1290.1 2367.2 3130.6 1795.4 1146.1 608 407.4 398.3
internal_count=15359 10845 8050 6641 4514 5214 1252 1427 3962 3201 2795 1578 4038 3669 857 1113 761 1623 1409 2812 2646 2114 1329 700 472 465
is_linear=0
shrinkage=0.0103578


Tree=142
num_leaves=27
num_cat=0
split_feature=29 30 30 29 30 30 29 11 30 8 4 11 1 30 30 2 8 11 1 7 30 30 29 29 13 30
split_gain=1022.06 471.778 94.5675 21.8362 75.4854 18.8413 16.0261 17.3715 20.3181 13.4809 10.3312 9.89107 7.62255 7.08957 5.44725 5.23819 4.73204 6.83782 3.76629 3.47937 3.42042 3.76131 10.3898 8.10869 4.50627 3.10178
threshold=36.020755767822273 -79.298500061035142 -78.68517684936522 35.904197692871101 -79.128845214843736 -79.125286102294908 36.314949035644538 18.270138740539554 -78.769439697265611 4.5000000000000009 2.9710416793823247 15.741666793823244 24.405357360839847 -79.070907592773423 -78.977985382080064 -0.92782089114189137 6.5000000000000009 14.085416793823244 25.682439804077152 0.75624999403953563 -122.19300079345702 -119.9710006713867 38.308649063110359 36.504644393920906 81.827083587646499 -79.178325653076158
decision_type=2 2 2 2 2 2 2 2 2 2 2 2 2 2 2 2 2 2 2 2 2 2 2 2 2 2
left_child=1 -1 3 5 -5 16 7 -2 13 12 11 -11 15 -9 19 -7 25 -18 -13 -14 -8 -22 23 -23 -25 -3
right_child=6 2 -4 4 -6 9 20 8 -10 10 -12 18 14 -15 -16 -17 17 -19 -20 -21 21 22 -24 24 -26 -27
leaf_value=4.3069486023712267e-10 4.5718352764080888e-11 0 -6.2437869698702492e-09 2.0772736023759007e-10 0 0 -2.3383337297590452e-05 0 5.697358094279817e-11 -8.7821574240878148e-09 -8.7821574240878148e-09 0 0 0 0 0 0 -8.7821574240878148e-09 0 0 0.0035950083121998847 1.1513850733338367e-06 4.172860254636543e-12 -0.00043509634063704694 -5.3238138163729753e-05 0
leaf_weight=1189.2999690175056 335.59999531507492 1202.199983894825 207.59999740123749 174.89999848604202 352.8999947309494 405.49999511241913 136.89999568462372 114.89999902248383 101.99999994039536 106.49999862909317 205.79999750852585 100.99999886751175 339.69999760389328 93.499998688697815 240.1999968290329 553.79999148845673 85.799998700618744 144.49999797344208 152.69999969005585 85.199999034404755 3649.3998782038689 266.39999604225159 3656.9999698400497 91.699998795986176 216.89999920129776 454.09999251365662
leaf_count=1053 392 1528 246 203 447 483 121 135 106 127 250 118 377 113 294 712 110 187 167 106 2844 284 4114 97 219 611
internal_value=-0.00221553 -0.00550065 -0.00694416 -0.00725242 -0.00525509 -0.00751013 6.02167e-05 -0.00150841 -0.0032722 -0.00684941 -0.00545636 -0.00438265 -0.00733247 -0.00512221 -0.00645906 -0.00793341 -0.00827472 -0.00682146 -0.00549425 -0.00573108 0.000186744 0.000215028 4.79491e-06 -0.00128867 -0.00242991 -0.00847413
internal_weight=14666 6001.7 4812.4 4604.8 527.8 4077 8664.3 646 310.4 2190.4 566 360.2 1624.4 208.4 665.1 959.3 1886.6 230.3 253.7 424.9 8018.3 7881.4 4232 575 308.6 1656.3
internal_count=15444 7019 5966 5720 650 5070 8425 746 354 2634 662 412 1972 248 777 1195 2436 297 285 483 7679 7558 4714 600 316 2139
is_linear=0
shrinkage=0.0103578


Tree=143
num_leaves=27
num_cat=0
split_feature=29 29 8 11 29 29 29 29 11 12 6 12 8 29 29 13 0 12 2 2 3 29 5 29 11 9
split_gain=860.926 282.773 106.983 48.6549 26.6209 48.9222 23.1157 15.0903 18.0662 11.941 11.5041 10.1327 14.4704 15.898 8.5717 10.004 8.36746 7.13277 6.07508 5.88537 5.60066 5.06239 4.13427 3.71657 3.19127 2.30867
threshold=36.020755767822273 35.633329391479499 4.5000000000000009 14.838194370269777 35.906902313232429 35.975336074829109 34.162609100341804 36.314949035644538 18.270138740539554 -7.2479166984558097 0.33958333730697637 -3.5562499761581416 6.5000000000000009 35.743635177612312 35.725976943969734 98.131248474121108 25.411110877990726 3.4562499523162846 -1.4258928894996641 0.40239389240741735 2.2154166698455815 35.88811111450196 0.3454210907220841 35.697473526000984 2.1166666746139531 155.3263854980469
decision_type=2 2 2 2 2 2 2 2 2 2 2 2 2 2 2 2 2 2 2 2 2 2 2 2 2 2
left_child=1 3 4 17 14 -6 -5 8 -2 20 -8 -11 13 -13 23 18 19 -1 24 -10 -4 -14 -17 -3 -16 -26
right_child=7 2 9 6 5 -7 10 -9 16 11 -12 12 21 -15 15 22 -18 -19 -20 -21 -22 -23 -24 -25 25 -27
leaf_value=9.0964147740336211e-11 4.5244809556591799e-11 0 9.0964147740336211e-11 7.2535834145142107e-07 2.0557575427405602e-10 0 0 5.3012038644504378e-10 0 -8.6911932763474787e-09 0 0 0 0 0 0 0 0 0 0 0 -8.7821574240878148e-09 0 0 0 0
leaf_weight=881.69997453689575 352.39999485015869 1158.2999843358994 94.299998581409454 123.79999834299088 125.09999871253967 226.09999692440033 209.2999981045723 7990.6998351812363 84.199999511241913 189.99999755620956 462.49999403953552 129.79999816417694 220.29999715089798 126.69999867677689 85.699998617172241 187.19999772310257 120.09999930858612 189.99999564886093 437.09999310970306 92.399998903274536 113.09999817609787 85.899999022483826 269.09999918937683 432.59999269247055 92.89999920129776 95.599998831748962
leaf_count=783 404 1459 121 120 149 285 233 7617 96 236 559 166 265 151 109 220 129 196 565 114 139 103 297 580 101 112
internal_value=-0.00201637 -0.00505274 -0.00658381 -0.00171457 -0.00751719 -0.00481426 -0.00365414 7.03073e-05 -0.00144772 -0.00355754 -0.00441153 -0.004164 -0.00345755 -0.00527163 -0.00786011 -0.00716946 -0.00332841 -0.000273123 -0.0079458 -0.00476066 -0.00134919 -0.00192962 -0.00594999 -0.00836398 -0.00669304 -0.00589116
internal_weight=14576.9 5937.1 4069.8 1867.3 3109.7 351.2 795.6 8639.8 649.1 960.1 671.8 752.7 562.7 256.5 2758.5 1167.6 296.7 1071.7 711.3 176.6 207.4 306.2 456.3 1590.9 274.2 188.5
internal_count=15309 6949 5058 1891 3877 434 912 8360 743 1181 792 921 685 317 3443 1404 339 979 887 210 260 368 517 2039 322 213
is_linear=0
shrinkage=0.0103578


Tree=144
num_leaves=27
num_cat=0
split_feature=30 29 8 30 29 30 8 30 11 30 29 30 11 30 7 30 29 30 12 6 30 29 29 29 11 30
split_gain=771.979 359.712 191.848 81.3335 18.3435 57.1239 16.1217 25.0062 14.5003 18.729 19.2093 23.2625 10.3405 8.56902 7.13914 6.44704 12.1195 6.20098 5.26041 6.19412 4.74028 5.46256 4.61776 12.1994 10.4276 8.60587
threshold=-79.298500061035142 36.020755767822273 4.5000000000000009 -78.68517684936522 35.88811111450196 -79.132404327392564 6.5000000000000009 -79.139472961425767 16.453472137451175 -75.049243927001939 36.20991516113282 -78.867374420166001 16.550000190734867 -79.125286102294908 0.28541666269302374 -117.08349990844725 39.747600555419929 -78.952381134033189 -5.2354166507720938 0.027083333581686023 -79.063835144042955 35.725976943969734 38.308649063110359 36.361949920654304 14.838194370269777 -82.058330535888658
decision_type=2 2 2 2 2 2 2 2 2 2 2 2 2 2 2 2 2 2 2 2 2 2 2 2 2 2
left_child=15 2 3 4 13 -6 7 -4 -3 10 11 14 -9 -2 -10 16 -1 -15 -8 -20 -21 -22 23 -17 -25 -24
right_child=1 8 6 -5 5 -7 18 12 9 -11 -12 -13 -14 17 -16 22 -18 -19 19 20 21 -23 25 24 -26 -27
leaf_value=0.0035577717996131612 0 8.5879991320361604e-08 0 1.6475143709862485e-09 2.0344643429257565e-10 0 0 0 0 -9.6029095027221531e-10 1.2945822765660674e-10 4.4776171232061113e-11 0 0 0 4.2529160170049177e-10 -0.0012297206390155398 0 -8.6911932763474787e-09 0 0 0 1.3998665421291368e-07 -0.00043313272568955963 -7.830100660953566e-06 -5.3481317219095106e-12
leaf_weight=4664.2998450994492 1454.7999783754349 911.39999026060104 162.59999752044678 152.99999850988388 116.09999889135361 469.59999406337738 243.49999672174454 142.49999839067459 103.79999846220016 104.49999839067459 541.39999520778656 129.00000011920929 136.29999876022339 845.69999033212662 114.69999867677689 435.69999498128891 134.79999667406082 535.69999235868454 104.89999860525131 161.39999771118164 106.59999930858612 99.499999344348907 1944.4999902844429 93.39999920129776 153.39999961853027 567.7999929189682
leaf_count=3631 1884 1068 208 182 137 576 305 173 126 125 614 134 159 1007 139 475 128 683 131 202 122 113 2075 104 150 722
internal_value=-0.00201728 -0.00462826 -0.00615799 -0.0073446 -0.0076749 -0.00598881 -0.00249041 -0.00404711 -0.000826942 -0.00169221 -0.00120193 -0.00310034 -0.00215484 -0.00802168 -0.00515532 0.000150622 0.000390635 -0.00742221 -0.00152757 -0.00216455 -0.00152481 -0.00256378 -0.000209789 -0.000964933 -0.00280207 -4.3047e-06
internal_weight=14630.9 6637 4732.2 3574.9 3421.9 585.7 1157.3 441.4 1904.8 993.4 888.9 347.5 278.8 2836.2 218.5 7993.9 4799.1 1381.4 715.9 472.4 367.5 206.1 3194.8 682.5 246.8 2512.3
internal_count=15373 8088 5882 4469 4287 713 1413 540 2206 1138 1013 399 332 3574 265 7285 3759 1690 873 568 437 235 3526 729 254 2797
is_linear=0
shrinkage=0.0103578


Tree=145
num_leaves=27
num_cat=0
split_feature=29 30 8 30 29 30 29 11 30 8 30 11 30 30 13 30 29 29 11 10 30 2 30 8 30 30
split_gain=710.777 365.094 195.791 84.5017 18.4738 59.6125 14.4525 23.5972 22.526 12.6937 25.5783 13.3655 10.3229 8.82512 6.62514 6.10377 10.2595 9.66006 23.8623 5.20108 4.8862 4.49001 4.27885 4.13676 3.71864 22.8228
threshold=36.020755767822273 -79.298500061035142 4.5000000000000009 -78.68517684936522 35.906902313232429 -78.970527648925767 36.20991516113282 18.270138740539554 -78.769439697265611 6.5000000000000009 -79.149951934814439 16.550000190734867 -79.125286102294908 -79.070907592773423 99.910415649414077 -118.89915084838866 39.747600555419929 38.308649063110359 11.884027481079103 67.083332061767592 -79.188957214355455 -0.66942286491394032 -78.970527648925767 2.5000000000000004 -82.058330535888658 -80.748550415039048
decision_type=2 2 2 2 2 2 2 2 2 2 2 2 2 2 2 2 2 2 2 2 2 2 2 2 2 2
left_child=1 -1 3 4 12 -6 7 -2 13 10 -4 -12 20 -9 21 16 -8 18 -17 -11 -3 -14 23 -16 -19 -26
right_child=6 2 9 -5 5 -7 15 8 -10 19 11 -13 14 -15 22 17 -18 24 -20 -21 -22 -23 -24 -25 25 -27
leaf_value=4.2182869270819019e-10 1.6655839716840691e-10 0 0 1.666929549909128e-09 2.0133916945859819e-10 0 0.0035209209822139246 0 5.5919673680330965e-11 -8.5111493643444762e-09 0 0 0 0 0 -0.00039285800316238024 -0.001214113210001618 1.385348461173339e-07 -8.6486215749018895e-06 -8.6921354680863144e-09 0 0 0 0 -6.8736840709354016e-10 8.5852746732770697e-12
leaf_weight=1212.6999688744545 320.19999557733536 952.59998798370361 130.49999785423279 162.99999856948853 130.29999911785126 203.79999673366547 3861.2998707890511 104.19999897480011 90.900000214576721 583.69999313354492 164.39999836683273 149.6999985575676 470.29999482631683 90.299998641014099 351.19999706745148 91.099999010562897 136.79999631643295 1914.9999895095825 382.99999684095383 135.69999831914902 491.69999158382416 453.79999309778214 264.29999679327011 115.99999928474426 210.8999964594841 1440.7999840974808
leaf_count=1069 368 1198 169 192 151 262 3005 122 93 711 194 177 561 113 406 107 128 2046 424 165 659 586 323 128 279 1692
internal_value=-0.00193496 -0.00468227 -0.00597448 -0.00716933 -0.00751516 -0.00517956 -3.62244e-05 -0.00157853 -0.00374118 -0.0022801 -0.00365598 -0.00204592 -0.00776575 -0.00572588 -0.00719584 8.00136e-05 0.000366956 -0.000203804 -0.00159196 -0.00142699 -0.00841567 -0.00779027 -0.00643888 -0.00581921 -1.89439e-05 -0.000379105
internal_weight=14618.2 5973.7 4761 3597 3434 334.1 8644.5 605.6 285.4 1164 444.6 314.1 3099.9 194.5 1655.6 8038.9 3998.1 4040.8 474.1 719.4 1444.3 924.1 731.5 467.2 3566.7 1651.7
internal_count=15328 6951 5882 4466 4274 413 8377 696 328 1416 540 371 3861 235 2004 7681 3133 4548 531 876 1857 1147 857 534 4017 1971
is_linear=0
shrinkage=0.0103578


Tree=146
num_leaves=27
num_cat=0
split_feature=29 8 29 11 8 29 29 29 29 29 11 29 1 11 7 29 1 2 29 12 12 3 0 12 9 1
split_gain=734.466 328.315 190.529 36.1983 33.9726 29.76 28.4308 51.5886 17.4498 14.1272 17.9269 6.74987 7.21466 6.57812 6.47487 5.18599 5.8992 8.0871 5.20255 4.17569 3.69892 3.24415 6.22731 2.92345 2.74616 2.01115
threshold=36.020755767822273 6.5000000000000009 35.633329391479499 14.838194370269777 4.5000000000000009 35.743635177612312 35.906902313232429 35.975336074829109 34.860479354858406 36.314949035644538 18.270138740539554 35.468124389648445 25.006845474243168 21.199305534362797 0.28541666269302374 35.725976943969734 24.376487731933597 -1.2974767088890073 35.699068069458015 -0.25208333134651179 3.5729167461395268 2.6050693988800053 22.339583396911625 -0.66458335518836964 214.04166412353518 16.207738876342777
decision_type=2 2 2 2 2 2 2 2 2 2 2 2 2 2 2 2 2 2 2 2 2 2 2 2 2 2
left_child=1 2 3 20 6 -6 15 -8 -5 10 -2 24 -13 14 -12 18 17 -17 25 -7 -1 -3 -23 -18 -10 -4
right_child=9 21 4 8 5 19 7 -9 11 -11 13 12 -14 -15 -16 16 23 -19 -20 -21 -22 22 -24 -25 -26 -27
leaf_value=9.0021956001501017e-11 1.6483321257926885e-10 8.8157090659157156e-11 0 0 0 9.0021956001501017e-11 1.9925373132851925e-10 0 0 2.4325462034261874e-10 0 0 0 0 0 0 0 0 0 0 0 8.8157090659157156e-11 -8.6011615612783146e-09 0 0 0
leaf_weight=432.49998849630356 349.29999542236328 844.19998514652252 378.29999446868896 125.49999874830246 184.99999749660492 94.799998700618744 138.3999987244606 236.79999667406082 94.29999828338623 7865.4998384714127 87.999999344348907 93.199998617172241 156.79999923706055 105.29999941587448 108.19999915361404 328.79999631643295 159.39999812841415 468.19999253749847 374.69999343156815 92.799999415874481 139.49999749660492 307.9999914765358 143.8999981880188 225.89999866485596 120.09999841451645 792.09999006986618
leaf_count=409 405 894 491 141 236 110 162 302 125 7535 98 114 170 117 130 386 188 602 507 108 149 300 165 251 149 985
internal_value=-0.00187185 -0.00466941 -0.00595742 -0.00232436 -0.0071714 -0.00420316 -0.0075269 -0.00483756 -0.00412344 7.73163e-05 -0.00138853 -0.00504873 -0.00387165 -0.00323643 -0.00435594 -0.00789563 -0.00735852 -0.00787791 -0.0083035 -0.00128694 -0.000465991 -6.03445e-05 -0.000768352 -0.00627306 -0.00640547 -0.0079463
internal_weight=14449.5 5933.2 4637.1 1161.9 3475.2 372.6 3102.6 375.2 589.9 8516.3 650.8 464.4 250 301.5 196.2 2727.4 1182.3 797 1545.1 187.6 572 1296.1 451.9 385.3 214.4 1170.4
internal_count=15229 6944 5585 1257 4328 454 3874 464 699 8285 750 558 284 345 228 3410 1427 988 1983 218 558 1359 465 439 274 1476
is_linear=0
shrinkage=0.0103578


Tree=147
num_leaves=27
num_cat=0
split_feature=29 30 8 30 8 30 29 30 29 11 30 3 30 30 3 3 30 1 29 29 5 1 2 30 30 30
split_gain=724.361 351.267 237.571 82.7772 27.561 23.776 17.6044 63.2115 16.1432 17.3645 22.9017 11.7282 8.43706 7.72271 7.42192 8.14515 7.24028 7.02749 6.71281 7.24161 6.54254 5.18562 4.14865 3.64197 3.3283 17.8243
threshold=36.020755767822273 -79.298500061035142 4.5000000000000009 -78.68517684936522 6.5000000000000009 -79.142883300781236 35.906902313232429 -79.042778015136705 36.314949035644538 18.270138740539554 -78.769439697265611 2.388541698455811 -79.125286102294908 -79.070907592773423 2.7408334016799931 3.0039583444595341 -119.9710006713867 24.466369628906254 38.308649063110359 36.504644393920906 0.72432690858840953 22.075893402099613 -0.88334625959396351 -79.178325653076158 -82.058330535888658 -80.748550415039048
decision_type=2 2 2 2 2 2 2 2 2 2 2 2 2 2 2 2 2 2 2 2 2 2 2 2 2 2
left_child=1 -1 3 6 5 -4 12 -8 9 -2 13 -7 23 -11 -6 -16 -10 22 19 -18 -19 -21 -14 -3 -20 -26
right_child=8 2 4 -5 14 11 7 -9 16 10 -12 -13 17 -15 15 -17 18 20 24 21 -22 -23 -24 -25 25 -27
leaf_value=4.1654634351954345e-10 -1.0811855964760469e-12 0 0 1.6496637667389504e-09 8.6301782218828689e-11 -9.3243267117192851e-13 1.9718989382491595e-10 0 0.0034844518570241226 0 5.5340466862163797e-11 0 0 0 -8.6048914941286506e-09 -8.3339028514378136e-09 1.2290308692799258e-06 0 1.3709740528713418e-07 -0.00042204299755422105 0 -4.0838509481482025e-05 0 0 -6.8276834925345564e-10 5.9767583018552541e-12
leaf_weight=1186.2999696731567 346.29999536275864 1076.9999859333038 138.49999809265137 156.49999862909317 532.49999433755875 141.29999852180481 125.19999903440475 218.69999653100967 3803.9998726844788 107.39999896287918 102.40000003576279 144.99999845027924 444.79999434947968 83.699998617172241 79.599999010562897 85.499998569488525 244.69999617338181 508.69999426603317 1937.5999898910522 96.499998867511749 136.69999933242798 196.69999921321869 530.29999202489853 418.99999302625656 212.89999651908875 1438.2999839186668
leaf_count=1049 399 1364 177 183 643 169 146 283 2978 126 106 172 528 103 100 109 259 609 2066 103 145 197 683 564 283 1703
internal_value=-0.00192961 -0.00471399 -0.00597558 -0.00726734 -0.00181096 -0.00388922 -0.00760053 -0.00535425 -4.27112e-06 -0.00158626 -0.00343719 -0.00217523 -0.00784724 -0.00555022 -0.000542682 -0.00245739 0.000123405 -0.00731622 -0.000176989 -0.00125541 -0.00645537 -0.00235173 -0.00788148 -0.00841919 -1.50614e-05 -0.000356802
internal_weight=14496.1 5925.6 4739.3 3616.9 1122.4 424.8 3460.4 343.9 8570.5 639.8 293.5 286.3 3116.5 191.1 697.6 165.1 7930.7 1620.5 4126.7 537.9 645.4 293.2 975.1 1496 3588.8 1651.2
internal_count=15247 6924 5875 4505 1370 518 4322 429 8323 734 335 341 3893 229 852 209 7589 1965 4611 559 754 300 1211 1928 4052 1986
is_linear=0
shrinkage=0.0103578


Tree=148
num_leaves=27
num_cat=0
split_feature=29 8 30 30 29 11 30 29 30 8 30 30 30 30 1 2 7 30 30 30 30 29 30 11 29 3
split_gain=691.288 363.614 266.729 88.4919 17.0316 18.0605 26.0081 15.4693 61.8105 13.5923 28.1277 20.4581 8.81557 8.33391 6.39518 7.1797 5.49404 4.11268 4.09328 3.31434 3.17844 5.75624 5.2387 17.3237 3.22836 2.87314
threshold=36.020755767822273 4.5000000000000009 -79.298500061035142 -78.68517684936522 36.314949035644538 18.270138740539554 -78.769439697265611 35.906902313232429 -79.042778015136705 6.5000000000000009 -79.142883300781236 -79.269531249999986 -79.125286102294908 -79.070907592773423 24.514881134033207 -1.1554994583129881 0.27291667461395269 -122.19300079345702 -78.970527648925767 -79.178325653076158 -120.45205307006835 38.308649063110359 -117.08349990844725 12.461805343627931 36.579669952392585 2.7408334016799931
decision_type=2 2 2 2 2 2 2 2 2 2 2 2 2 2 2 2 2 2 2 2 2 2 2 2 2 2
left_child=1 2 -1 7 5 -2 13 12 -9 10 11 -3 19 -7 15 -14 18 -6 -16 -4 -19 22 -22 -24 -25 -11
right_child=4 9 3 -5 17 6 -8 8 -10 25 -12 -13 14 -15 16 -17 -18 20 -20 -21 21 -23 23 24 -26 -27
leaf_value=4.1127031703131821e-10 4.0891085730828876e-11 0 0 1.6325768197220438e-09 -3.5276024804201891e-05 0 5.4767259373322646e-11 1.9514743321203824e-10 0 8.6350074237023973e-11 0 0 0 0 0 0 0 0.0034483604755775692 0 0 0.0035801509236772478 6.3793238879211199e-12 -0.00041819970687278254 1.2163007688988997e-06 -2.4336278392972356e-05 -8.4229440827499481e-09
leaf_weight=550.69998776912689 340.99999523162842 84.999998331069946 1078.3999854326248 160.59999865293503 158.29999488592148 105.49999892711639 117.60000026226044 118.99999892711639 218.69999647140503 901.59998363256454 305.59999662637711 128.39999812841415 414.39999550580978 89.899998664855957 191.49999916553497 551.89999133348465 343.69999587535858 3500.3998826146126 85.699999034404755 402.89999330043793 217.39999371767044 3648.8999711871147 84.499999225139618 171.29999804496765 163.89999985694885 386.49999105930328
leaf_count=517 394 80 1364 190 139 125 120 138 285 956 364 164 490 111 211 707 409 2724 105 543 172 4105 95 213 163 395
internal_value=-0.00180893 -0.00453115 -0.00623091 -0.00726664 6.68431e-05 -0.00153903 -0.00333327 -0.00762084 -0.0054925 -0.00065725 -0.00207149 -0.00495168 -0.00785388 -0.00564435 -0.00730439 -0.00784223 -0.00646027 0.00019919 -0.00534358 -0.00843935 0.000232882 4.36377e-05 -0.000864216 -0.00153973 -0.000478128 -8.64395e-05
internal_weight=14523.3 5924.6 4117.5 3566.8 8598.7 654 313 3406.2 337.7 1807.1 519 213.4 3068.5 195.4 1587.2 966.3 620.9 7944.7 277.2 1481.3 7786.4 4286 637.1 419.7 335.2 1288.1
internal_count=15279 6918 4959 4442 8361 750 356 4252 423 1959 608 244 3829 236 1922 1197 725 7611 316 1907 7472 4748 643 471 376 1351
is_linear=0
shrinkage=0.0103578


Tree=149
num_leaves=27
num_cat=0
split_feature=29 8 30 30 29 30 29 11 30 6 30 30 9 13 30 3 30 6 30 30 29 29 30 11 29 30
split_gain=704.604 371.082 268.62 79.8464 21.8665 56.696 19.0234 27.3247 24.6032 15.664 30.0232 9.7709 6.12859 5.36312 5.10791 4.47549 5.88194 8.30324 3.19339 2.91672 7.25031 5.83071 5.20061 23.2559 3.08617 2.80775
threshold=36.020755767822273 4.5000000000000009 -79.298500061035142 -78.68517684936522 35.906902313232429 -79.042778015136705 36.20991516113282 18.270138740539554 -78.769439697265611 0.2937499880790711 -79.142883300781236 -79.125286102294908 233.49305725097659 53.466667175292976 -79.070907592773423 2.6050693988800053 -112.49425125122069 0.064583335071802153 -78.910125732421861 -120.45205307006835 39.616733551025398 38.308649063110359 -117.08349990844725 12.240277767181398 36.579669952392585 -79.188957214355455
decision_type=2 2 2 2 2 2 2 2 2 2 2 2 2 2 2 2 2 2 2 2 2 2 2 2 2 2
left_child=1 2 -1 4 11 -6 7 -2 14 15 12 25 -11 -13 -9 -3 -17 -18 -15 20 -8 22 -21 -24 -25 -4
right_child=6 9 3 -5 5 -7 19 8 -10 10 -12 13 -14 18 -16 16 17 -19 -20 21 -22 -23 23 24 -26 -27
leaf_value=4.0701044646955387e-10 1.6271355274626855e-10 8.4513482576736516e-11 0 1.6156668565028331e-09 1.9312612807155435e-10 0 0.0034126429227468694 0 5.4199989073737269e-11 0 0 0 0 0 0 0.0059230657242168349 -1.1216105584693042e-05 0 0 0.0035430759406974675 -0.0012733465610881487 5.8487760269395557e-12 -0.00041333111912872058 7.702254204262968e-07 -2.1529405316454831e-05 0
leaf_weight=535.29998809099197 309.79999583959579 875.49998492002487 947.19998705387115 146.39999854564667 120.99999862909317 226.69999676942825 3561.4998803734779 98.599999070167542 88.100000381469727 86.49999862909317 241.59999752044678 455.09999293088913 85.599998950958252 840.59999114274979 99.199998438358307 202.59999316930771 108.39999854564667 187.39999723434448 306.39999580383301 237.09999287128448 135.59999579191208 3538.0999714136124 88.199999094009399 218.79999756813049 167.49999988079071 498.29999160766602
leaf_count=503 358 931 1202 174 146 291 2767 114 91 107 286 581 94 986 122 158 132 234 384 187 122 3987 102 268 163 669
internal_value=-0.00184509 -0.00460947 -0.00633452 -0.007368 -0.00769089 -0.00520987 5.28428e-05 -0.00173146 -0.00403747 -0.000674119 -0.00243963 -0.00797278 -0.00573805 -0.00740293 -0.00606062 -0.000141406 -0.000924573 -0.00185474 -0.00701051 0.000186763 0.000399489 1.5703e-06 -0.000853439 -0.00147899 -0.000378696 -0.00860093
internal_weight=14407.1 5864.6 4077 3541.7 3395.3 347.7 8542.5 595.7 285.9 1787.6 413.7 3047.6 172.1 1602.1 197.8 1373.9 498.4 295.8 1147 7946.8 3697.1 4249.7 711.6 474.5 386.3 1445.5
internal_count=15159 6878 4936 4433 4259 437 8281 685 327 1942 487 3822 201 1951 236 1455 524 366 1370 7596 2889 4707 720 533 431 1871
is_linear=0
shrinkage=0.0103578


Tree=150
num_leaves=27
num_cat=0
split_feature=30 29 6 30 29 30 29 30 7 30 11 30 6 12 10 10 3 30 30 30 6 30 29 29 11 29
split_gain=677.637 341.365 246.579 83.9666 24.0472 31.5747 26.941 20.0587 20.0499 13.4966 19.8554 9.34026 7.74583 7.18174 6.97973 6.42713 4.57716 4.18549 3.33582 3.32473 3.28139 2.97461 6.45765 13.8365 8.46012 4.52628
threshold=-79.298500061035142 36.020755767822273 0.16458333283662799 -78.68517684936522 35.725976943969734 -79.132404327392564 35.906902313232429 -79.125286102294908 0.15208333730697635 -79.04628753662108 19.977083206176761 -78.83605575561522 0.4812499880790711 5.1062498092651376 72.215278625488295 44.465276718139656 2.1845139265060429 -79.08636093139647 -122.19300079345702 -79.188957214355455 0.30625000596046453 -117.08349990844725 38.308649063110359 36.361949920654304 14.936110973358156 39.185613632202156
decision_type=2 2 2 2 2 2 2 2 2 2 2 2 2 2 2 2 2 2 2 2 2 2 2 2 2 2
left_child=18 2 14 4 7 6 -6 19 11 10 -3 13 -9 -7 -2 -14 -10 -17 -1 20 -4 25 23 -23 -25 -20
right_child=1 9 3 -5 5 8 -8 12 16 -11 -12 -13 15 -15 -16 17 -18 -19 21 -21 -22 22 -24 24 -26 -27
leaf_value=-2.1721526462717558e-05 8.4580297509631666e-11 0 0 1.5989320439121383e-09 0 0 1.9112575927854736e-10 -8.6571882110071462e-13 0 0 0 0 0 0 -8.5147163984263379e-09 0 0 0 0.0033772953264764685 0 0 4.0279469894913611e-10 6.2526672324405319e-12 -0.0004095868468140936 -1.8039408279201118e-05 -0.0012707066433798458
leaf_weight=144.39999544620514 626.59999221563339 306.79999613761902 126.59999841451645 178.19999843835831 89.399999141693115 288.59999746084213 131.59999912977219 115.29999858140945 225.09999793767929 1429.4999870061874 142.99999839067459 148.69999814033508 117.99999850988388 83.699999034404755 98.899998843669891 111.79999893903732 652.59999078512192 320.69999569654465 4436.199852347374 532.7999911904335 861.39998787641525 444.19999539852142 2599.6999827027321 89.39999932050705 134.19999969005585 127.39999610185623
leaf_count=126 770 386 160 208 106 334 152 141 257 1631 176 187 144 107 121 128 816 401 3452 712 1100 478 2903 100 132 110
internal_value=-0.00179888 -0.00425669 -0.00574573 -0.00675687 -0.00708217 -0.00611826 -0.00246874 -0.00779421 -0.00669337 -0.000523958 -0.00208757 -0.00507021 -0.0062792 -0.00417918 -0.000190937 -0.00679351 -0.0076525 -0.00738412 0.000231847 -0.00845461 -0.00807259 0.000260695 2.19778e-05 -0.000885966 -0.00298395 0.000431499
internal_weight=14564.8 6589.3 4710 3984.5 3806.3 1619.7 221 2186.6 1398.7 1879.3 449.8 521 665.8 372.3 725.5 550.5 877.7 432.5 7975.5 1520.8 988 7831.1 3267.5 667.8 223.6 4563.6
internal_count=15338 8037 5844 4953 4745 1959 258 2786 1701 2193 562 628 814 441 891 673 1073 529 7301 1972 1260 7175 3613 710 232 3562
is_linear=0
shrinkage=0.0103578


Tree=151
num_leaves=27
num_cat=0
split_feature=29 8 30 30 8 30 30 29 30 30 6 29 11 30 29 30 3 30 30 29 30 11 30 30 29 30
split_gain=667.849 361.657 250.227 79.8786 25.8783 19.1165 19.125 17.4196 62.6447 15.6812 18.5756 15.5742 17.0306 22.7984 13.1065 8.67626 5.09291 4.19338 3.69232 5.67107 5.2762 20.7989 3.62984 3.04555 2.73616 2.40884
threshold=36.020755767822273 4.5000000000000009 -79.298500061035142 -78.68517684936522 6.5000000000000009 -79.139472961425767 -79.269531249999986 35.906902313232429 -79.042778015136705 -79.125286102294908 0.47708332538604742 36.314949035644538 18.270138740539554 -78.769439697265611 35.838500976562507 -79.074466705322251 2.2154166698455815 -122.19300079345702 -120.45205307006835 38.308649063110359 -117.08349990844725 13.184027671813967 -79.178325653076158 -78.882755279541001 36.579669952392585 -78.952381134033189
decision_type=2 2 2 2 2 2 2 2 2 2 2 2 2 2 2 2 2 2 2 2 2 2 2 2 2 2
left_child=1 2 -1 7 5 6 -3 9 -9 22 14 12 -2 15 -11 -14 25 -13 -19 20 -20 -22 -4 -18 -23 -12
right_child=11 4 3 -5 -6 -7 -8 8 -10 10 16 17 13 -15 -16 -17 23 18 19 -21 21 24 -24 -25 -26 -27
leaf_value=3.986226174508317e-10 3.8782182243828113e-11 0 0 1.5823705677684456e-09 8.3704228645563587e-11 -8.6571882110071462e-13 -8.6571882110071462e-13 1.8914610997776025e-10 0 0 0 -1.9427375991266335e-05 0 5.3638594466974092e-11 0 0 0 0.0033423138548169277 0.0034713958689375863 6.1879031296765735e-12 -0.00037156210111721159 1.1962517882172285e-06 0 0 -2.3674359920289408e-05 0
leaf_weight=535.79998826980591 352.59999525547028 93.499998033046722 1077.4999856352806 144.69999867677689 1249.1999748945236 283.09999698400497 144.69999796152115 128.89999896287918 221.99999648332596 137.0999990105629 263.29999786615372 153.99999517202377 91.599999070167542 109.69999992847443 113.49999862909317 103.7999986410141 780.3999902009964 3540.6998808383942 225.69999355077744 3585.1999704837799 86.199999153614044 172.7999981045723 414.79999297857285 205.0999967455864 166.30000025033951 118.69999849796295
leaf_count=506 408 87 1365 171 1302 337 185 151 288 161 295 136 108 113 141 126 952 2755 179 4050 98 212 560 273 165 145
internal_value=-0.00178738 -0.00446633 -0.00614106 -0.00712229 -0.000547607 -0.00248481 -0.00464386 -0.00743745 -0.00522845 -0.00768552 -0.00696949 5.69065e-05 -0.00147397 -0.00326337 -0.00435603 -0.00538008 -0.0074461 0.000184009 0.000217618 1.1171e-05 -0.000877652 -0.00155646 -0.00845869 -0.00784962 -0.000396556 -0.00639391
internal_weight=14500.9 5912.3 4141.8 3606 1770.5 521.3 238.2 3461.3 350.9 3110.4 1618.1 8588.6 657.7 305.1 250.6 195.4 1367.5 7930.9 7776.9 4236.2 651 425.3 1492.3 985.5 339.1 382
internal_count=15269 6919 5008 4502 1911 609 272 4331 439 3892 1967 8350 755 347 302 234 1665 7595 7459 4704 654 475 1925 1225 377 440
is_linear=0
shrinkage=0.0103578


Tree=152
num_leaves=27
num_cat=0
split_feature=30 8 29 30 30 11 29 30 30 6 29 3 30 1 10 30 30 29 30 29 29 7 29 29 29 29
split_gain=606.236 301.712 392.318 74.4634 15.582 17.6364 15.5066 64.8864 18.0034 22.4158 17.5156 6.12019 4.24683 3.37618 3.37555 3.12848 2.90254 6.78983 11.0183 4.64884 3.24672 2.53649 2.34374 2.33868 2.24475 2.39403
threshold=-79.298500061035142 4.5000000000000009 36.020755767822273 -78.68517684936522 -79.04628753662108 19.977083206176761 35.906902313232429 -78.970527648925767 -79.125286102294908 0.47708332538604742 35.789690017700202 2.1845139265060429 -122.19300079345702 15.567559242248537 65.034721374511733 -79.178325653076158 -117.08349990844725 38.308649063110359 -101.70369720458983 36.441598892211921 39.221981048583991 0.28958332538604742 35.741001129150398 35.725976943969734 40.93249702453614 36.061250686645515
decision_type=2 2 2 2 2 2 2 2 2 2 2 2 2 2 2 2 2 2 2 2 2 2 2 2 2 2
left_child=12 2 3 6 5 21 8 -8 15 10 -10 23 -1 -13 -12 22 20 18 -18 -20 -14 -4 -2 -11 25 -6
right_child=1 -3 4 -5 24 -7 7 -9 9 11 14 13 16 -15 -16 -17 17 -19 19 -21 -22 -23 -24 -25 -26 -27
leaf_value=-2.1135744974542175e-05 0 0 1.6062649293606587e-10 1.5659806326812368e-09 5.3083014693569547e-11 0 1.8718696556008725e-10 0 0 0 0 0 0.0033076947155095127 0 0 0 -0.00029180231207339043 6.1425509369766609e-12 3.9449374968913783e-10 -0.0003251609467252537 -0.0012912498367030547 -0.00033380596088946691 0 0 5.7241020763107131e-12 -4.0877950480784405e-08
leaf_weight=153.49999511241913 976.19998610019684 1595.4999817609787 92.199998617172241 146.59999865293503 157.99999940395355 117.59999853372574 135.69999879598618 220.49999636411667 84.39999920129776 151.49999821186066 87.099999010562897 259.69999575614929 4509.5998494029045 717.39999121427536 83.199999213218689 395.29999339580536 127.89999794960022 2519.8999829292297 336.79999721050262 199.0999995470047 124.99999606609344 109.19999873638153 79.59999942779541 219.39999800920486 539.89999347925186 425.5999967455864
leaf_count=135 1242 1917 116 174 178 146 159 285 102 183 107 341 3508 872 98 535 149 2809 368 193 106 136 94 242 637 476
internal_value=-0.00168379 -0.00400691 -0.00525841 -0.00710609 -0.000701503 -0.00271968 -0.0074168 -0.00534922 -0.00765679 -0.00689088 -0.00405458 -0.00742455 0.000238081 -0.00786324 -0.00596157 -0.0084994 0.000271667 3.07208e-05 -0.000900655 -0.000246448 0.000437068 -0.000850782 -0.00818112 -0.00625748 -0.000127017 -0.000572344
internal_weight=14566.4 6594.6 4999.1 3556.6 1442.5 319 3410 356.2 3053.8 1602.7 254.7 1348 7971.8 977.1 170.3 1451.1 7818.3 3183.7 663.8 535.9 4634.6 201.4 1055.8 370.9 1123.5 583.6
internal_count=15308 8040 6123 4434 1689 398 4260 444 3816 1945 307 1638 7268 1213 205 1871 7133 3519 710 561 3614 252 1336 425 1291 654
is_linear=0
shrinkage=0.0103578


Tree=153
num_leaves=27
num_cat=0
split_feature=29 8 30 30 29 30 30 6 29 29 30 30 0 2 30 30 1 30 29 0 30 29 8 6 29 30
split_gain=613.41 448.293 254.87 81.1149 14.8335 55.589 16.5296 21.5177 9.57721 8.77443 8.7079 14.6223 9.54982 5.23266 4.26985 4.18369 3.86463 3.66133 5.43779 12.0201 17.8851 2.34055 1.85726 7.46624 1.79289 1.06923
threshold=36.020755767822273 4.5000000000000009 -79.298500061035142 -78.68517684936522 35.906902313232429 -79.042778015136705 -79.125286102294908 0.47708332538604742 35.838500976562507 36.314949035644538 -79.04628753662108 -79.093429565429673 24.079860687255863 1.9595755934715273 -122.19300079345702 -79.188957214355455 24.034225463867191 -120.45205307006835 38.781452178955085 19.347916603088382 -117.08349990844725 35.741001129150398 6.5000000000000009 0.26041665673255926 33.398300170898445 -79.26528167724608
decision_type=2 2 2 2 2 2 2 2 2 2 2 2 2 2 2 2 2 2 2 2 2 2 2 2 2 2
left_child=1 2 -1 4 6 -6 15 8 -8 10 11 -2 -13 16 -11 21 -9 -16 19 20 -19 25 23 -3 -24 -4
right_child=9 22 3 -5 5 -7 7 13 -10 14 -12 12 -14 -15 17 -17 -18 18 -20 -21 -22 -23 24 -25 -26 -27
leaf_value=3.9040764806325066e-10 1.5896275003909019e-10 -8.7537680594003893e-13 0 1.5497604618563536e-09 1.8524811363930863e-10 0 0 0 0 -1.9720062849849698e-05 3.7830657585036598e-11 0 0 0 0.0032734341555750853 0 0 0.0034011791593421279 6.0601863066613022e-12 -2.9613232590546236e-06 -0.00036051947028235425 0 -1.0385592128958653e-05 8.9669737106055856e-15 8.37222697970341e-11 0
leaf_weight=543.69998860359192 150.69999718666077 93.399998426437378 294.39999657869339 159.29999852180481 113.89999896287918 215.69999665021896 128.29999876022339 621.09999161958694 120.99999874830246 152.69999521970749 319.39999759197235 89.19999885559082 85.099998831748962 275.79999560117722 3512.7998824119568 502.59999150037766 477.19999593496323 114.0999967455864 3201.9999713897705 789.59999412298203 124.19999879598618 80.399999439716339 93.199997663497925 405.19999450445175 1235.5999761819839 607.99999129772186
leaf_count=521 163 114 364 189 135 277 151 759 148 135 358 112 105 358 2734 676 554 91 3636 810 144 94 84 476 1304 782
internal_value=-0.001686 -0.00423332 -0.0061187 -0.00711746 -0.00745217 -0.00533878 -0.00767508 -0.00694314 -0.00412438 9.45377e-05 -0.00106698 -0.00225915 -0.00429699 -0.00745232 0.000189461 -0.00847179 -0.00711793 0.000223381 1.80064e-05 -0.000637144 -0.00267304 -0.00805481 3.98305e-05 -0.000498615 0.000242312 -0.00821361
internal_weight=14508.6 5968.8 4141.4 3597.7 3438.4 329.6 3108.8 1623.4 249.3 8539.8 644.4 325 174.3 1374.1 7895.4 1485.4 1098.3 7742.7 4229.9 1027.9 238.3 982.8 1827.4 498.6 1328.8 902.4
internal_count=15274 6986 5008 4487 4298 412 3886 1970 299 8288 738 380 217 1671 7550 1916 1313 7415 4681 1045 235 1240 1978 590 1388 1146
is_linear=0
shrinkage=0.0103578


Tree=154
num_leaves=27
num_cat=0
split_feature=29 8 30 30 29 30 30 6 29 29 11 30 3 9 30 30 30 29 1 2 10 29 30 29 11 29
split_gain=612.169 441.149 241.89 74.4176 13.6704 62.4721 15.9201 22.2639 14.1761 8.6701 14.878 21.8835 5.88488 4.02058 3.90318 3.8295 3.03223 3.94177 6.04848 3.33137 2.83577 2.45879 2.1182 1.40605 6.767 4.28324
threshold=36.020755767822273 4.5000000000000009 -79.298500061035142 -78.68517684936522 35.906902313232429 -78.970527648925767 -79.125286102294908 0.47708332538604742 35.789690017700202 36.314949035644538 19.977083206176761 -79.042778015136705 2.0910416841506962 297.68750000000006 -79.178325653076158 -122.19300079345702 -120.45205307006835 38.308649063110359 21.659225463867191 -0.20288561284542081 65.034721374511733 35.725976943969734 -78.987926483154283 40.443843841552741 13.959027767181398 39.747600555419929
decision_type=2 2 2 2 2 2 2 2 2 2 2 2 2 2 2 2 2 2 2 2 2 2 2 2 2 2
left_child=1 2 -1 4 6 -6 14 8 -8 10 -2 -12 22 -14 21 -11 -17 18 19 -18 -10 -4 -9 24 25 -19
right_child=9 -3 3 -5 5 -7 7 12 20 15 11 -13 13 -15 -16 16 17 23 -20 -21 -22 -23 -24 -25 -26 -27
leaf_value=3.8636386960854238e-10 3.7438813831901328e-11 8.8740952660495822e-15 0 1.4951645965490435e-09 1.8332934402906621e-10 0 0 0 -8.7606886406808672e-13 -1.7507568972662547e-05 0 5.2141345771297106e-11 0 0 0 0.0032395284609072488 -0.00035119392787786186 -5.1084572731344244e-05 1.2140069772076844e-06 -0.00030361314384473001 0 0 0 5.9974158897907169e-12 6.5042308871315786e-07 3.4451183710017069e-06
leaf_weight=527.49998819828033 414.49999499320984 1776.3999681472778 987.99998694658279 154.39999860525131 129.19999903440475 217.69999653100967 83.599999189376831 190.49999868869781 84.499999225139618 153.7999951839447 112.59999847412109 102.09999966621399 964.3999862074852 100.19999933242798 406.59999316930771 3557.1998804807663 119.69999814033508 260.29999905824661 446.69999450445175 105.39999723434448 82.799999356269836 81.799999475479126 116.19999867677689 2037.1999755501747 1178.5999968647957 101.99999916553497
leaf_count=497 481 1932 1256 184 150 281 100 211 103 136 140 107 1198 116 546 2768 121 277 455 96 98 96 140 2440 1202 110
internal_value=-0.00164914 -0.00421668 -0.00607396 -0.00703368 -0.00734888 -0.00537509 -0.0075687 -0.006851 -0.00399599 0.000115584 -0.00105425 -0.00326345 -0.00737119 -0.00774265 -0.00835405 0.000208165 0.000240138 5.32562e-05 -0.000674268 -0.00205646 -0.00573183 -0.00800444 -0.00606854 0.000190054 -4.57888e-05 -0.00128291
internal_weight=14493.9 5903.8 4127.4 3599.9 3445.5 346.9 3098.6 1622.2 250.9 8590.1 629.2 214.7 1371.3 1064.6 1476.4 7960.9 7807.1 4249.9 671.8 225.1 167.3 1069.8 306.7 3578.1 1540.9 362.3
internal_count=15241 6908 4976 4479 4295 431 3864 1966 301 8333 728 247 1665 1314 1898 7605 7469 4701 672 217 201 1352 351 4029 1589 387
is_linear=0
shrinkage=0.0103578


Tree=155
num_leaves=27
num_cat=0
split_feature=29 6 30 30 6 30 10 2 10 13 29 11 30 29 29 12 10 30 4 29 30 4 30 30 29 0
split_gain=602.729 301.224 219.527 68.7927 46.2085 19.3812 18.6412 18.7784 13.6285 11.5441 10.3216 12.5987 21.4141 9.9277 34.0959 7.92777 7.83574 5.42571 5.24479 5.17567 4.82532 5.0738 4.80657 2.84087 4.2611 10.0983
threshold=36.020755767822273 0.16458333283662799 -79.298500061035142 -78.68517684936522 0.4812499880790711 -79.125286102294908 48.437500000000007 -2.9038690328598018 64.520832061767592 68.877082824707045 36.314949035644538 19.977083206176761 -79.042778015136705 35.906902313232429 35.975336074829109 2.4083333015441899 38.826387405395515 -79.128845214843736 2.7316666841506962 35.873266220092781 -79.100517272949205 2.6797916889190678 -122.19300079345702 -120.45205307006835 38.816040039062507 19.347916603088382
decision_type=2 2 2 2 2 2 2 2 2 2 2 2 2 2 2 2 2 2 2 2 2 2 2 2 2 2
left_child=1 -1 -3 4 5 16 7 15 19 -9 11 -2 -13 20 -15 -6 -4 -11 -18 -7 -8 -22 -12 -24 25 -25
right_child=10 2 3 -5 6 8 13 9 -10 17 22 12 -14 14 -16 -17 18 -19 -20 -21 21 -23 23 24 -26 -27
leaf_value=8.1969960489231338e-11 -3.87785099739515e-13 3.8236197594854007e-10 -8.4777675427973494e-13 1.4796779266240014e-09 0 -8.3880978056912939e-13 0 0 0 0 -1.9334465138763621e-05 0 5.1601274254574909e-11 -6.9521607262612267e-11 0 0 0 0 0 -8.4777675427973494e-13 0 0 0.0032059739558697124 -0.00031045181591772081 5.9352956386138454e-12 9.1326757256791813e-07
leaf_weight=1327.8999730944633 426.19999468326569 590.19998693466187 110.09999853372574 175.79999834299088 94.599998652935028 167.19999825954437 1043.8999844789505 322.6999951004982 129.29999876022339 142.59999811649323 150.09999519586563 124.39999854564667 115.79999983310699 79.799999296665192 151.39999771118164 85.899999260902405 105.39999860525131 268.09999752044678 145.49999785423279 81.199998795986176 261.59999758005142 622.39999151229858 3606.2998787760735 232.59999531507492 3181.0999720096588 841.19999480247498
leaf_count=1397 492 552 137 204 120 206 1345 415 155 180 133 152 124 94 194 103 132 311 191 102 300 774 2807 230 3625 866
internal_value=-0.00162726 -0.00417963 -0.00543941 -0.00631195 -0.00660408 -0.00427088 -0.00716392 -0.0059121 -0.00262253 -0.00664948 0.000109858 -0.00112807 -0.00302214 -0.0076919 -0.00562653 -0.00290223 -0.00598751 -0.00547839 -0.00700283 -0.00119565 -0.00793764 -0.00734958 0.000212958 0.00024811 6.67024e-05 -0.000497174
internal_weight=14583.3 5905.6 4577.7 3987.5 3811.7 738.7 3073 913.9 377.7 733.4 8677.7 666.4 240.2 2159.1 231.2 180.5 361 410.7 250.9 248.4 1927.9 884 8011.3 7861.2 4254.9 1073.8
internal_count=15341 6912 5515 4963 4759 923 3836 1129 463 906 8429 768 276 2707 288 223 460 491 323 308 2419 1074 7661 7528 4721 1096
is_linear=0
shrinkage=0.0103578


Tree=156
num_leaves=27
num_cat=0
split_feature=29 8 30 30 6 30 29 30 11 29 11 30 29 30 1 3 30 30 2 30 29 11 30 29 30 8
split_gain=557.08 394.523 219.862 70.8917 65.8562 18.5705 15.0765 43.0966 9.69992 8.11098 15.7364 20.9224 7.16335 7.14229 5.13553 3.67569 3.42076 3.30353 2.90865 2.90585 7.04747 17.5895 15.2237 4.06486 2.81479 1.66259
threshold=36.020755767822273 4.5000000000000009 -79.298500061035142 -78.68517684936522 0.4812499880790711 -79.125286102294908 35.906902313232429 -79.042778015136705 12.535416603088381 36.314949035644538 19.977083206176761 -79.042778015136705 35.868141174316413 -79.10402679443358 24.708929061889652 2.5320138931274419 -122.19300079345702 -78.970527648925767 -3.642960667610168 -119.9710006713867 38.781452178955085 14.838194370269777 -117.08349990844725 38.240348815917976 -79.192516326904283 6.5000000000000009
decision_type=2 2 2 2 2 2 2 2 2 2 2 2 2 2 2 2 2 2 2 2 2 2 2 2 2 2
left_child=1 2 -1 4 5 8 13 -8 -4 10 -2 -12 15 24 18 -7 -11 -16 -15 -18 21 22 -21 -24 -6 -3
right_child=9 25 3 -5 6 12 7 -9 -10 16 11 -13 -14 14 17 -17 19 -19 -20 20 -22 -23 23 -25 -26 -27
leaf_value=3.7840153324740246e-10 3.7055045346690654e-11 -8.3012152629160443e-13 0 1.5028953654430619e-09 0 0 1.8143044872007769e-10 0 0 -1.6783297039063629e-05 0 5.1066796710138236e-11 -1.7160261071934979e-12 0 0 9.0741777599227325e-15 0.0031727670028978239 0 0 0.0040188495990952297 5.873818818820955e-12 1.3123579994905489e-06 -0.00038784186390478244 -8.5588235789059279e-05 0 8.1120929068346005e-11
leaf_weight=529.799988925457 461.29999399185181 512.49999272823334 103.29999870061874 159.59999847412109 745.49999034404755 85.899999260902405 90.499999165534973 168.09999763965607 175.09999781847 147.89999532699585 115.39999848604202 102.99999970197678 134.99999821186066 109.49999850988388 293.69999796152115 102.89999908208847 3680.4998775720596 158.99999779462814 705.59999012947083 113.19999754428864 3257.4999713301659 588.49999743700027 104.6999990940094 91.299999535083771 558.09999090433121 1272.7999745607376
leaf_count=502 527 607 131 188 939 105 107 215 223 129 142 110 166 125 329 123 2869 192 886 92 3681 629 119 99 739 1318
internal_value=-0.00155171 -0.00400432 -0.00576588 -0.00668453 -0.00699827 -0.00388095 -0.00766055 -0.00524869 -0.00584189 0.000120657 -0.000964946 -0.00325159 -0.00218639 -0.00790173 -0.00733143 -0.000876213 0.000213197 -0.00641498 -0.0078351 0.000242738 5.48811e-05 -0.000757285 -0.00275523 -0.0044979 -0.00845262 6.27801e-05
internal_weight=14570.2 5906.9 4121.6 3591.8 3432.2 602.2 2830 258.6 278.4 8663.3 679.7 218.4 323.8 2571.4 1267.8 188.8 7983.6 452.7 815.1 7835.7 4155.2 897.7 309.2 196 1303.6 1785.3
internal_count=15292 6895 4970 4468 4280 748 3532 322 354 8397 779 252 394 3210 1532 228 7618 521 1011 7489 4620 939 310 218 1678 1925
is_linear=0
shrinkage=0.0103578


Tree=157
num_leaves=27
num_cat=0
split_feature=29 8 30 6 30 30 29 30 29 11 30 2 30 4 30 30 30 30 29 0 30 9 3 11 6 29
split_gain=560.752 415.417 209.46 86.2118 73.5462 41.5938 15.7112 41.3842 8.4256 13.8184 18.9827 5.60501 5.42973 4.89963 3.70495 3.39818 3.16806 3.08227 4.70177 10.0682 14.8011 2.86079 2.21059 1.86349 1.59838 1.32984
threshold=36.020755767822273 4.5000000000000009 -79.298500061035142 0.4812499880790711 -78.68517684936522 -79.125286102294908 35.906902313232429 -79.042778015136705 36.314949035644538 19.977083206176761 -79.042778015136705 -1.4841873645782468 -79.125286102294908 2.6797916889190678 -122.19300079345702 -78.952381134033189 -79.188957214355455 -120.45205307006835 38.816040039062507 19.347916603088382 -117.08349990844725 297.68750000000006 2.4362500905990605 14.838194370269777 0.22708333283662799 35.684564590454109
decision_type=2 2 2 2 2 2 2 2 2 2 2 2 2 2 2 2 2 2 2 2 2 2 2 2 2 2
left_child=1 2 -1 5 6 11 12 -8 9 -2 -11 -4 16 15 -10 -14 25 -16 19 20 -19 -15 -7 -21 -13 -5
right_child=8 -3 3 4 -6 22 7 -9 14 10 -12 24 13 21 17 -17 -18 18 -20 23 -22 -23 -24 -25 -26 -27
leaf_value=3.7448211216288899e-10 3.6671235258044779e-11 1.7380441604397019e-14 0 0 1.4487849211260782e-09 0 1.7955122185758694e-10 0 -1.8960363275617454e-05 0 5.053785519653866e-11 0 0 0 0.0031399040021042302 0 0 0.0032996118416882872 5.8129787658551882e-12 -0.00032019888399952316 -0.00033564014805868001 0 8.9801889133880873e-15 1.1783798268077455e-06 0 0
leaf_weight=499.89998912811279 445.89999431371689 1790.7999680042267 80.099999070167542 655.09999066591263 135.29999870061874 135.59999865293503 86.699999332427979 163.69999766349792 151.79999524354935 117.99999868869781 102.79999965429306 77.899998962879181 250.19999837875366 892.29998695850372 3550.7998806238174 131.79999828338623 432.49999260902405 113.99999648332596 3194.7999713420868 195.59999686479568 132.69999861717224 100.2999991774559 182.49999767541885 636.69999694824219 126.39999836683273 154.09999847412109
leaf_count=475 511 1930 99 833 159 164 103 209 134 142 110 99 282 1117 2762 162 581 90 3634 172 155 117 225 679 162 189
internal_value=-0.00155896 -0.0040219 -0.00583788 -0.00670915 -0.00742698 -0.00312821 -0.00777912 -0.00527202 0.000121047 -0.00099694 -0.00311246 -0.0060024 -0.00801771 -0.00755111 0.00021461 -0.00651575 -0.00853024 0.000245789 5.82775e-05 -0.000532581 -0.00236776 -0.00794519 -0.000551078 1.21174e-05 -0.00691869 -0.00811724
internal_weight=14538.3 5895.2 4104.4 3604.5 3002 602.5 2866.7 250.4 8643.1 666.7 220.8 284.4 2616.3 1374.6 7976.4 382 1241.7 7824.6 4273.8 1079 246.7 992.6 318.1 832.3 204.3 809.2
internal_count=15295 6906 4976 4501 3752 749 3593 312 8389 763 252 360 3281 1678 7626 444 1603 7492 4730 1096 245 1234 389 851 261 1022
is_linear=0
shrinkage=0.0103578


Tree=158
num_leaves=27
num_cat=0
split_feature=29 8 30 6 30 30 29 30 10 29 11 30 30 30 30 4 30 11 30 29 0 30 29 29 3 11
split_gain=539.435 397.736 234.584 83.2428 70.6539 48.2147 17.9455 46.8342 13.4159 9.74355 16.4849 23.1342 4.72729 4.87565 4.41689 4.2058 3.95645 2.93893 2.60772 4.17773 9.29378 14.1765 2.32523 1.95674 1.79858 1.21302
threshold=36.020755767822273 4.5000000000000009 -79.298500061035142 0.4812499880790711 -78.68517684936522 -79.125286102294908 35.896186828613288 -79.132404327392564 47.215276718139656 36.314949035644538 19.977083206176761 -79.042778015136705 -79.125286102294908 -78.934486389160142 -122.19300079345702 2.6958333253860478 -79.188957214355455 8.1812500953674334 -120.45205307006835 38.816040039062507 19.347916603088382 -117.08349990844725 35.679185867309577 35.914943695068366 2.4362500905990605 14.838194370269777
decision_type=2 2 2 2 2 2 2 2 2 2 2 2 2 2 2 2 2 2 2 2 2 2 2 2 2 2
left_child=1 2 -1 5 6 8 12 -8 -4 10 -2 -12 16 15 -11 -14 -5 -9 -16 20 21 -20 -10 -19 -7 -22
right_child=9 -3 3 4 -6 24 7 17 22 14 11 -13 13 -15 18 -17 -18 23 19 -21 25 -23 -24 -25 -26 -27
leaf_value=3.7060328779981555e-10 3.6841225780551267e-11 1.7200417837849829e-14 0 0 1.4723223446346125e-09 0 1.7769145971904751e-10 0 0 -1.9960736480354091e-05 0 5.0014392372475797e-11 0 0 0.003107381390888622 0 0 0 0.0032656022016793987 5.7527688841900793e-12 -0.00032554024114094568 -0.00032173456886413354 0 0 8.779969538609679e-15 1.1667014937432786e-06
leaf_weight=571.19998687505722 429.19999486207962 1795.4999679923058 81.19999897480011 800.69998955726624 129.19999873638153 140.09999859333038 99.399999439716339 101.19999819993973 84.399998545646667 154.1999951004982 126.59999841451645 108.79999971389771 240.89999830722809 408.4999937415123 3537.3998806476593 601.59999221563339 412.1999928355217 87.499999225139618 120.59999650716782 3192.699971139431 192.39999717473984 124.99999886751175 119.59999877214432 105.49999862909317 189.899997651577 640.09999752044678
leaf_count=536 494 1935 102 1009 154 169 116 134 110 136 156 114 273 523 2750 736 554 97 96 3635 170 144 152 131 235 691
internal_value=-0.00152696 -0.00392079 -0.00567444 -0.00665226 -0.00736712 -0.00317748 -0.0077058 -0.00563079 -0.00629224 0.000129311 -0.00107491 -0.00327412 -0.00803574 -0.00756838 0.000229946 -0.00709799 -0.00851367 -0.00770422 0.000264318 9.19039e-05 -0.00046528 -0.00223339 -0.00770934 -0.00689263 -0.00047813 5.6999e-05
internal_weight=14595.6 5968.6 4173.1 3601.9 2986.7 615.2 2857.5 393.6 285.2 8627 664.6 235.4 2463.9 1251 7962.4 842.5 1212.9 294.2 7808.2 4270.8 1078.1 245.6 204 193 330 832.5
internal_count=15352 6966 5031 4495 3727 768 3573 478 364 8386 764 270 3095 1532 7622 1009 1563 362 7486 4736 1101 240 262 228 404 861
is_linear=0
shrinkage=0.0103578


Tree=159
num_leaves=27
num_cat=0
split_feature=29 8 30 6 30 30 29 30 29 11 30 10 30 30 1 30 30 29 1 30 3 30 0 29 0 29
split_gain=521.831 381.473 217.962 80.6144 77.4978 51.5897 23.6406 46.4319 12.037 23.0856 25.4536 10.7044 6.31407 5.48341 4.47145 4.14546 2.80183 5.50328 7.19546 18.3218 2.73263 2.37549 2.06192 1.78643 1.46802 1.39418
threshold=36.020755767822273 4.5000000000000009 -79.298500061035142 0.4812499880790711 -78.68517684936522 -79.125286102294908 35.906902313232429 -79.042778015136705 36.20991516113282 19.977083206176761 -79.042778015136705 51.270833969116218 -79.10402679443358 -78.943847656249986 24.405357360839847 -122.19300079345702 -120.45205307006835 38.308649063110359 21.425000190734867 -109.12405014038085 2.4362500905990605 -79.188957214355455 25.078472137451175 35.682256698608406 17.821527481079105 33.398300170898445
decision_type=2 2 2 2 2 2 2 2 2 2 2 2 2 2 2 2 2 2 2 2 2 2 2 2 2 2
left_child=1 2 -1 5 6 11 12 -8 9 -2 -11 -4 21 14 -14 -10 -17 18 19 -18 -7 22 -5 -13 -15 -3
right_child=8 25 3 4 -6 20 7 -9 15 10 -12 23 13 24 -16 16 17 -19 -20 -21 -22 -23 -24 -25 -26 -27
leaf_value=3.6676463966399275e-10 5.116216233933528e-11 -1.0278022499160675e-05 0 0 1.4570722710124523e-09 0 1.7657105410972545e-10 0 -1.6548988204032044e-05 0 4.9496351490581037e-11 0 0 0 0 0.0030751956435515178 0.0032714462748825697 5.6931826466145417e-12 -2.852120448483238e-06 -0.00033910586836812971 1.7377282330153711e-14 0 0 0 0 1.7022258727981654e-14
leaf_weight=543.39998859167099 387.9999948143959 130.49999648332596 97.099998831748962 591.09999150037766 141.8999987244606 130.49999898672104 109.1999990940094 160.09999769926071 156.19999516010284 119.39999824762344 92.399999558925629 89.099998474121094 467.89999359846115 114.99999797344208 344.99999707937241 3557.3998814225197 133.39999634027481 3644.1999713778496 481.19999426603317 118.49999886751175 204.29999780654907 516.39999151229858 202.29999792575836 94.19999897480011 314.09999573230743 1642.6999718546867
leaf_count=514 446 115 123 753 167 157 128 205 138 148 100 115 575 156 390 2772 106 4096 498 139 249 682 247 120 387 1799
internal_value=-0.00151439 -0.00389307 -0.00562115 -0.00654925 -0.00725787 -0.00313207 -0.00763349 -0.00469381 9.91471e-05 -0.00131584 -0.00406132 -0.00640489 -0.00794245 -0.00739522 -0.00687598 0.000204181 0.000237164 6.15725e-05 -0.000756781 -0.00217294 -0.000383573 -0.00845761 -0.008066 -0.00788071 -0.00836753 0.00012391
internal_weight=14585.5 5894.8 4121.6 3578.2 2963 615.2 2821.1 269.3 8690.7 599.8 211.8 280.4 2551.8 1242 812.9 8090.9 7934.7 4377.3 733.1 251.9 334.8 1309.8 793.4 183.3 429.1 1773.2
internal_count=15325 6882 4968 4454 3690 764 3523 333 8443 694 248 358 3190 1508 965 7749 7611 4839 743 245 406 1682 1000 235 543 1914
is_linear=0
shrinkage=0.0103578


Tree=160
num_leaves=27
num_cat=0
split_feature=29 8 29 6 29 1 6 29 29 10 29 11 29 11 4 4 5 0 5 29 1 11 29 2 11 12
split_gain=543.704 402.426 153.19 75.2316 37.0678 27.4047 19.9386 19.8645 39.5506 11.0632 8.30953 6.72043 6.00284 10.1553 4.62345 7.15537 4.42019 4.28259 3.42759 2.64492 4.8446 3.52185 3.49661 2.6754 2.00559 1.94598
threshold=36.020755767822273 4.5000000000000009 35.633329391479499 0.4812499880790711 35.789690017700202 16.958631515502933 0.48958334326744085 35.906902313232429 35.975336074829109 47.215276718139656 34.860479354858406 22.438194274902347 36.314949035644538 19.977083206176761 3.197708368301392 4.0310416221618661 0.1828102841973305 25.411110877990726 0.32776972651481634 35.725976943969734 24.376487731933597 21.611110687255863 35.652334213256843 -4.6113355159759513 13.570138931274416 -0.53124999999999989
decision_type=2 2 2 2 2 2 2 2 2 2 2 2 2 2 2 2 2 2 2 2 2 2 2 2 2 2
left_child=1 2 5 4 9 -1 -7 11 -9 -4 -8 19 13 -2 18 -16 -13 -15 -12 22 23 -22 24 -21 -5 -11
right_child=12 -3 3 7 -6 6 10 8 -10 25 14 16 -14 17 15 -17 -18 -19 -20 20 21 -23 -24 -25 -26 -27
leaf_value=0 5.0632233044173074e-11 1.684594496098411e-14 0 0 0 1.7197291286851519e-14 0 1.7402206664276357e-10 0 0 0 0 5.2126934845960875e-10 0 0 -1.8746244100071233e-12 0 0 0 0 0 0 0 0 0 0
leaf_weight=409.69998866319656 431.19999474287033 1844.9999669790268 80.199998795986176 112.79999828338623 268.89999717473984 110.39999848604202 108.19999897480011 101.99999898672104 186.19999718666077 105.79999846220016 97.699998557567596 84.199998676776886 7925.3998375535011 118.19999903440475 86.499998867511749 83.099998950958252 160.1999990940094 94.199999511241913 155.19999843835831 92.799998760223389 146.19999927282333 86.099998772144318 894.09998619556427 542.79999154806137 124.19999867677689 117.09999889135361
leaf_count=383 492 1992 102 144 329 128 122 122 238 138 123 106 7584 138 103 101 180 102 180 108 160 105 1175 686 150 143
internal_value=-0.00152452 -0.00391578 -0.00570331 -0.00686063 -0.00346172 -0.00228285 -0.00361912 -0.00762748 -0.00504498 -0.00594197 -0.00445152 -0.00795769 0.000149766 -0.000811679 -0.00510794 -0.00375434 -0.00628908 -0.0026623 -0.0060036 -0.00815965 -0.0076946 -0.00636256 -0.00851207 -0.00817467 -0.00732079 -0.00712939
internal_weight=14568.4 5999.4 4154.4 3103.6 572 1050.8 641.1 2531.6 288.2 303.1 530.7 2243.4 8569 643.6 422.5 169.6 244.4 212.4 252.9 1999 867.9 232.3 1131.1 635.6 237 222.9
internal_count=15334 7018 5026 3886 712 1140 757 3174 360 383 629 2814 8316 732 507 204 286 240 303 2528 1059 265 1469 794 294 281
is_linear=0
shrinkage=0.0103578


Tree=161
num_leaves=27
num_cat=0
split_feature=30 8 30 6 30 30 11 11 30 10 2 30 30 11 30 11 11 30 30 6 30 11 30 30 3 5
split_gain=525.221 259.598 191.357 65.0414 40.099 33.7725 18.4493 18.6923 12.683 11.8191 8.94511 7.17445 9.55301 20.1527 6.74138 6.0788 5.87175 5.80807 4.2338 2.61663 2.54102 3.97475 2.96074 3.9654 2.0638 1.98433
threshold=-79.298500061035142 4.5000000000000009 -78.719924926757798 0.4812499880790711 -79.125286102294908 -79.125286102294908 11.67152786254883 19.160416603088382 -79.04980087280272 47.215276718139656 -0.86529502272605885 -78.68517684936522 -75.049243927001939 16.290972709655765 -79.070907592773423 2.1166666746139531 15.849305629730226 -78.977985382080064 -122.19300079345702 0.92291668057441723 -118.89915084838866 14.085416793823244 -94.668254852294908 -109.12405014038085 1.6220138669013979 0.16200763732194903
decision_type=2 2 2 2 2 2 2 2 2 2 2 2 2 2 2 2 2 2 2 2 2 2 2 2 2 2
left_child=18 2 3 4 9 -5 10 8 16 -2 15 -4 -13 -14 -9 -7 -8 -10 -1 -16 -20 22 23 -22 -3 -26
right_child=1 24 11 5 -6 6 7 14 17 -11 -12 12 13 -15 19 -17 -18 -19 20 -21 21 -23 -24 -25 25 -27
leaf_value=-1.8385818591904355e-05 0 -8.3110634297576106e-13 0 0 0 0 0 0 0 0 0 -8.3343523144219421e-09 1.059371211894784e-06 -9.590900710710028e-10 0 0 0 0 0.0030433432655128335 0 7.6400364061895404e-06 3.629657516166412e-10 3.629657516166412e-10 -0.0002772436905232274 -3.5495131331666355e-12 1.667145742309809e-14
leaf_weight=159.89999508857727 77.999998867511749 125.89999854564667 125.99999886751175 1345.1999809741974 381.69999623298645 96.699998438358307 83.199998915195465 220.09999769926071 183.99999761581421 199.79999762773514 286.59999519586563 737.19999414682388 94.89999908208847 82.399998784065247 154.79999786615372 118.19999861717224 134.99999845027924 319.39999622106552 4382.1998538970947 382.59999614953995 289.39999204874039 1940.2999888062477 689.59999096393585 408.69999688863754 223.39999729394913 1233.1999860405922
leaf_count=141 100 153 150 1736 461 125 100 261 220 252 374 828 109 98 192 140 166 384 3416 458 242 2063 890 429 272 1466
internal_value=-0.00156061 -0.00371339 -0.00486525 -0.00589786 -0.00292162 -0.00648732 -0.0056225 -0.00503521 -0.00383495 -0.00591141 -0.00734616 -0.000908708 -0.000587856 -0.00274247 -0.00617431 -0.00571159 -0.00173995 -0.00473921 0.000247099 -0.00680597 0.000281782 6.58437e-05 -0.00035719 -0.000832496 -5.45307e-05 5.53683e-05
internal_weight=14478.4 6608.3 5025.8 3985.3 659.5 3325.8 1980.6 1479.1 721.6 277.8 501.5 1040.5 914.5 177.3 757.5 214.9 218.2 503.4 7870.1 537.4 7710.2 3328 1387.7 698.1 1582.5 1456.6
internal_count=15226 8045 6154 4969 813 4156 2420 1781 870 352 639 1185 1035 207 911 265 266 604 7181 650 7040 3624 1561 671 1891 1738
is_linear=0
shrinkage=0.0103578


Tree=162
num_leaves=27
num_cat=0
split_feature=29 6 30 30 6 10 2 30 30 11 29 29 10 13 12 4 30 29 30 29 4 29 30 11 4 7
split_gain=515.811 340.238 190.197 73.4893 26.0169 17.4333 15.8499 12.6256 17.9241 36.4766 12.362 28.3465 20.2799 11.2649 9.8465 8.80321 8.6727 8.40446 24.0188 7.15267 9.24578 6.56603 6.5537 13.7555 4.1546 6.97878
threshold=36.020755767822273 0.4812499880790711 -79.298500061035142 -78.68517684936522 0.15625000000000003 50.451387405395515 -2.8487836122512813 -82.058330535888658 -80.748550415039048 16.372917175292972 35.633329391479499 35.741001129150398 38.826387405395515 68.877082824707045 1.0000000180025095e-35 2.7316666841506962 -79.12176132202147 35.906902313232429 -78.96700286865233 35.633329391479499 3.2704166173934941 39.79341125488282 -79.04628753662108 19.977083206176761 2.5997916460037236 0.16875000298023227
decision_type=2 2 2 2 2 2 2 2 2 2 2 2 2 2 2 2 2 2 2 2 2 2 2 2 2 2
left_child=1 4 -3 5 -1 6 14 -2 9 -9 -6 12 -12 -8 -4 -14 -15 19 -19 20 -7 22 23 -10 25 -21
right_child=7 2 3 -5 10 17 13 8 21 -11 11 -13 15 16 -16 -17 -18 18 -20 24 -22 -23 -24 -25 -26 -27
leaf_value=8.0279810111408032e-11 1.0214132343602677e-06 3.5920621182927882e-10 0 1.5283060109365968e-09 -8.1362378437665647e-13 0 0 7.074859544391441e-08 -3.5226105678278057e-05 -6.8561896023889625e-10 -8.2249787964270595e-13 0 0 0 0 0 0 -1.2036365295953197e-11 0 0 0 9.7737153644738882e-12 -6.3294631536461529e-06 0 0 0
leaf_weight=1291.0999742746353 6159.4998571872711 448.69999045133591 93.199998795986176 157.59999865293503 255.7999951839447 163.79999804496765 342.19999468326569 120.89999788999557 296.29999607801437 100.09999823570251 97.099998772144318 368.09999668598175 113.5999990105629 184.19999754428864 103.69999873638153 154.89999777078629 277.1999973654747 80.399999022483826 139.19999814033508 76.099999189376831 79.099999010562897 1219.9999870061874 541.09999632835388 146.69999825954437 1180.8999825119972 398.69999498128891
leaf_count=1361 5447 427 114 184 268 202 440 165 373 127 123 437 138 234 127 203 320 98 180 91 95 1422 615 183 1507 491
internal_value=-0.00158188 -0.00391017 -0.00583901 -0.00670503 -0.000758865 -0.0070537 -0.00591562 4.70399e-05 -0.000585876 -0.00339435 -0.00202209 -0.00270524 -0.00474601 -0.0065622 -0.00326336 -0.00621063 -0.00548846 -0.00758933 -0.00563036 -0.00781394 -0.0061098 -0.000303285 -0.000932566 -0.00186598 -0.00806151 -0.00720173
internal_weight=14590.2 6005.6 3725 3276.3 2280.6 3118.7 1000.5 8584.6 2425.1 221 989.5 733.7 365.6 803.6 196.9 268.5 461.4 2118.2 219.6 1898.6 242.9 2204.1 984.1 443 1655.7 474.8
internal_count=15372 7040 4510 4083 2530 3899 1235 8332 2885 292 1169 901 464 994 241 341 554 2664 278 2386 297 2593 1171 556 2089 582
is_linear=0
shrinkage=0.0103578


Tree=163
num_leaves=27
num_cat=0
split_feature=30 8 30 6 30 30 10 0 30 0 4 4 0 30 9 2 5 10 3 3 30 30 30 12 0 7
split_gain=509.526 269.142 229.251 69.8904 45.0326 31.6685 17.4878 13.6228 9.06876 6.73814 6.15343 5.63446 4.90414 3.81118 3.80001 2.91491 2.28132 2.14994 2.1132 1.95385 1.84342 4.53585 3.52903 1.56825 1.33066 2.47394
threshold=-79.298500061035142 4.5000000000000009 -78.68517684936522 0.4812499880790711 -79.125286102294908 -79.125286102294908 42.687500000000007 17.439582824707035 -79.063835144042955 24.034027099609379 3.6989583969116215 4.5097918510437021 23.779861450195316 -122.19300079345702 269.67359924316412 -3.5644021034240718 0.39384433627128607 64.062500000000014 2.4090276956558232 1.6220138669013979 -117.08349990844725 -101.70369720458983 -109.12405014038085 6.5395832061767587 26.117361068725589 0.15208333730697635
decision_type=2 2 2 2 2 2 2 2 2 2 2 2 2 2 2 2 2 2 2 2 2 2 2 2 2 2
left_child=13 2 3 4 6 24 -2 11 10 14 12 15 -9 -1 -10 -7 -11 -8 -6 -3 -15 22 -22 -17 25 -5
right_child=1 19 -4 5 18 7 17 8 9 16 -12 -13 -14 20 -16 23 -18 -19 -20 -21 21 -23 -24 -25 -26 -27
leaf_value=-2.03396106427017e-05 0 -8.1397858136245407e-13 9.6724808220427215e-12 0 0 -1.8746244100071233e-12 0 0 0 0 0 0 0 0.0030118102349555066 0 0 0 0 1.674961585649779e-14 1.649877719854166e-14 2.2687073784085865e-06 3.5957212522237021e-12 -0.00025653594191146371 0 0 0
leaf_weight=149.89999520778656 80.099999010562897 124.09999859333038 862.49999141693115 350.69999492168427 168.79999846220016 84.799998760223389 104.79999834299088 136.59999841451645 427.69999444484711 268.39999663829803 92.099998950958252 114.59999841451645 197.4999977350235 4564.1998471617699 104.19999873638153 307.39999562501907 244.99999803304672 107.39999896287918 221.79999721050262 1505.7999827861786 132.39999800920486 2903.5999792218208 143.49999821186066 94.599998235702515 170.79999732971191 818.1999893784523
leaf_count=131 101 151 983 455 204 102 138 166 517 324 113 150 235 3558 128 390 288 132 276 1804 122 3228 167 122 224 1042
internal_value=-0.0014963 -0.00362289 -0.00482313 -0.00584511 -0.00281599 -0.00645058 -0.00588664 -0.0056439 -0.00510117 -0.0056232 -0.00381409 -0.00696507 -0.00446772 0.000278608 -0.00479047 -0.00745796 -0.00647889 -0.00744095 -0.000511828 2.82971e-05 0.000310356 0.000118671 -0.00114884 -0.00783872 -0.00769553 -0.00755062
internal_weight=14481.5 6587.9 4958 4095.5 682.9 3412.6 292.3 2072.9 1471.5 1045.3 426.2 601.4 334.1 7893.6 531.9 486.8 513.4 212.2 390.6 1629.9 7743.7 3179.5 275.9 402 1339.7 1168.9
internal_count=15251 8045 6090 5107 851 4256 371 2535 1771 1257 514 764 401 7206 645 614 612 270 480 1955 7075 3517 289 512 1721 1497
is_linear=0
shrinkage=0.0103578


Tree=164
num_leaves=27
num_cat=0
split_feature=29 6 30 30 2 6 7 29 29 29 30 12 30 13 6 4 30 29 11 30 30 7 2 30 30 29
split_gain=494.489 306.794 180.004 59.6775 32.0695 26.7671 19.1165 13.9756 29.2987 13.9574 38.3492 13.8034 13.4869 12.4212 11.1533 7.99814 7.53487 5.50717 12.4314 21.0126 5.34613 4.09627 3.6829 2.55391 2.78485 3.13718
threshold=36.020755767822273 0.4812499880790711 -79.298500061035142 -78.68517684936522 -3.4380823373794551 0.15625000000000003 0.12291666492819787 35.633329391479499 35.741001129150398 35.906902313232429 -79.042778015136705 -3.0479166507720943 -79.125286102294908 68.877082824707045 0.24374999850988391 4.0310416221618661 -79.11110687255858 36.314949035644538 19.977083206176761 -79.042778015136705 -79.192516326904283 0.10208333283662797 -0.56354814767837513 -122.19300079345702 -120.45205307006835 38.781452178955085
decision_type=2 2 2 2 2 2 2 2 2 2 2 2 2 2 2 2 2 2 2 2 2 2 2 2 2 2
left_child=1 5 -3 4 6 -1 -4 -7 11 12 -11 -9 20 22 -13 -15 -8 18 -2 -20 21 -6 -14 -19 -25 -26
right_child=17 2 3 -5 9 7 16 8 -10 10 -12 14 13 15 -16 -17 -18 23 19 -21 -22 -23 -24 24 25 -27
leaf_value=7.9465497191566011e-11 6.5946360818794109e-08 3.5544836884746353e-10 0 1.5123758816995517e-09 0 -7.9676534573679219e-13 0 0 0 1.7293966800573656e-10 -8.6950884505531457e-13 -8.0554752457799715e-13 0 0 0 0 0 -1.7995286571555541e-05 0 6.5608526010043458e-08 0 0 0 0.0029806143979932915 -0.0002490219598380467 3.5584773606119191e-12
leaf_weight=1248.2999742627144 436.39999455213547 453.49998998641968 105.69999843835831 137.99999862909317 181.99999779462814 273.09999489784241 92.099998831748962 112.99999815225601 346.4999965429306 91.599999308586121 154.39999777078629 116.29999876022339 119.39999848604202 782.19999217987061 146.69999819993973 102.19999879598618 104.99999862909317 154.19999516010284 118.09999877214432 111.89999955892563 430.99999272823334 530.39999282360077 311.59999513626099 3520.899881541729 998.59999012947083 3267.5999715328217
leaf_count=1309 502 431 131 162 228 289 117 150 417 108 198 143 146 930 181 126 126 134 143 119 580 672 404 2739 1010 3712
internal_value=-0.00143164 -0.00375705 -0.00563088 -0.00651027 -0.00681582 -0.000750668 -0.00360615 -0.00201694 -0.00277092 -0.00717415 -0.00479563 -0.00477117 -0.00741079 -0.00668467 -0.00345472 -0.00597078 -0.00550751 0.000146969 -0.00075691 -0.00270256 -0.00824205 -0.00766543 -0.0081388 0.000222921 0.000249134 7.10532e-05
internal_weight=14450.7 5843 3599.1 3145.6 3007.6 2243.9 302.8 995.6 722.5 2704.8 246 376 2458.8 1315.4 263 884.4 197.1 8607.7 666.4 230 1143.4 712.4 431 7941.3 7787.1 4266.2
internal_count=15207 6848 4359 3928 3766 2489 374 1180 891 3392 306 474 3086 1606 324 1056 243 8359 764 262 1480 900 550 7595 7461 4722
is_linear=0
shrinkage=0.0103578


Tree=165
num_leaves=27
num_cat=0
split_feature=29 6 30 8 30 30 8 12 2 30 1 30 30 11 3 30 30 3 30 0 0 29 30 11 29 30
split_gain=477.44 342.031 190.322 112.397 55.7143 17.8958 14.7818 13.7691 10.6971 10.3524 8.88397 5.60273 9.3237 23.225 4.39863 4.14188 3.59089 2.9795 2.75821 2.0496 2.51836 1.53294 1.43455 1.96841 5.13939 5.19214
threshold=35.906902313232429 0.4812499880790711 -79.298500061035142 4.5000000000000009 -78.68517684936522 -79.125286102294908 6.5000000000000009 -2.1312500238418575 -3.746260285377502 -79.132404327392564 23.981845855712894 -79.118217468261705 -79.022460937499986 19.977083206176761 2.9904166460037236 -79.24431991577147 -122.19300079345702 2.6792360544204716 -79.188957214355455 23.620138168334964 27.550694465637211 35.838500976562507 -120.45205307006835 13.959027767181398 39.79341125488282 -118.89915084838866
decision_type=2 2 2 2 2 2 2 2 2 2 2 2 2 2 2 2 2 2 2 2 2 2 2 2 2 2
left_child=1 6 -3 4 5 18 7 9 -7 15 21 16 13 -13 -12 -1 -2 -11 -4 -9 -21 -10 -18 24 25 -24
right_child=11 2 3 -5 -6 8 -8 19 10 17 14 12 -14 -15 -16 -17 22 -19 -20 20 -22 -23 23 -25 -26 -27
leaf_value=0 -1.7808894341574e-05 3.5176669287918514e-10 0 1.6327885567459456e-14 -8.1744048746583518e-09 0 7.8642406591189569e-11 8.3437292796178818e-15 0 -7.8851258082674961e-13 0 6.5263299218007401e-08 9.0062301577742554e-15 0 0 -8.0554752457799715e-13 0.0029497416823992422 8.4427512818394232e-15 0 -7.9451195912156924e-13 0 0 0.0031774204082564506 4.2105926802519469e-10 7.0015810765957199e-08 -0.00027816221694130128
leaf_weight=84.199998617172241 153.39999508857727 449.99999004602432 788.49998927116394 217.59999752044678 109.09999889135361 116.49999856948853 1198.9999753832817 304.39999496936798 346.39999574422836 84.099998891353607 516.79999506473541 288.39999628067017 1788.4999805688858 142.5999983549118 88.499998867511749 100.89999854564667 3532.9998816847801 77.799999237060547 433.49999266862869 107.39999878406525 109.19999921321869 294.29999536275864 257.39999228715897 1828.5999916791916 761.79999035596848 375.79999727010727
leaf_count=94 134 424 999 264 131 135 1234 342 426 103 600 360 2085 174 109 135 2752 96 583 130 126 375 204 1956 932 414
internal_value=-0.00131237 -0.00374483 -0.00578347 -0.00675234 -0.00733069 -0.00763669 -0.000428875 -0.00145797 -0.00681041 -0.00305488 -0.0070923 0.000134021 -0.000318584 -0.00168506 -0.00617323 -0.00472542 0.000279473 -0.00113254 -0.00855404 -0.000391409 -0.00116039 -0.00795371 0.000315141 0.000156899 -0.000135891 -0.000825325
internal_weight=14557.7 5428.2 3361.2 2911.2 2693.6 2584.5 2067 868 1362.5 347 1246 9129.5 2219.5 431 605.3 185.1 6910 161.9 1222 521 216.6 640.7 6756.6 3223.6 1395 633.2
internal_count=15317 6306 4046 3622 3358 3227 2260 1026 1645 428 1510 9011 2619 534 709 229 6392 199 1582 598 256 801 6258 3506 1550 618
is_linear=0
shrinkage=0.0103578


Tree=166
num_leaves=27
num_cat=0
split_feature=29 8 30 30 7 2 1 5 9 2 30 30 30 13 29 4 30 29 7 4 30 30 29 0 1 29
split_gain=415.23 307.742 194.162 46.0171 24.0585 12.2492 18.8337 14.4936 10.5318 9.88545 9.70516 8.6188 17.5607 25.0206 8.22926 6.70673 4.80563 3.47646 3.12925 2.84907 2.77906 5.98886 10.5596 8.57547 3.956 2.67306
threshold=35.906902313232429 4.5000000000000009 -79.298500061035142 -78.68517684936522 0.43125000596046453 2.9903985261917119 26.830060005187992 0.085240736603736891 280.39582824707037 -3.746260285377502 -79.146400451660142 -82.058330535888658 -80.748550415039048 70.57916641235353 35.628938674926765 3.0168750286102299 -122.19300079345702 40.703229904174812 0.12708333134651187 2.3968750238418584 -78.970527648925767 -79.093429565429673 36.314949035644538 24.079860687255863 16.10238075256348 35.741001129150398
decision_type=2 2 2 2 2 2 2 2 2 2 2 2 2 2 2 2 2 2 2 2 2 2 2 2 2 2
left_child=1 2 -1 4 5 6 7 -4 18 -6 -9 16 13 -13 15 -11 -2 20 -7 25 21 24 23 -23 -14 -16
right_child=11 -3 3 -5 9 8 -8 10 -10 14 -12 12 17 -15 19 -17 -18 -19 -20 -21 -22 22 -24 -25 -26 -27
leaf_value=3.4812315110738464e-10 -1.5616196034671963e-05 1.6158764003893318e-14 0 -8.0897357282515416e-09 0 0 0 0 0 0 0 6.9290506685050578e-08 -0.00030247893499108451 -6.8295279630919245e-10 0 0 1.115071279840431e-06 9.5353434398750415e-12 0 0 -8.3154319988780377e-13 0 3.7634820484537519e-06 0 1.9260965971052458e-10 0
leaf_weight=552.69998812675476 151.29999536275864 1634.9999701976776 149.5999983549118 124.99999874830246 120.59999817609787 76.899998664855957 142.99999833106995 524.29999262094498 81.69999897480011 93.299998819828033 693.39999222755432 110.8999981880188 87.499999046325684 103.99999803304672 157.89999783039093 84.999998986721039 6004.1998621225357 989.4999885559082 74.999998986721039 791.8999884724617 1072.799990773201 94.599998712539673 112.29999846220016 83.899998843669891 329.19999605417252 108.19999921321869
leaf_count=523 135 1742 182 148 148 101 176 679 101 115 840 151 109 134 197 106 5296 1171 96 1011 1246 118 143 105 410 120
internal_value=-0.0012965 -0.00356969 -0.00519399 -0.00616574 -0.00641408 -0.00560363 -0.00594613 -0.00632052 -0.00337846 -0.00745259 -0.00669519 4.99371e-05 -0.000406728 -0.00325514 -0.00773064 -0.00562544 0.000271452 -0.000184956 -0.0017503 -0.00808182 -0.000458573 -0.000962315 -0.00210164 -0.00366347 -0.000164437 -0.00708686
internal_weight=14553.7 5413.5 3778.5 3225.8 3100.8 1743.9 1510.3 1367.3 233.6 1356.9 1217.7 9140.2 2984.7 214.9 1236.3 178.3 6155.5 2769.8 151.9 1058 1780.3 707.5 290.8 178.5 416.7 266.1
internal_count=15303 6285 4543 4020 3872 2175 1877 1701 298 1697 1519 9018 3587 285 1549 221 5431 3302 197 1328 2131 885 366 223 519 317
is_linear=0
shrinkage=0.0103578


Tree=167
num_leaves=27
num_cat=0
split_feature=29 6 30 8 30 30 2 1 4 11 29 30 30 30 30 30 29 8 6 4 2 29 11 29 30 30
split_gain=423.376 397.535 187.608 116.959 63.9487 17.5497 10.424 11.239 8.61149 5.04715 9.43666 17.2573 21.1671 4.78575 3.00341 2.9315 2.31004 2.20747 2.20471 4.4193 1.70225 2.29566 3.10416 5.6986 2.38504 1.34063
threshold=35.906902313232429 0.4812499880790711 -79.298500061035142 4.5000000000000009 -78.68517684936522 -79.125286102294908 -4.1986544132232657 23.981845855712894 4.0310416221618661 20.103472709655765 38.240348815917976 -78.970527648925767 -79.093429565429673 -122.19300079345702 -120.45205307006835 -79.188957214355455 35.743635177612312 6.5000000000000009 0.26875001192092901 2.6070833206176762 -2.3456133604049678 39.79341125488282 13.292360782623293 36.20991516113282 -96.966995239257798 -79.252529144287095
decision_type=2 2 2 2 2 2 2 2 2 2 2 2 2 2 2 2 2 2 2 2 2 2 2 2 2 2
left_child=1 17 -3 4 5 15 -7 16 -9 13 11 12 -11 -2 -15 -4 -8 18 19 -1 21 22 23 -16 -25 -20
right_child=9 2 3 -5 -6 6 7 8 -10 10 -12 -13 -14 14 20 -17 -18 -19 25 -21 -22 -23 -24 24 -26 -27
leaf_value=-3.3798024284948098e-12 -1.8819012171231139e-05 3.445173485443029e-10 0 1.599139417377392e-14 1.6651722437700297e-09 0 0 0 0 -1.0844494615866161e-05 9.436577914784295e-12 1.7525933326746132e-14 -1.1902781651140308e-11 0.002919177191609541 8.5197031689718786e-15 0 0 7.7810290966594357e-11 0 0 1.7525933326746132e-14 2.0441082140237475e-07 1.7507416650938802e-10 -0.00027178464543042158 -0.00030168802365263187 8.2294247006742941e-15
leaf_weight=84.099998772144318 161.39999502897263 451.29998999834061 798.5999892950058 228.29999738931656 113.69999891519547 105.89999860525131 217.69999742507935 521.99999541044235 84.19999897480011 89.699999511241913 392.09999877214432 221.69999808073044 104.99999839067459 3572.9998804926872 160.19999825954437 418.39999282360077 435.39999336004257 1199.59997600317 133.89999693632126 293.99999660253525 3705.8999581336975 358.29999685287476 232.59999972581863 101.59999829530716 95.799999117851257 361.09999579191208
leaf_count=103 144 423 1010 275 133 127 267 608 102 99 411 251 132 2784 194 560 554 1240 133 348 4201 401 242 98 110 449
internal_value=-0.001234 -0.00352198 -0.00571414 -0.00667328 -0.00727598 -0.00761067 -0.00679441 -0.007058 -0.00602503 0.000121422 -0.000659753 -0.00174481 -0.00399024 0.000196801 0.000231541 -0.00852239 -0.00801009 4.8432e-05 -0.00034742 -0.000942444 5.80296e-05 -0.000333243 -0.000730232 -0.00133546 -0.00251085 0.00010679
internal_weight=14645.5 5448.2 3375.5 2924.2 2695.9 2582.2 1365.2 1259.3 606.2 9197.3 808.5 416.4 194.7 8388.8 8227.4 1217 653.1 2072.7 873.1 378.1 4654.4 948.5 590.2 357.6 197.4 495
internal_count=15399 6332 4059 3636 3361 3228 1658 1531 710 9067 893 482 231 8174 8030 1570 821 2273 1033 451 5246 1045 644 402 208 582
is_linear=0
shrinkage=0.0103578


Tree=168
num_leaves=27
num_cat=0
split_feature=29 6 30 8 30 30 2 0 3 30 30 30 2 29 29 1 8 6 0 11 0 2 29 30 11 29
split_gain=443.251 404.319 189.278 114.794 63.9546 14.6919 8.80355 13.0397 8.86049 3.3025 3.03794 2.62905 1.76653 3.2327 2.1427 3.81673 1.3765 2.03777 2.29796 1.25972 1.71342 1.0075 1.00306 0.912695 0.672697 3.35778
threshold=35.906902313232429 0.4812499880790711 -79.298500061035142 4.5000000000000009 -78.68517684936522 -79.125286102294908 -4.1986544132232657 19.764583587646488 3.0039583444595341 -79.188957214355455 -122.19300079345702 -120.45205307006835 -2.3456133604049678 38.94049263000489 36.160299301147468 20.832737922668461 6.5000000000000009 0.26041665673255926 22.727777481079105 21.072221755981449 26.117361068725589 1.4005434513092043 35.981050491333015 -79.256778717041001 13.959027767181398 39.79341125488282
decision_type=2 2 2 2 2 2 2 2 2 2 2 2 2 2 2 2 2 2 2 2 2 2 2 2 2 2
left_child=1 16 -3 4 5 9 -7 21 -9 19 -2 -12 13 14 22 -16 17 18 -1 -4 -21 -8 -13 -19 25 -14
right_child=10 2 3 -5 -6 6 7 8 -10 -11 11 12 24 -15 15 -17 -18 23 -20 20 -22 -23 -24 -25 -26 -27
leaf_value=-8.6422980851469283e-17 -1.6554925467266604e-05 3.4094889429339904e-10 0 1.5825757932933224e-14 1.647924662488926e-09 0 0 0 0 0 0.002888940832533415 -5.1668115178366526e-12 -4.9543960472664242e-05 6.4838172445023887e-07 -0.00029683455034394061 -3.5438728566346869e-05 7.7004344721109116e-11 0 -7.6236372531701265e-13 0 0 0 1.1257023277694029e-07 8.0820450904773505e-15 2.6112489689608618e-14 6.8572898572052478e-08
leaf_weight=217.29999727010727 153.89999502897263 452.99999016523361 584.99999183416367 218.6999973654747 119.2999986410141 99.899998545646667 270.79999583959579 707.69999247789383 124.79999852180481 410.79999309778214 3473.6998828053474 108.19999861717224 677.49998736381531 509.79999625682831 124.19999843835831 100.39999955892563 1203.6999755501747 150.5999967455864 131.89999842643738 136.39999878406525 84.099998772144318 135.89999753236771 103.7999991774559 360.69999563694 2985.5999781489372 810.69998967647552
leaf_count=253 133 430 748 267 141 119 338 835 154 552 2703 136 719 556 132 102 1241 148 159 160 109 183 120 451 3322 997
internal_value=-0.0011874 -0.00353245 -0.00575594 -0.00673048 -0.00732032 -0.00766631 -0.00690672 -0.00714657 -0.00639118 -0.00849865 0.000215035 0.000240072 9.73907e-05 -0.000308879 -0.000962635 -0.00166658 7.2585e-05 -0.0002434 -0.000852851 -0.00808364 -0.00731081 -0.00868075 -0.00021242 0.000172494 0.000183457 3.26546e-06
internal_weight=14458.4 5410.6 3346.4 2893.4 2674.7 2555.4 1339.1 1239.2 832.5 1216.3 9047.8 8893.9 5420.2 946.4 436.6 224.6 2064.2 860.5 349.2 805.5 220.5 406.7 212 511.3 4473.8 1488.2
internal_count=15208 6288 4036 3606 3339 3198 1629 1510 989 1569 8920 8787 6084 1046 490 234 2252 1011 412 1017 269 521 256 599 5038 1716
is_linear=0
shrinkage=0.0103578


Tree=169
num_leaves=27
num_cat=0
split_feature=29 6 30 30 2 7 29 4 30 29 3 29 7 30 13 10 30 7 2 29 29 3 0 30 29 29
split_gain=441.483 411.824 198.402 55.7039 31.185 21.2394 15.9086 9.27919 8.64414 7.53671 14.7331 6.30422 4.64717 4.0286 3.73686 3.23398 2.73045 2.36112 1.97166 3.36281 3.76601 1.11455 1.10813 0.881198 1.45834 0.857228
threshold=35.906902313232429 0.4812499880790711 -79.298500061035142 -78.68517684936522 -3.4380823373794551 0.12291666492819787 35.633329391479499 3.4331250190734868 -79.096958160400376 35.725976943969734 2.0406249761581425 35.692842483520515 0.49375000596046453 -122.19300079345702 38.279167175292976 70.243057250976577 -119.9710006713867 0.17291666567325595 -2.3456133604049678 38.441310882568366 36.20991516113282 1.6027083396911623 11.738194465637209 -101.70369720458983 36.504644393920906 39.16569900512696
decision_type=2 2 2 2 2 2 2 2 2 2 2 2 2 2 2 2 2 2 2 2 2 2 2 2 2 2
left_child=1 21 -3 4 5 -4 7 15 -7 11 12 17 -11 -2 -12 -6 25 -8 19 20 22 -1 -18 24 -20 -15
right_child=13 2 3 -5 6 8 9 -9 -10 10 14 -13 -14 16 -16 -17 18 -19 23 -21 -22 -23 -24 -25 -26 -27
leaf_value=-7.4612355747533922e-13 -1.6383452261616218e-05 3.3741740150697466e-10 6.6948636145319241e-15 1.6308557288289082e-09 0 0 0 -1.8552073575045329e-12 0 0 0 0 0 0.002859017656710709 0 0 6.1948444656822711e-14 0 0.00010461061237212277 1.791636094358198e-07 -0.00029512768851190939 8.060473169029612e-15 -7.4631044786407032e-11 1.2301659331476973e-13 -0.00068131633261557306 -0.001682656758731039
leaf_weight=164.19999599456787 159.39999485015869 472.39998990297318 100.79999852180481 120.79999881982803 129.09999865293503 85.599998712539673 278.19999641180038 133.79999840259552 97.199998736381531 93.799999356269836 236.59999620914459 433.59999245405197 90.999999344348907 3443.8998848795891 490.49999397993088 93.799998581409454 102.69999867677689 551.89999258518219 116.99999713897705 570.9999965429306 142.7999986410141 1899.1999673247337 123.69999915361404 4096.2999643683434 170.99999797344208 173.79999393224716
leaf_count=170 140 444 124 142 153 112 350 162 114 104 312 582 102 2677 587 120 129 701 98 616 154 2082 143 4707 168 140
internal_value=-0.00119276 -0.00351748 -0.00572776 -0.00672978 -0.00702519 -0.00375358 -0.00739049 -0.00534101 -0.00585314 -0.00772485 -0.00698756 -0.00825318 -0.00434835 0.000205104 -0.00765385 -0.00663808 0.000234276 -0.00770296 8.49709e-05 -0.000345156 -0.00111485 0.000134641 -0.000280175 0.000177339 -0.000375428 0.000453857
internal_weight=14574.1 5472.5 3409.1 2936.7 2815.9 283.6 2532.3 356.7 182.8 2175.6 911.9 1263.7 184.8 9101.6 727.1 222.9 8942.2 830.1 5324.5 940.2 369.2 2063.4 226.4 4384.3 288 3617.7
internal_count=15333 6361 4109 3665 3523 350 3173 435 226 2738 1105 1633 206 8972 899 273 8832 1051 6015 1042 426 2252 272 4973 266 2817
is_linear=0
shrinkage=0.0103578


Tree=170
num_leaves=27
num_cat=0
split_feature=29 6 29 8 30 4 2 11 30 9 30 1 30 5 29 30 2 29 11 29 29 0 29 29 29 29
split_gain=419.613 386.019 184.02 106.841 36.7515 26.3714 12.8055 4.84779 4.14561 3.17966 3.07583 4.43303 3.72542 2.63609 2.27833 2.07694 1.97267 1.61648 3.61239 11.0477 1.43339 1.2459 1.15131 1.10006 0.988758 0.943059
threshold=35.906902313232429 0.4812499880790711 35.633329391479499 4.5000000000000009 -79.125286102294908 3.3093750476837163 -5.4933619499206534 22.206250190734867 -122.19300079345702 207.15277862548831 -79.125286102294908 18.392261505126957 -79.210063934326158 0.51556551456451427 35.725976943969734 -119.9710006713867 -0.28487318754196161 38.816040039062507 15.152083396911623 36.504644393920906 35.838500976562507 9.499305725097658 35.857364654541023 38.308649063110359 39.16569900512696 35.97705268859864
decision_type=2 2 2 2 2 2 2 2 2 2 2 2 2 2 2 2 2 2 2 2 2 2 2 2 2 2
left_child=1 21 4 6 -3 9 -4 10 -2 -6 12 22 -8 -7 -9 24 -11 18 19 -17 -13 -1 -12 -21 -10 -20
right_child=8 2 3 -5 5 13 7 14 15 16 11 20 -14 -15 -16 17 -18 -19 25 23 -22 -23 -24 -25 -26 -27
leaf_value=-3.3448775825887145e-12 -1.4918351469968699e-05 3.339224873442365e-10 0 6.6948636145319241e-15 0 1.9215933854035823e-14 0 0 0.0028294044202405969 0 0 0 0 -8.1623688771890709e-09 0 6.1306792816627815e-14 0 9.4348517294296993e-12 -4.3402783962244202e-12 -0.00039800371788865555 0 7.9769841085632663e-15 0 -4.9030792248586907e-05 -0.0016658384438396751 1.579974797215063e-14
leaf_weight=107.99999856948853 163.39999485015869 442.69999015331268 110.2999986410141 184.99999779462814 97.199998617172241 115.39999860525131 557.99999272823334 161.99999791383743 3445.0998847484589 98.199999272823334 136.59999823570251 223.59999787807465 472.49999213218689 77.599999010562897 118.69999921321869 574.29999166727066 107.69999885559082 3157.8999720215797 129.89999902248383 127.99999850988388 259.79999667406082 1942.2999651432037 200.79999667406082 102.89999949932098 177.5999938249588 1142.9999920725822
leaf_count=126 144 417 133 224 126 140 700 198 2679 116 170 262 631 98 131 661 131 3593 151 132 310 2115 266 111 144 1282
internal_value=-0.00114455 -0.00342333 -0.00558109 -0.00708703 -0.00168505 -0.00361942 -0.00771108 -0.00788997 0.000223585 -0.00552243 -0.00808771 -0.00758167 -0.00848599 -0.00062122 -0.00657059 0.000253816 -0.00475906 0.000121763 -0.000102421 -0.000645294 -0.00691474 0.000119567 -0.00852274 -0.00255579 0.000444512 0.000240789
internal_weight=14438.5 5416.4 3366.1 2427.3 938.8 496.1 2242.3 2132 9022.1 303.1 1851.3 820.8 1030.5 193 280.7 8858.7 205.9 5236 2078.1 805.2 483.4 2050.3 337.4 230.9 3622.7 1272.9
internal_count=15191 6294 4053 3025 1028 611 2801 2668 8897 373 2339 1008 1331 238 329 8753 247 5930 2337 904 572 2241 436 243 2823 1433
is_linear=0
shrinkage=0.0103578


Tree=171
num_leaves=27
num_cat=0
split_feature=29 6 29 8 30 4 30 2 1 30 2 30 12 30 30 5 30 29 2 29 29 5 2 30 10 4
split_gain=427.573 393.806 183.717 97.8974 31.1565 30.5025 9.47421 13.1696 11.6006 6.37437 6.72701 4.55945 3.48081 2.54607 2.83754 2.22274 1.67654 2.90636 1.52326 1.74991 2.09987 1.52285 0.935126 0.779815 1.62054 1.43475
threshold=35.906902313232429 0.4812499880790711 35.633329391479499 4.5000000000000009 -79.125286102294908 3.3093750476837163 -79.125286102294908 -4.3448758125305167 19.7663688659668 -78.867374420166001 -0.92782089114189137 -79.188957214355455 -2.4604166746139522 -122.19300079345702 -120.45205307006835 0.72432690858840953 -79.26528167724608 35.644563674926765 -2.3456133604049678 38.441310882568366 36.579669952392585 0.51556551456451427 1.4333592057228091 -112.49425125122069 34.500000000000007 2.5235416889190678
decision_type=2 2 2 2 2 2 2 2 2 2 2 2 2 2 2 2 2 2 2 2 2 2 2 2 2 2
left_child=1 23 4 6 -3 9 11 -8 22 10 -6 16 -10 -2 -15 -14 17 -4 19 20 21 -16 -9 -1 25 -25
right_child=13 2 3 -5 5 -7 7 8 12 -11 -12 -13 15 14 18 -17 -18 -19 -20 -21 -22 -23 -24 24 -26 -27
leaf_value=0.0057611985695746847 -1.4763829629647961e-05 3.3046377292979334e-10 0 1.5523148724256057e-14 0 1.9016898359491769e-14 0 0 0 0 0 0 0 0.0028000979128220446 -1.9436320598707645e-06 0 0 0 6.0755640494124612e-14 7.4717141896509679e-08 -0.00028253709147880264 6.9678017258840431e-14 0 -7.4682168548509234e-13 7.8322192366598409e-15 -1.6990408687391377e-12
leaf_weight=549.09998202323914 154.49999511241913 405.09999072551727 126.39999824762344 171.39999800920486 83.89999920129776 176.19999802112579 95.099998712539673 239.89999639987946 143.39999806880951 80.599999189376831 134.89999806880951 423.49999296665192 368.69999665021896 3449.499884724617 161.89999836683273 97.299999535083771 570.29999244213104 105.0999990105629 4555.2999539971352 557.7999963760376 92.599999070167542 125.19999879598618 111.49999785423279 105.6999985575676 1110.9999877810478 254.59999704360962
leaf_count=429 133 381 160 208 101 218 111 303 174 96 167 569 429 2687 191 105 723 121 5137 608 90 146 151 129 1350 310
internal_value=-0.00116245 -0.00348476 -0.00567154 -0.00712852 -0.00161167 -0.00340817 -0.00769563 -0.00696065 -0.0073255 -0.00541738 -0.00633743 -0.00832514 -0.0064441 0.00020437 0.000227214 -0.00598647 -0.00784059 -0.00701114 8.08875e-05 -0.000299057 -0.000840966 -0.000399827 -0.00883999 0.000123411 -6.63941e-07 -0.000604028
internal_weight=14450.5 5353.7 3333.3 2452.6 880.7 475.6 2281.2 1055.9 960.8 299.4 218.8 1225.3 609.4 9096.8 8942.3 466 801.8 231.5 5492.8 937.5 379.7 287.1 351.4 2020.4 1471.3 360.3
internal_count=15227 6235 4017 3054 963 582 2846 1273 1162 364 268 1573 708 8992 8859 534 1004 281 6172 1035 427 337 454 2218 1789 439
is_linear=0
shrinkage=0.0103578


Tree=172
num_leaves=27
num_cat=0
split_feature=29 6 29 8 30 4 30 2 1 30 30 30 30 12 29 30 7 11 29 29 30 29 30 3 29 30
split_gain=413.636 375.784 195.119 101.586 34.0476 33.8798 11.196 11.5656 9.48152 5.83475 4.57305 3.81552 3.78547 3.4764 2.5757 2.19367 1.58759 1.56057 6.23059 9.58053 9.20433 12.7623 2.00404 1.38701 1.0521 0.905029
threshold=35.906902313232429 0.4812499880790711 35.633329391479499 4.5000000000000009 -79.125286102294908 3.3318749666213994 -79.096958160400376 -4.3448758125305167 19.7663688659668 -78.867374420166001 -122.19300079345702 -79.26528167724608 -79.063835144042955 -2.5145833492279048 35.644563674926765 -120.45205307006835 0.51041665673255932 13.959027767181398 39.79341125488282 36.20991516113282 -117.08349990844725 37.980018615722663 -95.45455169677733 1.6027083396911623 35.741001129150398 -78.910125732421861
decision_type=2 2 2 2 2 2 2 2 2 2 2 2 2 2 2 2 2 2 2 2 2 2 2 2 2 2
left_child=1 23 4 6 -3 9 11 -8 25 12 -2 14 -6 -10 -4 -12 -15 18 19 -17 -21 -22 -23 -1 -13 -9
right_child=10 2 3 -5 5 -7 7 8 13 -11 15 24 -14 16 -16 17 -18 -19 -20 20 21 22 -24 -25 -26 -27
leaf_value=-7.3074249954560835e-13 -1.4268240120804192e-05 3.2704088331258324e-10 0 1.5362362493064683e-14 0 1.8819924441990463e-14 0 0 0 0 0.0027710949574057888 0 0 0 0 1.6962970426066431e-10 0 1.2094945942512091e-13 6.8641957115258158e-08 0.0030375491656193005 -0.00033343761624326829 -4.1153936353580945e-05 -4.9018427717719983e-05 7.9275395494183558e-15 0 0
leaf_weight=152.09999632835388 148.99999523162842 465.8999890089035 134.59999805688858 181.89999771118164 83.599999010562897 170.59999805688858 91.799998760223389 245.29999655485153 113.49999845027924 81.099999010562897 3573.6998801231384 927.29998606443405 144.39999812841415 226.19999873638153 105.49999910593033 413.1999933719635 166.59999829530716 3294.9999761581421 1112.1999862790108 209.0999938249588 93.999999284744263 171.99999952316284 97.899999558925629 1866.0999691486359 144.19999802112579 85.899998426437378
leaf_count=157 132 439 168 223 98 212 106 307 137 99 2781 1211 180 252 121 508 198 3658 1334 167 110 174 113 2051 178 117
internal_value=-0.00110756 -0.00338302 -0.00550037 -0.00705756 -0.00150829 -0.00344367 -0.0076617 -0.00677582 -0.00715949 -0.00548567 0.000237073 -0.00828584 -0.00633792 -0.00624789 -0.00703906 0.000267057 -0.00576178 0.000135051 -8.5565e-05 -0.000684905 -0.00155141 -0.00254534 -0.00139261 0.000151201 -0.00856095 -0.00853871
internal_weight=14502.7 5386.6 3368.4 2422.8 945.6 479.7 2240.9 929.3 837.5 309.1 9116.1 1311.6 228 506.3 240.1 8967.1 392.8 5393.4 2098.4 986.2 573 363.9 269.9 2018.2 1071.5 331.2
internal_count=15231 6254 4046 3018 1028 589 2795 1117 1011 377 8977 1678 278 587 289 8845 450 6064 2406 1072 564 397 287 2208 1389 424
is_linear=0
shrinkage=0.0103578


Tree=173
num_leaves=27
num_cat=0
split_feature=30 6 30 30 8 8 30 30 11 11 3 30 6 11 2 10 3 30 30 30 0 7 30 11 30 9
split_gain=341.165 242.751 176.952 80.4847 55.1817 36.1675 20.8768 15.8969 6.09129 6.13763 5.33395 4.40706 4.2266 3.58478 3.55611 2.63282 2.08756 1.78002 2.49379 2.53943 1.73215 2.84924 4.53226 4.48595 3.93658 3.57275
threshold=-79.298500061035142 0.4812499880790711 -79.12176132202147 -78.68517684936522 4.5000000000000009 4.5000000000000009 -79.04980087280272 -79.002838134765611 21.770138740539554 15.849305629730226 3.3372222185134892 -122.19300079345702 1.3770833611488345 19.25625038146973 2.1669125556945805 60.243055343627937 1.6027083396911623 -117.08349990844725 -101.70369720458983 -109.12405014038085 26.064582824707035 0.15208333730697635 -79.203132629394517 18.609027862548832 -79.17476654052733 127.08333206176759
decision_type=2 2 2 2 2 2 2 2 2 2 2 2 2 2 2 2 2 2 2 2 2 2 2 2 2 2
left_child=11 16 4 5 20 6 8 14 9 -4 12 -1 -9 -11 -8 -12 -2 -13 19 -19 21 -3 25 24 -24 -23
right_child=1 2 3 -5 -6 -7 7 10 -10 13 15 17 -14 -15 -16 -17 -18 18 -20 -21 -22 22 23 -25 -26 -27
leaf_value=-1.928948374148577e-05 -7.2338077148280798e-13 0 0 -7.9726081347645868e-09 6.2362679487073775e-15 2.5319822164461826e-14 0 0 0 0 0 0.002742392409849925 0 0 0 0 7.6689822372140263e-15 1.591982434926221e-05 6.1329365873371884e-12 -0.00023286868401128515 0 0 0 0 0 0
leaf_weight=155.7999951839447 103.8999987244606 350.99999499320984 179.399997651577 851.19999146461487 92.19999897480011 203.09999799728394 330.39999628067017 496.69999319314957 91.699998617172241 133.6999985575676 79.699998676776886 4630.6998458504677 344.39999610185623 216.59999758005142 85.499998688697815 82.599998831748962 1951.5999777317047 131.69999784231186 2938.6999813318253 160.19999808073044 173.0999972820282 159.49999725818634 90.299998700618744 172.19999718666077 78.699999094009399 325.09999626874924
leaf_count=138 125 456 218 962 116 241 394 607 113 163 103 3611 420 260 111 106 2368 123 3263 180 229 211 115 222 99 403
internal_value=-0.00115584 -0.0029012 -0.00423886 -0.00284147 -0.00723532 -0.00387003 -0.00428479 -0.00497875 -0.002696 -0.0022634 -0.00426696 0.000279451 -0.00460016 -0.00145963 -0.00668685 -0.00252762 5.15576e-05 0.000313724 0.000126908 -0.000784959 -0.00776465 -0.00760381 -0.00724688 -0.00629469 -0.00505222 -0.0079083
internal_weight=14609.7 6592.6 4537.1 3095 1442.1 2243.8 2040.7 1419.3 621.4 529.7 1003.4 8017.1 841.1 350.3 415.9 162.3 2055.5 7861.3 3230.6 291.9 1349.9 1176.8 825.8 341.2 169 484.6
internal_count=15357 8042 5549 3698 1851 2736 2495 1741 754 641 1236 7315 1027 423 505 209 2493 7177 3566 303 1735 1506 1050 436 214 614
is_linear=0
shrinkage=0.0103578


Tree=174
num_leaves=27
num_cat=0
split_feature=29 6 29 8 30 4 30 2 1 10 30 4 30 2 11 30 11 29 29 30 29 2 12 3 29 2
split_gain=421.515 403.238 199.957 93.5091 29.5493 32.8132 9.7046 14.5825 6.98984 5.1473 4.77355 3.80726 3.15483 3.2261 2.50026 2.16253 1.5846 6.38778 7.91599 5.79239 6.01614 1.58259 1.57092 1.49963 0.977135 0.718126
threshold=35.906902313232429 0.4812499880790711 35.633329391479499 4.5000000000000009 -79.125286102294908 3.3093750476837163 -79.125286102294908 -4.3448758125305167 19.7663688659668 73.034721374511733 -79.199592590332017 2.7166665792465214 -122.19300079345702 -6.3630564212799063 22.206250190734867 -120.45205307006835 14.085416793823244 39.79341125488282 36.504644393920906 -119.26765060424803 38.365810394287116 2.8296842575073247 0.26041665673255926 1.6027083396911623 35.684564590454109 1.5047489404678347
decision_type=2 2 2 2 2 2 2 2 2 2 2 2 2 2 2 2 2 2 2 2 2 2 2 2 2 2
left_child=1 23 4 6 -3 9 10 -8 25 11 14 -6 -2 -14 24 -15 17 18 -17 -20 -21 22 -10 -1 -4 -9
right_child=12 2 3 -5 5 -7 7 8 21 -11 -12 -13 13 15 -16 16 -18 -19 19 20 -22 -23 -24 -25 -26 -27
leaf_value=-7.1568092894614616e-13 -1.4263322895525083e-05 3.2358992347286752e-10 0 6.2410180074782114e-15 0 1.8624990748054659e-14 0 0 0 0 0 0 -0.00028661580071504857 0.0027139871585790533 0 2.0130068237285475e-08 5.8873568839511386e-14 7.3314830805569464e-08 0.002975639627945355 -0.00034989196672155813 -3.8724352665415124e-05 0 0 7.7659933320682434e-15 0 0
leaf_weight=162.99999624490738 152.69999516010284 421.5999903678894 581.89999181032181 162.39999783039093 112.69999861717224 188.39999771118164 98.299998819828033 243.79999661445618 185.29999786615372 93.899998545646667 484.29999172687531 94.099999129772186 158.19999802112579 3491.1998816728592 79.399999380111694 514.29999142885208 3246.7999765276909 1119.2999855875969 113.79999631643295 86.999999284744263 215.99999886751175 86.99999874830246 296.79999768733978 1914.0999675393105 88.999999105930328 116.19999796152115
leaf_count=170 133 400 741 198 135 230 115 306 219 119 647 113 170 2714 92 583 3606 1349 90 96 234 108 342 2105 108 156
internal_value=-0.00114697 -0.00343576 -0.00566665 -0.00722085 -0.00152679 -0.00325763 -0.00776579 -0.00700576 -0.007408 -0.00537801 -0.00839441 -0.00443646 0.000214472 0.00023974 -0.00784968 0.0002662 0.00013416 -9.11027e-05 -0.000724911 -0.00178483 -0.00253205 -0.00667115 -0.00641115 0.00014664 -0.00806477 -0.00855934
internal_weight=14511.5 5412.2 3335.1 2424.4 910.7 489.1 2262 1027.4 929.1 300.7 1234.6 206.8 9099.3 8946.6 750.3 8788.4 5297.2 2050.4 931.1 416.8 303 569.1 482.1 2077.1 670.9 360
internal_count=15279 6304 4029 3032 997 597 2834 1246 1131 367 1588 248 8975 8842 941 8672 5958 2352 1003 420 330 669 561 2275 849 462
is_linear=0
shrinkage=0.0103578


Tree=175
num_leaves=27
num_cat=0
split_feature=29 6 29 8 30 4 30 2 3 10 30 30 13 2 30 2 29 11 6 29 30 13 10 0 2 11
split_gain=424.74 388.272 191.943 104.184 30.7496 35.2954 9.77797 11.0027 9.50472 4.20343 4.18654 3.65267 3.62161 2.1984 2.1172 2.44668 2.46584 3.01073 1.98775 1.93709 1.51953 1.48154 1.32526 1.31962 0.876857 1.58495
threshold=35.906902313232429 0.4812499880790711 35.633329391479499 4.5000000000000009 -79.125286102294908 3.4331250190734868 -79.125286102294908 -4.3448758125305167 2.0910416841506962 73.034721374511733 -79.26528167724608 -122.19300079345702 61.329168319702156 -0.42406831681728357 -120.45205307006835 -2.6611930131912227 39.408555984497077 14.936110973358156 1.1645833253860476 36.33385086059571 -79.188957214355455 45.893751144409187 39.756944656372077 25.132638931274418 -1.3465450406074522 16.670139312744144
decision_type=2 2 2 2 2 2 2 2 2 2 2 2 2 2 2 2 2 2 2 2 2 2 2 2 2 2
left_child=1 24 4 6 -3 9 10 -8 18 13 21 -2 -10 -6 -13 16 17 19 -9 -16 23 -4 -14 -12 25 -1
right_child=11 2 3 -5 5 -7 7 8 12 -11 20 14 22 -15 15 -17 -18 -19 -20 -21 -22 -23 -24 -25 -26 -27
leaf_value=7.6855544455059135e-15 -1.3772917553430922e-05 3.202382320621288e-10 0 1.5074003975642677e-14 0 1.8432076145382933e-14 0 0 0 0 0 0.0026858761242469619 0 0 -2.0941833130980141e-10 1.1908688196034975e-13 6.8874163475717917e-07 3.8243578166613786e-07 0 -0.00028101248973803742 0 0 0 0 7.6855544455059135e-15 -7.1661175242006321e-13
leaf_weight=413.69999331235886 151.09999531507492 429.59999048709869 81.099998891353607 181.19999796152115 92.099999129772186 188.09999781847 96.299998462200165 92.699999213218689 315.69999498128891 99.499998688697815 440.49999362230301 3560.1998810768127 82.499999344348907 99.199998736381531 160.19999819993973 4697.1999551653862 315.29999697208405 128.19999986886978 127.59999930858612 163.29999852180481 413.89999318122864 141.09999871253967 319.19999593496323 133.89999866485596 1524.6999726295471 87.999998688697815
leaf_count=459 133 408 103 218 107 231 115 107 409 127 571 2774 93 120 192 5286 349 134 140 173 555 167 386 165 1663 106
internal_value=-0.00111893 -0.00343517 -0.00560806 -0.00712876 -0.00154541 -0.00334875 -0.00773855 -0.0069828 -0.00732652 -0.00560678 -0.00838018 0.000234375 -0.00790996 -0.00467475 0.00026119 0.000132998 -0.000409006 -0.000899463 -0.00540922 -0.0014314 -0.00867959 -0.00702788 -0.00721669 -0.00828025 0.00014042 -0.000234564
internal_weight=14536.1 5360.6 3334.2 2425.7 908.5 478.9 2244.5 1034 937.7 290.8 1210.5 9175.5 717.4 191.3 9024.4 5464.2 767 451.7 220.3 323.5 988.3 222.2 401.7 574.4 2026.4 501.7
internal_count=15291 6250 4022 3029 993 585 2811 1250 1135 354 1561 9041 888 227 8908 6134 848 499 247 365 1291 270 479 736 2228 565
is_linear=0
shrinkage=0.0103578


Tree=176
num_leaves=27
num_cat=0
split_feature=30 6 30 30 8 8 4 2 11 11 4 30 30 30 1 8 12 12 12 3 30 3 2 30 30 4
split_gain=316.404 231.004 195.494 76.3399 46.557 30.1643 12.6008 11.5763 14.3504 10.5902 4.27197 4.00924 1.8126 3.613 1.74464 1.93348 2.31263 3.54832 3.94503 1.86479 1.64924 1.61813 1.30864 1.27348 1.03784 0.874633
threshold=-79.298500061035142 0.49791666865348821 -79.12176132202147 -78.68517684936522 4.5000000000000009 4.5000000000000009 4.9418752193450937 -5.4933619499206534 12.793749809265138 21.254861831665043 4.0035417079925546 -122.19300079345702 -117.08349990844725 -101.70369720458983 26.115774154663089 1.5000000000000002 3.8895833492279057 -5.1562499999999991 -2.2937500476837154 2.4931249618530278 -109.12405014038085 1.6027083396911623 -3.0950828790664668 -79.252529144287095 -79.210063934326158 3.7722916603088383
decision_type=2 2 2 2 2 2 2 2 2 2 2 2 2 2 2 2 2 2 2 2 2 2 2 2 2 2
left_child=11 21 4 5 14 6 7 -4 10 -10 -9 -1 -13 20 15 16 17 -3 -19 24 -14 -2 -15 -23 -17 -21
right_child=1 2 3 -5 -6 -7 -8 8 9 -11 -12 12 13 22 -16 19 -18 18 -20 25 -22 23 -24 -25 -26 -27
leaf_value=-1.7177926348581703e-05 -7.0855481187769916e-13 0 0 8.213740445258143e-11 6.0202405020052309e-15 2.4447534723995475e-14 0 0 0 0 0 0.0026580562594028037 -2.2554087740704403e-05 -2.5816562374484622e-05 0 0 0 0 0 0 -0.00022959872079442709 -5.6882901622161648e-16 3.1692125692188538e-10 7.4916441528079966e-15 0 0
leaf_weight=149.499995470047 100.49999892711639 257.99999630451202 87.099998831748962 839.69999194145203 77.299998939037323 189.09999799728394 83.299998819828033 330.99999505281448 972.9999880194664 405.19999593496323 117.19999831914902 4557.0998490452766 120.2999981045723 300.49999940395355 155.69999754428864 89.399998903274536 131.89999788999557 81.999999403953552 259.99999672174454 99.299998879432678 148.89999812841415 140.89999788999557 2617.7999821305275 1907.6999790072441 163.29999715089798 104.09999865293503
leaf_count=131 123 334 105 947 97 225 109 420 1174 478 152 3553 113 321 205 112 171 98 328 125 167 177 2918 2303 219 135
internal_value=-0.00110886 -0.00278324 -0.0041307 -0.00264127 -0.00729939 -0.00366078 -0.00403513 -0.00420676 -0.00438268 -0.00385498 -0.00599749 0.000290169 0.000322683 0.000132993 -0.00774891 -0.00759613 -0.00723263 -0.00693422 -0.00620621 -0.0081688 -0.00101362 4.88752e-06 0.000239083 6.81841e-05 -0.00881428 -0.00734253
internal_weight=14489.8 6595.7 4446.6 3025.6 1421 2185.9 1996.8 1913.5 1826.4 1378.2 448.2 7894.1 7744.6 3187.5 1343.7 1188 731.9 600 342 456.1 269.2 2149.1 2918.3 2048.6 252.7 203.4
internal_count=15240 8037 5434 3610 1824 2663 2438 2329 2224 1652 572 7203 7072 3519 1727 1522 931 760 426 591 280 2603 3239 2480 331 260
is_linear=0
shrinkage=0.0103578


Tree=177
num_leaves=27
num_cat=0
split_feature=29 8 30 30 7 10 2 2 3 12 29 30 3 9 10 2 30 30 2 29 11 29 11 3 29 2
split_gain=410.293 298.015 180.886 44.2806 26.3389 22.7691 17.9342 12.445 12.3114 12.1788 10.613 10.5333 7.00345 6.90342 5.86812 4.81879 3.76222 2.2186 2.08103 2.58099 2.05705 1.61056 1.60507 1.51051 1.31269 0.786087
threshold=35.906902313232429 4.5000000000000009 -79.298500061035142 -78.68517684936522 0.40208333730697637 73.604167938232436 1.198356628417969 -3.746260285377502 2.2374305725097661 -3.4145833253860469 35.633329391479499 -79.125286102294908 2.7092361450195317 280.39582824707037 30.208333015441898 -1.2053183317184446 -122.19300079345702 -120.45205307006835 -2.7263199090957637 39.747600555419929 21.199305534362797 35.725976943969734 14.838194370269777 1.6027083396911623 36.20991516113282 1.4333592057228091
decision_type=2 2 2 2 2 2 2 2 2 2 2 2 2 2 2 2 2 2 2 2 2 2 2 2 2 2
left_child=1 2 -1 4 5 6 11 -6 -7 -8 12 15 -9 -11 -13 -4 -2 -18 19 22 25 -22 24 -3 -19 -12
right_child=16 23 3 -5 7 8 9 10 -10 13 20 14 -14 -15 -16 -17 17 18 -20 -21 21 -23 -24 -25 -26 -27
leaf_value=3.1363863846669527e-10 -1.2979760939010879e-05 -6.9350638136506633e-13 -6.9344300440724347e-17 1.6956917954462948e-09 0 -5.6293717846787144e-16 0 0 0 0 0 -7.7597222712599642e-17 0 0 0 0 0.0026305245481607268 -2.0801245750887834e-10 1.1785339954805943e-13 7.2652855959691512e-07 0 0 1.1875647602090972e-12 1.534513796676116e-14 -0.00027771194056691953 0
leaf_weight=548.19998776912689 153.2999951839447 168.59999650716782 194.29999709129333 124.8999987244606 125.7999981045723 98.999998569488525 88.799998641014099 109.49999862909317 151.59999859333038 173.89999777078629 474.39999359846115 118.19999843835831 78.399998843669891 129.89999854564667 413.99999564886093 318.2999951839447 3492.8998833298683 140.69999837875366 4720.3999536037445 299.59999740123749 187.99999749660492 153.49999862909317 129.59999996423721 1503.599973320961 179.89999854564667 259.49999594688416
leaf_count=520 135 176 253 149 150 128 120 133 180 219 594 146 100 159 492 417 2721 173 5302 338 234 177 134 1608 187 341
internal_value=-0.00111599 -0.00337198 -0.00499325 -0.00593436 -0.00617971 -0.00530513 -0.00580779 -0.00723958 -0.00241368 -0.00390768 -0.00755033 -0.00651888 -0.00524107 -0.00489258 -0.00548154 -0.00758781 0.000225948 0.000253541 0.000123196 -0.00038332 -0.00795045 -0.00722134 -0.000878903 0.00026421 -0.00127162 -0.00828332
internal_weight=14538.8 5422.4 3750.2 3202 3077.1 1688 1437.4 1389.1 250.6 392.6 1263.3 1044.8 187.9 303.8 532.2 512.6 9116.4 8963.1 5470.2 749.8 1075.4 341.5 450.2 1672.2 320.6 733.9
internal_count=15286 6296 4512 3992 3843 2114 1806 1729 308 498 1579 1308 233 378 638 670 8990 8855 6134 832 1346 411 494 1784 360 935
is_linear=0
shrinkage=0.0103578


Tree=178
num_leaves=27
num_cat=0
split_feature=30 6 30 8 30 2 7 10 30 30 11 30 1 0 2 30 10 3 3 0 3 30 2 13 2 10
split_gain=248.366 175.67 127.425 67.4501 59.2286 29.846 48.0822 21.7813 19.4845 14.2833 8.98159 6.05567 5.46043 5.45519 4.86996 4.67825 3.3132 4.38548 2.84589 2.66477 2.49492 1.50171 1.71062 1.16292 3.3441 0.924974
threshold=-79.298500061035142 0.4812499880790711 -78.739860534667955 4.5000000000000009 -79.12176132202147 -1.2974767088890073 0.40208333730697637 29.583333015441898 -79.04980087280272 -79.010993957519517 21.813194274902347 -78.68517684936522 23.453571319580082 19.654861450195316 -3.3689570426940914 -122.19300079345702 66.298610687255874 2.3438194990158085 2.2500694990158085 24.856250762939457 1.6027083396911623 -120.26449966430663 -3.9098213911056514 110.45000076293947 1.3334239125251772 48.131944656372077
decision_type=2 2 2 2 2 2 2 2 2 2 2 2 2 2 2 2 2 2 2 2 2 2 2 2 2 2
left_child=15 20 3 4 5 6 -3 -6 10 18 13 12 -4 -9 -11 -1 23 19 -10 -18 -2 -17 25 24 -7 -23
right_child=1 2 11 -5 7 16 -8 8 9 14 -12 -13 -14 -15 -16 21 17 -19 -20 -21 -22 22 -24 -25 -26 -27
leaf_value=-1.5668796423555095e-05 -6.9403249175015107e-13 7.1825690267622308e-19 0 1.4696570822469143e-14 8.0373931941920818e-19 0 0 0 0 0 0 8.1285417968353959e-11 0 0 0 0.0026032780058729333 0 0 0 0 7.4140469300953958e-15 -0.00027495790990637392 3.1039002083564364e-10 0 0 -5.1720578095716953e-06
leaf_weight=150.49999541044235 105.09999865293503 167.69999754428864 87.599999010562897 283.09999692440033 130.99999821186066 358.3999947309494 218.19999718666077 131.09999823570251 101.99999910593033 107.49999850988388 80.599999189376831 847.1999922990799 83.399999260902405 359.69999617338181 771.79999005794525 3941.6998688578606 78.699999034404755 264.19999647140503 216.69999688863754 80.299999058246613 1954.2999778985977 137.99999910593033 3521.1999596357346 109.69999808073044 91.99999874830246 135.0999983549118
leaf_count=133 129 219 106 343 164 466 272 161 114 133 96 956 102 433 944 3071 103 334 273 99 2361 142 3704 147 116 143
internal_value=-0.000955005 -0.00243251 -0.00356407 -0.00448978 -0.00490968 -0.00655301 -0.00409965 -0.00372387 -0.00402552 -0.00477686 -0.00244635 -0.000332964 -0.00210755 -0.00191444 -0.00408954 0.000287191 -0.00751249 -0.00678028 -0.00666125 -0.00536884 7.90897e-05 0.000322466 0.00017516 -0.00805757 -0.00777789 -0.000613307
internal_weight=14516.8 6630.3 4570.9 3552.7 3269.6 1369.2 385.9 1900.4 1769.4 1198 571.4 1018.2 171 490.8 879.3 7886.5 983.3 423.2 318.7 159 2059.4 7736 3794.3 560.1 450.4 273.1
internal_count=15264 8071 5581 4417 4074 1756 491 2318 2154 1464 690 1164 208 594 1077 7193 1265 536 387 202 2490 7060 3989 729 582 285
is_linear=0
shrinkage=0.0103578


Tree=179
num_leaves=27
num_cat=0
split_feature=29 6 30 8 30 2 7 29 4 2 30 10 10 30 30 30 30 30 4 29 30 29 3 29 29 6
split_gain=297.989 300.083 133.734 81.2635 41.857 41.7283 37.3354 19.937 41.9008 9.68981 8.9102 17.1825 4.73809 6.49481 3.96359 3.77602 3.95933 2.95249 2.76368 2.16256 2.1556 3.16784 1.37954 1.22595 1.5981 0.898321
threshold=35.906902313232429 0.4812499880790711 -79.298500061035142 4.5000000000000009 -78.68517684936522 -1.2705486416816709 0.23958332836627963 35.628938674926765 3.4706250429153447 -5.4933619499206534 -79.080398559570298 39.236110687255866 32.743055343627937 -79.125286102294908 -79.125286102294908 -122.19300079345702 -118.89915084838866 -79.188957214355455 2.6958333253860478 39.185613632202156 -101.70369720458983 41.60673904418946 1.6027083396911623 42.544006347656257 42.083349227905281 1.6270833611488345
decision_type=2 2 2 2 2 2 2 2 2 2 2 2 2 2 2 2 2 2 2 2 2 2 2 2 2 2
left_child=1 22 -3 4 5 6 12 8 18 -8 17 -12 -4 -14 -11 -2 19 -9 -7 -17 21 -18 -1 24 25 -22
right_child=15 2 3 -5 -6 7 9 10 -10 14 11 -13 13 -15 -16 16 20 -19 -20 -21 23 -23 -24 -25 -26 -27
leaf_value=-6.7913448105007949e-13 -1.6703263138458945e-05 3.0717505185376479e-10 7.1081731535667076e-19 1.4544346149758923e-14 1.677286156607607e-09 0 0 0 1.816356249784618e-14 0 0 0 -6.8633483125367678e-17 0 0 0.0025763136788061148 -0.00026648242628786901 0 0 -0.0018794894669418459 -4.4997988758488633e-13 9.3564291167700445e-06 7.4515580256458029e-15 6.6385603378586827e-08 -6.8252565033135923e-10 5.5809577443401686e-14
leaf_weight=152.89999657869339 150.59999513626099 438.29999023675919 102.09999859333038 216.89999741315842 107.49999898672104 83.299999117851257 91.399998664855957 565.99999248981476 108.79999876022339 179.69999760389328 86.099999010562897 496.49999380111694 83.399998605251312 78.499998927116394 236.89999759197235 3694.5998777151108 92.99999862909317 370.59999346733093 78.099998533725739 123.29999583959579 3412.5999754071236 96.499999105930328 1903.5999678373337 560.59999191761017 92.999998688697815 835.4999937415123
leaf_count=161 132 415 129 263 127 99 112 714 130 229 105 609 110 97 277 2876 106 492 103 103 3816 93 2088 726 122 947
internal_value=-0.000991929 -0.00292253 -0.00484625 -0.00565578 -0.0061512 -0.00641688 -0.00439696 -0.00728643 -0.00467266 -0.0060379 -0.00774912 -0.00671964 -0.00123164 -0.0023311 -0.00670952 0.000154728 0.000182303 -0.00838459 -0.00801229 0.000434429 -6.71162e-06 -0.00108906 0.000187232 3.51673e-05 -2.36286e-05 5.76409e-06
internal_weight=14440.3 5380.6 3324.1 2885.8 2668.9 2561.4 772 1789.4 270.2 508 1519.2 582.6 264 161.9 416.6 9059.7 8909.1 936.6 161.4 3817.9 5091.2 189.5 2056.5 4901.7 4341.1 4248.1
internal_count=15181 6260 4011 3596 3333 3206 954 2252 332 618 1920 714 336 207 506 8921 8789 1206 202 2979 5810 199 2249 5611 4885 4763
is_linear=0
shrinkage=0.0103578


Tree=180
num_leaves=27
num_cat=0
split_feature=29 6 30 8 30 2 7 29 4 10 30 29 30 30 9 30 4 4 7 2 29 29 7 29 29 30
split_gain=293.967 296.938 131.833 82.7896 41.0237 40.1856 39.3967 21.0188 44.669 8.90917 19.2568 6.58067 6.40711 4.93109 4.8712 4.30725 3.6181 3.48324 2.78517 1.92341 3.26995 1.93038 2.68416 1.34376 1.33425 2.03453
threshold=35.906902313232429 0.4812499880790711 -79.298500061035142 4.5000000000000009 -78.68517684936522 -1.2705486416816709 0.23958332836627963 35.628938674926765 3.4706250429153447 36.194444656372077 -79.08282089233397 35.659040451049812 -79.125286102294908 -122.19300079345702 141.19444274902347 -120.45205307006835 2.8827083110809331 2.6958333253860478 0.59375000000000011 -2.6611930131912227 38.365810394287116 36.504644393920906 0.097916666418313994 35.741001129150398 36.20991516113282 -82.058330535888658
decision_type=2 2 2 2 2 2 2 2 2 2 2 2 2 2 2 2 2 2 2 2 2 2 2 2 2 2
left_child=1 -1 -3 4 5 6 11 8 17 10 -9 -4 18 -2 -14 -15 -11 -7 -8 20 21 22 -17 -13 -21 -26
right_child=13 2 3 -5 -6 7 12 9 -10 16 -12 23 14 15 -16 19 -18 -19 -20 24 -22 -23 -24 -25 25 -27
leaf_value=7.3743760084706847e-15 -1.7467141650938989e-05 3.0399338299386345e-10 0 1.4393698195268323e-14 1.6599131014020609e-09 0 0 0 1.797542729339025e-14 0 0 7.0345478606368108e-19 0 0.002549628643821251 0 1.9924960042045718e-08 0 0 0 1.5350851671971914e-14 5.7207876718337208e-08 -0.00028110412608955759 -2.5247803790909935e-09 0 1.1344258320176166e-07 -5.42880066850974e-13
leaf_weight=2088.1999625563622 148.49999535083771 437.49999016523361 81.399999141693115 222.09999716281891 107.39999902248383 85.099999129772186 78.599999189376831 106.29999852180481 118.79999887943268 413.59999459981918 80.699999213218689 122.79999786615372 90.799998939037323 3528.599881708622 190.89999830722809 111.39999902248383 937.99998664855957 76.499998509883881 137.29999780654907 930.89998924732208 474.09999763965607 85.599999010562897 105.49999862909317 78.899998962879181 2087.3999839425087 1610.1999811530113
leaf_count=2288 133 409 96 269 128 101 98 137 142 514 97 164 106 2748 221 128 1194 103 177 1101 513 88 133 97 2176 1942
internal_value=-0.000998975 -0.0028994 -0.00480238 -0.00559438 -0.00609307 -0.00635218 -0.00437935 -0.00719705 -0.00456902 -0.00767385 -0.00551168 -0.00128911 -0.00613318 0.000142513 -0.00507767 0.00017372 -0.00797025 -0.00810397 -0.00749153 -9.97206e-06 -0.000486852 -0.00132723 -0.000800859 -0.000280335 7.00008e-05 -1.81474e-05
internal_weight=14537.1 5454.9 3366.7 2929.2 2707.1 2599.7 780.7 1819 280.4 1538.6 187 283.1 497.6 9082.2 281.7 8933.7 1351.6 161.6 215.9 5405.1 776.6 302.5 216.9 201.7 4628.5 3697.6
internal_count=15303 6341 4053 3644 3375 3247 959 2288 346 1942 234 357 602 8962 327 8829 1708 204 275 6081 862 349 261 261 5219 4118
is_linear=0
shrinkage=0.0103578


Tree=181
num_leaves=27
num_cat=0
split_feature=29 6 30 7 8 29 4 0 4 30 10 30 30 29 30 5 9 12 11 5 4 29 5 30 4 30
split_gain=311.543 294.969 139.155 80.4226 38.6565 31.7395 23.8921 14.9603 16.0526 15.431 9.77381 7.03045 4.99423 4.9371 4.77115 4.67769 4.22942 4.05732 2.97054 2.76702 2.31519 2.17106 1.81173 1.1887 4.37546 1.11284
threshold=35.906902313232429 0.4812499880790711 -79.298500061035142 0.23958332836627963 4.5000000000000009 35.628938674926765 3.3920832872390752 23.716667175292972 2.8827083110809331 -79.128845214843736 30.902777671813968 -79.096958160400376 -122.19300079345702 35.468124389648445 -120.45205307006835 0.1828102841973305 231.92361450195315 3.0270833969116215 22.723610877990726 0.52064558863639843 4.0449998378753671 35.838500976562507 0.37171608209609991 -79.142883300781236 2.1250000000000004 -101.70369720458983
decision_type=2 2 2 2 2 2 2 2 2 2 2 2 2 2 2 2 2 2 2 2 2 2 2 2 2 2
left_child=1 23 -3 4 7 6 13 8 16 19 -11 20 -2 -5 -14 -13 -4 22 21 -10 -7 -17 -9 -1 -25 -16
right_child=12 2 3 5 -6 11 -8 17 9 10 -12 15 14 -15 25 18 -18 -19 -20 -21 -22 -23 -24 24 -26 -27
leaf_value=7.3038242410476598e-15 -1.6349331684089379e-05 3.0084466933873211e-10 6.9616851664284e-19 0 1.4244610627608353e-14 0 1.7866837985270826e-14 -7.439587319552351e-21 -6.7922588751984446e-17 0 0 0 0.0025232200080567155 0 -0.00022447035394360587 0 -7.7597222712599642e-17 0 0 0 0 0 0 -6.8052022922206358e-13 7.1215482735938241e-15 9.9529656546084833e-15
leaf_weight=1188.1999738812447 149.49999552965164 449.99999040365219 99.999998211860657 79.899998664855957 208.49999761581421 773.99998831748962 100.59999877214432 107.79999846220016 94.299998641014099 86.399998664855957 170.99999839067459 87.799999117851257 3534.9998813867569 82.399999260902405 474.09998971223831 206.899997651577 80.299998641014099 110.29999858140945 89.699999272823334 88.599998831748962 96.799998819828033 262.79999607801437 90.89999920129776 83.299998700618744 739.09999293088913 4929.7999583482742
leaf_count=1216 135 426 134 107 251 996 128 136 121 110 206 100 2750 92 431 247 105 135 99 114 124 330 109 105 883 5652
internal_value=-0.00102705 -0.00300248 -0.00487591 -0.0057023 -0.00354811 -0.00707715 -0.00373929 -0.00445173 -0.0035172 -0.00458242 -0.00293467 -0.00765334 0.000142313 -0.0061908 0.000173805 -0.00681176 -0.00090737 -0.00631739 -0.00716563 -0.00688281 -0.0082735 -0.0075057 -0.00721605 0.000136939 -0.000165371 -1.96719e-05
internal_weight=14468 5379.6 3369 2919 1138.1 1780.9 262.9 929.6 620.6 440.3 257.4 1518 9088.4 162.3 8938.9 647.2 180.3 309 559.4 182.9 870.8 469.7 198.7 2010.6 822.4 5403.9
internal_count=15242 6274 4070 3644 1421 2223 327 1170 790 551 316 1896 8968 199 8833 776 239 380 676 235 1120 577 245 2204 988 6083
is_linear=0
shrinkage=0.0103578


Tree=182
num_leaves=27
num_cat=0
split_feature=29 7 29 6 6 2 5 4 2 1 29 29 29 2 4 29 11 6 2 7 2 7 2 6 6 11
split_gain=245.609 276.305 146.471 48.0836 34.458 20.5961 25.5375 17.421 13.797 13.0297 10.2981 11.9011 9.4203 4.71006 3.93801 2.76364 5.97879 3.75586 2.62956 2.43924 2.34797 2.21912 1.63413 1.6176 2.19376 1.88836
threshold=35.906902313232429 0.24791666865348819 35.633329391479499 0.4812499880790711 0.4812499880790711 -1.2705486416816709 0.40265035629272466 3.2806249856948857 -5.4933619499206534 23.068452835083011 35.633329391479499 35.719533920288093 35.789690017700202 -1.2314052581787107 2.7627083063125615 40.025205612182624 16.372917175292972 1.0000000180025095e-35 0.53440734744071972 0.097916666418313994 -2.7961827516555782 0.514583319425583 -2.0290760993957515 0.20624999701976779 1.6145833134651186 18.836805343627933
decision_type=2 2 2 2 2 2 2 2 2 2 2 2 2 2 2 2 2 2 2 2 2 2 2 2 2 2
left_child=1 4 7 -4 -1 19 12 9 -5 -3 -8 18 -7 21 -11 20 17 -17 -12 -6 -2 -10 -23 -18 25 -25
right_child=15 2 3 8 5 6 10 -9 13 14 11 -13 -14 -15 -16 16 23 -19 -20 -21 -22 22 -24 24 -26 -27
leaf_value=7.2223416151452769e-15 -8.5846839853273469e-06 1.9417044177590374e-14 7.0477844433620505e-15 0 6.8895771720688613e-19 7.7058026562668133e-23 0 3.7098828707291719e-14 0 0 0 0 -7.7597145654573067e-17 0 0 -1.6179987985160896e-05 1.1166708060760227e-07 6.6392605344213372e-08 0 0 1.4374215965467861e-09 0 0 -7.9374438732618582e-10 6.6250289459458556e-12 -5.3736009525093285e-13
leaf_weight=1926.7999661564827 886.79998099803925 90.799997806549072 84.399998962879181 82.299998819828033 375.59999454021454 234.09999710321426 111.19999873638153 331.39999252557755 116.59999907016754 108.59999930858612 98.999998569488525 154.69999837875366 111.49999856948853 1002.999985396862 96.499998390674591 96.699998378753662 88.899999260902405 1509.8999811410904 83.299999058246613 119.19999849796295 5801.6998717188835 185.19999718666077 91.099999308586121 346.79999673366547 160.99999845027924 203.4999977350235
leaf_count=2102 830 90 104 101 460 289 132 336 134 122 130 187 137 1272 121 101 105 1817 105 142 5297 232 105 398 180 237
internal_value=-0.000889866 -0.00263837 -0.00547555 -0.00717238 -0.000705311 -0.0020161 -0.00304945 -0.00124542 -0.00760639 -0.00306977 -0.00467959 -0.00558167 -0.000929941 -0.00785007 -0.00451267 0.000149317 -0.000151533 0.000212609 -0.00737722 -0.000355865 0.000257642 -0.00684739 -0.00737534 -0.000882798 -0.00104754 -0.0013584
internal_weight=14500.6 5405.3 2189.9 1562.6 3215.4 1288.6 793.8 627.3 1478.2 295.9 448.2 337 345.6 1395.9 205.1 9095.3 2406.8 1606.6 182.3 494.8 6688.5 392.9 276.3 800.2 711.3 550.3
internal_count=15266 6301 2617 1948 3684 1582 980 669 1844 333 554 422 426 1743 243 8965 2838 1918 235 602 6127 471 337 920 815 635
is_linear=0
shrinkage=0.0103578


Tree=183
num_leaves=27
num_cat=0
split_feature=30 7 29 6 30 11 30 6 5 30 2 29 4 9 29 30 0 3 7 5 29 30 30 11 2 3
split_gain=224.403 227.797 218.25 47.8753 38.6786 14.0852 20.4299 13.8107 16.3459 27.273 11.042 10.6859 14.5354 6.07056 5.69238 5.59393 5.13381 5.03466 4.85412 4.56485 5.12106 4.41443 8.0184 16.4649 4.19518 2.46801
threshold=-79.298500061035142 0.24791666865348819 35.906902313232429 0.4812499880790711 -78.68517684936522 20.03055572509766 -78.705310821533189 0.4812499880790711 0.53911054134368908 -79.142883300781236 -5.1223990917205802 35.628938674926765 3.0914583206176762 245.74305725097659 35.97705268859864 -122.19300079345702 21.5131950378418 2.1366666555404668 0.027083333581686023 0.36073566973209387 35.890781402587898 -82.058330535888658 -80.748550415039048 16.372917175292972 -1.2314052581787107 1.6027083396911623
decision_type=2 2 2 2 2 2 2 2 2 2 2 2 2 2 2 2 2 2 2 2 2 2 2 2 2 2
left_child=15 7 3 -3 10 -4 17 25 18 13 -5 12 -12 -10 16 -1 -11 -7 -9 -20 -21 -17 23 -23 -13 -2
right_child=1 2 5 4 -6 6 -8 8 9 14 11 24 -14 -15 -16 21 -18 -19 19 20 -22 22 -24 -25 -26 -27
leaf_value=-1.6012398320520839e-05 -6.7354632001456679e-13 6.9747846467984388e-15 -1.4828369088963521e-11 0 1.6427199934559528e-09 -1.4873488632686381e-11 9.0057202978997604e-11 7.6259872148628644e-23 0 0 0 0 0 0 2.3433056441762844e-10 1.0987857724165687e-06 0 -1.487872751709719e-11 -1.4767545973062424e-11 0 -7.1436974487396599e-10 6.501031396683355e-08 2.9772818528016958e-10 -1.1500042965841673e-09 0 6.9526836585443143e-15
leaf_weight=141.29999566078186 103.59999883174896 99.299998819828033 751.09999138116837 94.999998509883881 77.599999070167542 82.799999475479126 155.69999849796295 666.59999150037766 83.399999022483826 143.09999817609787 104.99999850988388 382.89999544620514 79.399998962879181 95.799998581409454 162.39999830722809 6932.0998369455338 127.49999892711639 110.69999843835831 345.59999597072601 108.99999862909317 83.099999308586121 130.39999783039093 558.9999942779541 103.99999839067459 993.49998551607132 1777.5999795198441
leaf_count=127 128 123 891 116 92 96 165 820 106 179 130 463 100 124 186 6079 147 141 420 136 95 178 676 130 1261 2166
internal_value=-0.000948179 -0.00235174 -0.0045071 -0.00669587 -0.00709644 -0.000859441 -0.00257636 -0.000641575 -0.00128561 -0.00266312 -0.00743128 -0.00764097 -0.00526044 -0.00605563 -0.00125205 0.000234873 -0.00217073 -0.0048187 -0.000584095 -0.00131572 -0.00259417 0.000272329 -0.000459069 -0.00206478 -0.00795729 -1.92615e-05
internal_weight=14497.5 6630.7 2933 1832.7 1733.4 1100.3 349.2 3697.7 1816.5 612.2 1655.8 1560.8 184.4 179.2 433 7866.8 270.6 193.5 1204.3 537.7 192.1 7725.5 793.4 234.4 1376.4 1881.2
internal_count=15275 8085 3578 2285 2162 1293 402 4507 2213 742 2070 1954 230 230 512 7190 326 237 1471 651 231 7063 984 308 1724 2294
is_linear=0
shrinkage=0.0103578


Tree=184
num_leaves=27
num_cat=0
split_feature=30 7 29 6 30 6 5 2 30 2 11 30 29 10 29 30 30 1 5 30 9 30 29 29 11 6
split_gain=222.696 222.065 212.652 43.6655 30.2786 17.6445 21.1173 20.1322 20.7319 14.9711 13.1493 23.9028 8.00165 7.94542 6.93133 5.10075 4.37162 3.18633 3.0642 2.73761 2.11901 2.05422 1.92332 7.40875 11.4086 1.58827
threshold=-79.298500061035142 0.24791666865348819 35.906902313232429 0.4812499880790711 -78.715290069580064 0.85208335518836986 0.49187451601028448 -1.1267856955528257 -79.125286102294908 -1.2974767088890073 20.03055572509766 -78.705310821533189 35.633329391479499 46.770833969116218 35.898796081542976 -79.107582092285142 -122.19300079345702 25.466964721679691 0.3047557026147843 -79.053211212158189 311.11805725097662 -118.89915084838866 38.441310882568366 36.361949920654304 14.838194370269777 0.13958333432674411
decision_type=2 2 2 2 2 2 2 2 2 2 2 2 2 2 2 2 2 2 2 2 2 2 2 2 2 2
left_child=16 5 3 -3 9 20 17 -8 -9 13 -4 19 -11 -5 -10 -15 -1 -7 -17 -12 25 -18 23 -23 -25 -2
right_child=1 2 10 4 -6 6 7 8 14 12 11 -13 -14 15 -16 18 21 -19 -20 -21 -22 22 -24 24 -26 -27
leaf_value=-1.3936949961334542e-05 7.6212612502495701e-11 6.9025409701674304e-15 -1.4719898815125484e-11 0 0 -7.136901044066508e-21 7.8091488889531461e-19 0 0 0 -1.4618673435564395e-11 8.9203830962029703e-11 0 0 -1.4833607973374333e-11 0 0.0024970735126830846 -1.4614586151370843e-11 0 -2.6516216202293887e-11 -7.6793484981222115e-17 2.9464454866150119e-10 2.677680044648465e-11 -0.0003429398340238868 -4.1641744805818087e-07 -6.4971133899003706e-13
leaf_weight=148.29999548196793 864.69998919963837 89.799999117851257 757.19999074935913 87.599999248981476 88.599998772144318 584.89999258518219 139.29999816417694 140.99999809265137 142.0999983549118 156.49999797344208 89.799999237060547 168.69999861717224 1002.8999856710434 197.39999729394913 88.799998998641968 87.699999153614044 4452.9998522996902 88.499999284744263 106.69999885559082 90.199998736381531 94.899999022483826 653.49998718500137 2387.6999821066856 129.59999907016754 270.29999965429306 1609.4999822974205
leaf_count=131 1047 110 908 102 110 713 167 182 173 195 108 179 1271 248 102 99 3472 103 127 112 113 637 2687 138 267 1955
internal_value=-0.000887818 -0.00228601 -0.00442633 -0.00660525 -0.00697123 -0.000618762 -0.00166427 -0.00325043 -0.0045068 -0.00729005 -0.000844045 -0.00250665 -0.00793102 -0.0057315 -0.00258264 -0.00636383 0.00027299 -0.000457816 -0.00513407 -0.00512591 -0.000136259 0.000306175 0.000115911 -0.000252461 -0.00136213 -7.7636e-05
internal_weight=14719.2 6676.8 2923.1 1817.2 1727.4 3753.7 1184.6 511.2 371.9 1638.8 1105.9 348.7 1159.4 479.4 230.9 391.8 8042.4 673.4 194.4 180 2569.1 7894.1 3441.1 1053.4 399.9 2474.2
internal_count=15456 8124 3569 2262 2152 4555 1440 624 457 2042 1307 399 1466 576 275 474 7332 816 226 220 3115 7201 3729 1042 405 3002
is_linear=0
shrinkage=0.0103578


Tree=185
num_leaves=27
num_cat=0
split_feature=30 7 29 6 30 6 5 2 29 11 30 2 29 4 8 30 30 29 4 5 30 4 4 5 30 29
split_gain=211.906 254.378 220.501 45.3255 28.2524 16.4294 26.635 23.2152 22.8203 14.4321 22.0179 13.0692 10.7844 11.3568 5.55133 4.20547 3.93068 3.47978 4.88234 1.77416 3.7921 4.26778 1.80733 2.00253 1.4693 2.96098
threshold=-79.298500061035142 0.24791666865348819 35.906902313232429 0.4812499880790711 -78.695117950439439 0.88124999403953563 0.49187451601028448 -1.1715061664581297 35.880222320556648 20.03055572509766 -78.705310821533189 -5.0095753669738761 35.628938674926765 3.0914583206176762 1.0000000180025095e-35 -79.12176132202147 -122.19300079345702 35.725976943969734 2.5856250524520878 0.11410935595631601 -79.063835144042955 3.3318749666213994 2.1250000000000004 0.48767988383769995 -117.08349990844725 39.185613632202156
decision_type=2 2 2 2 2 2 2 2 2 2 2 2 2 2 2 2 2 2 2 2 2 2 2 2 2 2
left_child=16 5 3 -3 11 19 -7 -8 15 -4 14 -5 13 -13 -11 -9 -1 -14 -19 20 -2 -22 23 -21 25 -18
right_child=1 2 9 4 -6 6 7 8 -10 10 -12 12 17 -15 -16 -17 24 18 -20 22 21 -23 -24 -25 -26 -27
leaf_value=-1.6030033124596881e-05 1.3046969889839861e-14 6.8931861591492918e-15 -1.4522312971166503e-11 0 -7.9627419598349239e-09 -7.0629781923535566e-21 7.7282630042031586e-19 0 0 -1.4462070990320702e-11 8.8200446559353866e-11 0 0 0 -1.4467309874731512e-11 -7.8988726138754343e-25 0.0024712092343563063 0 0 -1.4724527825132773e-11 -1.4858834219133638e-11 -1.6755622069879962e-12 6.7296036013155436e-15 6.7296036013155436e-15 1.9415881596461754e-11 -0.0019386534308418978
leaf_weight=148.39999532699585 156.399997651577 89.599999070167542 747.79999130964279 99.899998724460602 81.799999177455902 654.39999198913574 154.69999796152115 136.49999833106995 114.29999887943268 100.19999873638153 157.19999873638153 109.39999860525131 768.39998841285706 78.699998915195465 90.699999034404755 111.89999878406525 4487.1998502016068 146.89999896287918 426.39999413490295 114.09999871253967 80.599999070167542 99.099998950958252 2016.7999780774117 97.499998807907104 3199.3999765515327 121.09999620914459
leaf_count=130 198 110 894 123 100 794 185 175 135 124 170 134 990 99 109 135 3490 165 528 143 100 121 2436 119 3530 103
internal_value=-0.000846014 -0.00221306 -0.00451627 -0.00674479 -0.00712064 -0.000426702 -0.00144248 -0.00319732 -0.00462836 -0.000851742 -0.00259206 -0.00741877 -0.00765666 -0.00529535 -0.00495067 -0.00638774 0.000293766 -0.00798502 -0.00733689 3.74906e-05 -0.000663137 -0.0016878 0.000143494 -0.000765454 0.000325587 0.000444023
internal_weight=14589.4 6633.3 2897 1801.1 1711.5 3736.3 1171.8 517.4 362.7 1095.9 348.1 1629.7 1529.8 188.1 190.9 248.4 7956.1 1341.7 573.3 2564.5 336.1 179.7 2228.4 211.6 7807.7 4608.3
internal_count=15340 8087 3546 2249 2139 4541 1424 630 445 1297 403 2039 1916 233 233 310 7253 1683 693 3117 419 221 2698 262 7123 3593
is_linear=0
shrinkage=0.0103578


Tree=186
num_leaves=27
num_cat=0
split_feature=30 7 29 6 30 2 11 30 29 3 6 30 12 9 30 3 29 6 3 2 9 2 3 29 11 6
split_gain=200.028 259.406 215.214 51.0063 42.0535 14.7391 13.9914 22.69 8.40817 11.6115 6.84414 9.84895 23.6686 5.36243 3.90046 3.74808 4.63018 3.74217 3.31921 2.02025 2.73809 2.01361 1.57325 1.81544 2.68492 1.47613
threshold=-79.298500061035142 0.24791666865348819 35.906902313232429 0.4812499880790711 -78.695117950439439 -5.4933619499206534 20.03055572509766 -78.72967147827147 35.628938674926765 2.7408334016799931 0.85208335518836986 -79.146400451660142 3.4562499523162846 311.11805725097662 -122.19300079345702 2.3213194608688359 35.719533920288093 1.3145833611488345 2.2500694990158085 -4.4611153602600089 167.0138854980469 -2.0923395156860347 1.6027083396911623 35.975336074829109 20.377082824707035 0.96458330750465404
decision_type=2 2 2 2 2 2 2 2 2 2 2 2 2 2 2 2 2 2 2 2 2 2 2 2 2 2
left_child=14 10 3 -3 5 -5 -4 18 9 -7 13 12 17 22 -1 16 -10 -12 -8 20 -16 -17 -2 -24 -25 -13
right_child=1 2 6 4 -6 8 7 -9 15 -11 11 25 -14 -15 19 21 -18 -19 -20 -21 -22 -23 23 24 -26 -27
leaf_value=-1.3626556860285803e-05 -4.9898225794059354e-13 6.7596470888377095e-15 -1.4371893232729875e-11 0 -7.8802649882875562e-09 0 -1.4317459849356114e-11 8.7286880784549713e-11 0 0 0 -1.1028593060579593e-08 -6.7226047527070052e-17 -6.8908717196389369e-17 3.2141561243653605e-07 0 0 6.8196789618545886e-19 -1.4317405585849721e-11 6.5024085193820188e-08 -0.00026556865831746027 0 6.6598994697834728e-15 -1.4514774293282801e-11 -1.4821709189493738e-11 -6.9898210214272161e-21
leaf_weight=150.89999532699585 115.89999848604202 107.19999879598618 773.89999151229858 80.599998772144318 87.699998676776886 101.09999853372574 86.199999213218689 158.09999912977219 252.89999634027481 78.799998939037323 79.999998927116394 117.7999986410141 112.29999846220016 85.199999034404755 205.59999525547028 137.79999834299088 215.29999792575836 140.79999816417694 87.899998605251312 7415.5998326539993 133.79999852180481 769.89998835325241 1502.9999819993973 710.59999263286591 112.09999930858612 731.89999234676361
leaf_count=133 143 132 923 100 107 125 102 169 319 98 104 144 145 104 182 168 247 180 113 6762 140 983 1848 838 129 859
internal_value=-0.000815842 -0.00214012 -0.00443929 -0.0066177 -0.00704862 -0.00742299 -0.000830695 -0.00260682 -0.00764721 -0.00549636 -0.000319039 -0.00096911 -0.00247732 -1.44232e-05 0.000297583 -0.00792575 -0.00713144 -0.000501562 -0.00518016 0.000329756 -0.00045059 -0.0083303 7.48129e-05 0.000133774 -0.000256967 -0.000376107
internal_weight=14552.9 6647 2937.4 1831.3 1724.1 1636.4 1106.1 332.2 1555.8 179.9 3709.6 1182.8 333.1 2526.8 7905.9 1375.9 468.2 220.8 174.1 7755 339.4 907.7 2441.6 2325.7 822.7 849.7
internal_count=15297 8080 3586 2279 2147 2040 1307 384 1940 223 4494 1432 429 3062 7217 1717 566 284 215 7084 322 1151 2958 2815 967 1003
is_linear=0
shrinkage=0.0103578


Tree=187
num_leaves=27
num_cat=0
split_feature=30 8 29 6 29 10 11 30 4 29 2 30 29 30 11 6 4 12 29 29 4 30 12 9 29 30
split_gain=185.561 179.029 158.907 97.8977 35.9103 28.5745 21.0747 36.0649 20.4346 12.0397 10.538 10.1643 10.7076 8.44439 7.27385 7.13771 6.92958 5.28681 5.27277 3.9875 3.87793 3.35876 2.38659 2.3699 1.95476 1.71902
threshold=-82.058330535888658 2.5000000000000004 35.906902313232429 0.4812499880790711 35.61804389953614 49.909723281860359 16.372917175292972 -80.495098114013658 3.3093750476837163 36.020755767822273 -1.1715061664581297 -79.290195465087876 35.633329391479499 -79.010993957519517 20.25625038146973 0.889583319425583 3.4331250190734868 3.5229166746139531 40.784446716308601 35.88811111450196 2.7627083063125615 -122.19300079345702 1.6437500119209292 147.22222137451175 39.894470214843757 -118.89915084838866
decision_type=2 2 2 2 2 2 2 2 2 2 2 2 2 2 2 2 2 2 2 2 2 2 2 2 2 2
left_child=21 2 3 -2 8 15 -4 -8 20 -9 16 12 -3 14 18 -6 23 -17 -11 22 -5 -1 -12 -7 -14 -23
right_child=1 11 6 4 5 10 7 9 -10 13 19 -13 24 -15 -16 17 -18 -19 -20 -21 -22 25 -24 -25 -26 -27
leaf_value=-1.2190011539518761e-05 6.8641889435674012e-15 -3.8211705767617773e-10 6.4350484588551314e-08 0 0 -3.6330472678904188e-10 -1.8120800176957344e-09 -1.515920764025153e-11 1.7297512615179586e-14 3.6251224212525994e-07 0 -6.9174216004913468e-21 -3.1723840327360276e-05 1.8168939872184322e-11 -1.4169161945992302e-11 0 0 0 -1.7632506314132968e-10 -7.7597222712599642e-17 0 0.0024456121804780433 0 -2.394445160172538e-10 -6.5429404589182462e-10 9.9534039049837929e-08
leaf_weight=160.79999488592148 291.89999651908875 85.599999129772186 710.29999083280563 97.299999415874481 105.69999849796295 92.099998891353607 104.39999812841415 159.99999845027924 133.19999819993973 131.69999843835831 638.09999048709869 2971.5999640822411 81.099998891353607 432.69999706745148 97.299998819828033 91.099999189376831 95.699998795986176 85.299998998641968 81.399999737739563 84.099999248981476 83.999998688697815 4350.9998555183411 313.29999566078186 268.59999620914459 155.19999831914902 2605.1999781727791
leaf_count=140 365 96 885 111 129 109 134 190 166 165 817 3610 103 471 123 111 123 107 94 101 108 3392 393 322 194 2712
internal_value=-0.000905571 -0.00205492 -0.00349985 -0.00523223 -0.00601734 -0.00658954 -0.00109807 -0.00206099 -0.00278236 -0.00139154 -0.00716191 -0.000256533 -0.00200318 -0.000834351 -0.00213638 -0.00355272 -0.00582845 -0.00226155 -0.001057 -0.00774572 -0.00504 0.000288153 -0.00794153 -0.00648891 -0.000859018 0.000322447
internal_weight=14508.7 7391.7 4098.2 2380.4 2088.5 1774 1717.8 1007.5 314.5 903.1 1491.9 3293.5 321.9 743.1 310.4 282.1 456.4 176.4 213.1 1035.5 181.3 7117 951.4 360.7 236.3 6956.2
internal_count=15271 9027 5024 2962 2597 2212 2062 1177 385 1043 1865 4003 393 853 382 347 554 218 259 1311 219 6244 1210 431 297 6104
is_linear=0
shrinkage=0.0103578


Tree=188
num_leaves=27
num_cat=0
split_feature=30 7 29 2 29 11 30 4 30 30 11 29 29 4 6 30 29 11 11 10 30 29 0 13 10 3
split_gain=137.547 181.751 130.094 108.705 38.4737 19.951 21.4738 13.9679 12.8188 13.1214 10.9295 10.212 20.0503 12.0874 5.72716 5.60455 4.68284 3.17609 3.16333 2.75611 2.62604 5.35451 2.15351 1.52681 2.95512 2.58886
threshold=-82.058330535888658 0.24791666865348819 35.88811111450196 -1.2314052581787107 35.626596450805671 16.290972709655765 -78.739860534667955 3.4452083110809331 -79.298500061035142 -79.408752441406236 3.0208332538604741 35.914943695068366 36.046298980712898 3.5581250190734868 0.53125000000000011 -122.19300079345702 35.635671615600593 16.372917175292972 19.89374923706055 65.034721374511733 -79.025478363037095 35.838500976562507 25.779861450195316 58.518749237060554 18.173610687255863 1.7304860949516299
decision_type=2 2 2 2 2 2 2 2 2 2 2 2 2 2 2 2 2 2 2 2 2 2 2 2 2 2
left_child=15 8 3 10 7 -4 11 22 9 17 -3 -7 -13 18 -6 -1 -12 -2 -14 -18 -16 -22 -5 -10 -25 -26
right_child=1 2 5 4 14 6 -8 -9 23 -11 16 12 13 -15 20 -17 19 -19 -20 -21 21 -23 -24 24 25 -27
leaf_value=-1.3359153074556896e-05 -5.9904107976372487e-06 0 8.0373931941920818e-19 -2.0111856232575144e-16 -3.8024281752262402e-10 -7.6793483393180439e-17 -1.500219105118059e-11 -2.39444699162281e-10 6.9631638604866316e-19 -3.7815915179837813e-10 -3.7963713172100575e-10 -2.5786455887005023e-11 -6.4374072638754524e-10 -1.3176004884013701e-09 0 1.0856997848635108e-06 0 -6.4874224260142732e-10 -6.4383828738476267e-10 2.4801270665982294e-12 0 0 0 -1.6582759902460686e-12 -4.938138813938629e-13 7.1649519595652834e-23
leaf_weight=153.29999524354935 195.09999793767929 89.699998795986176 649.89999181032181 81.099998772144318 77.299998760223389 115.69999915361404 325.69999802112579 93.399998784065247 1186.499983727932 91.699998617172241 86.69999885559082 112.19999837875366 148.49999862909317 137.29999804496765 674.59998977184296 7022.6998324394226 119.29999905824661 108.49999892711639 102.59999871253967 241.39999663829803 110.29999911785126 149.59999769926071 81.39999908208847 135.89999848604202 231.99999749660492 2104.5999777317047
leaf_count=137 247 117 801 103 101 131 353 114 1491 109 101 140 181 175 872 6139 139 129 128 294 129 190 94 161 274 2526
internal_value=-0.000710447 -0.00169612 -0.00346329 -0.00536673 -0.00702089 -0.00130387 -0.00226658 -0.00341931 -0.000215195 -0.00198577 -0.0014584 -0.00340261 -0.00404316 -0.0029196 -0.00792895 0.00031299 -0.000792834 -0.000942568 -0.00156003 -0.000270204 -0.00815645 -0.00720028 -0.00524884 -2.35183e-05 -0.000170187 -8.34477e-05
internal_weight=14627 7451 3396.7 1804.8 1267.7 1591.9 942 255.9 4054.3 395.3 537.1 616.3 500.6 388.4 1011.8 7176 447.4 303.6 251.1 360.7 934.5 259.9 162.5 3659 2472.5 2336.6
internal_count=15376 9100 4163 2254 1603 1909 1108 311 4937 485 651 755 624 484 1292 6276 534 376 309 433 1191 319 197 4452 2961 2800
is_linear=0
shrinkage=0.0103578


Tree=189
num_leaves=27
num_cat=0
split_feature=30 7 29 2 29 6 30 30 30 4 11 30 29 29 0 30 4 4 29 11 29 6 30 29 29 11
split_gain=105.597 148.367 96.2131 87.2112 68.7632 45.6826 17.4684 15.8873 15.9959 11.2352 8.90052 10.2395 9.24172 14.0227 6.46116 5.3596 5.22671 4.36807 2.48105 2.38943 2.73234 1.74494 1.39923 4.09873 1.19079 4.08292
threshold=-82.058330535888658 0.24791666865348819 35.88811111450196 -1.1715061664581297 35.626596450805671 0.53125000000000011 -80.748550415039048 -79.298500061035142 -79.311107635498033 3.342499971389771 17.145138740539554 -78.705310821533189 35.914943695068366 36.046298980712898 25.779861450195316 -122.19300079345702 4.2393751144409189 3.5581250190734868 35.642248153686531 16.453472137451175 41.00056457519532 0.76874998211860668 -79.025478363037095 35.838500976562507 35.904197692871101 20.377082824707035
decision_type=2 2 2 2 2 2 2 2 2 2 2 2 2 2 2 2 2 2 2 2 2 2 2 2 2 2
left_child=15 7 3 9 14 -6 -4 8 19 18 21 12 -12 -14 -5 -1 -11 -15 -3 20 -2 -8 -7 -24 -9 -26
right_child=1 2 6 4 5 22 10 24 -10 16 11 -13 13 17 -16 -17 -18 -19 -20 -21 -22 -23 23 -25 25 -27
leaf_value=-1.3220781155758597e-05 -9.3506753281292644e-05 -3.7442198873987906e-10 -1.3549462910778697e-09 -1.9903540920821054e-16 -3.7630432471726167e-10 0 -2.2488331706776625e-08 1.4331498806936393e-22 -3.7424224126120217e-10 0 7.9541431923237091e-19 -5.8859322902500888e-10 -2.5519364001750095e-11 -1.5953562188543437e-10 0 1.0744542843716732e-06 0 -1.6085122704145946e-10 2.4544383167835128e-12 -6.490133179334973e-10 1.2573173817664412e-07 7.9541431923237091e-19 0 0 7.1009495949579272e-11 -1.4696601955058842e-11
leaf_weight=152.39999532699585 79.599999129772186 83.399998962879181 114.09999793767929 150.49999785423279 83.19999885559082 641.99999058246613 146.29999840259552 2437.3999706506729 81.799998939037323 77.69999885559082 101.69999933242798 280.9999977350235 113.09999883174896 194.09999805688858 100.29999893903732 6949.7998378872871 78.89999908208847 90.999998807907104 295.59999638795853 109.89999878406525 131.79999876022339 513.29999369382858 106.59999889135361 157.89999753236771 1135.8999880552292 162.99999910593033
leaf_count=136 100 98 151 191 106 826 175 3016 94 99 115 302 139 235 115 6092 99 112 354 131 166 631 126 199 1341 186
internal_value=-0.000594228 -0.00145392 -0.00308106 -0.0047278 -0.00623552 -0.00746268 -0.00119838 -0.000144334 -0.00209648 -0.00123211 -0.000887917 -0.00163578 -0.00252422 -0.00323513 -0.00138532 0.000309986 -0.00356072 -0.00200162 -0.000264954 -0.0010489 -0.000400175 -1.24497e-06 -0.00813646 -0.00741021 6.64521e-05 -0.000186632
internal_weight=14572.3 7470.1 3330.7 1776.1 1240.5 989.7 1554.6 4139.4 403.1 535.6 1440.5 780.9 499.9 398.2 250.8 7102.2 156.6 285.1 379 321.3 211.4 659.6 906.5 264.5 3736.3 1298.9
internal_count=15335 9107 4073 2213 1563 1257 1860 5034 491 650 1709 903 601 486 306 6228 198 347 452 397 266 806 1151 325 4543 1527
is_linear=0
shrinkage=0.0103578


Tree=190
num_leaves=27
num_cat=0
split_feature=30 7 29 2 29 6 11 30 11 30 30 30 29 29 1 30 30 29 11 10 29 11 1 3 29 30
split_gain=103.879 141.39 105.693 80.5462 65.8701 44.0461 16.4033 16.605 14.299 9.48504 11.2096 7.49902 7.62304 24.206 5.87644 3.64561 3.1742 3.09527 2.00232 1.76748 1.23331 3.99223 1.5845 1.4014 1.22612 1.07822
threshold=-82.058330535888658 0.24791666865348819 35.88811111450196 -1.2314052581787107 35.626596450805671 0.53125000000000011 16.290972709655765 -80.461536407470689 3.0208332538604741 -79.298500061035142 -79.408752441406236 -78.705310821533189 35.914943695068366 36.046298980712898 26.182440757751468 -122.19300079345702 -79.261032104492173 41.268846511840827 16.372917175292972 65.715278625488295 35.904197692871101 20.377082824707035 7.2830357551574716 1.6027083396911623 35.654365539550788 -118.89915084838866
decision_type=2 2 2 2 2 2 2 2 2 2 2 2 2 2 2 2 2 2 2 2 2 2 2 2 2 2
left_child=15 9 3 8 14 -6 -4 -8 -3 10 18 12 -9 -14 -5 -1 -10 -15 -2 -18 22 -22 -11 -24 -7 -17
right_child=1 2 6 4 5 24 7 11 16 20 -12 -13 13 17 -16 25 19 -19 -20 -21 21 -23 23 -25 -26 -27
leaf_value=-1.4993437031459409e-05 -2.0048755959226778e-06 0 7.8717554803351052e-19 -1.8432033125989704e-12 -3.7240662617509921e-10 -3.8211744193263118e-10 -1.3409119793876955e-09 -7.6006307845146935e-17 -3.7182671089543327e-10 -7.9332022710985878e-13 -3.7036590144162823e-10 -2.2255401251419706e-08 -1.4582475422946359e-11 -5.5779525229864751e-12 0 0.00242025855567695 -2.5422669952950404e-14 -6.072413015919775e-10 -6.4229094431992243e-10 2.4290156468305626e-12 -7.3550473207319622e-13 -1.454437695988236e-11 -4.9640837397774883e-13 2.9197295997132271e-22 0 7.6815275397395772e-08
leaf_weight=144.39999538660049 186.39999783039093 86.799998879432678 630.19999146461487 169.19999748468399 86.199998795986176 181.69999754428864 104.29999852180481 136.39999884366989 83.299998760223389 100.39999836683273 94.399998903274536 279.69999760389328 117.59999859333038 205.79999756813049 85.799999237060547 4378.1998544335365 121.99999892711639 79.999999344348907 91.799999117851257 245.29999697208405 1175.2999861240387 147.59999895095825 108.9999988079071 2148.7999732494354 737.39998936653137 2616.7999781370163
leaf_count=126 240 114 786 214 110 219 131 156 99 128 112 307 144 256 98 3414 144 94 108 297 1387 170 134 2672 940 2718
internal_value=-0.000576463 -0.00143591 -0.0030097 -0.00471951 -0.00615082 -0.00734303 -0.00103047 -0.00190904 -0.0013591 -0.000134317 -0.00170784 -0.00141063 -0.00212324 -0.00283811 -0.00144321 0.000314986 -0.000613649 -0.00120335 -0.000655777 -0.000196936 2.50793e-05 -0.000227857 0.00016717 0.000224044 -0.00800663 0.000348702
internal_weight=14544.8 7405.4 3351.7 1797.7 1260.3 1005.3 1554 923.8 537.4 4053.7 372.6 819.5 539.8 403.4 255 7139.4 450.6 285.8 278.2 367.3 3681.1 1322.9 2358.2 2257.8 919.1 6995
internal_count=15318 9060 4109 2235 1581 1269 1874 1088 654 4951 460 957 650 494 312 6258 540 350 348 441 4491 1557 2934 2806 1159 6132
is_linear=0
shrinkage=0.0103578


Tree=191
num_leaves=27
num_cat=0
split_feature=30 7 29 29 6 4 12 13 30 30 30 4 30 7 11 30 29 29 1 7 29 30 11 30 5 4
split_gain=79.2676 105.212 69.2338 62.3911 30.6568 24.6209 19.1853 21.3752 18.103 13.7294 11.7585 10.5532 9.99694 9.07298 8.76798 7.76124 7.35628 20.1894 7.22855 6.44614 3.69937 2.87212 2.66883 1.67076 1.51876 2.42657
threshold=-82.058330535888658 0.24791666865348819 35.88811111450196 35.654365539550788 0.53125000000000011 3.4706250429153447 5.0062499046325692 86.99375152587892 -80.748550415039048 -79.298500061035142 -79.298500061035142 2.0189583301544194 -79.408752441406236 0.60208335518836986 17.220832824707035 -78.705310821533189 35.914943695068366 36.046298980712898 26.182440757751468 0.44791665673255926 40.784446716308601 -122.19300079345702 16.372917175292972 -79.142883300781236 0.10271408781409265 3.1441665887832646
decision_type=2 2 2 2 2 2 2 2 2 2 2 2 2 2 2 2 2 2 2 2 2 2 2 2 2 2
left_child=21 10 3 9 -5 6 7 13 -4 -3 12 -9 22 -6 -10 16 -16 -18 -11 -7 -19 -1 -2 -12 25 -25
right_child=1 2 8 4 5 19 -8 11 14 18 23 -13 -14 -15 15 -17 17 20 -20 -21 -22 -23 -24 24 -26 -27
leaf_value=-1.1633139228992502e-05 -4.3651203075018187e-06 -3.7815953207476625e-10 -1.2760484812314978e-09 1.5074431575887892e-14 2.4038563007277644e-12 0 0 -2.5159346102798154e-14 7.7902211267689733e-19 7.1081731535667076e-19 6.7504526370574509e-19 0 -3.6652971211481046e-10 0 1.5744364319092683e-18 2.4653458287198423e-10 -2.5103995719227395e-11 -5.5201770046385763e-12 0 0 -1.528187393780682e-10 1.0625296228942386e-06 -6.3563819995085113e-10 -1.5092319126588335e-11 6.7156827224972189e-23 7.9681202065642217e-19
leaf_weight=136.89999568462372 192.09999787807465 96.699998736381531 111.59999805688858 91.499998807907104 83.099998712539673 79.199999153614044 89.899998664855957 100.89999884366989 691.99999141693115 381.59999525547028 1013.9999862909317 263.69999629259109 91.099998652935028 85.299998879432678 103.59999912977219 254.19999796152115 118.09999877214432 187.69999772310257 110.29999852180481 361.59999459981918 80.299999237060547 7022.1998332738876 99.799999296665192 105.09999859333038 2483.7999739646912 160.49999815225601
leaf_count=119 243 111 146 113 99 96 109 125 852 480 1302 331 109 107 120 274 143 235 133 468 95 6152 118 129 2946 195
internal_value=-0.000449667 -0.00119849 -0.00258105 -0.00399601 -0.00539414 -0.00588881 -0.00455394 -0.00529978 -0.000985453 -0.00124873 -0.000100755 -0.00670907 -0.00182842 -0.00223377 -0.000671774 -0.00145203 -0.00221356 -0.0028704 -0.000543993 -0.00776589 -0.00129043 0.000328275 -0.000887664 7.5206e-05 -5.72111e-05 -0.000800841
internal_weight=14596.8 7437.7 3291.3 1743.8 1155.2 1063.7 622.9 533 1547.5 588.6 4146.4 364.6 383 168.4 1435.9 743.9 489.7 386.1 491.9 440.8 268 7159.1 291.9 3763.4 2749.4 265.6
internal_count=15350 9079 4037 2172 1448 1335 771 662 1865 724 5042 456 470 206 1719 867 593 473 613 564 330 6271 361 4572 3270 324
is_linear=0
shrinkage=0.0103578


Tree=192
num_leaves=27
num_cat=0
split_feature=30 7 29 2 29 6 30 11 30 30 4 11 29 29 30 1 30 11 30 7 29 1 12 29 29 11
split_gain=76.1568 85.7183 61.1402 65.9764 90.523 22.5203 16.1341 13.4857 10.8602 14.8699 10.2493 8.41445 9.05361 19.6081 8.17681 7.25976 4.21359 3.17686 2.69351 2.16251 1.75619 1.46875 4.02143 1.89826 4.06811 2.79382
threshold=-82.058330535888658 0.24791666865348819 35.88811111450196 -1.1715061664581297 35.654365539550788 0.71458330750465404 -80.748550415039048 3.0208332538604741 -79.298500061035142 -79.311107635498033 2.308333277702332 17.070138931274418 36.046298980712898 35.975336074829109 -79.294250488281236 26.182440757751468 -122.19300079345702 16.372917175292972 -79.010993957519517 0.56041666865348827 35.633329391479499 22.899106979370121 -7.410416603088378 35.975336074829109 36.046298980712898 18.458333015441898
decision_type=2 2 2 2 2 2 2 2 2 2 2 2 2 2 2 2 2 2 2 2 2 2 2 2 2 2
left_child=16 8 3 7 14 -6 -4 -3 9 17 -7 -8 13 -13 -5 -16 -1 -2 19 -14 -9 -10 -23 25 -25 -24
right_child=1 2 6 4 5 10 11 20 21 -11 -12 12 18 -15 15 -17 -18 -19 -20 -21 -22 22 23 24 -26 -27
leaf_value=-1.1512645078818476e-05 -4.3199071065329032e-06 -7.362529292989683e-21 -1.3138059316963323e-09 -3.7424261759874977e-10 0 0 7.7095312926785858e-19 -3.6405847626761382e-10 6.8210753812154158e-19 -3.6273325740852311e-10 0 1.5581286773013695e-18 -1.4241135999818619e-10 -1.4171300930027791e-11 1.9095735290379734e-14 0 1.0515241151439064e-06 -1.3084355781679373e-09 2.578201019144638e-10 -1.5293781579456313e-10 2.6332385015225198e-16 -1.4935995357782987e-11 -4.7504255219651634e-13 -1.5924936533588055e-11 -1.3841233304298809e-11 5.816821742369224e-18
leaf_weight=156.09999513626099 212.7999974489212 83.499998867511749 104.4999982714653 79.299999177455902 109.49999850988388 84.999998986721039 649.69999194145203 83.599998891353607 2007.1999733448029 79.799998760223389 584.49999153614044 126.49999928474426 109.69999873638153 137.69999843835831 253.9999965429306 96.499998807907104 7034.1998329758644 111.49999862909317 277.19999802112579 119.49999850988388 367.69999575614929 81.69999897480011 407.89999610185623 118.39999890327454 360.89999705553055 730.99999272823334
leaf_count=137 274 111 139 93 139 104 789 98 2492 90 745 143 135 165 320 117 6170 137 300 151 439 101 485 140 409 874
internal_value=-0.000451098 -0.00119025 -0.00244211 -0.0037667 -0.00510643 -0.00721079 -0.00092634 -0.000735567 -0.000194723 -0.00180591 -0.00792348 -0.000635994 -0.00136771 -0.00292033 -0.00128687 -0.000602892 0.000307492 -0.000814439 -0.000554484 -0.00138392 -2.5085e-05 -1.87294e-05 -0.000242821 -0.000128928 -0.000675482 0.000100939
internal_weight=14569.9 7379.6 3268.4 1743.6 1208.8 779 1524.8 534.8 4111.2 404.1 669.5 1420.3 770.6 264.2 429.8 350.5 7190.3 324.3 506.4 229.2 451.3 3707.1 1699.9 1618.2 479.3 1138.9
internal_count=15297 8990 3988 2166 1518 988 1822 648 5002 501 849 1683 894 308 530 437 6307 411 586 286 537 4501 2009 1908 549 1359
is_linear=0
shrinkage=0.0103578


Tree=193
num_leaves=27
num_cat=0
split_feature=30 7 29 29 7 9 30 30 3 0 10 30 30 11 30 12 29 29 0 8 1 29 11 30 30 11
split_gain=78.4855 91.0467 53.465 48.7854 32.2414 20.4933 19.6732 16.1394 15.7966 11.7112 12.2409 10.7957 15.6049 10.4402 8.26496 7.82404 7.49477 21.137 7.09792 8.40296 5.7469 5.25681 3.14881 2.64015 2.4655 2.16902
threshold=-82.058330535888658 0.24791666865348819 35.88811111450196 35.654365539550788 0.79375001788139354 221.7013854980469 -80.748550415039048 -79.298500061035142 2.3438194990158085 24.856250762939457 69.576389312744155 -79.298500061035142 -79.311107635498033 17.070138931274418 -78.705310821533189 3.3812500238418584 35.914943695068366 36.046298980712898 22.339583396911625 1.0000000180025095e-35 26.182440757751468 41.191854476928718 16.372917175292972 -122.19300079345702 -79.142883300781236 16.453472137451175
decision_type=2 2 2 2 2 2 2 2 2 2 2 2 2 2 2 2 2 2 2 2 2 2 2 2 2 2
left_child=23 11 3 7 5 15 -4 -3 -6 -7 -11 12 22 -8 16 18 -15 -18 19 -5 -9 -19 -2 -1 -13 -26
right_child=1 2 6 4 8 9 13 20 -10 10 -12 24 -14 14 -16 -17 17 21 -20 -21 -22 -23 -24 -25 25 -27
leaf_value=-1.1050730806881935e-05 2.3446598573995131e-07 -3.703662738811331e-10 -1.2492231935410987e-09 0 0 0 7.6296772306695803e-19 1.8696826230539089e-14 0 -2.4901477183240315e-14 0 6.7511402951697275e-19 -3.5897612575807685e-10 1.5419898357438557e-18 -1.6364967060503147e-08 7.6259872148628644e-23 -2.4697188631352916e-11 -3.9968889910835445e-12 0 7.6259872148628644e-23 0 -1.5131134564247388e-10 -6.1550180227186287e-10 1.0406326006397228e-06 7.5971252501467237e-19 -1.3819935485313779e-11
leaf_weight=152.99999523162842 209.9999977350235 106.39999866485596 113.19999808073044 90.999998867511749 79.099999308586121 114.09999811649323 666.69999170303345 383.29999512434006 334.19999504089355 135.29999798536301 109.7999986410141 969.49998646974564 86.199999034404755 103.59999936819077 269.49999803304672 105.39999866485596 120.19999873638153 205.79999756813049 139.79999840259552 96.999998331069946 105.09999871253967 80.199999272823334 109.29999893903732 6915.3998354673386 1373.1999831795692 1312.4999871850014
leaf_count=132 268 122 150 114 97 149 813 481 426 169 136 1249 98 116 291 130 146 258 174 120 127 94 129 6058 1670 1531
internal_value=-0.00047761 -0.00122162 -0.00248283 -0.00369863 -0.00489591 -0.00366705 -0.00107777 -0.00126861 -0.00724266 -0.00549607 -0.00419953 -0.000177825 -0.00178004 -0.000750823 -0.00156449 -0.0021443 -0.00233938 -0.00297288 -0.00293258 -0.00160719 -0.00046898 -0.00143347 -0.000718691 0.000303424 5.48561e-08 -0.000161461
internal_weight=14488.8 7420.4 3359.7 1800.5 1205.7 792.4 1559.2 594.8 413.3 359.2 245.1 4060.7 405.5 1446 779.3 433.2 509.8 406.2 327.8 188 488.4 286 319.3 7068.4 3655.2 2685.7
internal_count=15248 9058 4113 2245 1515 992 1868 730 523 454 305 4945 495 1718 905 538 614 498 408 234 608 352 397 6190 4450 3201
is_linear=0
shrinkage=0.0103578


Tree=194
num_leaves=27
num_cat=0
split_feature=30 7 2 29 29 7 2 11 30 30 30 30 30 29 29 1 3 30 30 11 30 30 29 29 11 3
split_gain=68.8379 93.4742 49.7261 71.2065 82.9905 32.74 15.4998 12.9531 18.2804 10.5222 11.4907 9.33586 8.56617 8.11694 11.4579 7.38186 5.73766 3.31663 2.76042 2.38201 2.17451 1.88514 2.61729 6.33565 12.798 1.69425
threshold=-82.058330535888658 0.24791666865348819 -1.1715061664581297 35.88811111450196 35.654365539550788 0.41458332538604742 1.1120212078094485 16.290972709655765 -80.06703948974608 -79.298500061035142 -79.408752441406236 -79.269531249999986 -79.294250488281236 36.046298980712898 35.975336074829109 26.182440757751468 2.0636805295944218 -122.19300079345702 -79.04628753662108 16.372917175292972 -79.142883300781236 -118.89915084838866 38.376905441284187 36.361949920654304 13.474305629730226 1.6027083396911623
decision_type=2 2 2 2 2 2 2 2 2 2 2 2 2 2 2 2 2 2 2 2 2 2 2 2 2 2
left_child=17 9 11 4 12 6 -6 -5 -9 10 19 -3 -4 14 -10 -14 -7 -1 -15 -2 -11 -19 23 -23 -25 -22
right_child=1 2 3 7 5 16 -8 8 13 20 -12 -13 15 18 -16 -17 -18 21 -20 -21 25 22 -24 24 -26 -27
leaf_value=-1.0463696303490084e-05 -4.2775907767576074e-06 -5.6240544126573841e-10 -3.6653008069664796e-10 7.550650283951668e-19 0 0 5.8308110636035712e-18 -1.2872584959408067e-09 -3.3138890980827602e-11 6.6812130900912624e-19 -3.5525790986170183e-10 -1.9366594909927826e-16 1.870428613003498e-14 -1.4978645282822382e-10 -1.2771296667224851e-11 0 0 0.0023951572383653342 2.5799492342138921e-10 -1.2765155925913344e-09 -3.4383601035126679e-13 7.8398187940164689e-06 8.7420789287635688e-08 -0.00036016709343975105 -8.8563245141297739e-06 -2.2007614149498377e-20
leaf_weight=151.69999533891678 187.39999806880951 152.89999830722809 85.099999129772186 346.5999950170517 96.099998533725739 116.29999852180481 88.499998867511749 109.29999846220016 87.499999344348907 993.09998649358749 89.499998807907104 812.39999133348465 251.39999663829803 140.99999803304672 103.89999878406525 111.19999849796295 525.79999184608459 4449.4998524188995 274.29999756813049 94.69999897480011 119.59999895095825 425.99999022483826 1826.5999901890755 98.899998962879181 229.30000007152557 2608.2999713420868
leaf_count=133 234 185 99 442 125 143 111 139 101 1275 107 974 316 180 127 134 678 3471 303 111 138 386 1960 109 227 3111
internal_value=-0.000439762 -0.0011412 -0.00243745 -0.00325419 -0.00490478 -0.00684904 -0.00298872 -0.00127265 -0.00206789 -9.49687e-05 -0.00175557 -0.000458921 -0.00130954 -0.00136152 -0.0031235 -0.000611184 -0.00795459 0.000282445 -0.000545314 -0.000723864 7.09975e-05 0.000315226 9.22858e-05 -0.000420608 -0.0015012 -7.99647e-05
internal_weight=14576.9 7394.9 3302.3 2337 1274.4 826.7 184.6 1062.6 716 4092.6 371.6 965.3 447.7 606.7 191.4 362.6 642.1 7182 415.3 282.1 3721 7030.3 2580.8 754.2 328.2 2727.9
internal_count=15319 9033 4057 2898 1606 1057 236 1292 850 4976 452 1159 549 711 228 450 821 6286 483 345 4524 6153 2682 722 336 3249
is_linear=0
shrinkage=0.0103578


Tree=195
num_leaves=27
num_cat=0
split_feature=7 29 29 2 7 11 2 29 29 29 29 29 29 4 4 8 29 3 11 29 10 29 3 10 6 4
split_gain=57.0538 87.4543 68.8979 108.912 29.4061 15.945 14.7985 7.38793 18.3479 11.0713 5.74166 16.1276 5.42948 5.29949 4.11392 2.33821 1.87953 2.32645 1.83791 5.12575 1.80907 1.71948 1.57531 3.04419 1.55435 3.20405
threshold=0.24791666865348819 35.88811111450196 35.654365539550788 -1.2314052581787107 0.41458332538604742 16.290972709655765 1.1120212078094485 36.046298980712898 35.975336074829109 40.93249702453614 35.483499526977546 35.633329391479499 35.61804389953614 2.308333277702332 3.6322916746139531 6.5000000000000009 41.108394622802741 2.5972917079925542 16.372917175292972 40.93249702453614 49.909723281860359 41.529275894165046 2.5210416316986088 73.284721374511733 0.26041665673255926 2.7050000429153447
decision_type=2 2 2 2 2 2 2 2 2 2 2 2 2 2 2 2 2 2 2 2 2 2 2 2 2 2
left_child=15 2 10 -4 6 -3 -5 8 -7 22 -2 12 -12 -6 21 18 -17 -18 -1 24 -21 -11 23 -9 25 -20
right_child=1 5 3 4 13 7 -8 9 -10 14 11 -13 -14 -15 -16 16 17 -19 19 20 -22 -23 -24 -25 -26 -27
leaf_value=6.611293684350253e-19 1.8506405469511973e-14 6.3050227581041773e-08 2.0060356407534029e-18 0 0 3.5319783284315414e-18 2.5786502624952298e-16 4.4741036168306404e-12 -1.2720936233131012e-11 -5.63559866859502e-10 0 3.9573246654108516e-12 -3.6273362217265036e-10 0 -1.2229507317756281e-09 1.6638009935289516e-10 -0.00093756754104871412 1.9160495010282967e-06 -1.5616844022353238e-11 -1.896719805558664e-09 -7.1473884528702989e-10 -1.4823498929066573e-10 6.5285581105347005e-08 -8.5509813973943734e-09 6.1515642888202432e-19 1.3696788749469082e-14
leaf_weight=2830.4999533295631 465.19998955726624 2022.999953687191 361.39999538660049 97.099998474121094 89.299998700618744 140.49999874830246 77.999998807907104 167.39999961853027 143.89999854564667 88.199999094009399 91.799998998641968 207.0999972820282 94.199998617172241 533.79999214410782 147.59999781847 4120.9998943805695 154.09999847412109 207.79999727010727 119.59999895095825 86.599998652935028 94.099998772144318 103.09999918937683 508.39999788999557 87.499999225139618 1317.1999911665916 136.99999845027924
leaf_count=3177 468 2008 438 125 111 161 100 182 173 98 104 257 112 686 184 3698 171 238 140 106 107 115 540 101 1492 158
internal_value=-0.000403846 -0.00124373 -0.0029525 -0.00459857 -0.00673325 -0.00023199 -0.00296609 -0.0010874 -0.00257483 -0.00070209 -0.00072654 -0.00164719 -0.00385625 -0.00778754 -0.00225833 9.88608e-05 0.000267073 -0.000447624 -6.5526e-05 -0.000328926 -0.00197848 -0.00124674 -9.41519e-06 -0.000673624 -0.000138616 -0.000875186
internal_weight=14495.4 5427.5 2017.9 1159.6 798.2 3409.6 175.1 1386.6 284.4 1102.2 858.3 393.1 186 623.1 338.9 9067.9 4482.9 361.9 4585 1754.5 180.7 191.3 763.3 254.9 1573.8 256.6
internal_count=15250 5963 2401 1460 1022 3562 225 1554 334 1220 941 473 216 797 397 9287 4107 409 5180 2003 213 213 823 283 1790 298
is_linear=0
shrinkage=0.0103578


Tree=196
num_leaves=27
num_cat=0
split_feature=30 7 2 29 29 30 30 4 7 0 30 4 29 2 2 1 30 0 0 0 29 30 3 30 10 29
split_gain=74.0268 90.1912 45.4162 66.7922 85.2097 19.0825 16.7541 11.1495 8.9361 6.28599 6.47874 10.2411 5.87363 7.17037 13.254 5.05395 3.54993 3.09072 3.06445 2.88843 6.36094 2.26928 2.07799 1.9942 1.96975 2.23456
threshold=-82.058330535888658 0.44374999403953558 -1.1715061664581297 35.904197692871101 35.654365539550788 -79.298500061035142 -79.311107635498033 2.308333277702332 0.24791666865348819 19.579860687255863 -77.440124511718736 3.6597917079925542 36.046298980712898 -1.6983566284179685 0.28542961180210119 26.182440757751468 -79.273685455322251 21.674304962158207 22.8881950378418 22.056249618530277 35.725976943969734 -79.142883300781236 1.6027083396911623 -79.281692504882798 65.715278625488295 35.743635177612312
decision_type=2 2 2 2 2 2 2 2 2 2 2 2 2 2 2 2 2 2 2 2 2 2 2 2 2 2
left_child=-1 5 23 4 15 6 17 -6 21 -5 11 18 13 -10 -15 16 -4 -2 -11 -9 -21 -7 -23 -3 25 -25
right_child=1 2 3 9 7 8 -8 19 12 10 -12 -13 -14 14 -16 -17 -18 -19 -20 20 -22 22 -24 24 -26 -27
leaf_value=1.0282953445185896e-06 -4.2332859156652144e-06 -5.4391301453603597e-10 -3.5897648674403695e-10 1.4236386220169727e-09 0 6.5435314827503067e-19 -3.5157820664324124e-10 -6.5306392646189721e-10 1.9852574522530043e-18 -1.0325567315126385e-10 -1.0622997869573603e-08 -1.2102836084627089e-09 4.4277615845993945e-12 -1.2512830528525628e-11 -1.2408040704754649e-11 -1.9168631578545255e-16 1.8318863883002913e-14 -5.6926804190038159e-10 -5.5031124738670041e-10 0 0 -1.7851790155159815e-13 -1.4501826873822063e-16 1.9852574522530043e-18 1.9852574522530043e-18 -6.530445081993529e-10
leaf_weight=6999.9998317360878 245.89999717473984 87.299998819828033 93.099998533725739 231.19999700784683 85.599999189376831 984.09998607635498 93.399998724460602 348.29999470710754 158.89999854564667 82.299998879432678 138.19999921321869 83.999998569488525 249.19999712705612 128.99999803304672 231.19999688863754 85.699999094009399 166.49999791383743 157.89999830722809 154.39999830722809 146.59999781847 91.799998998641968 116.29999858140945 2619.4999707341194 84.299999117851257 377.19999516010284 151.99999821186066
leaf_count=6140 315 107 115 288 100 1269 108 453 189 103 156 110 282 164 288 97 211 195 184 190 110 135 3117 103 456 182
internal_value=-0.000466472 -0.00118919 -0.00283482 -0.00374579 -0.00543218 -0.000393852 -0.00231806 -0.00757895 -0.00018033 -0.00125605 -0.00195707 -0.0027638 -0.00119687 -0.00182384 -0.00263131 -0.00124564 -0.000520719 -0.00139779 -0.00165121 -0.00809068 -0.00714483 2.96619e-05 -0.000123662 -0.000613161 -0.000402872 -0.00114325
internal_weight=14393.9 7393.9 2408.5 1707.7 1017.6 4985.4 497.2 672.3 4488.2 690.1 458.9 320.7 768.3 519.1 360.2 345.3 259.6 403.8 236.7 586.7 238.4 3719.9 2735.8 700.8 613.5 236.3
internal_count=15167 9027 2965 2117 1276 6062 618 853 5444 841 553 397 923 641 452 423 326 510 287 753 300 4521 3252 848 741 285
is_linear=0
shrinkage=0.0103578


Tree=197
num_leaves=27
num_cat=0
split_feature=11 7 2 29 29 30 30 30 11 29 29 29 7 13 30 4 3 29 29 4 29 30 29 29 11 29
split_gain=28.2618 17.1385 14.166 15.64 40.6034 10.4495 25.5381 18.1151 13.8305 15.7208 5.77961 15.5654 4.88609 5.79856 5.39695 4.55128 4.03204 3.31496 18.4418 2.92849 2.69111 1.64622 6.5942 5.71652 4.75422 7.52061
threshold=20.25625038146973 0.44791665673255926 -1.1715061664581297 35.654365539550788 35.890781402587898 -82.058330535888658 -79.298500061035142 -79.311107635498033 16.372917175292972 41.317014694213874 35.914943695068366 36.046298980712898 0.514583319425583 95.075000762939467 -79.070907592773423 2.308333277702332 2.2154166698455815 35.88811111450196 35.914943695068366 1.9247916340827944 40.703229904174812 -117.08349990844725 38.308649063110359 39.747600555419929 14.184027671813967 35.914943695068366
decision_type=2 2 2 2 2 2 2 2 2 2 2 2 2 2 2 2 2 2 2 2 2 2 2 2 2 2
left_child=5 10 -3 -4 15 21 7 8 20 -10 -2 -12 19 17 -15 -5 -6 -14 -19 -8 -7 23 24 -1 25 -23
right_child=1 2 3 4 16 6 12 -9 9 -11 11 -13 13 14 -16 -17 -18 18 -20 -21 -22 22 -24 -25 -26 -27
leaf_value=0.0023703379394720545 2.1324186143117476e-14 -5.7538334260930544e-12 -1.8970086033220782e-16 0 -5.4461121364861795e-10 -4.3716384914234647e-05 -1.7666884237549018e-13 -3.552582671086285e-10 -5.5208884420106412e-10 -1.1906828610937189e-09 -2.4047728977576392e-11 -1.3554721954017703e-11 1.9646944808248186e-18 -7.8988726138754343e-25 -5.8250468379283987e-12 0 -6.59093114471007e-10 -6.5058379820582024e-10 2.8667029550266521e-14 6.4757546557364975e-19 6.3077025487144054e-08 -1.3398954503817778e-08 7.5864577957787361e-08 -0.0019761939535484223 4.044432066360481e-06 -0.00033936418851972521
leaf_weight=4594.7998464107513 615.59999400377274 246.79999738931656 190.79999804496765 77.999999046325684 86.999998867511749 76.19999897480011 111.99999862909317 112.69999831914902 148.5999990105629 89.799998641014099 99.39999908208847 301.49999856948853 527.69999217987061 77.099999010562897 90.299998939037323 175.29999732971191 254.09999859333038 88.69999885559082 393.29999548196793 3642.7999559640884 245.09999680519104 91.399998486042023 1739.9999898076057 142.09999620914459 163.29999923706055 86.199999153614044
leaf_count=3574 724 290 226 94 102 98 136 131 180 112 118 321 675 99 109 221 281 107 477 4438 319 100 1874 137 163 100
internal_value=-0.000146465 -0.0012735 -0.00221347 -0.0028934 -0.00372101 3.94083e-05 -0.000291882 -0.00218463 -0.0014175 -0.00330453 -0.000318091 -0.00128521 -3.3524e-05 -0.000615703 -0.00239815 -0.00685829 -0.00138252 -0.000318592 -0.000939252 0.000148938 -1.26904e-05 0.000311796 6.86935e-05 0.00041848 -0.00124714 -0.00241724
internal_weight=14470.6 2048.5 1032 785.2 594.4 12422.1 5604.3 672.4 559.7 238.4 1016.5 400.9 4931.9 1177.1 167.4 253.3 341.1 1009.7 482 3754.8 321.3 6817.8 2080.9 4736.9 340.9 177.6
internal_count=15206 2377 1214 924 698 12829 6881 840 709 292 1163 439 6041 1467 208 315 383 1259 584 4574 417 5948 2237 3711 363 200
is_linear=0
shrinkage=0.0103578


Tree=198
num_leaves=27
num_cat=0
split_feature=11 7 2 29 29 30 3 29 29 29 29 7 29 29 11 29 30 30 29 29 11 29 30 29 7 0
split_gain=30.8269 17.0972 15.5711 15.1706 44.4278 9.55838 4.64391 4.5966 34.3827 4.54466 11.869 22.9218 4.46234 13.8197 2.81461 9.45002 7.36907 13.8135 7.04159 10.7628 9.63695 3.44328 1.99306 1.82301 1.50357 1.35773
threshold=20.25625038146973 0.44791665673255926 -1.1715061664581297 35.654365539550788 35.890781402587898 -117.08349990844725 2.1467361450195317 35.633329391479499 35.626596450805671 35.88811111450196 35.906902313232429 0.25624999403953558 35.914943695068366 36.112329483032234 16.372917175292972 40.025205612182624 -82.058330535888658 -79.690834045410142 39.408555984497077 36.20991516113282 14.603472232818605 35.981050491333015 -79.135944366455064 39.747600555419929 0.86458334326744091 25.411110877990726
decision_type=2 2 2 2 2 2 2 2 2 2 2 2 2 2 2 2 2 2 2 2 2 2 2 2 2 2
left_child=5 12 -3 25 22 23 -6 8 -7 -9 11 -11 -2 -14 18 21 -17 -18 19 -12 -21 -16 -5 -1 -8 -4
right_child=1 2 3 4 6 7 24 9 -10 10 14 -13 13 -15 15 16 17 -19 -20 20 -22 -23 -24 -25 -26 -27
leaf_value=0.0023457863674483893 2.1103313716776695e-14 -5.6942361621668982e-12 1.813108498267488e-14 0 -5.3897021992610764e-10 6.5931649051616888e-15 -6.5238055190175983e-10 6.4079633547964649e-19 -3.5157856018301488e-10 -7.2788422504546862e-13 8.7627090637977583e-08 -6.3956095691790213e-10 -1.5206003371741586e-11 4.522297144755354e-12 -1.5145560190632487e-11 3.0316726351283223e-08 -1.1783499630985927e-09 -3.2786910536303773e-08 8.3476505615507481e-08 -0.00027838575014659569 4.9233553545030857e-06 6.7470701787035284e-08 0 -0.001952756029581385 8.2395333363770616e-12 -1.8773596990125313e-16
leaf_weight=4596.5998472571373 595.79999399185181 260.99999731779099 86.599998950958252 136.49999797344208 88.899998903274536 588.69999223947525 121.99999910593033 2426.1999673247337 127.89999824762344 162.8999981880188 482.19999384880066 94.899998486042023 113.79999911785126 298.49999892711639 117.69999891519547 159.99999868869781 174.39999842643738 299.19999641180038 1680.6999806165695 335.49999850988388 144.19999992847443 990.29999530315399 109.09999841451645 136.59999614953995 124.29999905824661 105.89999914169312
leaf_count=3578 706 306 106 175 101 699 136 3062 149 195 598 115 134 317 139 180 210 346 1999 367 150 1059 133 130 141 117
internal_value=-0.000118395 -0.00129812 -0.00223342 -0.00297129 -0.00380592 7.41012e-05 -0.00134805 -0.000149033 -0.0009392 -6.87947e-05 -0.000258712 -0.00241618 -0.000337376 -0.00116518 -0.000131457 -0.000454698 -0.0014631 -0.00211189 8.14677e-05 -0.000624874 -0.00172264 0.000122019 -0.00714792 0.000441158 -0.00061024 -0.000447129
internal_weight=14560.4 2042.4 1034.3 773.3 580.8 12518 335.2 7784.8 716.6 7068.2 4642 257.8 1008.1 412.3 4384.2 1741.6 633.6 473.6 2642.6 961.9 479.7 1108 245.6 4733.2 246.3 192.5
internal_count=15348 2372 1215 909 686 12976 378 9268 848 8420 5358 310 1157 451 5048 1934 736 556 3114 1115 517 1198 308 3708 277 223
is_linear=0
shrinkage=0.0103578


Tree=199
num_leaves=27
num_cat=0
split_feature=30 30 30 7 0 2 30 11 29 30 30 29 29 30 29 11 29 29 29 4 30 29 29 11 29 29
split_gain=23.4471 24.6755 29.5658 18.696 16.9135 14.8693 30.0184 14.4836 21.5012 9.78949 4.75151 6.13209 12.5309 4.55584 3.80475 4.77416 7.4067 3.05218 28.1521 2.17345 1.64631 2.04726 7.27625 6.14531 1.59573 1.2198
threshold=-82.058330535888658 -79.298500061035142 -79.311107635498033 0.45625001192092901 22.799304962158207 -1.1715061664581297 -79.128845214843736 16.372917175292972 40.784446716308601 -80.495098114013658 -78.759498596191392 35.663724899291999 35.896186828613288 -79.185417175292955 35.893484115600593 20.184027671813968 36.046298980712898 35.88811111450196 35.909603118896491 1.9247916340827944 -118.89915084838866 38.308649063110359 36.361949920654304 15.475694656372072 39.747600555419929 35.981050491333015
decision_type=2 2 2 2 2 2 2 2 2 2 2 2 2 2 2 2 2 2 2 2 2 2 2 2 2 2
left_child=20 2 7 14 17 -6 13 -2 -9 -10 11 -8 -13 -7 19 25 -17 -5 -19 -3 24 22 -22 -24 -1 -16
right_child=1 3 -4 4 5 6 10 8 9 -11 -12 12 -14 -15 15 16 -18 18 -20 -21 21 -23 23 -25 -26 -27
leaf_value=0.0023214890965852436 6.1551959215118831e-08 -1.6649521280902629e-13 -3.4793696705885788e-10 1.9377072338300944e-18 2.4644510084074943e-12 -6.6372552740557913e-21 -1.8579143148345692e-16 1.4740667304895279e-06 -1.1732096352842716e-09 -1.0929816658204936e-10 0 0 -6.9857591641218712e-10 -6.6372552740557913e-21 -4.1332917849818021e-10 -1.5048502080150835e-11 4.4754559318578346e-12 -6.372206902080513e-10 9.2785555008274827e-11 1.3382870115298612e-18 7.7061108850710502e-06 3.1788271715673486e-08 -0.00035004864168001684 -1.0716802769978983e-05 -0.0019354985333377179 4.4241160625231427e-10
leaf_weight=4370.0998541712761 333.99999594688416 100.09999889135361 143.09999775886536 579.39999127388 239.19999712705612 114.49999868869781 122.79999852180481 128.99999845027924 93.399998307228088 88.499999701976776 149.99999892711639 98.999998688697815 110.59999871253967 84.099998593330383 392.39999532699585 149.09999865293503 165.79999858140945 81.599998891353607 448.7999946475029 2646.2999662160873 425.19998973608017 1906.6999884843826 89.499999403953552 137.49999958276749 131.59999632835388 1116.1999881863594
leaf_count=3401 430 123 167 744 284 139 148 158 120 99 168 120 136 111 474 173 184 100 552 3291 382 2043 99 135 124 1296
internal_value=-0.000105832 -0.000513744 -0.00224555 -0.000306734 -0.00113374 -0.00217164 -0.00295142 -0.00129683 -0.00290364 -0.00519202 -0.00155141 -0.00224098 -0.00331578 -0.00633583 6.06322e-05 -0.000305978 -0.00146484 -0.0002721 -0.00083959 0.000304213 0.000320936 0.000110902 -0.000389539 -0.00188477 0.000440203 -6.33436e-05
internal_weight=14448.5 7387.9 788 6599.9 2030 920.2 681 644.9 310.9 181.9 482.4 332.4 209.6 198.6 4569.9 1823.5 314.9 1109.8 530.4 2746.4 7060.6 2558.9 652.2 227 4501.7 1508.6
internal_count=15201 9017 974 8043 2502 1106 822 807 377 219 572 404 256 250 5541 2127 357 1396 652 3414 6184 2659 616 234 3525 1770
is_linear=0
shrinkage=0.0103578


Tree=200
num_leaves=27
num_cat=0
split_feature=30 30 30 11 30 7 30 30 4 1 4 1 30 7 30 11 30 11 12 3 4 9 6 6 12 12
split_gain=17.4207 25.9632 20.0589 13.6076 17.5941 8.51846 4.51747 5.31565 4.41592 4.06183 3.22602 6.57731 4.67163 3.0623 2.54137 2.03854 2.00216 1.91656 4.43715 2.92248 1.74183 1.88921 1.71846 1.49596 1.43884 2.37388
threshold=-82.058330535888658 -79.298500061035142 -79.311107635498033 16.372917175292972 -80.748550415039048 0.514583319425583 -79.178325653076158 -78.739860534667955 3.3172917366027836 26.182440757751468 3.1597917079925542 23.068452835083011 -79.028789520263658 0.86041668057441723 -79.142883300781236 20.184027671813968 -118.89915084838866 21.254861831665043 1.4229166507720949 2.2616666555404668 2.1250000000000004 245.74305725097659 1.2604166865348818 0.81874999403953563 0.4395833313465119 2.6770832538604741
decision_type=2 2 2 2 2 2 2 2 2 2 2 2 2 2 2 2 2 2 2 2 2 2 2 2 2 2
left_child=16 2 3 -2 -5 14 23 9 -6 10 22 12 -12 -13 -3 20 -1 18 19 -17 21 -16 -8 -7 -19 -26
right_child=1 5 -4 4 8 6 7 -9 -10 -11 11 13 -14 -15 15 17 -18 24 -20 -21 -22 -23 -24 -25 25 -27
leaf_value=0.0022974434928728629 6.0226895265280889e-08 6.2029731442201486e-19 -3.443330929596466e-10 -1.1610577220992869e-09 -5.5162650693189662e-11 -6.568507671367236e-21 -6.2385633465792025e-10 -8.1216548391514814e-13 -1.0062045128456994e-10 -1.8386703427600134e-16 -6.2633626180337814e-10 -6.568507671367236e-21 -3.9340580643822096e-10 -6.3827335021668497e-10 1.2987224851641711e-13 -1.3507521616993981e-11 3.0363772733538639e-08 1.2808098174698743e-13 1.2808098174698743e-13 -1.4892632161133553e-11 2.2200925950685455e-18 -8.4363742660013073e-09 6.8747602688555458e-23 6.8747602688555458e-23 -1.3212882188596168e-11 1.2833617584954334e-13
leaf_weight=4547.6998495459557 334.39999568462372 1233.3999829888344 131.6999985575676 103.09999859333038 135.2999991774559 82.999998986721039 161.6999979019165 389.69999551773071 94.999998927116394 100.09999871253967 146.79999774694443 83.69999885559082 249.19999629259109 80.499998927116394 92.099999070167542 79.299999117851257 2651.099977850914 254.89999830722809 99.099999129772186 81.699999034404755 2592.5999708771706 84.499998807907104 217.99999749660492 388.39999467134476 110.59999924898148 125.59999865293503
leaf_count=3563 436 1588 155 127 157 104 191 451 118 119 186 107 324 103 105 95 2737 289 109 101 3094 103 268 484 132 140
internal_value=-3.88049e-05 -0.000389778 -0.00215275 -0.00142062 -0.00289953 -0.000177751 -0.000763653 -0.00105351 -0.00129859 -0.00143994 -0.00122651 -0.00172609 -0.000999287 -0.00346688 5.65331e-05 -8.51326e-05 0.000324573 -0.000563511 -0.00128166 -0.00234056 4.45737e-05 -0.000948828 -0.000486867 0.000114764 -0.000181266 -0.000763356
internal_weight=14653.2 7454.4 799.5 667.8 333.4 6654.9 1901.1 1429.7 230.3 1040 939.9 560.2 396 164.2 4753.8 3520.4 7198.8 751.2 260.1 161 2769.2 176.6 379.7 471.4 491.1 236.2
internal_count=15386 9086 993 838 402 8093 2337 1749 275 1298 1179 720 510 210 5756 4168 6300 866 305 196 3302 208 459 588 561 272
is_linear=0
shrinkage=0.0103578


Tree=201
num_leaves=27
num_cat=0
split_feature=30 30 30 11 29 30 29 29 7 29 1 29 11 5 30 29 11 29 29 29 6 7 7 6 0 30
split_gain=11.6457 33.6444 25.3964 12.9384 19.4836 11.9415 6.52389 7.84701 6.99674 6.00571 6.60365 4.60897 10.2744 1.97303 1.94822 5.86091 6.66239 1.93071 1.70776 0.811717 0.744062 3.48382 4.81031 0.64505 0.80644 0.511876
threshold=-82.058330535888658 -79.298500061035142 -79.311107635498033 16.372917175292972 40.784446716308601 -80.495098114013658 35.88811111450196 36.020755767822273 0.24791666865348819 35.906902313232429 24.253273963928226 35.975336074829109 14.936110973358156 0.10271408781409265 -117.08349990844725 38.308649063110359 12.240277767181398 40.703229904174812 39.747600555419929 34.860479354858406 0.76874998211860668 0.42291666567325598 0.55208334326744091 0.043750001117587096 24.815972328186039 -79.067359924316392
decision_type=2 2 2 2 2 2 2 2 2 2 2 2 2 2 2 2 2 2 2 2 2 2 2 2 2 2
left_child=14 2 3 17 -5 -6 19 8 11 -10 -11 -8 -13 -9 18 16 -16 -2 -1 -3 21 23 -23 24 -21 -15
right_child=1 6 -4 4 5 -7 7 13 9 10 -12 12 -14 25 15 -17 -18 -19 -20 20 -22 22 -24 -25 -26 -27
leaf_value=0.0022736469495841312 -2.3989133222024019e-05 -7.8994786751678433e-09 -3.4076654719790043e-10 5.0201133345211087e-07 -1.1490316764401171e-09 -9.9490921068483981e-11 3.2034879568292571e-13 -6.3838889542716914e-10 -6.1984877342181684e-10 3.2990206432209267e-12 -8.1936460477366606e-11 9.9210111995670043e-08 -4.856375973775998e-10 -6.3166221942909714e-10 -0.00026517890137934814 6.4699402124858339e-08 -3.2047545139977174e-07 6.0297682600537929e-08 -0.001936277792503543 -8.4370795971836405e-09 5.9981809380937878e-19 -7.4903242186407246e-15 1.367831289719894e-22 6.5929528346812436e-15 1.6385764950870364e-10 2.6222942476583009e-10
leaf_weight=4624.7998453378677 80.099999010562897 122.0999983549118 148.49999803304672 124.89999860525131 97.29999828338623 96.999999940395355 282.59999740123749 142.39999824762344 141.29999834299088 137.29999822378159 89.799998700618744 104.99999833106995 84.799998760223389 270.99999713897705 150.99999761581421 1924.2999895215034 276.39999908208847 247.39999693632126 124.39999657869339 113.99999821186066 2023.0999730825424 80.899998903274536 147.09999811649323 1336.6999834179878 84.799999058246613 1443.4999849200249
leaf_count=3598 103 159 173 153 125 106 330 174 167 177 110 134 104 330 170 2057 276 322 118 144 2531 101 185 1661 102 1661
internal_value=2.42711e-05 -0.000263179 -0.00227522 -0.0013846 -0.00286666 -0.00491373 -2.07555e-05 -0.000412562 -0.00124239 -0.00231147 -0.00126042 -0.000406006 -0.00165239 -3.63261e-05 0.00032395 7.98958e-05 -0.00101624 6.1072e-05 0.000444688 0.000249574 0.000276478 0.000120569 -0.00107216 0.000298276 -0.000250383 6.09026e-05
internal_weight=14502.5 7401.6 795.2 646.7 319.2 194.3 6606.4 2697.7 840.8 368.4 227.1 472.4 189.8 1856.9 7100.9 2351.7 427.4 327.5 4749.2 3908.7 3786.6 1763.5 228 1535.5 198.8 1714.5
internal_count=15271 9052 982 809 384 231 8070 3187 1022 454 287 568 238 2165 6219 2503 446 425 3716 4883 4724 2193 286 1907 246 1991
is_linear=0
shrinkage=0.0103578


Tree=202
num_leaves=27
num_cat=0
split_feature=30 30 30 11 29 30 7 29 29 7 11 30 29 29 13 3 30 29 29 11 29 29 11 11 4 29
split_gain=12.7181 30.9281 24.1808 14.4231 24.2513 8.74741 5.00371 3.30896 14.977 5.46391 3.19345 3.56341 2.56827 3.98526 8.90799 2.28585 1.78685 5.02463 6.01182 9.10471 1.47081 1.20872 0.952075 0.929184 0.832795 0.604904
threshold=-82.058330535888658 -79.298500061035142 -79.311107635498033 16.372917175292972 40.784446716308601 -80.495098114013658 0.26875001192092901 35.88811111450196 35.906902313232429 0.32708333432674414 20.831944465637211 -79.171237945556626 35.975336074829109 36.020755767822273 84.206253051757827 2.0910416841506962 -117.08349990844725 38.308649063110359 36.361949920654304 14.838194370269777 39.747600555419929 40.703229904174812 20.377082824707035 21.813194274902347 3.5033333301544194 40.186811447143562
decision_type=2 2 2 2 2 2 2 2 2 2 2 2 2 2 2 2 2 2 2 2 2 2 2 2 2 2
left_child=16 2 3 21 -5 -6 12 10 -9 -10 -8 15 -3 14 -14 -12 20 18 -18 -20 -1 -2 -15 25 -13 -11
right_child=1 6 -4 4 5 -7 7 8 9 23 11 24 13 22 -16 -17 17 -19 19 -21 -22 -23 -24 -25 -26 -27
leaf_value=0.0022500968869919868 -2.9469068030085256e-05 1.4169616113439327e-18 -3.372369431328157e-10 1.2145552026367033e-06 -1.1947191983591761e-09 -1.0734717874276984e-10 1.9082798062882396e-18 -6.1342848138200919e-10 -4.4592715727393068e-09 -6.2511956565104732e-10 -6.1447820159015858e-21 1.8982517989295327e-18 8.6974559881018488e-08 4.7117794082977439e-10 -7.4660154267784309e-10 -6.1447820159015858e-21 7.6210662217049761e-06 9.2964138382952419e-08 -0.0003340986140786129 -1.1440201584410413e-05 -0.0019146363463738545 5.966613205954172e-08 -6.7497588149649807e-12 -6.3177656784122196e-10 -6.1447820159015858e-21 6.0701666169105976e-10
leaf_weight=4579.2998476028442 80.599998891353607 2593.1999679803848 146.09999775886536 137.99999833106995 97.299998164176941 97.999999821186066 938.39998656511307 140.8999981880188 153.69999802112579 496.19999468326569 94.499999046325684 353.59999549388885 97.499998569488525 918.29999023675919 83.599998831748962 82.499998986721039 201.0999972820282 1940.4999896287918 88.699999392032623 143.29999971389771 145.99999576807022 254.69999706745148 137.79999893903732 82.999999463558197 80.19999885559082 322.99999582767487
leaf_count=3565 102 3210 169 168 123 110 1192 167 183 602 115 430 123 1073 102 101 207 2071 99 139 136 327 158 92 100 378
internal_value=1.42669e-05 -0.000286429 -0.00218935 -0.00135174 -0.00287573 -0.00521915 -5.04576e-05 -0.000387902 -0.000796879 -0.000372211 -7.15089e-05 -0.000654293 0.000191367 -0.000196646 -0.00161379 -0.0018905 0.000327397 9.52791e-05 -0.000912484 -0.00204689 0.000443879 0.000164198 4.67019e-05 -6.36701e-05 -0.000147113 4.19404e-05
internal_weight=14490 7391.1 814.7 668.6 333.3 195.3 6576.4 2746 1196.8 1055.9 1549.2 610.8 3830.4 1237.2 181.1 177 7098.9 2373.6 433.1 232 4725.3 335.3 1056.1 902.2 433.8 819.2
internal_count=15242 9025 999 830 401 233 8026 3360 1422 1255 1938 746 4666 1456 225 216 6217 2516 445 238 3701 429 1231 1072 530 980
is_linear=0
shrinkage=0.0103578


Tree=203
num_leaves=27
num_cat=0
split_feature=30 30 30 11 29 30 11 10 30 29 29 8 6 29 11 12 30 29 29 1 29 30 29 5 10 13
split_gain=12.1669 36.7569 23.4538 14.6249 26.6036 9.13202 3.46445 3.83094 6.14153 2.20979 7.32495 12.5559 1.94684 1.92138 1.88571 2.00705 1.78749 2.30413 8.80514 6.73206 1.03804 0.977954 0.936745 0.787832 0.517651 0.515143
threshold=-82.058330535888658 -79.298500061035142 -79.311107635498033 16.372917175292972 40.784446716308601 -80.495098114013658 20.184027671813968 80.951389312744155 -79.135944366455064 35.88811111450196 35.906902313232429 2.5000000000000004 1.4812499880790713 40.703229904174812 20.981250762939457 1.4229166507720949 -118.89915084838866 38.308649063110359 36.361949920654304 24.142559051513675 34.941200256347663 -79.04980087280272 39.309597015380866 0.07502778992056848 35.895833969116218 106.33541870117189
decision_type=2 2 2 2 2 2 2 2 2 2 2 2 2 2 2 2 2 2 2 2 2 2 2 2 2 2
left_child=16 2 3 13 -5 -6 9 14 -9 20 11 -11 -10 -2 15 21 22 18 -18 -20 -3 -8 -1 -16 -25 -26
right_child=1 6 -4 4 5 -7 7 8 12 10 -12 -13 -14 -15 23 -17 17 -19 19 -21 -22 -23 -24 24 25 -27
leaf_value=0.0022267907520897574 -2.8304514034338297e-05 -9.5812128738924181e-05 -3.3374389812835102e-10 1.45316870728364e-06 -1.1823444926439631e-09 -1.06235294252988e-10 -6.1864467960888968e-10 -1.9630283231477251e-20 -5.7574635961746859e-13 -6.0948734516887657e-10 9.7397359700636837e-12 1.7572433256263984e-13 1.7945184593028276e-14 5.904812003929804e-08 -3.1269419559003753e-13 1.8785900178035676e-18 7.5504074735853642e-06 2.9529511650940906e-08 -0.0003258763457519439 -1.056316817114413e-05 1.2975870223903881e-18 -3.489937169550278e-11 -0.0018963906547823039 -4.4605827560391104e-14 -6.0811353705347511e-21 8.728763539554842e-17
leaf_weight=4337.7998551726341 78.499998867511749 84.699999034404755 147.79999816417694 140.19999861717224 106.89999794960022 95.499999761581421 80.699999034404755 111.29999876022339 115.99999874830246 112.89999836683273 1888.1999790072441 122.09999865293503 139.39999842643738 245.59999698400497 101.39999878406525 104.99999874830246 424.29999047517776 1956.4999912977219 94.39999908208847 126.99999988079071 2681.8999640345573 80.599999368190765 176.39999485015869 90.799998879432678 158.89999842643738 688.99999338388443
leaf_count=3374 101 107 174 170 137 109 103 135 138 137 2240 145 166 316 122 122 383 2087 104 126 3379 94 162 108 189 812
internal_value=2.41891e-05 -0.000270514 -0.00234505 -0.00151385 -0.0030041 -0.00540121 -1.28053e-05 -0.000419621 -0.00135441 0.000126338 -0.000124851 -0.00184714 -0.000464923 6.26686e-05 -0.000156436 -0.000933227 0.000329757 0.000113295 -0.000422706 -0.00209471 0.000319248 -0.00165697 0.000454413 4.24434e-05 0.00013668 0.00021674
internal_weight=14493.8 7377.4 814.5 666.7 342.6 202.4 6562.9 1673.1 366.7 4889.8 2123.2 235 255.4 324.1 1306.4 266.3 7116.4 2602.2 645.7 221.4 2766.6 161.3 4514.2 1040.1 938.7 847.9
internal_count=15240 9004 1007 833 416 246 7997 1989 439 6008 2522 282 304 417 1550 319 6236 2700 613 230 3486 197 3536 1231 1109 1001
is_linear=0
shrinkage=0.0103578


Tree=204
num_leaves=27
num_cat=0
split_feature=30 30 30 11 29 30 7 30 29 1 1 3 10 29 11 30 7 29 30 11 29 7 29 29 30 1
split_gain=11.0358 34.8615 28.6256 11.6506 20.7 9.52071 4.18204 3.3656 4.09236 10.7641 5.34198 6.35435 2.92662 2.53076 2.20416 3.24008 2.6846 1.93891 1.4694 0.966785 0.871531 0.678424 0.613426 3.47253 2.58744 3.69349
threshold=-82.058330535888658 -79.298500061035142 -79.311107635498033 16.372917175292972 40.784446716308601 -80.495098114013658 0.52291664481163036 -79.025478363037095 35.893484115600593 19.686904907226566 23.123214721679691 2.9568749666213994 80.951389312744155 35.901496887207038 20.184027671813968 -78.72967147827147 0.25624999403953558 40.703229904174812 -120.45205307006835 -2.2937500476837154 39.616733551025398 0.66875001788139354 36.504644393920906 38.308649063110359 -119.26765060424803 25.006845474243168
decision_type=2 2 2 2 2 2 2 2 2 2 2 2 2 2 2 2 2 2 2 2 2 2 2 2 2 2
left_child=18 2 3 17 -5 -6 13 8 10 -10 -8 12 -12 -3 -15 16 -16 -2 20 -20 -1 -9 -21 24 -24 -26
right_child=1 6 -4 4 5 -7 7 21 9 -11 11 -13 -14 14 15 -17 -18 -19 19 22 -22 -23 23 -25 25 -27
leaf_value=0.0022037260183143952 -2.3142248412994307e-05 1.3889164108637706e-18 -3.3028703351174608e-10 1.1869233554545028e-06 -1.1125089583354666e-09 -9.6248158146344019e-11 1.8844975551568112e-18 -5.9830747914529518e-10 -6.0317437510530862e-10 -6.1223685937551909e-10 9.9420441925154889e-19 -3.9707732288317821e-20 -5.8778081130256763e-21 2.0093531400185031e-12 -2.6051842166115958e-12 9.3205296562910746e-11 -6.2522949082580752e-10 5.8436509286305681e-08 -0.00020813858488105344 1.0601355870784525e-05 -0.0018825880426178755 1.8254380114009048e-14 0.0025834037255422241 2.8200805554370024e-08 -0.00027182404285676777 -8.9924896508366185e-08
leaf_weight=3847.299870967865 77.899998962879181 2983.4999631047249 152.29999780654907 135.39999836683273 95.79999840259552 96.299999952316284 361.29999470710754 176.99999755620956 92.199998438358307 136.39999866485596 202.89999717473984 82.199998795986176 125.7999986410141 1458.6999838352203 95.799999177455902 149.09999912977219 88.299998819828033 245.19999724626541 115.99999797344208 748.59998029470444 144.89999574422836 709.39999175071716 119.39999622106552 1842.8999899029732 109.2999991774559 113.70000004768372
leaf_count=2991 101 3701 177 166 124 105 465 212 118 168 253 104 154 1723 110 161 109 316 148 638 133 852 94 1947 115 109
internal_value=3.22978e-05 -0.000245118 -0.00228326 -0.00133344 -0.00270841 -0.00488973 6.05272e-07 -0.000412057 -0.000823558 -0.00203975 -0.000461744 -0.00126908 -0.000620474 0.000163804 -0.00014368 -0.000903044 -0.00182034 6.12622e-05 0.000326449 0.000155019 0.000457269 5.23091e-05 0.000191855 0.00010389 -0.000852848 -0.00151079
internal_weight=14507.6 7465.5 802.9 650.6 327.5 192.1 6662.6 1887.2 1000.8 228.6 772.2 410.9 328.7 4775.4 1791.9 333.2 184.1 323.1 7042.1 3049.9 3992.2 886.4 2933.9 2185.3 342.4 223
internal_count=15294 9119 989 812 395 229 8130 2326 1262 286 976 511 407 5804 2103 380 219 417 6175 3051 3124 1064 2903 2265 318 224
is_linear=0
shrinkage=0.0103578


Tree=205
num_leaves=27
num_cat=0
split_feature=30 30 30 30 11 29 30 7 30 29 29 9 9 29 11 29 29 11 30 29 7 29 6 30 29 11
split_gain=10.5686 6.32043 51.3721 10.6672 14.2623 25.0564 9.85025 3.884 3.95433 4.14389 14.0078 4.98817 4.37744 3.59186 6.09639 9.55665 2.02088 3.47417 4.11335 1.88449 1.6649 1.2678 1.03285 0.520178 0.473322 1.20852
threshold=-117.08349990844725 -79.298500061035142 -79.311107635498033 -82.058330535888658 16.372917175292972 40.93249702453614 -80.748550415039048 0.52291664481163036 -79.028789520263658 35.893484115600593 35.906902313232429 226.24305725097659 243.02082824707034 38.441310882568366 14.838194370269777 36.579669952392585 35.901496887207038 20.377082824707035 -78.72967147827147 39.747600555419929 1.4625000357627871 40.703229904174812 1.2729166746139529 -95.601360321044908 39.894470214843757 14.085416793823244
decision_type=2 2 2 2 2 2 2 2 2 2 2 2 2 2 2 2 2 2 2 2 2 2 2 2 2 2
left_child=19 2 3 13 21 -6 -7 16 9 11 -11 20 -13 14 15 -2 -3 -18 -19 -1 -9 -5 -12 -16 25 -15
right_child=1 7 -4 4 5 6 -8 8 -10 10 22 12 -14 24 23 -17 17 18 -20 -21 -22 -23 -24 -25 -26 -27
leaf_value=0.0021809001852725789 4.5541418932908918e-06 1.3744585927188827e-18 -3.2686597453247135e-10 -4.2179115336632603e-05 1.4258230662473834e-06 -1.1131467595685398e-09 -9.5251235493449453e-11 1.8649782382343645e-18 1.7755204707425715e-14 -5.9451413825772983e-10 -4.3290183323604507e-09 -6.5857838588557576e-20 -3.9296446102943677e-20 -2.9812974602628773e-05 5.5649653961891538e-06 -0.00031968546305326506 4.269377572319377e-12 -6.6468983612834881e-12 9.2239892275932523e-11 -0.0018408414185829851 -5.8169267396041391e-21 5.7831238736171627e-08 1.0323353427191422e-10 -1.037395622721326e-05 2.790170930588746e-08 8.4747936326655177e-07
leaf_weight=4614.499845802784 113.69999778270721 2964.5999628305435 143.69999808073044 79.599999010562897 145.29999840259552 94.399998307228088 113.49999964237213 459.19999372959137 886.59998899698257 86.799998879432678 79.799998939037323 92.099998891353607 106.19999819993973 206.59999936819077 246.99999988079071 118.69999933242798 1528.0999835729599 162.49999815225601 132.79999929666519 142.89999610185623 79.099998831748962 252.0999967455864 92.499998927116394 133.79999947547913 843.29999172687531 707.89999967813492
leaf_count=3591 125 3680 171 100 179 120 129 578 1068 106 102 113 136 216 242 125 1791 195 144 135 101 325 115 132 989 687
internal_value=3.70503e-05 -0.000156215 -0.000534629 -0.000249297 -0.00138737 -0.00283416 -0.00513573 2.52692e-05 -0.000373218 -0.000821068 -0.00194675 -0.000423344 -0.00182526 7.95295e-05 -0.000602457 -0.00192244 0.00018204 -8.90957e-05 -0.00111657 0.000438065 9.36924e-05 0.000154131 -0.000230346 0.000203681 0.000317794 0.000153764
internal_weight=14627.3 9869.9 3199.6 3055.9 684.9 353.2 207.9 6670.3 1882.3 995.7 259.1 736.6 198.3 2371 613.2 232.4 4788 1823.4 295.3 4757.4 538.3 331.7 172.3 380.8 1757.8 914.5
internal_count=15395 11669 3540 3369 853 428 249 8129 2319 1251 323 928 249 2516 624 250 5810 2130 339 3726 679 425 217 374 1892 903
is_linear=0
shrinkage=0.0103578


Tree=206
num_leaves=27
num_cat=0
split_feature=30 30 30 11 29 30 7 30 29 29 0 3 10 29 11 11 30 29 11 29 29 3 29 3 12 11
split_gain=11.1868 34.8864 19.9798 16.663 25.468 9.43346 3.78836 3.99121 4.47263 15.135 5.14787 4.64168 4.12475 2.36348 3.05015 2.67969 1.26192 4.37401 6.65341 8.7127 1.85313 1.04685 0.832735 0.745532 0.488451 0.476032
threshold=-82.058330535888658 -79.298500061035142 -79.311107635498033 16.372917175292972 40.784446716308601 -80.748550415039048 0.52291664481163036 -79.025478363037095 35.893484115600593 35.906902313232429 22.799304962158207 2.772013902664185 80.951389312744155 35.838500976562507 20.377082824707035 20.981250762939457 -117.08349990844725 38.308649063110359 14.184027671813967 36.170999526977546 39.747600555419929 2.5645139217376713 40.784446716308601 2.4779165983200078 0.31041666865348821 12.793749809265138
decision_type=2 2 2 2 2 2 2 2 2 2 2 2 2 2 2 2 2 2 2 2 2 2 2 2 2 2
left_child=16 2 3 22 -5 -6 13 8 10 -10 -8 12 -12 -3 25 -16 20 18 19 -18 -1 24 -2 -11 -17 -15
right_child=1 6 -4 4 5 -7 7 -9 9 23 11 -13 -14 14 15 21 17 -19 -20 -21 -22 -23 -24 -25 -26 -27
leaf_value=0.0021583107784696517 -2.8194070749074776e-05 1.3602938253247787e-18 -3.2348035032160168e-10 1.159860956087822e-06 -1.1470449848258621e-09 -1.1136836207919166e-10 1.8456610991985789e-18 1.7571299206058102e-14 -5.926661457942072e-10 3.0035761422750862e-11 1.829516944664034e-18 -5.5878660990823528e-20 -2.5134065775389927e-20 2.1559260757816284e-18 -6.5780508770773404e-12 -1.8792149417396828e-12 2.3391644871998579e-06 1.1655413509554686e-07 5.3530693925118768e-06 -0.00034182648424664559 -0.0018381823554166044 -6.1868461871249367e-10 5.7232232240344646e-08 -5.610561476689693e-10 5.1186181635584844e-13 -4.2845656283696802e-13
leaf_weight=4682.5998430848122 79.899998784065247 2383.7999698519707 147.99999803304672 130.19999861717224 93.499998331069946 105.79999959468842 370.89999467134476 869.99998909235001 81.299998879432678 86.099999010562897 181.29999756813049 85.799998581409454 107.49999892711639 812.69999009370804 99.799999058246613 111.89999914169312 86.799998342990875 1951.0999899506569 257.19999921321869 89.599999248981476 128.09999650716782 86.399999260902405 236.79999679327011 81.099998831748962 102.6999990940094 1198.9999870657921
leaf_count=3644 105 2972 170 162 119 120 479 1048 97 105 225 112 129 999 116 127 96 2091 254 102 121 102 308 105 117 1402
internal_value=5.22855e-05 -0.000228877 -0.00228004 -0.00149017 -0.00311878 -0.00544119 1.58214e-05 -0.000380298 -0.000828564 -0.00203085 -0.000425999 -0.00128185 -0.000648579 0.000169881 -5.8524e-05 -0.000883078 0.000343626 0.000148486 -0.000791553 -0.00233764 0.000440241 -0.000391874 0.000205492 -0.000240744 -1.4129e-06 0.000105749
internal_weight=14649.9 7454.5 794.2 646.2 329.5 199.3 6660.3 1864 994 248.5 745.5 374.6 288.8 4796.3 2412.5 400.8 7195.4 2384.7 433.6 176.4 4810.7 301 316.7 167.2 214.6 2011.7
internal_count=15427 9119 984 814 401 239 8135 2300 1252 307 945 466 354 5835 2863 462 6308 2543 452 198 3765 346 413 210 244 2401
is_linear=0
shrinkage=0.0103578


Tree=207
num_leaves=27
num_cat=0
split_feature=30 30 30 30 11 29 30 29 11 29 12 29 29 8 29 29 3 10 11 30 11 1 3 11 29 29
split_gain=10.0003 7.44774 58.106 10.1495 15.692 23.3759 11.9871 5.00581 8.08236 2.75327 3.33681 2.00397 1.60899 1.57681 1.7302 3.63763 2.75132 1.43226 3.51734 7.0338 0.970326 1.73243 0.882332 0.686156 0.786309 3.06781
threshold=-109.12405014038085 -79.298500061035142 -79.311107635498033 -82.058330535888658 16.372917175292972 40.784446716308601 -80.748550415039048 38.308649063110359 13.292360782623293 35.865440368652351 -13.552083492279051 40.443843841552741 36.020755767822273 2.5000000000000004 35.893484115600593 35.906902313232429 2.452361106872559 80.951389312744155 20.521528244018558 -79.132404327392564 14.293750286102297 24.864880561828617 2.5559028387069707 16.372917175292972 38.785099029541023 36.20991516113282
decision_type=2 2 2 2 2 2 2 2 2 2 2 2 2 2 2 2 2 2 2 2 2 2 2 2 2 2
left_child=11 2 3 7 -5 -6 -7 8 -2 17 -11 -1 13 14 22 -16 -17 -3 -19 -20 -15 -22 -12 24 25 -14
right_child=1 9 -4 4 5 6 -8 -9 -10 10 12 -13 23 20 15 16 -18 18 19 -21 21 -23 -24 -25 -26 -27
leaf_value=0.0021359553490413684 -0.00026029838584072206 1.2409583623191042e-18 -3.2012979385161153e-10 5.6639333132475416e-08 1.3869029674054093e-06 -1.1351640808035398e-09 -1.0659513063153607e-10 5.2570192346780532e-08 4.2315992550618925e-06 -5.8221751938174422e-10 -2.0644754548274766e-14 -0.0018175560891014993 3.0163767476379667e-06 2.4032212466168499e-15 -5.8221751938174422e-10 -2.7924883234794351e-11 7.786129716999198e-12 6.5282989949237023e-15 -2.4804983637335723e-20 5.41038303520008e-15 -7.2257995817967463e-10 9.360451437815289e-15 2.6242042924348807e-16 -6.5099165038327088e-12 8.1167630536424269e-08 -0.00027488852432924662
leaf_weight=4677.9998444318771 123.29999858140945 2978.5999619364738 152.29999768733978 317.29999601840973 133.69999843835831 97.29999828338623 107.39999961853027 1852.4999913573265 265.99999886751175 82.599998772144318 114.89999860525131 141.59999793767929 209.79999762773514 280.59999614953995 119.7999986410141 114.7999986410141 155.49999779462814 279.99999648332596 91.099999010562897 117.39999866485596 88.299999177455902 133.49999904632568 155.59999781847 993.69999086856842 559.09999364614487 81.199999451637268
leaf_count=3644 147 3714 181 411 165 123 122 1985 268 108 133 150 254 350 142 140 199 358 111 144 103 153 198 1133 653 98
internal_value=4.76408e-05 -0.000145493 -0.00056832 -0.000239763 -0.00137271 -0.00292246 -0.0051179 9.16872e-05 -0.000974881 5.11558e-05 -0.000173602 0.000432649 -0.000116823 -0.000418468 -0.000750861 -0.00119188 -0.000521754 0.000251546 -0.00026758 -0.00128487 1.81089e-05 -0.00049232 -0.000112126 7.32843e-05 0.000289358 -0.000145984
internal_weight=14425.9 9606.3 3049.8 2897.5 655.7 338.4 204.7 2241.8 389.3 6556.5 3089.4 4819.6 3006.8 1163 660.6 390.1 270.3 3467.1 488.5 208.5 502.4 221.8 270.5 1843.8 850.1 291
internal_count=15187 11393 3402 3221 821 410 245 2400 415 7991 3664 3794 3556 1418 812 481 339 4327 613 255 606 256 331 2138 1005 352
is_linear=0
shrinkage=0.0103578


Tree=208
num_leaves=27
num_cat=0
split_feature=30 30 30 11 29 30 7 30 6 6 29 1 11 2 29 30 29 11 29 29 29 12 11 11 29 5
split_gain=10.5351 33.0946 33.8753 13.558 22.3494 6.24069 4.0627 3.52332 3.242 8.62491 2.75747 7.58517 2.88771 4.36891 1.67895 1.44846 3.50393 5.62827 1.37964 0.730549 0.703177 2.61556 0.689153 2.76158 0.583777 0.88938
threshold=-82.058330535888658 -79.298500061035142 -79.311107635498033 16.453472137451175 40.93249702453614 -80.495098114013658 0.52291664481163036 -79.028789520263658 0.86458334326744091 0.72291669249534618 35.893484115600593 18.631845474243168 21.567361831665043 -0.88334625959396351 35.865440368652351 -109.12405014038085 38.308649063110359 12.998610973358156 41.191854476928718 40.703229904174812 35.885410308837898 2.4083333015441899 20.184027671813968 20.831944465637211 35.865440368652351 0.41093026101589208
decision_type=2 2 2 2 2 2 2 2 2 2 2 2 2 2 2 2 2 2 2 2 2 2 2 2 2 2
left_child=15 2 3 19 -5 -6 14 8 9 -8 12 -12 -10 -14 -3 18 17 -17 -1 -2 21 -16 -22 -24 -9 -26
right_child=1 6 -4 4 5 -7 7 24 10 -11 11 -13 13 -15 20 16 -18 -19 -20 -21 22 -23 23 -25 25 -27
leaf_value=0.0021138314734884161 -4.1450788065949931e-05 1.2281047189193645e-18 -3.1681394189658627e-10 1.3846756610716401e-06 -1.0587524054269238e-09 -9.2007008655444055e-11 -6.5792507356650153e-17 2.4383019881462689e-12 1.8363118061730082e-18 -5.5517739136562525e-10 -5.8293191661690703e-10 2.9792084575527535e-11 1.7944238696063503e-14 -1.7199578463580305e-20 4.0144621297268431e-14 -0.00023893044695936174 5.2025678907491196e-08 4.1877707666160208e-06 -0.0018003159389092603 5.6052763983912194e-08 3.6665321578482882e-12 -4.2411563397931062e-13 -2.7635641869428447e-11 2.0778837495085453e-13 -4.3059405364220704e-10 6.82320310623182e-12
leaf_weight=4787.6998401880264 77.89999908208847 2496.7999680042267 154.09999781847 132.09999865293503 93.499998331069946 86.599999785423279 118.09999859333038 266.29999673366547 386.99999409914017 77.199998676776886 85.099998831748962 135.4999988079071 92.799998641014099 107.49999862909317 152.19999825954437 128.7999986410141 1861.4999901652336 260.29999947547913 127.0999983549118 275.89999681711197 1612.4999817609787 97.099998831748962 90.89999920129776 283.09999817609787 248.19999694824219 368.49999576807022
leaf_count=3733 99 3112 181 163 119 98 143 329 494 102 103 163 116 133 186 152 2001 263 133 355 1915 121 107 321 302 431
internal_value=6.96966e-05 -0.000203293 -0.00216523 -0.00114926 -0.00272052 -0.00508838 3.99008e-05 -0.000366436 -0.000786298 -0.00198278 -0.000495356 -0.00148129 -0.000123236 -0.00113157 0.000201962 0.000353159 0.000135223 -0.000757681 0.000452844 0.000238198 -4.02641e-06 -0.000522079 6.09062e-05 -0.000339006 0.000110304 -6.41732e-05
internal_weight=14604.3 7438.9 820.1 666 312.2 180.1 6618.8 1886.2 1003.2 195.3 807.9 220.6 587.3 200.3 4732.6 7165.4 2250.6 389.1 4914.8 353.8 2235.8 249.3 1986.5 374 883 616.7
internal_count=15375 9093 1015 834 380 217 8078 2316 1254 245 1009 266 743 249 5762 6282 2416 415 3866 454 2650 307 2343 428 1062 733
is_linear=0
shrinkage=0.0103578


Tree=209
num_leaves=27
num_cat=0
split_feature=30 30 30 11 29 30 7 0 1 29 29 6 29 30 0 2 29 29 29 4 7 29 10 6 5 29
split_gain=8.97246 35.7829 26.9199 15.698 20.6093 10.8383 3.61979 2.79207 2.3035 2.04378 8.23326 2.09502 1.72475 1.40104 1.35054 1.31791 2.21667 0.921948 0.810837 0.755576 1.12693 2.98118 0.816965 0.529007 0.718081 0.484518
threshold=-82.058330535888658 -79.298500061035142 -79.311107635498033 16.372917175292972 40.784446716308601 -80.748550415039048 0.60208335518836986 7.226388931274415 26.182440757751468 35.88811111450196 35.912242889404304 2.8770833015441899 35.873266220092781 -120.45205307006835 23.253472328186039 -2.6611930131912227 38.441310882568366 40.703229904174812 39.616733551025398 3.4577083587646489 0.30208334326744085 38.441310882568366 28.506944656372074 0.043750001117587096 0.49936333298683172 36.504644393920906
decision_type=2 2 2 2 2 2 2 2 2 2 2 2 2 2 2 2 2 2 2 2 2 2 2 2 2 2
left_child=13 2 3 17 -5 -6 12 -8 9 11 -11 -9 23 18 -12 16 -15 -2 -1 -14 22 -22 -21 24 -3 -17
right_child=1 6 -4 4 5 -7 7 8 -10 10 14 -13 19 15 -16 25 -18 -19 -20 20 21 -23 -24 -25 -26 -27
leaf_value=0.0020919367534136908 -2.7473287372933544e-05 -8.3496852712366645e-09 -3.1353243499284581e-10 1.1191397489933467e-06 -1.0670118362715923e-09 -1.0453804221154295e-10 -6.0322638929394111e-10 2.4130464556415863e-12 -1.8491069917351608e-16 -5.7445897999643868e-10 1.0956176604705969e-10 -5.0612650578449875e-21 1.5090019526819122e-13 -0.00020182172944508092 -6.7617680685554506e-10 1.0601271542782345e-05 4.1575102643801361e-06 5.5472178638185902e-08 -0.0017816694380266105 -4.6558935754328752e-10 -3.8339323006620935e-05 6.9196882886108686e-10 5.3187855526910604e-14 1.2158603916277707e-18 1.6295955071913946e-10 2.523861859559287e-08
leaf_weight=3947.6998674869537 83.699998915195465 91.69999885559082 144.59999805688858 122.99999850988388 88.29999840259552 107.49999970197678 112.19999819993973 769.49998933076859 131.39999842643738 95.199999034404755 348.69999587535858 80.299998819828033 1435.4999852180481 177.09999698400497 138.39999902248383 696.29998099803925 227.89999914169312 253.29999697208405 141.89999574422836 114.39999866485596 91.499998807907104 102.39999854564667 469.39999461174011 2561.0999668240547 111.29999858140945 2005.6999870538712
leaf_count=3069 107 115 168 154 113 123 148 969 154 114 429 99 1665 169 154 589 229 327 131 138 113 120 564 3199 135 2115
internal_value=6.95393e-05 -0.000182297 -0.00225062 -0.00135507 -0.00300062 -0.00508323 6.66428e-05 -0.000349579 -0.000235653 -0.000114623 -0.000587215 0.000208887 0.00020688 0.000330415 -4.04476e-05 0.000164353 -0.00038588 0.0002028 0.000456434 -8.41883e-06 -0.000268497 -0.000951504 -4.0224e-05 0.000379387 -0.00012768 0.000247046
internal_weight=14650 7453.4 800.4 655.8 318.8 195.8 6653 1675.7 1563.5 1432.1 582.3 849.8 4977.3 7196.6 487.1 3107 405 337 4089.6 2213.2 777.7 193.9 583.8 2764.1 203 2702
internal_count=15410 9108 992 824 390 236 8116 2067 1919 1765 697 1068 6049 6302 583 3102 398 434 3200 2600 935 233 702 3449 250 2704
is_linear=0
shrinkage=0.0103578


Tree=210
num_leaves=27
num_cat=0
split_feature=30 30 30 30 11 29 30 29 29 11 7 30 29 29 11 4 29 29 29 9 30 30 1 10 7 11
split_gain=8.51377 7.37311 52.8443 8.59635 12.5247 21.2731 11.989 5.44145 6.1815 10.5915 4.3626 3.4563 5.7018 11.9092 6.23789 5.46912 1.20183 1.06159 0.990893 0.489338 1.11125 0.423411 0.792654 1.32155 0.597015 0.465964
threshold=-117.08349990844725 -79.298500061035142 -79.311107635498033 -82.058330535888658 16.372917175292972 40.784446716308601 -80.748550415039048 38.308649063110359 36.361949920654304 15.475694656372072 0.60208335518836986 -78.987926483154283 35.838500976562507 35.906902313232429 20.752082824707035 2.3781249523162846 39.309597015380866 40.703229904174812 35.873266220092781 133.00000000000003 -78.970527648925767 -78.902667999267564 23.69077301025391 52.659723281860359 0.064583335071802153 16.453472137451175
decision_type=2 2 2 2 2 2 2 2 2 2 2 2 2 2 2 2 2 2 2 2 2 2 2 2 2 2
left_child=16 2 3 7 17 -6 -7 8 -2 -10 18 12 14 -14 -12 -16 -1 -5 -3 20 -20 -21 25 24 -24 -23
right_child=1 10 -4 4 5 6 -8 -9 9 -11 11 -13 13 -15 15 -17 -18 -19 19 21 -22 22 23 -25 -26 -27
leaf_value=0.002070268815262294 7.2173013010969487e-06 1.299795262657819e-18 -3.102849173999761e-10 -2.7188723563515857e-05 1.3466035439023037e-06 -1.0437989157381082e-09 -9.885799555451175e-11 1.1400208212366576e-07 -0.00036910143553669936 -1.2445581868707566e-07 2.4721702666982798e-12 4.4594994331515081e-12 -5.6850882800032064e-10 -5.4242322632407707e-10 -1.8101852154956796e-16 -2.4993956858264326e-14 -0.0017631369000081457 5.4904603924069605e-08 -0.00027164416164340193 2.0407313750764001e-13 3.6269918189783444e-12 3.4093841938056188e-10 -4.6076685925946808e-10 5.8946588162428929e-12 -4.6764364296389618e-08 -4.5368574474585809e-10
leaf_weight=4605.0998465418816 212.39999788999557 2708.3999658823013 140.79999804496765 83.19999897480011 142.79999834299088 88.499998390674591 106.49999952316284 1945.5999904870987 91.499999046325684 132.99999964237213 425.59999406337738 687.29999160766602 108.19999885559082 151.59999793767929 134.79999858140945 122.79999822378159 175.0999950170517 253.99999696016312 96.499999105930328 880.79998958110809 193.79999774694443 508.69999438524246 103.2999991774559 152.29999935626984 89.499999403953552 241.7999981045723
leaf_count=3583 220 3366 168 106 176 113 121 2078 103 130 542 821 128 192 162 152 159 326 115 1060 232 603 119 165 93 268
internal_value=9.80457e-05 -7.6672e-05 -0.000484868 -0.000198428 -0.00122977 -0.00263775 -0.00485721 9.38149e-05 -0.000949781 -0.00214617 0.000120935 -0.000343877 -0.000750951 -0.00205549 -0.000252965 -0.00152376 0.000456429 0.000181521 0.000273357 0.000113271 -0.0002829 0.000171739 3.53337e-05 -0.00037469 -0.000943793 0.000224575
internal_weight=14583.9 9803.7 3198.3 3057.5 675 337.8 195 2382.5 436.9 224.5 6605.4 1630.3 943 259.8 683.2 257.6 4780.2 337.2 4975.1 2266.7 290.3 1976.4 1095.6 345.1 192.8 750.5
internal_count=15301 11559 3541 3373 842 410 234 2531 453 233 8018 1997 1176 320 856 314 3742 432 6021 2655 347 2308 1248 377 212 871
is_linear=0
shrinkage=0.0103578


Tree=211
num_leaves=27
num_cat=0
split_feature=30 30 30 30 11 30 29 29 11 29 7 30 29 29 1 2 29 29 29 6 29 11 29 9 10 10
split_gain=7.67074 8.04617 55.5738 9.83548 14.2843 23.3619 5.47691 4.32695 5.69266 8.52133 3.57724 1.64861 6.12382 12.8373 3.5774 4.9933 1.32545 0.843195 1.12162 0.708121 0.650327 0.618551 0.638867 1.14447 0.613396 0.605424
threshold=-117.08349990844725 -79.298500061035142 -79.311107635498033 -82.058330535888658 16.372917175292972 -80.748550415039048 41.268846511840827 38.376905441284187 13.390972614288332 36.361949920654304 0.60208335518836986 -78.987926483154283 35.88811111450196 35.906902313232429 24.864880561828617 0.72726449370384227 39.408555984497077 36.160299301147468 36.361949920654304 0.22708333283662799 40.57173156738282 16.372917175292972 40.025205612182624 249.53472137451175 58.201387405395515 31.548610687255863
decision_type=2 2 2 2 2 2 2 2 2 2 2 2 2 2 2 2 2 2 2 2 2 2 2 2 2 2
left_child=16 2 3 7 20 -6 -7 8 9 -2 17 12 14 -14 -12 -16 -1 19 -19 25 -5 -20 -23 -24 -13 -3
right_child=1 10 -4 4 5 6 -8 -9 -10 -11 11 24 13 -15 15 -17 -18 18 21 -21 -22 22 23 -25 -26 -27
leaf_value=0.0020488253100642202 7.3013044213012893e-06 -4.5599431162275994e-10 -3.0707103706226385e-10 -1.7302261511770414e-05 -1.0451484043350321e-09 2.2893099134166925e-06 -9.6580215161621533e-11 5.0044379497675002e-08 4.1454221986377773e-06 -0.00030926124260865888 2.3624461812197642e-12 -7.874085158871121e-14 -5.7298972547166182e-10 -5.3680489541579705e-10 2.4049198992585584e-12 -2.5602602018669865e-14 -0.0017285448441081523 -0.00026883051592296024 7.9853434778278998e-08 2.0611381166585538e-18 5.4328914008408564e-08 1.00194995655038e-06 9.7695377096984028e-11 -4.634897134456237e-08 4.3944602886245686e-12 1.8110559404824561e-14
leaf_weight=4510.1998495459557 91.399998426437378 186.59999793767929 148.09999799728394 79.999999046325684 103.4999982714653 132.89999842643738 92.999999761581421 1871.8999890089035 335.09999877214432 96.399998962879181 476.29999321699142 94.399998962879181 91.199998736381531 158.09999805688858 129.39999812841415 112.09999859333038 173.99999499320984 134.49999862909317 509.29999440908432 2908.5999644994736 237.39999705553055 199.09999805688858 169.49999803304672 92.199999034404755 577.49999308586121 810.39998954534531
leaf_count=3510 100 224 175 100 129 165 106 1995 333 106 603 114 110 199 158 139 160 161 595 3590 306 239 183 102 699 992
internal_value=9.71439e-05 -6.7071e-05 -0.000494714 -0.000192298 -0.00132511 -0.00283423 -0.000958839 0.000113721 -0.000718552 -0.00215932 0.000138036 -0.000281816 -0.00055558 -0.00195222 -6.87673e-05 -0.00109473 0.000442124 0.000275483 2.23935e-05 0.000346942 0.000242013 0.00014581 -0.000128401 -0.00046501 0.000111737 0.000108081
internal_weight=14523.1 9838.9 3189.7 3041.6 646.8 329.4 225.9 2394.8 522.9 187.8 6649.2 1639 967.1 249.3 717.8 241.5 4684.2 5010.2 1104.6 3905.6 317.4 970.1 460.8 261.7 671.9 997
internal_count=15293 11623 3515 3340 806 400 271 2534 539 206 8108 2022 1209 309 900 297 3670 6086 1280 4806 406 1119 524 285 813 1216
is_linear=0
shrinkage=0.0103578


Tree=212
num_leaves=27
num_cat=0
split_feature=30 30 30 30 11 29 30 7 29 29 11 30 29 29 11 4 29 29 29 29 11 29 1 5 6 5
split_gain=7.45457 7.65395 44.8929 10.6868 14.5871 25.1053 10.915 5.71839 4.84917 5.6442 9.02879 2.71054 5.66225 12.8255 4.46224 7.9841 2.62928 0.974044 0.922028 0.957806 1.72548 1.49013 0.736336 0.573764 0.479196 0.7224
threshold=-117.08349990844725 -79.298500061035142 -79.311107635498033 -82.058330535888658 16.372917175292972 40.93249702453614 -80.748550415039048 0.60208335518836986 38.308649063110359 36.361949920654304 15.563194751739504 -78.987926483154283 35.88811111450196 35.906902313232429 20.898611068725589 2.5781250000000004 39.309597015380866 40.57173156738282 36.20991516113282 40.703229904174812 13.810416698455812 39.82715034484864 24.337499618530277 0.088035125285387053 0.043750001117587096 0.48487250506877905
decision_type=2 2 2 2 2 2 2 2 2 2 2 2 2 2 2 2 2 2 2 2 2 2 2 2 2 2
left_child=16 2 3 8 17 -6 -7 18 9 -2 -11 12 14 -14 22 -16 -1 -5 24 20 -20 -22 -9 -10 25 -3
right_child=1 7 -4 4 5 6 -8 11 23 10 -12 -13 13 -15 15 -17 -18 -19 19 -21 21 -23 -24 -25 -26 -27
leaf_value=0.0020276039131797092 7.0996460401220319e-06 -8.2584774848430785e-09 -3.0389044557053127e-10 -2.672789322945682e-05 1.0936108094259569e-06 -1.5323544564604338e-09 -1.1321268639195086e-10 3.6628204465000371e-12 -2.828829893605672e-06 -0.00036207506605861475 -1.0451067087709932e-05 2.362805402908726e-12 -5.5668537300524117e-10 -5.3124475825856429e-10 8.6043995647896019e-17 -3.1886447612332584e-14 -0.0017300177612351239 5.377318104201637e-08 -0.00026604601348390641 5.7555083606191942e-10 3.4218877260715044e-06 -4.6350483436668288e-08 -2.5337414461660752e-14 1.1230291575137165e-07 2.0686386130933893e-18 1.61271454792222e-10
leaf_weight=4538.3998491168022 211.99999743700027 136.99999821186066 141.19999802112579 79.199999034404755 141.49999833106995 90.499998271465302 103.59999930858612 373.99999493360519 188.49999940395355 89.999999165534973 147.19999915361404 665.49999225139618 97.599998831748962 148.39999800920486 148.39999854564667 103.39999854564667 186.59999448060989 239.99999713897705 92.399999260902405 541.99999248981476 292.99999755620956 84.79999965429306 78.299998581409454 1773.6999902129173 3725.4999557137489 146.39999830722809
leaf_count=3534 220 170 164 98 173 115 120 476 193 100 144 801 118 186 178 130 172 312 104 638 348 88 101 1903 4569 178
internal_value=8.79508e-05 -7.43373e-05 -0.000489772 -0.000226118 -0.00139902 -0.0029049 -0.00531837 0.000126396 9.24546e-05 -0.000877403 -0.00197337 -0.000409396 -0.000764355 -0.00211551 -0.000290367 -0.0013942 0.00042612 0.00018526 0.000298905 1.91184e-05 -0.000322316 -1.0111e-05 0.000324191 0.000314885 0.00036943 -3.97346e-05
internal_weight=14569.1 9844.1 3207.4 3066.2 654.8 335.6 194.1 6636.7 2411.4 449.2 237.2 1615.6 950.1 246 704.1 251.8 4725 319.2 5021.1 1012.2 470.2 377.8 452.3 1962.2 4008.9 283.4
internal_count=15333 11627 3542 3378 818 408 235 8085 2560 464 244 1990 1189 304 885 308 3706 410 6095 1178 540 436 577 2096 4917 348
is_linear=0
shrinkage=0.0103578


Tree=213
num_leaves=27
num_cat=0
split_feature=30 30 30 30 11 29 30 29 11 7 30 29 29 11 2 29 1 29 29 29 29 11 29 11 0 29
split_gain=7.12655 9.99007 51.5073 10.6489 15.134 23.1913 12.0734 5.57619 6.52098 4.40167 3.10385 5.70826 13.6942 4.70909 7.29091 2.96935 1.25328 1.19434 0.832413 0.776605 0.561552 1.66986 1.40818 0.544526 0.695375 0.454768
threshold=-109.12405014038085 -79.298500061035142 -79.311107635498033 -82.058330535888658 16.372917175292972 40.784446716308601 -80.748550415039048 38.308649063110359 12.461805343627931 0.60208335518836986 -78.987926483154283 35.88811111450196 35.909603118896491 21.567361831665043 -0.92782089114189137 41.191854476928718 24.918452262878422 40.57173156738282 36.20991516113282 37.118564605712898 40.703229904174812 13.810416698455812 39.894470214843757 16.372917175292972 22.839583396911625 39.894470214843757
decision_type=2 2 2 2 2 2 2 2 2 2 2 2 2 2 2 2 2 2 2 2 2 2 2 2 2 2
left_child=15 2 3 7 17 -6 -7 8 -2 18 11 13 -13 16 -15 -1 -11 -5 -3 -10 21 -20 -23 -22 -25 -9
right_child=1 9 -4 4 5 6 -8 25 19 10 -12 12 -14 14 -16 -17 -18 -19 20 -21 23 22 -24 24 -26 -27
leaf_value=0.0020066023240472397 -0.00021731984734539437 2.4263261125032631e-18 -3.0074279812436569e-10 -3.9999210311930503e-05 9.1410519195261078e-07 -1.5164825800595725e-09 -1.120400479349367e-10 8.6703604144556209e-07 7.0260708768915117e-06 3.6248815524273929e-12 6.061279229394564e-12 -5.6864147111521891e-10 -5.257422120910398e-10 2.4216517435189321e-12 -3.1171358937433652e-14 -0.001714968704819315 -2.5074973673919114e-14 5.3209210219196646e-08 -0.00026329035246490672 -1.1675330510184885e-05 7.9208968802146059e-08 3.2734041710675927e-06 -4.5800907872107651e-08 -7.2277961251358617e-10 4.6388979509573763e-10 2.21954551288967e-08
leaf_weight=4758.8998415470123 127.39999836683273 3915.5999524593353 149.09999781847 75.299999058246613 133.3999987244606 86.29999840259552 107.69999951124191 1074.4999985098839 140.19999945163727 449.99999344348907 687.5999920964241 80.399998903274536 150.29999822378159 97.799998700618744 110.79999846220016 125.49999839067459 78.099998891353607 248.59999704360962 86.39999920129776 158.69999927282333 356.79999566078186 294.19999766349792 86.79999965429306 89.099998652935028 95.499998688697815 809.19999122619629
leaf_count=3715 150 4818 177 99 162 111 123 1049 144 574 822 98 189 120 138 133 97 320 100 157 420 344 90 105 109 964
internal_value=9.67714e-05 -6.58102e-05 -0.000549492 -0.000249671 -0.00141884 -0.00298732 -0.00526813 8.00601e-05 -0.000988653 0.000162813 -0.000299113 -0.000677235 -0.00209714 -0.000230745 -0.00154646 0.000419361 0.000289269 0.000167733 0.00031816 -0.000149223 5.23281e-05 -0.000210034 8.4405e-05 0.00027959 -0.000175049 0.000322369
internal_weight=14574.2 9689.8 3110.4 2961.3 651.3 327.4 194 2310 426.3 6579.4 1655 967.4 230.7 736.7 208.6 4884.4 528.1 323.9 4924.4 298.9 1008.8 467.4 381 541.4 184.6 1883.7
internal_count=15328 11480 3456 3279 815 396 234 2464 451 8024 2038 1216 287 929 258 3848 671 419 5986 301 1168 534 434 634 214 2013
is_linear=0
shrinkage=0.0103578


Tree=214
num_leaves=27
num_cat=0
split_feature=11 29 8 5 7 29 4 6 29 4 29 29 29 29 29 29 29 29 2 12 6 12 11 29 0 7
split_gain=3.52052 16.0803 5.0033 3.95337 2.95638 2.65995 3.98192 4.9572 2.19327 3.50083 1.38977 1.2548 8.16622 1.42964 1.1716 18.9638 1.57212 5.65626 0.706999 0.67237 0.606234 0.837627 0.575147 2.53201 0.687795 1.05867
threshold=16.453472137451175 40.93249702453614 4.5000000000000009 0.69600629806518566 0.59375000000000011 35.703458786010749 2.7756249904632573 1.6645833253860476 41.332025527954109 3.6322916746139531 36.875450134277351 35.633329391479499 35.607975006103523 39.82715034484864 35.61804389953614 35.633329391479499 35.88811111450196 35.904197692871101 -1.08680123090744 -3.5062500238418575 0.49791666865348821 3.1770832538604741 2.8986110687255864 36.061250686645515 17.371527671813968 0.018750000745058063
decision_type=2 2 2 2 2 2 2 2 2 2 2 2 2 2 2 2 2 2 2 2 2 2 2 2 2 2
left_child=10 4 3 8 11 6 -6 -8 -3 -10 14 12 -2 -13 -1 -16 20 -18 -7 -20 21 -17 23 -19 -24 -26
right_child=1 2 -4 -5 5 18 7 -9 9 -11 -12 13 -14 -15 15 16 17 22 19 -21 -22 -23 24 -25 25 -27
leaf_value=8.2713614452419609e-11 1.2668496517437724e-13 -3.6169425775739572e-10 4.2803165574058933e-10 -3.507606065491653e-10 4.0802059483339545e-16 2.3961091355009604e-12 -2.8893299223871722e-10 -1.6518055517802209e-13 -4.4847348329809866e-10 -9.8349901800299776e-10 5.6054446893739699e-07 1.3603660197594489e-14 -2.9541589045583782e-10 -4.5462592483865669e-08 -2.9762775349474058e-10 1.3597874883290266e-14 -5.407195343500186e-10 8.6534555033322092e-08 -5.2029666039518777e-10 5.9094995173832085e-16 4.173641332649315e-19 -3.2966124437813355e-12 3.9675340785963349e-07 -0.00027556559526435297 1.1455309307925268e-07 -0.00014966130195962022
leaf_weight=1082.5999706983566 410.39999556541443 83.39999908208847 100.79999899864197 83.699999272823334 184.399997651577 245.79999870061874 141.7999981045723 88.199998736381531 138.79999858140945 139.29999756813049 5434.2998690605164 2502.1999790668488 102.49999928474426 159.09999984502792 108.69999849796295 323.49999570846558 156.09999805688858 139.69999819993973 161.79999822378159 416.29999673366547 1099.2999839186668 139.59999823570251 731.49997907876968 87.499998331069946 218.69999557733536 127.2999981045723
leaf_count=978 470 98 120 95 226 270 176 106 156 175 5053 2894 117 165 127 409 191 177 192 459 1405 174 675 85 205 151
internal_value=0.00011765 -0.000106594 -0.00178249 -0.00225388 0.000100888 -0.000328112 -0.0010044 -0.00191191 -0.00272299 -0.00226934 0.000232932 0.000268408 -0.000199996 0.000358863 9.16202e-05 -9.80192e-06 0.000143251 -0.000100783 1.19896e-05 -0.000185337 0.00037164 5.6168e-05 0.000122161 -0.000350132 0.00022227 -0.000157186
internal_weight=14607.3 4958.5 546 445.2 4412.5 1238.3 414.4 230 361.5 278.1 9648.8 3174.2 512.9 2661.3 4214.5 3131.9 3023.2 1460.8 823.9 578.1 1562.4 463.1 1304.7 227.2 1077.5 346
internal_count=15349 5719 644 524 5075 1429 508 282 429 331 9630 3646 587 3059 4577 3599 3472 1484 921 651 1988 583 1293 262 1031 356
is_linear=0
shrinkage=0.0103578


Tree=215
num_leaves=27
num_cat=0
split_feature=30 30 30 11 29 30 7 30 5 29 1 11 2 6 12 4 30 29 29 11 29 29 29 9 29 11
split_gain=8.94048 34.8317 32.8817 12.8249 24.6222 10.7928 3.4662 3.85757 5.22799 2.62348 10.124 4.45606 4.00643 5.99975 2.55415 5.1839 1.44607 2.0334 5.56074 11.3705 1.16481 0.921249 0.683698 0.637338 0.469186 1.08776
threshold=-82.058330535888658 -79.298500061035142 -79.311107635498033 16.372917175292972 40.93249702453614 -80.748550415039048 0.46041667461395269 -78.987926483154283 0.7459721863269807 35.88811111450196 17.766667366027836 20.752082824707035 -0.88334625959396351 1.3187500238418581 7.4229166507720956 2.9343750476837163 -118.89915084838866 38.376905441284187 36.504644393920906 14.754166603088381 40.703229904174812 39.309597015380866 36.314949035644538 265.31250000000006 35.508249282836921 16.756944656372074
decision_type=2 2 2 2 2 2 2 2 2 2 2 2 2 2 2 2 2 2 2 2 2 2 2 2 2 2
left_child=16 2 3 20 -5 -6 14 8 9 11 -11 -8 -13 -14 22 -16 21 18 -18 -20 -2 -1 24 -17 25 -3
right_child=1 6 -4 4 5 -7 7 -9 -10 10 -12 12 13 -15 15 23 17 -19 19 -21 -22 -23 -24 -25 -26 -27
leaf_value=0.0019858124599063573 -2.0314140531612242e-05 -8.0519171995195937e-13 -2.9454497398702385e-10 1.6645879604053697e-06 -9.803956654479254e-10 -7.7565542439223453e-11 2.2534892372810135e-12 6.0393883302045098e-12 -5.1490751283160861e-10 -5.6789817876534467e-10 3.1540440575397604e-11 2.371750165670332e-12 -6.4393586263421142e-17 -2.3999118462299719e-14 -8.5027848967771212e-13 4.1304114395302313e-19 7.7130739351144315e-06 7.2170944728722231e-08 -0.00024396419151182687 6.3751770608734349e-08 4.6852050167175119e-08 -0.0016913721310965607 8.9550229524941625e-11 -8.3893429460931322e-13 4.5546660363186428e-15 1.8546795734828648e-13
leaf_weight=4309.2998571395874 77.899999022483826 124.49999833106995 148.09999799728394 147.79999840259552 90.199998438358307 98.699999630451202 484.19999265670776 861.19999063014984 129.69999814033508 88.399998605251312 171.79999834299088 110.39999884366989 118.49999874830246 89.599998831748962 89.399999141693115 192.99999755620956 442.79998916387558 1879.7999901771545 111.49999928474426 208.59999978542328 266.6999968290329 166.19999504089355 794.09999114274979 106.29999876022339 3048.6999645233154 170.89999806880951
leaf_count=3357 99 157 175 180 116 113 616 1030 163 112 208 132 145 114 108 240 398 2000 121 210 341 152 923 131 3739 209
internal_value=7.12732e-05 -0.000180518 -0.00218009 -0.00121515 -0.00265111 -0.0051232 7.16007e-05 -0.000281181 -0.000662612 -0.000421868 -0.00132466 -0.000127971 -0.00107888 -0.00192369 0.000231762 -0.000570071 0.000333442 0.000141047 -0.000309519 -0.0013487 0.000188732 0.000446922 0.000307247 8.37406e-05 0.000372128 -2.06253e-05
internal_weight=14528.3 7410.1 829.4 681.3 336.7 188.9 6580.7 2053.8 1192.6 1062.9 260.2 802.7 318.5 208.1 4526.9 388.7 7118.2 2642.7 762.9 320.1 344.6 4475.5 4138.2 299.3 3344.1 295.4
internal_count=15289 9051 1024 849 409 229 8027 2520 1490 1327 320 1007 391 259 5507 479 6238 2729 729 331 440 3509 5028 371 4105 366
is_linear=0
shrinkage=0.0103578


Tree=216
num_leaves=27
num_cat=0
split_feature=30 30 30 11 30 11 30 10 4 3 6 30 10 7 2 0 30 2 0 30 30 30 10 11 10 10
split_gain=13.4669 30.2685 28.2344 12.0533 19.4888 10.7556 9.3304 11.9356 4.91989 2.51978 2.17254 2.70874 3.83132 7.16313 3.68945 3.52271 1.36941 1.00747 0.832233 0.711481 1.21379 0.691816 0.606645 0.535321 0.713966 1.30825
threshold=-82.058330535888658 -79.298500061035142 -79.311107635498033 16.372917175292972 -80.748550415039048 2.6749999523162846 -78.970527648925767 22.763889312744144 4.0989584922790536 2.3542361259460454 1.1729166507720949 -78.929180145263658 57.868055343627937 0.12708333134651187 -1.1267856955528257 22.799304962158207 -120.26449966430663 -3.9098213911056514 22.932638168334964 -79.074466705322251 -79.056720733642564 -80.06703948974608 55.062500000000007 18.270138740539554 50.451387405395515 43.923612594604499
decision_type=2 2 2 2 2 2 2 2 2 2 2 2 2 2 2 2 2 2 2 2 2 2 2 2 2 2
left_child=16 2 3 21 -5 6 7 -3 22 -6 19 12 18 -14 -15 -16 -1 -18 -12 -7 -21 -2 -9 24 25 -22
right_child=1 5 -4 4 9 10 -8 8 -10 -11 11 -13 13 14 15 -17 17 -19 -20 20 23 -23 -24 -25 -26 -27
leaf_value=0.0019652437397998301 4.6366677762311746e-08 -4.6784855630696648e-17 -2.9149412540436912e-10 -9.7022214667799246e-10 8.8739551062964203e-07 6.5230507857664391e-15 4.3228651211254671e-15 6.4576165407797835e-15 -5.6201598247346439e-10 -6.8868454188948683e-11 -4.6756081681924491e-17 4.6499151140530823e-13 -8.3024474230917195e-13 2.2301479649702891e-12 -5.2923665371219457e-10 -2.8888999044047829e-14 -0.00017892782022209747 1.0370317714324393e-07 4.7320677578196997e-15 -5.0957418517554144e-10 1.4685090130148722e-16 -2.0103729992230747e-05 -3.0879105374980509e-10 1.568536528297931e-13 2.2282928912703378e-14 -4.4443575750520714e-08
leaf_weight=4141.899861574173 249.79999697208405 110.79999822378159 153.79999774694443 104.5999983549118 94.899999439716339 1637.8999782204628 236.89999681711197 124.3999981880188 106.29999881982803 130.99999845027924 148.69999802112579 783.89999175071716 83.799998641014099 249.49999660253525 263.69999599456787 158.39999806880951 217.69999778270721 2822.1999689936638 339.49999660253525 140.09999853372574 397.79999595880508 94.399998605251312 92.699998438358307 832.39999264478683 734.39999103546143 159.19999796152115
leaf_count=3239 320 146 178 130 111 2053 303 158 131 160 187 919 112 307 339 198 217 2842 405 169 476 124 119 954 864 190
internal_value=2.77847e-05 -0.000281361 -0.00214679 -0.00123055 -0.00264163 -4.6979e-05 -0.00128927 -0.00219059 -0.00117942 -0.000922249 9.36669e-05 -0.000181227 -0.000481852 -0.000943883 -0.000585247 -0.00117516 0.000347622 0.000180397 0.00023246 0.000236624 0.000117345 0.00012526 -0.000280963 0.00017918 4.67346e-05 -0.000232384
internal_weight=14610.7 7428.9 828.5 674.7 330.5 6600.4 671.1 434.2 323.4 225.9 5929.3 2027.5 1243.6 755.4 671.6 422.1 7181.8 3039.9 488.2 3901.8 2263.9 344.2 217.1 2123.8 1291.4 557
internal_count=15351 9053 1023 845 401 8030 857 554 408 271 7173 2467 1548 956 844 537 6298 3059 592 4706 2653 444 277 2484 1530 666
is_linear=0
shrinkage=0.0103578


Tree=217
num_leaves=27
num_cat=0
split_feature=30 30 30 11 30 11 10 4 7 30 1 30 0 11 30 11 30 10 11 30 13 2 13 7 10 11
split_gain=9.41921 35.5196 29.0601 14.7528 19.5584 6.792 11.2811 3.51397 2.53462 3.22357 2.6991 2.15047 2.10613 1.53598 1.46245 1.80852 1.61054 1.41476 0.94528 0.811164 0.802233 0.639623 0.590398 0.411644 0.398851 0.544836
threshold=-82.058330535888658 -79.298500061035142 -79.311107635498033 16.372917175292972 -80.748550415039048 1.7451388835906985 22.763889312744144 3.3920832872390752 0.75208333134651195 -79.03228378295897 25.100893020629886 -79.114654541015611 22.538194656372074 1.1972222328186037 -117.08349990844725 14.085416793823244 -94.668254852294908 16.319444656372074 12.152777671813967 -78.577270507812486 44.593750000000007 -1.9861025214195249 64.370834350585952 0.86458334326744091 49.006944656372077 18.270138740539554
decision_type=2 2 2 2 2 2 2 2 2 2 2 2 2 2 2 2 2 2 2 2 2 2 2 2 2 2
left_child=14 2 3 -2 -5 6 -3 -6 17 10 11 12 -10 -8 -1 16 18 -7 20 -19 -16 -22 -18 -11 25 -21
right_child=1 5 -4 4 7 8 13 -9 9 23 -12 -13 -14 -15 15 -17 22 19 -20 24 21 -23 -24 -25 -26 -27
leaf_value=0.0019448880671262118 4.5886432812921478e-08 -4.6300265761249723e-17 -2.8847487701148605e-10 -9.6019148573685814e-10 -3.4552189055505942e-11 -8.3081585180519417e-13 8.105548593118758e-15 -8.1543061160901609e-11 3.7421816552668907e-12 -2.2572540936948018e-13 -2.401407211172517e-14 -5.2375490716255588e-10 -2.1299090170873821e-14 -0.00025770896595013021 -0.00016274953870653203 2.0172180342759146e-08 9.9955817114409631e-07 6.4554860944564553e-15 -5.013051211573454e-05 -4.5282754957919907e-08 -0.00020264705553830312 9.3221393558603049e-06 -4.6880568552657128e-05 6.246178241454907e-12 4.29659066159554e-10 9.0520132406145735e-10
leaf_weight=4713.499843776226 322.4999960064888 148.49999791383743 145.49999815225601 105.79999834299088 146.1999990940094 157.99999785423279 342.99999499320984 86.799998998641968 200.19999724626541 95.599998831748962 82.599998950958252 136.19999825954437 76.299998819828033 79.099998950958252 146.09999793767929 1419.2999951243401 320.99999529123306 4042.999951839447 102.29999983310699 244.19999825954437 93.599999368190765 199.79999822378159 77.899999797344208 485.99999439716339 447.49999564886093 102.09999895095825
leaf_count=3693 415 189 171 130 170 194 440 108 256 118 102 172 95 103 163 1443 432 4956 101 274 96 192 83 590 499 113
internal_value=6.05426e-05 -0.000196466 -0.00224792 -0.00132229 -0.00282989 5.28183e-05 -0.00102695 -0.00114455 0.000154447 -0.000301029 -0.000914791 -0.000569547 -4.24064e-05 -0.00016062 0.000331252 0.000120488 -0.000231355 0.000252757 -0.000599075 0.000284352 -0.000387991 -7.36176e-05 0.000267183 0.000221319 -1.78551e-05 -0.000282019
internal_weight=14522.6 7449.1 806.8 661.3 338.8 6642.3 570.6 233 6071.7 1076.9 495.3 412.7 276.5 422.1 7073.5 2360 940.7 4994.8 541.8 4836.8 439.5 293.4 398.9 581.6 793.8 346.3
internal_count=15298 9095 994 823 408 8101 732 278 7369 1333 625 523 351 543 6203 2510 1067 6036 552 5842 451 288 515 708 886 387
is_linear=0
shrinkage=0.0103578


Tree=218
num_leaves=27
num_cat=0
split_feature=30 30 30 30 11 29 30 11 10 29 11 7 30 30 6 29 29 6 2 10 3 30 7 7 29 29
split_gain=10.0838 7.2509 49.2926 9.88631 15.2441 22.2171 11.8112 4.74474 11.032 4.62761 6.29463 2.63639 3.70363 4.21655 4.12132 1.86977 0.983573 0.778148 1.27026 0.953365 0.697968 0.677113 0.651638 2.25065 0.507345 0.501032
threshold=-109.12405014038085 -79.298500061035142 -79.311107635498033 -82.058330535888658 16.372917175292972 40.784446716308601 -80.748550415039048 1.4270833730697634 22.763889312744144 38.308649063110359 13.292360782623293 0.83541664481163036 -79.028789520263658 -79.078010559082017 2.0770833492279057 40.443843841552741 40.57173156738282 0.76874998211860668 2.8867624998092656 24.465277671813968 2.573125004768372 -79.128845214843736 0.60208335518836986 0.639583319425583 37.612449645996101 40.93249702453614
decision_type=2 2 2 2 2 2 2 2 2 2 2 2 2 2 2 2 2 2 2 2 2 2 2 2 2 2
left_child=15 2 3 9 16 -6 -7 8 -3 10 -2 17 13 14 21 -1 -5 -9 19 -19 -10 -13 -21 -24 -12 -11
right_child=1 7 -4 4 5 6 -8 11 20 25 24 12 -14 -15 -16 -17 -18 18 -20 22 -22 -23 23 -25 -26 -27
leaf_value=0.0019247432351750967 -0.00021916652892006556 -4.5820695194275902e-17 -2.8548690149878634e-10 -2.4765066237250511e-05 3.3785005992417422e-07 -1.8281400605020028e-09 -1.121576870087474e-10 1.3275424279918858e-14 -3.1547611641368847e-10 7.4612712322185293e-07 6.1526050909705005e-06 2.9451120329941555e-12 2.2593875679442681e-12 -5.1832993964555543e-10 -5.1803197153327047e-10 -0.001697945609653817 4.5418218726752919e-08 -8.2221039733209011e-13 -1.1313665715543925e-16 6.4097315332512191e-15 8.0215926487948025e-15 -5.1887880828136864e-10 -5.38983149007238e-10 4.5296116086590062e-16 -1.155634276082594e-05 1.9948391068789921e-08
leaf_weight=4810.4998395442963 136.89999842643738 142.1999979019165 149.09999787807465 76.89999908208847 133.19999819993973 92.699998378753662 106.49999958276749 2951.3999654650688 97.399998486042023 1161.1999983787537 162.09999978542328 167.39999771118164 496.29999381303787 81.499998569488525 103.49999868869781 131.09999811649323 252.99999713897705 123.59999865293503 148.39999783039093 1490.7999832630157 280.3999964594841 85.099999010562897 92.499998986721039 376.59999567270279 105.29999953508377 661.69999140501022
leaf_count=3747 163 184 175 97 168 117 121 3574 122 1142 161 216 607 107 127 135 326 148 188 1790 358 105 111 452 105 809
internal_value=4.92631e-05 -0.000145124 -0.000564143 -0.000263722 -0.0013742 -0.00293779 -0.00512271 4.66803e-05 -0.000902525 6.65768e-05 -0.000934925 0.000127515 -0.000378781 -0.00107309 -0.0005827 0.000429933 0.000202299 0.00021884 7.26305e-05 0.000138834 2.32511e-05 0.000130333 0.000194715 -0.000141239 -7.31904e-06 0.000289152
internal_weight=14617.3 9675.7 3038.6 2889.5 662.3 332.4 199.2 6637.1 520 2227.2 404.3 6117.1 933.8 437.5 356 4941.6 329.9 5183.3 2231.9 2083.5 377.8 252.5 1959.9 469.1 267.4 1822.9
internal_count=15355 11473 3384 3209 829 406 238 8089 664 2380 429 7425 1162 555 448 3882 423 6263 2689 2501 480 321 2353 563 266 1951
is_linear=0
shrinkage=0.0103578


Tree=219
num_leaves=27
num_cat=0
split_feature=30 30 30 30 11 29 30 10 9 29 29 0 12 29 29 30 30 10 3 7 30 29 29 30 11 11
split_gain=7.95708 8.04668 50.574 8.78132 13.2213 20.7643 10.5905 5.87401 13.9646 4.31698 6.16476 5.90522 3.88942 1.65794 1.12786 0.878709 1.24942 0.71933 1.8539 0.804498 1.48749 2.46563 0.518086 0.628273 0.903781 1.31714
threshold=-117.08349990844725 -79.298500061035142 -79.311107635498033 -82.058330535888658 16.372917175292972 40.784446716308601 -80.748550415039048 22.763889312744144 141.19444274902347 38.308649063110359 36.361949920654304 25.035416603088382 6.777083396911622 39.221981048583991 40.57173156738282 -79.114654541015611 -79.10402679443358 33.187500000000007 2.772013902664185 0.59375000000000011 -78.929180145263658 35.88811111450196 40.784446716308601 -94.668254852294908 14.838194370269777 11.78958320617676
decision_type=2 2 2 2 2 2 2 2 2 2 2 2 2 2 2 2 2 2 2 2 2 2 2 2 2 2
left_child=13 2 3 9 14 -6 -7 8 -3 10 -2 -12 -10 -1 -5 -9 -17 18 -18 -19 21 -21 23 24 25 -11
right_child=1 7 -4 4 5 6 -8 15 12 22 11 -13 -14 -15 -16 16 17 19 -20 20 -22 -23 -24 -25 -26 -27
leaf_value=0.0019048070600928256 6.8083936168849517e-06 -4.5346091940662515e-17 -2.8252987494690081e-10 -2.5367871955913316e-05 1.0520942877070739e-06 -9.3129166332378556e-10 -9.5657093028141012e-11 6.2511165574878743e-15 1.3274802110201494e-14 1.9764362954994648e-05 -0.0002809811620005482 -1.0182999144134443e-05 -8.131224912852431e-13 -0.0016966883399784278 4.4947784258448867e-08 -8.0895435277080707e-09 6.2723891534850836e-15 8.0028201861915171e-14 -3.4361179875082223e-12 2.0231763637293408e-12 6.1869759126822492e-12 -5.334004498561876e-10 1.9741768902420377e-08 -2.0646530570148367e-08 3.7872075790840731e-06 -3.0600582537655468e-05
leaf_weight=4651.1998457312584 225.79999709129333 83.299998819828033 152.49999785423279 79.599999070167542 138.79999846220016 83.099998414516449 111.49999952316284 2011.0999723672867 351.59999650716782 127.29999941587448 108.49999910593033 96.699999868869781 95.099998652935028 202.29999381303787 260.1999968290329 136.19999843835831 162.59999817609787 2649.3999725580215 113.39999860525131 263.39999681711197 598.59999316930771 179.59999763965607 744.69999051094055 369.10000038146973 625.99999892711639 96.199999868869781
leaf_count=3622 234 107 179 100 172 105 127 2569 414 131 117 93 121 179 336 168 192 3118 144 318 716 224 895 369 606 94
internal_value=9.54613e-05 -7.34396e-05 -0.000498373 -0.000208247 -0.00125289 -0.00271654 -0.00489476 0.000132456 -0.000912845 8.55244e-05 -0.000852243 -0.00214939 -0.000183513 0.000438792 0.00018409 0.00022321 0.000136092 0.000169715 -0.000339286 0.000207937 -3.55742e-05 -0.000490594 0.000291792 0.000159631 0.000314785 -0.0002489
internal_weight=14717.8 9864.3 3220 3067.5 673.2 333.4 194.6 6644.3 530 2394.3 431 205.2 446.7 4853.5 339.8 6114.3 4103.2 3967 276 3691 1041.6 443 1963.3 1218.6 849.5 223.5
internal_count=15450 11649 3558 3379 840 404 232 8091 642 2539 444 210 535 3801 436 7449 4880 4712 336 4376 1258 542 2095 1200 831 225
is_linear=0
shrinkage=0.0103578


Tree=220
num_leaves=27
num_cat=0
split_feature=30 30 30 30 11 29 30 10 0 29 11 29 29 29 7 29 29 7 30 9 11 2 29 11 2 30
split_gain=7.13532 8.7794 45.6977 12.098 15.6059 23.7054 12.7523 3.48568 14.512 2.71115 4.49621 2.06272 1.68778 1.14036 1.10674 1.25037 10.8255 2.23815 0.68705 0.875587 0.541775 0.939682 0.519503 0.72688 1.32218 0.820878
threshold=-117.08349990844725 -79.298500061035142 -79.311107635498033 -82.058330535888658 16.372917175292972 40.784446716308601 -80.748550415039048 22.763889312744144 8.2062501907348651 38.308649063110359 12.998610973358156 39.747600555419929 40.57173156738282 35.648420333862312 0.46041667461395269 35.88811111450196 35.904197692871101 0.51041665673255932 -78.779132843017564 280.39582824707037 22.018054962158207 -0.88334625959396351 40.784446716308601 13.959027767181398 -1.1267856955528257 -86.771537780761705
decision_type=2 2 2 2 2 2 2 2 2 2 2 2 2 2 2 2 2 2 2 2 2 2 2 2 2 2
left_child=11 2 3 9 12 -6 -7 8 -3 10 -2 -1 -5 -10 18 17 -17 -16 -9 -20 -19 -22 23 24 -11 -25
right_child=1 7 -4 4 5 6 -8 14 13 22 -12 -13 -14 -15 15 16 -18 20 19 -21 21 -23 -24 25 -26 -27
leaf_value=0.001885077380645738 -0.00020568264211926149 -4.4876404549791617e-17 -2.7960347679156399e-10 -0.00020491298494530001 1.0411968674488972e-06 -1.7779931928316544e-09 -8.5828196106394576e-11 7.873758265260051e-15 -8.0527188720281289e-13 1.7830714068520659e-05 5.6202430307217716e-06 -0.0016791917413714508 4.4482222473292072e-08 8.3784695803304672e-15 -3.6546933813514446e-15 -5.2246213404139349e-10 1.5879082570505665e-11 3.6727834086433487e-12 1.3718512459367787e-13 -1.6377580294896083e-09 2.1982012502423304e-12 -3.9795835311663429e-14 1.9537286894597355e-08 3.7479802060524304e-06 -3.636347108596395e-05 -2.0432677189206108e-08
leaf_weight=4598.5998471975327 163.19999772310257 71.599998712539673 151.89999794960022 76.199999094009399 127.29999834299088 91.199998319149017 105.09999936819077 2933.6999631524086 84.999998867511749 117.69999969005585 277.79999893903732 153.39999598264694 256.69999688863754 337.99999636411667 74.999998867511749 88.299998939037323 740.99999123811722 947.49998641014099 920.89999157190323 153.0999983549118 127.69999885559082 108.09999871253967 750.59999030828476 682.29999887943268 123.09999960660934 254.80000084638596
leaf_count=3580 178 96 175 96 159 118 121 3631 106 119 276 144 329 404 94 105 888 1195 1055 179 151 131 900 655 127 258
internal_value=0.000110102 -5.00157e-05 -0.000497169 -0.000218204 -0.00146184 -0.00307953 -0.00533207 0.000165579 -0.000669986 0.000126451 -0.00060541 0.000439282 0.000111955 6.13633e-05 0.000233506 3.98772e-05 -0.000272022 0.000245803 0.000334241 0.000109494 0.000356304 -8.62989e-05 0.000294156 0.000157805 -0.000348428 0.000288469
internal_weight=14519.8 9767.8 3177.9 3026 656.5 323.6 196.3 6589.9 494.6 2369.5 441 4752 332.9 423 6095.3 2087.6 829.3 1258.3 4007.7 1074 1183.3 235.8 1928.5 1177.9 240.8 937.1
internal_count=15270 11546 3511 3336 823 398 239 8035 606 2513 454 3724 425 510 7429 2564 993 1571 4865 1234 1477 282 2059 1159 246 913
is_linear=0
shrinkage=0.0103578


Tree=221
num_leaves=27
num_cat=0
split_feature=30 30 30 30 11 29 30 29 29 11 10 0 29 7 7 29 29 29 29 0 7 9 29 1 1 9
split_gain=6.52356 9.01427 48.1101 9.69795 13.9634 22.9016 9.78467 4.75706 5.21985 6.57453 3.60118 13.3319 2.23121 1.15145 1.90945 1.87793 10.1673 1.07163 0.926876 0.449824 0.858759 0.350699 0.385623 0.51766 0.426808 0.651142
threshold=-117.08349990844725 -79.298500061035142 -79.311107635498033 -82.058330535888658 16.372917175292972 40.784446716308601 -80.748550415039048 38.308649063110359 36.579669952392585 16.181249618530277 22.763889312744144 8.405555725097658 39.309597015380866 0.46041667461395269 0.48958334326744085 35.88811111450196 35.906902313232429 35.648420333862312 40.784446716308601 22.645833015441898 0.86458334326744091 278.17361450195318 35.914943695068366 24.466369628906254 23.123214721679691 296.49305725097662
decision_type=2 2 2 2 2 2 2 2 2 2 2 2 2 2 2 2 2 2 2 2 2 2 2 2 2 2
left_child=12 2 3 7 18 -6 -7 8 -2 -10 11 -3 -1 21 -15 -16 -17 -13 -5 -18 -21 -12 24 -24 25 -23
right_child=1 10 -4 4 5 6 -8 -9 9 -11 13 17 -14 14 15 16 19 -19 -20 20 -22 22 23 -25 -26 -27
leaf_value=0.0018655520579858756 6.679612634665963e-06 -4.4411582103962331e-17 -2.7670738978886243e-10 -3.6530820790553618e-05 1.0304123208843343e-06 -9.1540906251522721e-10 -1.0911618117197588e-10 1.0189549130862185e-07 -0.00030973740588895898 -1.0056969606969963e-05 8.319388952770578e-15 -7.9693101292996711e-13 -0.0016653790239865955 -3.6255416218913367e-16 2.3216475719450392e-12 -5.1705055685657564e-10 6.326090536371008e-10 8.2916867651360282e-15 4.4014485877107446e-08 -4.3514370485945013e-08 1.5863926955493017e-11 -8.3579639728538195e-09 5.4318976591573805e-11 -1.6207944001485084e-09 4.5265401116684909e-15 1.4097036286667744e-14
leaf_weight=4665.1998436450958 226.89999747276306 77.399998724460602 151.89999783039093 83.199998915195465 136.59999841451645 87.499998390674591 108.69999974966049 1950.1999896168709 94.599999248981476 112.79999977350235 3225.4999622702599 88.299999117851257 171.29999488592148 88.899998664855957 1179.3999840021133 101.89999878406525 442.69999462366104 350.0999960899353 251.19999700784683 131.79999852180481 109.69999897480011 103.39999830722809 123.29999858140945 85.799998879432678 409.89999532699585 100.39999866485596
leaf_count=3628 239 102 177 106 168 111 123 2086 102 110 3913 107 157 111 1470 123 543 417 324 152 125 134 151 98 501 126
internal_value=0.000130144 -2.31505e-05 -0.000474158 -0.000190288 -0.00129362 -0.00279383 -0.00505605 0.00011849 -0.000860901 -0.00204646 0.000195112 -0.000635257 0.000441512 0.000265416 6.5421e-05 0.000132942 -0.000258784 6.55814e-05 0.000200354 0.000196175 -0.000161929 0.000366781 0.000174852 -0.000207701 0.000305952 -7.95387e-05
internal_weight=14658.6 9822.1 3203.6 3051.7 667.2 332.8 196.2 2384.5 434.3 207.4 6618.5 515.8 4836.5 6102.7 2054.4 1965.5 786.1 438.4 334.4 684.2 241.5 4048.3 822.8 209.1 613.7 203.8
internal_count=15404 11619 3546 3369 832 402 234 2537 451 212 8073 626 3785 7447 2524 2413 943 524 430 820 277 4923 1010 249 761 260
is_linear=0
shrinkage=0.0103578


Tree=222
num_leaves=27
num_cat=0
split_feature=30 30 30 30 11 29 30 29 11 0 1 29 7 13 30 29 29 29 30 29 0 10 0 2 29 29
split_gain=7.63652 8.68419 44.9925 10.9537 14.1329 26.0078 6.2963 3.29633 4.83706 2.78898 11.8476 1.73479 1.4455 2.65166 2.99988 1.45118 7.4596 1.22374 0.858649 0.784491 0.746768 0.649006 1.0456 0.551228 0.534943 0.510822
threshold=-112.49425125122069 -79.298500061035142 -79.311107635498033 -82.058330535888658 16.372917175292972 40.784446716308601 -80.748550415039048 38.308649063110359 14.700000286102297 7.226388931274415 8.2797617912292498 39.747600555419929 0.46041667461395269 111.28333282470705 -79.067359924316392 35.88811111450196 35.909603118896491 40.784446716308601 -76.80580902099608 36.046298980712898 24.45624923706055 16.319444656372074 15.183333396911623 -1.6717132329940794 35.607975006103523 40.784446716308601
decision_type=2 2 2 2 2 2 2 2 2 2 2 2 2 2 2 2 2 2 2 2 2 2 2 2 2 2
left_child=11 2 3 7 17 -6 -7 8 -2 10 19 -1 18 15 -15 24 -17 -5 21 -3 -18 22 -11 -20 -14 -9
right_child=1 9 -4 4 5 6 -8 25 -10 12 -12 -13 13 14 -16 16 20 -19 23 -21 -22 -23 -24 -25 -26 -27
leaf_value=0.0018462289754191173 -0.00022429280355118524 7.7060322994419258e-15 -2.7384129998084338e-10 -2.2604280312494129e-05 1.2709340474562784e-06 -1.4039589334868568e-09 -5.1688760722221569e-10 7.3709275950833369e-07 4.6008484899824889e-06 8.2041981157513267e-15 -4.3951574212870981e-17 -0.0016281420313593387 -7.9751385389371495e-15 -2.3253419762198494e-14 -4.3542591560007873e-14 -5.116950319016116e-10 3.1048179825856523e-11 4.3565588067395469e-08 -1.172112940195947e-05 -0.00027271123822215725 -3.7427233461970109e-11 8.2342179541350553e-15 -8.1676514724536652e-09 3.1709715556955569e-10 2.302297367076935e-12 1.8279506073372274e-08
leaf_weight=4717.8998423814774 147.89999884366989 266.4999960064888 146.79999786615372 80.399998962879181 135.29999852180481 90.399998426437378 91.199999213218689 1161.8999990820885 251.89999896287918 101.39999842643738 76.999999046325684 141.19999665021896 146.49999809265137 86.899998784065247 150.19999814033508 81.699999153614044 526.09999459981918 230.39999693632126 107.79999905824661 80.899998962879181 84.499999105930328 3543.4999591112137 91.499999105930328 367.99999582767487 848.89998781681061 712.99999159574509
leaf_count=3671 171 343 170 104 167 116 108 1141 249 130 100 138 187 107 178 95 625 298 118 101 101 4329 111 416 1067 854
internal_value=0.000114059 -5.51014e-05 -0.000511816 -0.000228137 -0.00143884 -0.002976 -0.00553121 0.000106044 -0.000746875 0.000157104 -0.000654163 0.000448688 0.00021333 -2.16227e-05 -0.00104614 0.000122362 -0.000241346 0.000129715 0.000320782 0.000161614 0.000152348 0.000373571 -0.000209567 -9.28302e-05 0.000375737 0.000288314
internal_weight=14469.7 9610.6 3049.2 2902.4 627.7 316.9 181.6 2274.7 399.8 6561.4 424.4 4859.1 6137 1924.8 237.1 1687.7 692.3 310.8 4212.2 347.4 610.6 3736.4 192.9 475.8 995.4 1874.9
internal_count=15195 11386 3378 3208 793 391 224 2415 420 8008 544 3809 7464 2360 285 2075 821 402 5104 444 726 4570 241 534 1254 1995
is_linear=0
shrinkage=0.0103578


Tree=223
num_leaves=27
num_cat=0
split_feature=30 30 30 30 11 29 30 29 11 0 1 7 29 1 12 2 9 30 29 11 11 30 7 29 30 11
split_gain=6.80533 10.127 53.3291 8.44076 14.844 20.8916 11.2726 3.91293 6.10686 3.73372 14.3056 1.99575 1.64369 1.29711 1.42142 0.890949 2.07627 2.69899 0.681818 0.861554 1.96393 1.03742 0.653283 0.509127 0.491996 0.35933
threshold=-117.08349990844725 -79.298500061035142 -79.311107635498033 -82.058330535888658 16.372917175292972 40.784446716308601 -80.748550415039048 38.308649063110359 14.184027671813967 7.226388931274415 8.2797617912292498 0.46041667461395269 39.747600555419929 26.75625038146973 -13.552083492279051 1.1852225661277773 189.9513854980469 -79.002838134765611 40.784446716308601 14.390972137451174 12.07569456100464 -94.668254852294908 0.30208334326744085 40.784446716308601 -78.762928009033189 18.270138740539554
decision_type=2 2 2 2 2 2 2 2 2 2 2 2 2 2 2 2 2 2 2 2 2 2 2 2 2 2
left_child=12 2 3 7 23 -6 -7 8 -2 10 22 24 -1 14 -13 -16 17 -17 19 20 -9 -21 -3 -5 -11 -26
right_child=1 9 -4 4 5 6 -8 18 -10 11 -12 13 -14 -15 15 16 -18 -19 -20 21 -22 -23 -24 -25 25 -27
leaf_value=0.001827106038175715 -0.00027571214626616509 7.6262144794315955e-15 -2.7100489666147905e-10 -8.5611127595103131e-06 1.0065753522509502e-06 -1.7571185229215788e-09 -1.0263213649551482e-10 4.9867891582809787e-06 5.6185430828288538e-06 8.1192203758345645e-15 -4.3496331008148404e-17 -4.1364702467429706e-10 -0.0016112780029513985 -4.309158453059641e-14 2.2737535078483616e-12 -4.9685879754852267e-10 2.906449016143064e-12 8.8405567434635511e-12 1.8084769875269841e-08 3.7004692306218191e-06 -3.599551431304707e-05 -1.7442989402883273e-08 -5.3990298325946127e-10 4.3107345820206803e-08 2.127516059928406e-14 1.8095421937831182e-13
leaf_weight=4563.2998483181 172.69999778270721 221.99999660253525 148.49999761581421 76.799999058246613 131.49999856948853 84.699998378753662 105.99999940395355 169.89999938011169 262.59999877214432 3224.9999604225159 82.199998915195465 105.49999839067459 134.89999610185623 121.59999859333038 1190.3999849557877 115.39999824762344 360.19999533891678 84.499998986721039 737.59999072551727 601.49999940395355 95.999999582767487 307.30000042915344 130.39999806880951 250.19999694824219 660.89999336004257 364.39999741315842
leaf_count=3553 191 288 175 100 159 109 120 177 260 3968 104 135 127 144 1436 150 452 107 882 585 96 303 170 326 763 410
internal_value=0.000117783 -3.74563e-05 -0.000521846 -0.000220883 -0.00126569 -0.00284162 -0.00502679 6.81035e-05 -0.000817339 0.000191181 -0.00073618 0.000256024 0.000441909 -1.56001e-05 5.22161e-05 0.000122943 -0.000217151 -0.00106253 0.000270061 0.000114522 -0.000402873 0.000266522 0.00017253 0.000288042 0.00038249 0.000184005
internal_weight=14506 9807.8 3145.3 2996.8 649.2 322.2 190.7 2347.6 435.3 6662.5 434.6 6227.9 4698.2 1977.6 1856 1750.5 560.1 199.9 1912.3 1174.7 265.9 908.8 352.4 327 4250.3 1025.3
internal_count=15290 11610 3483 3308 814 388 229 2494 451 8127 562 7565 3680 2424 2280 2145 709 257 2043 1161 273 888 458 426 5141 1173
is_linear=0
shrinkage=0.0103578


Tree=224
num_leaves=27
num_cat=0
split_feature=30 30 30 30 11 29 30 29 11 11 6 29 7 13 4 29 29 7 29 29 11 13 30 30 29 11
split_gain=6.29238 9.79937 47.96 8.46256 15.0498 21.4 11.798 4.02642 6.17344 2.7413 7.01585 2.20837 1.41839 1.64423 2.09995 1.86515 7.03701 0.963618 0.60157 0.599961 1.03442 1.44101 0.764406 0.423277 0.454606 0.953996
threshold=-117.08349990844725 -79.298500061035142 -79.311107635498033 -82.058330535888658 16.372917175292972 40.784446716308601 -80.748550415039048 38.308649063110359 11.965972423553469 1.4270833730697634 1.2604166865348818 39.747600555419929 0.46041667461395269 114.28541564941408 2.2814583778381352 35.88811111450196 35.906902313232429 0.43541666865348821 40.703229904174812 40.784446716308601 13.959027767181398 54.229166030883796 -94.668254852294908 -78.577270507812486 40.703229904174812 18.270138740539554
decision_type=2 2 2 2 2 2 2 2 2 2 2 2 2 2 2 2 2 2 2 2 2 2 2 2 2 2
left_child=11 2 3 7 18 -6 -7 8 -2 10 17 -1 23 15 -15 -14 -17 -3 -5 20 21 -9 -22 -11 25 -25
right_child=1 9 -4 4 5 6 -8 19 -10 12 -12 -13 13 14 -16 16 -18 -19 -20 -21 22 -23 -24 24 -26 -27
leaf_value=0.0018081811731832001 -0.00022441136154559686 8.0351228214252072e-15 -2.6819787234298364e-10 -1.6553063957532205e-05 1.247343978238578e-06 -1.7389185771453938e-09 -1.0156908964082308e-10 4.9344837492819842e-06 4.3658624214823384e-08 8.0638318501430209e-15 -4.3045803137953825e-17 -0.0016109184221467137 2.2548993818492635e-12 -6.2533539141896702e-14 2.8531382492818242e-12 -5.0641852976299338e-10 2.0377818531893861e-11 -5.3431075661593097e-10 4.2660846994858048e-08 1.7894047769854094e-08 3.6621403817085955e-06 -3.0082333088575277e-05 -1.7267900516673131e-08 -1.1599723864210423e-05 7.8464654315868633e-10 1.7875166002477902e-09
leaf_weight=4645.1998454332352 153.69999760389328 294.29999607801437 134.9999982714653 77.799999058246613 121.59999865293503 84.79999840259552 99.399999856948853 111.6999996304512 312.1999985575676 3460.9999588131905 137.39999794960022 147.79999601840973 1077.1999852657318 87.599999189376831 106.59999877214432 95.699999034404755 641.29999309778214 76.699998557567596 247.29999709129333 761.3999907374382 622.39999943971634 124.69999945163727 298.90000087022781 189.09999859333038 324.39999598264694 140.29999905824661
leaf_count=3614 173 375 160 98 148 108 110 119 308 4240 180 140 1356 102 128 113 765 101 319 908 604 125 295 215 364 151
internal_value=0.000135111 -1.54941e-05 -0.000491076 -0.000219982 -0.00128622 -0.00293355 -0.00515458 6.21295e-05 -0.000800804 0.00021043 -0.000519744 0.000442548 0.000271167 4.52646e-05 -0.000858833 0.000142513 -0.000258527 0.000220482 0.000264438 0.000272018 0.000122909 -0.000486901 0.000280043 0.000381304 0.000138492 -0.000131506
internal_weight=14575.5 9782.5 3150.9 3015.9 630.9 305.8 184.2 2385 465.9 6631.6 508.4 4793 6123.2 2008.4 194.2 1814.2 737 371 325.1 1919.1 1157.7 236.4 921.3 4114.8 653.8 329.4
internal_count=15319 11565 3475 3315 783 366 218 2532 481 8090 656 3754 7434 2464 230 2234 878 476 417 2051 1143 244 899 4970 730 366
is_linear=0
shrinkage=0.0103578


Tree=225
num_leaves=27
num_cat=0
split_feature=30 30 30 30 11 29 30 29 11 0 1 29 7 1 10 29 29 29 0 0 30 29 30 11 0 3
split_gain=6.90012 11.615 52.456 12.142 15.6362 24.3747 10.1888 4.15461 5.91459 4.04027 12.6775 3.38206 1.92008 2.23422 2.81398 2.10308 7.79597 1.50787 0.925007 0.734502 0.586207 0.459652 0.462399 0.880178 0.411175 0.368816
threshold=-117.08349990844725 -79.298500061035142 -79.311107635498033 -82.058330535888658 16.372917175292972 40.784446716308601 -80.748550415039048 38.308649063110359 11.884027481079103 7.226388931274415 8.2797617912292498 40.376539230346687 0.46041667461395269 26.325298309326175 78.347225189208999 35.88811111450196 35.912242889404304 40.57173156738282 24.45624923706055 5.3618054389953622 -93.519866943359361 40.784446716308601 -94.668254852294908 14.390972137451174 21.795833587646488 2.5160416364669804
decision_type=2 2 2 2 2 2 2 2 2 2 2 2 2 2 2 2 2 2 2 2 2 2 2 2 2 2
left_child=11 2 3 7 17 -6 -7 8 -2 10 19 -1 -11 15 -15 -14 -17 -5 -18 -3 -10 22 23 -9 -24 -26
right_child=1 9 -4 4 5 6 -8 21 20 12 -12 -13 13 14 -16 16 18 -19 -20 -21 -22 -23 24 -25 25 -27
leaf_value=0.0017894523288416503 -0.00018856525090283897 7.4783251812771724e-15 -2.6541992272247965e-10 -0.00020191788960358182 1.222285259646306e-06 -1.7209071434257008e-09 -6.2124722852629664e-09 -2.6589972630322219e-05 4.4945472208655954e-06 7.9803080010079852e-15 -4.2599941761624765e-17 -0.0016031031491063818 2.2315435034921368e-12 2.8235859107505855e-12 -6.1885826988886605e-14 -5.0117312960272585e-10 3.0491966594136977e-11 4.2218978170072823e-08 -3.2104256395235174e-11 -0.00025221487099673297 -1.0137873412856121e-05 1.7725126286920028e-08 4.4360299472778986e-07 3.6242085265386187e-06 2.6249125810060864e-07 -6.4014589528327483e-08
leaf_weight=4682.5998439192772 136.79999786615372 238.59999638795853 163.69999778270721 76.299998879432678 136.79999852180481 93.099998295307159 116.79999953508377 192.19999992847443 207.79999935626984 4171.19995200634 77.199999094009399 125.19999700784683 1033.2999860644341 103.79999858140945 92.499998867511749 102.59999865293503 540.89999455213547 256.39999669790268 86.299999296665192 104.39999842643738 99.099999487400055 763.5999910235405 118.69999992847443 596.30000030994415 122.60000050067902 123.69999992847443
leaf_count=3644 156 310 189 97 170 119 134 194 198 5046 96 126 1293 124 111 124 637 334 101 132 107 912 123 579 118 127
internal_value=0.000110871 -4.73807e-05 -0.000558428 -0.000250192 -0.00146981 -0.00300726 -0.00521981 0.000100884 -0.000801419 0.000202528 -0.000779098 0.000432009 0.000269944 2.26902e-06 -0.00104408 0.000119304 -0.00030589 0.000133467 0.000127365 7.56518e-05 -4.83428e-07 0.00031011 0.000178912 0.000320086 -0.000124933 -0.000366888
internal_weight=14562.5 9754.7 3203.9 3040.2 679.4 346.7 209.9 2360.8 443.7 6550.8 420.2 4807.8 6130.6 1959.4 196.3 1763.1 729.8 332.7 627.2 343 306.9 1917.1 1153.5 788.5 365 246.3
internal_count=15301 11531 3557 3368 854 423 253 2514 461 7974 538 3770 7436 2390 235 2155 862 431 738 442 305 2053 1141 773 368 245
is_linear=0
shrinkage=0.0103578


Tree=226
num_leaves=27
num_cat=0
split_feature=30 30 30 30 30 11 29 11 1 10 29 10 7 1 4 29 29 30 29 30 11 11 2 29 2 1
split_gain=5.35045 8.98759 48.9675 6.99075 12.5677 28.8788 3.23399 4.19822 2.72562 12.6289 1.57613 1.12071 1.0385 1.95673 2.23495 1.13268 3.75857 0.588252 0.530569 0.789043 0.770895 0.84553 0.465226 0.41843 0.353072 0.612814
threshold=-117.08349990844725 -79.298500061035142 -79.311107635498033 -82.058330535888658 -80.748550415039048 16.372917175292972 38.308649063110359 11.884027481079103 9.6083335876464862 23.284722328186039 39.747600555419929 84.166667938232436 0.46041667461395269 26.115774154663089 2.2814583778381352 35.88811111450196 35.912242889404304 -80.06703948974608 40.784446716308601 -86.771537780761705 14.838194370269777 12.240277767181398 -0.26186594367027277 36.708299636840827 0.76903465390205394 23.272321701049808
decision_type=2 2 2 2 2 2 2 2 2 2 2 2 2 2 2 2 2 2 2 2 2 2 2 2 2 2
left_child=10 2 3 6 5 -5 7 -2 9 -3 -1 -11 -10 15 -15 -14 -17 -6 19 20 21 -8 -19 -9 -18 -26
right_child=1 8 -4 4 17 -7 18 23 12 11 -12 -13 13 14 -16 16 24 22 -20 -21 -22 -23 -24 -25 25 -27
leaf_value=0.0017709174748012778 -0.0002148362901110639 -4.2158698544382324e-17 -2.6267074664900889e-10 4.1094065047221036e-08 1.3386479130898765e-11 -8.3734917507909279e-10 1.2790825892296463e-05 6.6091466772110126e-06 7.8976492782178419e-15 2.6052431514157454e-14 -0.0013223209634325424 -4.8095052989048993e-10 2.2084295414964337e-12 -6.124482373223697e-14 2.7574978576623682e-12 -4.9598206043791816e-10 3.0176135799922928e-11 -1.0413742226551233e-05 1.753493062475275e-08 -3.3358659497673005e-08 3.5866695735038245e-06 -3.5035676215743068e-05 2.9260261991593202e-11 -9.9539980295618626e-06 8.2220868052516626e-12 -4.3064534363177333e-08
leaf_weight=4598.1998465061188 138.69999814033508 86.099998652935028 145.49999779462814 129.89999794960022 245.99999845027924 114.69999814033508 135.29999965429306 138.99999904632568 4122.7999524474144 515.59999227523804 154.69999581575394 77.599998831748962 897.89998811483383 84.099999248981476 118.69999861717224 89.199999034404755 375.19999641180038 83.899998724460602 740.29999160766602 304.1000007390976 662.79999834299088 96.5 96.899998664855957 164.09999942779541 122.0999983549118 81.999999463558197
leaf_count=3580 155 111 169 177 286 141 141 136 4982 660 145 100 1123 97 143 106 432 109 887 311 632 95 125 161 155 94
internal_value=0.000151885 1.31566e-05 -0.000437125 -0.000156582 -0.00108962 -0.00295861 0.000106561 -0.000692354 0.000232354 -0.000388409 0.0004369 0.000150358 0.000304024 9.37558e-05 -0.000861732 0.000217997 -0.000104255 -1.50108e-05 0.000288959 0.000153686 0.000308818 -0.00020368 -0.000463695 -6.97023e-06 0.000200494 -0.000144454
internal_weight=14521.9 9769 3197.7 3052.2 671.4 244.6 2380.8 441.8 6571.3 679.3 4752.9 593.2 5892 1769.2 202.8 1566.4 668.5 426.8 1939 1198.7 894.6 231.8 180.8 303.1 579.3 204.1
internal_count=15253 11528 3525 3356 838 318 2518 452 8003 871 3725 760 7132 2150 240 1910 787 520 2066 1179 868 236 234 297 681 249
is_linear=0
shrinkage=0.0103578


Tree=227
num_leaves=27
num_cat=0
split_feature=30 30 30 0 1 30 30 11 29 29 11 29 10 2 4 10 10 6 4 12 29 29 11 11 30 1
split_gain=5.24103 7.21592 51.5735 4.29186 15.4423 3.75405 10.1694 24.9249 3.86078 5.59749 9.08725 2.24983 1.01096 1.06884 2.02844 3.15089 1.23111 1.39452 1.37002 1.15198 1.75276 0.442717 0.696058 1.3184 0.63286 0.432648
threshold=-117.08349990844725 -79.298500061035142 -79.311107635498033 7.226388931274415 8.2797617912292498 -82.058330535888658 -80.748550415039048 16.372917175292972 38.308649063110359 36.361949920654304 15.24722194671631 39.747600555419929 56.770833969116218 -0.73486027121543873 2.2568750381469731 76.618057250976577 62.750000000000007 0.53125000000000011 3.3920832872390752 -5.9770832061767569 35.893484115600593 40.784446716308601 14.390972137451174 12.620139122009279 -94.668254852294908 3.9068452119827275
decision_type=2 2 2 2 2 2 2 2 2 2 2 2 2 2 2 2 2 2 2 2 2 2 2 2 2 2
left_child=11 2 5 4 25 8 7 -7 9 -2 -11 -1 -5 -14 15 -15 17 -16 -19 20 -18 22 23 -10 -24 -3
right_child=1 3 -4 12 -6 6 -8 -9 21 10 -12 -13 13 14 16 -17 19 18 -20 -21 -22 -23 24 -25 -26 -27
leaf_value=0.0017525746017423268 6.540759530589471e-06 -0.00024960246570393052 -2.5995004609088529e-10 1.0515417573188715e-14 -4.1722025652091303e-17 4.1355938295153815e-08 1.6191476809254694e-11 -8.1651506276257977e-10 3.429466169822078e-06 -0.00030129413134766047 -8.6096389855183367e-06 -0.0015640100272874915 2.0433740115787707e-14 1.2596969494258191e-13 1.6854161988813169e-13 -6.2158408966939079e-14 2.7657798639409069e-12 -1.0568424241266716e-11 -4.7578655164216032e-10 7.6338561573502411e-15 -4.758189140609964e-10 1.7367138488356681e-08 3.5495194326001837e-06 -3.4672782421704469e-05 -1.5608476617961631e-08 3.288943933454883e-12
leaf_weight=4607.1998460888863 226.19999742507935 98.499998986721039 155.29999786615372 2858.0999681949615 85.499998867511749 131.99999785423279 433.99999588727951 106.19999831914902 180.39999949932098 92.799999296665192 137.59999966621399 150.89999598264694 1163.0999854803085 92.39999920129776 141.49999821186066 88.799999058246613 223.89999675750732 77.599998831748962 159.99999791383743 1287.5999845862389 133.79999804496765 761.19999080896378 616.3999992609024 94.600000143051147 280.0000011920929 235.59999650716782
leaf_count=3584 236 123 181 3455 109 180 532 130 188 104 136 143 1397 108 169 106 287 96 200 1576 162 910 596 94 274 304
internal_value=0.000151183 1.49265e-05 -0.0003877 0.000209868 -0.000803137 -9.16362e-05 -0.000775172 -0.00249218 0.000100638 -0.000755129 -0.00188976 0.000433506 0.000278265 0.00015646 2.2251e-05 -0.00102568 0.000116518 -0.000414796 -0.000899341 0.000239296 -0.000279695 0.000303204 0.000176135 -0.000278498 0.000316166 0.000203165
internal_weight=14621.2 9863.1 3216.7 6646.4 419.6 3061.4 672.2 238.2 2389.2 456.6 230.4 4758.1 6226.8 3368.7 2205.6 181.2 2024.4 379.1 237.6 1645.3 357.7 1932.6 1171.4 275 896.4 334.1
internal_count=15380 11653 3561 8092 536 3380 842 310 2538 476 240 3727 7556 4101 2704 214 2490 465 296 2025 449 2062 1152 282 870 427
is_linear=0
shrinkage=0.0103578


Tree=228
num_leaves=27
num_cat=0
split_feature=30 30 30 30 30 11 0 1 30 2 11 0 30 30 0 10 4 9 12 30 30 6 11 30 30 2
split_gain=5.53108 8.58574 44.0376 5.51046 11.9116 28.5018 4.73501 13.7951 2.14307 1.14086 1.05721 2.92637 0.800732 0.655284 0.678183 0.651977 1.49482 3.43864 0.892255 0.909226 2.50813 0.625158 0.55831 0.531545 0.502811 0.523783
threshold=-109.12405014038085 -79.298500061035142 -79.311107635498033 -82.058330535888658 -80.748550415039048 16.372917175292972 7.226388931274415 8.2797617912292498 -104.80995178222655 -6.3630564212799063 14.390972137451174 20.288194656372074 -94.668254852294908 -87.300792694091783 23.576389312744144 70.548610687255874 2.2518750429153447 211.85417175292972 -6.6229166984558097 -79.135944366455064 -78.959091186523423 0.71458330750465404 1.5944444537162783 -79.067359924316392 -79.039272308349595 -0.20288561284542081
decision_type=2 2 2 2 2 2 2 2 2 2 2 2 2 2 2 2 2 2 2 2 2 2 2 2 2 2
left_child=22 2 3 8 5 -5 7 9 -2 -3 11 12 21 -12 -15 23 17 -17 19 -18 -21 -10 -1 -8 25 -25
right_child=1 6 -4 4 -6 -7 15 -9 10 -11 13 -13 -14 14 -16 16 18 -19 -20 20 -22 -23 -24 24 -26 -27
leaf_value=0.00018233010699477201 -0.00013573342973475456 -2.6949651576618665e-14 -2.5725752610338639e-10 4.0927580262001008e-08 6.2407420403739921e-12 -8.080577335193546e-10 7.7069297485462367e-15 -4.1289875746074661e-17 1.7681785999904349e-05 3.2548775910488716e-12 1.9017975307999513e-06 -0.00021478782311219253 9.864289236833741e-07 1.648572243537654e-08 -7.2665129026552432e-08 1.4590186183897831e-13 1.1317969096599089e-11 -6.1514582350820306e-14 1.2414729398822076e-14 -4.9129738409084091e-10 7.2260269852341462e-12 -0.00015576998514839918 0.0017344217211572462 3.4837693149520329e-14 1.2155848238821125e-13 -4.7089045970676509e-10
leaf_weight=354.69998955726624 101.99999862909317 108.89999860525131 135.2999981045723 126.89999788999557 406.7999963760376 107.29999828338623 1847.5999750494957 81.299998998641968 122.29999971389771 260.59999567270279 912.69999861717224 183.89999938011169 374.69999521970749 255.99999845027924 204.1999996304512 129.39999884366989 96.999998450279236 89.399998962879181 1323.7999844551086 80.499998986721039 101.99999856948853 93.699999392032623 4544.3998501300812 94.299998581409454 2288.7999770641327 147.49999803304672
leaf_count=287 116 133 157 173 500 135 2336 103 127 344 895 189 487 290 206 152 126 104 1610 99 124 99 3566 117 2662 185
internal_value=0.000151325 7.71088e-06 -0.000449616 -0.000178542 -0.00102533 -0.00288319 0.000215847 -0.000808203 6.27637e-05 4.29451e-05 0.000132769 -0.000172763 0.000182089 0.000305459 -1.23491e-05 0.000290437 0.000125387 -0.000676116 0.00023523 -0.000295289 -0.000726161 -0.000318499 0.000434878 0.000359006 0.000261034 -0.000186729
internal_weight=14576 9676.9 3025.8 2890.5 641 234.2 6651.1 450.8 2249.5 369.5 2147.5 774.6 590.7 1372.9 460.2 6200.3 1822.1 218.8 1603.3 279.5 182.5 216 4899.1 4378.2 2530.6 241.8
internal_count=15322 11469 3374 3217 808 308 8095 580 2409 477 2293 902 713 1391 496 7515 2215 256 1959 349 223 226 3853 5300 2964 302
is_linear=0
shrinkage=0.0103578


Tree=229
num_leaves=27
num_cat=0
split_feature=30 30 30 0 10 30 30 11 29 29 29 11 30 7 29 29 4 9 9 5 6 29 30 11 11 6
split_gain=4.96295 8.45266 54.8204 4.89995 12.6177 4.63283 11.1667 24.5764 1.71235 1.45498 7.54977 9.97422 0.99394 0.993396 0.900233 8.03506 1.34241 2.9053 0.441675 0.347736 0.312653 0.284984 0.635762 0.961761 0.288406 0.274427
threshold=-118.89915084838866 -79.298500061035142 -79.311107635498033 7.226388931274415 23.284722328186039 -82.058330535888658 -80.748550415039048 16.372917175292972 39.309597015380866 38.308649063110359 36.361949920654304 15.057639122009279 -79.03228378295897 0.46041667461395269 35.88811111450196 35.906902313232429 2.2518750429153447 225.53472137451175 319.17361450195318 0.28827627003192907 1.3604166507720949 40.784446716308601 -86.478130340576158 13.959027767181398 16.670139312744144 0.018750000745058063
decision_type=2 2 2 2 2 2 2 2 2 2 2 2 2 2 2 2 2 2 2 2 2 2 2 2 2 2
left_child=8 2 5 4 -3 9 7 -7 -1 10 -2 -12 -6 25 16 -16 17 -15 21 20 -17 22 23 -11 -24 -5
right_child=1 3 -4 13 12 6 -8 -9 -10 18 11 -13 -14 14 15 19 -18 -19 -20 -21 -22 -23 24 -25 -26 -27
leaf_value=0.0017164568651351188 6.4738542099652137e-06 -4.0862201977981598e-17 -2.5459289479677865e-10 3.3417890945699008e-10 -4.078820034700736e-10 3.9816140250285407e-08 1.2729902255515716e-11 -1.309880518719758e-09 -0.0015701104536891962 -2.4442429489473771e-05 -0.00032847366799122703 -4.9789124193866876e-06 9.3261385959673712e-11 2.049748364959116e-12 -4.9084509975608626e-10 1.1147090536013404e-09 2.2100290504315066e-12 -4.3359667114071995e-14 -4.5027480181653514e-05 2.9863368669365544e-11 -4.553029873303973e-08 1.7840278336962593e-08 2.5695772513881e-08 3.49305386653174e-06 -6.3015099736884863e-08 7.6579492430370852e-15
leaf_weight=4328.0998557209969 429.49999022483826 84.299998581409454 144.69999778270721 199.29999727010727 143.2999981045723 116.39999800920486 412.59999620914459 97.099998652935028 160.79999542236328 187.39999949932098 91.599999129772186 133.99999988079071 201.79999703168869 126.09999877214432 93.399998903274536 84.19999897480011 994.59998649358749 79.899998962879181 109.69999879598618 501.09999448060989 90.599998950958252 700.79999136924744 99.499999940395355 666.60000061988831 174.20000070333481 4031.1999539136887
leaf_count=3369 393 111 171 245 185 160 504 119 152 194 102 130 262 151 108 102 1248 99 109 591 114 848 105 638 176 4870
internal_value=0.000149753 2.1198e-05 -0.000401592 0.00023581 -0.000833252 -0.000120594 -0.00091988 -0.0028395 0.000435829 7.23742e-05 -0.000349191 -0.00188132 4.53772e-05 0.000309984 0.000117507 -0.000158682 0.00029482 -0.000464289 0.000215138 0.000235101 -0.000160615 0.00025361 0.000150964 0.000290401 -0.000282273 0.000399482
internal_weight=14482.8 9993.9 3364.1 6629.8 429.4 3219.4 626.1 213.5 4488.9 2593.3 655.1 225.6 345.1 6200.4 1969.9 769.3 1200.6 206 1938.2 675.9 174.8 1828.5 1127.7 854 273.7 4230.5
internal_count=15256 11735 3649 8086 558 3478 783 279 3521 2695 625 232 447 7528 2413 915 1498 250 2070 807 216 1961 1113 832 281 5115
is_linear=0
shrinkage=0.0103578


Tree=230
num_leaves=27
num_cat=0
split_feature=30 30 30 30 30 11 0 1 2 7 13 30 11 30 10 30 30 30 1 0 30 10 7 3 3 30
split_gain=4.94558 8.71648 51.3681 6.25059 12.7673 27.4927 3.75158 17.1049 1.35395 1.02323 2.02348 3.18276 0.701105 1.18372 1.27239 0.686599 0.543373 0.816054 4.587 0.503343 0.446045 0.382092 0.334723 0.280474 0.445872 0.276664
threshold=-117.08349990844725 -79.298500061035142 -79.311107635498033 -82.058330535888658 -80.748550415039048 16.372917175292972 7.226388931274415 8.2797617912292498 -4.8566122055053702 0.46041667461395269 111.28333282470705 -79.063835144042955 14.184027671813967 -94.668254852294908 46.770833969116218 -91.673957824707017 -79.11110687255858 -79.025478363037095 18.719047546386722 18.954860687255863 -80.06703948974608 56.493055343627937 0.74375000596046459 2.388541698455811 2.1366666555404668 -78.762928009033189
decision_type=2 2 2 2 2 2 2 2 2 2 2 2 2 2 2 2 2 2 2 2 2 2 2 2 2 2
left_child=-1 2 3 8 5 -5 7 -3 -2 25 16 -12 13 14 -10 -14 -11 18 -18 -15 -6 -22 -17 24 -19 -8
right_child=1 6 -4 4 20 -7 9 -9 12 10 11 -13 15 19 -16 22 17 23 -20 -21 21 -23 -24 -25 -26 -27
leaf_value=0.0016986780861483275 -0.00014505147366323704 7.4459390672703881e-12 -2.5195586330467468e-10 4.009125003389115e-08 1.419590144460822e-11 -7.9828146285452941e-10 7.5193711840131503e-15 -4.0438957984708878e-17 -2.4189258809440762e-05 2.1623236322509365e-12 -2.6247607182700678e-14 2.038135396573272e-12 3.45687338688005e-06 9.7602686782713488e-07 -0.00013092524867165493 1.606056089338697e-08 -4.8576100663229785e-10 1.8803917100594626e-12 5.1630643269128387e-12 -0.00020420074496938658 -6.1016883416247574e-06 1.0180981292498991e-07 -6.8571893800641703e-08 5.9875030514882448e-12 -5.0967030942579923e-10 2.8832322104379251e-13
leaf_weight=4758.1998415589333 114.39999932050705 350.19999498128891 145.19999802112579 122.99999797344208 253.39999860525131 108.39999842643738 3245.6999613046646 87.599998891353607 311.69999837875366 580.39999198913574 93.299998819828033 149.69999825954437 869.69999772310257 352.8999947309494 127.99999809265137 450.09999817609787 84.499998688697815 129.89999878406525 220.19999778270721 77.599999487400055 84.099998891353607 82.499998867511749 109.39999938011169 603.29999268054962 87.699999094009399 1011.2999907135963
leaf_count=3726 120 452 168 166 294 136 3991 112 313 734 115 175 849 469 134 489 105 149 268 84 107 109 118 741 103 1149
internal_value=0.000166698 3.4232e-05 -0.000408832 -0.000122977 -0.00102296 -0.00297336 0.000248408 -0.000677406 0.000119905 0.000313843 0.000116933 -0.000765859 0.000174867 -5.64938e-05 -0.000434632 0.000315997 0.000243136 0.000109811 -0.000346916 0.000328813 5.31811e-05 -0.000361193 3.2075e-05 0.000279974 -3.7001e-05 0.000403869
internal_weight=14612.4 9854.2 3210.4 3065.2 651.4 231.4 6643.8 437.8 2413.8 6206 1949 243 2299.4 870.2 439.7 1429.2 1706 1125.6 304.7 430.5 420 166.6 559.5 820.9 217.6 4257
internal_count=15376 11650 3556 3388 812 302 8094 564 2576 7530 2390 290 2456 1000 447 1456 2100 1366 373 553 510 216 607 993 252 5140
is_linear=0
shrinkage=0.0103578


Tree=231
num_leaves=27
num_cat=0
split_feature=30 30 30 30 30 11 1 10 29 29 1 29 12 7 7 13 30 29 29 29 11 11 30 3 3 30
split_gain=4.80612 6.29509 49.3551 4.11815 11.26 23.9653 3.89976 21.0663 2.56572 3.84088 4.8015 2.24594 1.05639 1.00236 0.495445 1.92951 2.87679 0.43792 1.56706 0.425109 0.581411 1.5183 0.756445 0.365244 0.390944 0.323223
threshold=-117.08349990844725 -79.298500061035142 -79.311107635498033 -82.058330535888658 -80.748550415039048 16.372917175292972 9.6083335876464862 22.763889312744144 38.308649063110359 36.579669952392585 24.466369628906254 39.221981048583991 -13.552083492279051 1.0354166626930239 0.46041667461395269 111.28333282470705 -79.067359924316392 35.88811111450196 35.912242889404304 40.784446716308601 14.390972137451174 12.386805534362795 -94.668254852294908 2.6965972185134892 2.2500694990158085 -78.762928009033189
decision_type=2 2 2 2 2 2 2 2 2 2 2 2 2 2 2 2 2 2 2 2 2 2 2 2 2 2
left_child=11 2 3 8 5 -5 7 -3 9 -2 -11 -1 -8 23 25 17 -17 -16 -19 20 21 -10 -22 24 -9 -14
right_child=1 6 -4 4 -6 -7 12 13 19 10 -12 -13 14 -15 15 16 -18 18 -20 -21 22 -23 -24 -25 -26 -27
leaf_value=0.0016810834568414274 6.4056191848766184e-06 -4.002009788337468e-17 -2.4934614575271783e-10 3.9675991434543451e-08 1.7268442838767259e-11 -7.778520075004303e-10 -4.5137811657552784e-10 3.4133861420639885e-12 4.8237707288690185e-06 -0.00027983453301498406 -9.7096615534234463e-06 -0.0015758988643244495 7.4698984345560989e-15 -4.6623382993929203e-10 2.1399266383406476e-12 -2.5975738767879421e-14 2.0170247240612774e-12 -4.8072957371211372e-10 3.0455825391880354e-11 1.7518313636398391e-08 3.4210693820466286e-06 -2.4909813473955102e-05 -1.7836892288682889e-08 1.2824182297721275e-13 -0.00024701712011081391 1.7439821580652e-13
leaf_weight=4492.8998502492905 223.39999753236771 85.499998509883881 142.29999798536301 124.89999794960022 409.5999960899353 105.19999831914902 82.999998509883881 79.599998593330383 188.59999936819077 95.699999153614044 118.29999995231628 209.79999381303787 3059.1999621987343 90.099998533725739 826.39998871088028 83.69999885559082 158.89999788999557 83.999999046325684 566.49999356269836 792.39999079704285 618.09999942779541 95.900000154972076 282.50000065565109 383.79999476671219 79.699998736381531 961.09999167919159
leaf_count=3495 234 111 165 171 500 130 104 98 196 101 115 192 3762 121 1038 103 185 102 673 948 593 95 277 494 101 1097
internal_value=0.000169417 3.8053e-05 -0.000338562 -6.01072e-05 -0.000798747 -0.00262932 0.000222187 -0.000497169 0.000135524 -0.000581533 -0.00157174 0.000441321 0.000311088 0.000155578 0.000327946 0.000180258 -0.00067426 0.000321113 0.000119069 0.000294462 0.000169601 -0.000237424 0.000298717 0.000324154 -9.03405e-05 0.000390974
internal_weight=14441.1 9738.4 3196.9 3054.6 639.7 230.1 6541.5 718.7 2414.9 437.4 214 4702.7 5822.8 633.2 5739.8 1719.5 242.6 1476.9 650.5 1977.5 1185.1 284.5 900.6 543.1 159.3 4020.3
internal_count=15201 11514 3525 3360 801 301 7989 925 2559 450 216 3687 7064 814 6960 2101 288 1813 775 2109 1161 291 870 693 199 4859
is_linear=0
shrinkage=0.0103578


Tree=232
num_leaves=27
num_cat=0
split_feature=30 30 30 30 30 11 0 1 29 11 29 7 13 0 29 29 6 5 30 11 29 9 29 29 29 30
split_gain=4.82647 7.70093 40.6279 6.13883 12.5732 28.6059 3.81815 17.1225 3.11159 4.53715 1.466 0.794675 1.62919 2.48951 1.36804 9.38526 0.382433 0.745894 0.451271 0.476278 1.16704 1.14967 0.375578 0.342574 0.335283 0.645203
threshold=-109.12405014038085 -79.298500061035142 -79.311107635498033 -82.058330535888658 -80.748550415039048 16.372917175292972 6.8756945133209237 8.0916666984558123 38.308649063110359 11.67152786254883 40.443843841552741 0.46041667461395269 111.28333282470705 26.250694274902347 35.88811111450196 35.906902313232429 0.043750001117587096 0.33207470178604132 -78.762928009033189 15.24722194671631 38.94049263000489 214.04166412353518 36.046298980712898 36.708299636840827 40.93249702453614 -94.668254852294908
decision_type=2 2 2 2 2 2 2 2 2 2 2 2 2 2 2 2 2 2 2 2 2 2 2 2 2 2
left_child=10 2 3 8 5 -5 7 22 9 -2 -1 16 14 -14 -13 -16 17 -8 -18 20 21 -20 -3 -11 25 -10
right_child=1 6 -4 4 -6 -7 11 -9 24 23 -12 12 13 -15 15 -17 18 -19 19 -21 -22 -23 -24 -25 -26 -27
leaf_value=0.0016636710698222038 -0.00016776905539454582 7.3334599559311993e-12 -2.4676345922759104e-10 3.9265034015732319e-08 6.0039173620734844e-12 -1.647689224706862e-09 -8.2663342362516519e-09 -3.9605576266344556e-17 3.3856345057495191e-06 6.3391845795514238e-06 -0.001534629295389291 2.1425759281885507e-12 -2.5706686321556279e-14 2.0125013985651431e-12 -4.7575025554977281e-10 3.0140368942317941e-11 7.364114785128352e-15 1.5959949828004058e-10 1.0169611652385163e-07 2.8558815952625217e-13 7.3818375639663747e-08 -1.5700899119559976e-05 -0.00024445855725170119 -9.6081141662101822e-06 1.7338686115378255e-08 -3.134060785494716e-08
leaf_weight=4804.3998404145241 106.79999887943268 259.99999606609344 134.19999808073044 126.19999796152115 425.29999583959579 105.89999830722809 86.499998867511749 79.599998772144318 807.9999988079071 120.09999960660934 151.69999796152115 968.69998681545258 115.79999840259552 142.09999829530716 93.599998891353607 610.39999294281006 2933.299964427948 251.59999692440033 86.49999874830246 586.29999554157257 174.59999841451645 91.599999070167542 81.399998962879181 160.19999998807907 679.99999213218689 359.20000040531158
leaf_count=3744 130 336 154 170 521 133 107 102 784 125 157 1213 140 167 112 730 3621 304 107 651 194 112 102 156 828 360
internal_value=0.000174447 3.87313e-05 -0.000393456 -0.000134204 -0.00101363 -0.0029495 0.000238104 -0.000715212 0.000124553 -0.000718841 0.000436877 0.000303588 0.000129204 -0.00063575 0.000247573 -9.93692e-05 0.000383421 4.78444e-05 0.000412601 0.00021397 -8.57423e-05 -0.000675636 0.000294692 -2.37624e-05 0.00030169 0.00019442
internal_weight=14544 9587.9 3025.9 2891.7 657.4 232.1 6562 421 2234.3 387.1 4956.1 6141 1930.6 257.9 1672.7 704 4210.4 338.1 3872.3 939 352.7 178.1 341.4 280.3 1847.2 1167.2
internal_count=15260 11359 3361 3207 824 303 7998 540 2383 411 3901 7458 2362 307 2055 842 5096 411 4685 1064 413 219 438 281 1972 1144
is_linear=0
shrinkage=0.0103578


Tree=233
num_leaves=27
num_cat=0
split_feature=30 30 30 30 30 11 0 1 29 29 1 7 1 4 29 29 29 9 30 29 11 11 29 29 11 29
split_gain=5.05639 8.49871 54.4106 4.652 10.4436 27.1165 4.0199 16.0767 1.80433 8.33093 7.77057 1.11216 1.77909 3.36372 1.40647 9.15571 1.02588 0.514866 0.401868 0.400778 0.401338 0.377878 0.260753 0.609572 0.919616 0.237382
threshold=-118.89915084838866 -79.298500061035142 -79.311107635498033 -82.058330535888658 -80.748550415039048 16.372917175292972 6.8756945133209237 8.0916666984558123 38.308649063110359 36.579669952392585 24.466369628906254 0.46041667461395269 26.115774154663089 2.2814583778381352 35.88811111450196 35.909603118896491 39.408555984497077 316.28471374511724 -76.80580902099608 39.79341125488282 18.004861831665043 1.1972222328186037 40.784446716308601 39.82715034484864 13.959027767181398 38.785099029541023
decision_type=2 2 2 2 2 2 2 2 2 2 2 2 2 2 2 2 2 2 2 2 2 2 2 2 2 2
left_child=16 2 3 8 5 -5 7 21 9 -2 -11 18 14 -14 -13 -16 -1 22 -8 -6 -21 -3 23 24 -10 -20
right_child=1 6 -4 4 19 -7 11 -9 17 10 -12 12 13 -15 15 -17 -18 -19 25 20 -22 -23 -24 -25 -26 -27
leaf_value=0.0016464390374549007 6.3173021806909641e-06 7.2575011792131374e-12 -2.4420752374634721e-10 3.8858333226534462e-08 -1.276289587954449e-05 -1.6090576036958013e-09 7.3470967661458895e-15 -3.9195348196308891e-17 -2.2590950642701113e-05 -0.00026080395247585089 -9.5095711975211819e-06 2.0955691783967324e-12 -4.210336827979165e-14 2.6938571844215629e-12 -4.564769131153634e-10 2.8872925162175504e-11 -0.0015378572958856336 -3.9925439255925207e-05 -1.3498882413230911e-05 4.0903151739323361e-11 -4.083804401284068e-12 -0.00024192649556749118 1.7159094845345153e-08 -1.6930146466463844e-08 3.3405431430938601e-06 4.6041755169812455e-10
leaf_weight=4337.7998548746109 422.79999029636383 237.79999631643295 146.09999769926071 127.99999803304672 129.29999876022339 101.99999833106995 3710.3999564051628 83.099998712539673 227.79999941587448 95.999999225139618 109.39999979734421 1016.999985575676 84.199999153614044 107.69999873638153 86.199998736381531 636.89999294281006 161.99999535083771 109.19999921321869 161.69999843835831 217.0999983549118 80.399999260902405 83.999998867511749 727.69999128580093 140.6000000834465 756.19999980926514 329.59999626874924
leaf_count=3374 384 308 173 174 159 126 4542 107 236 104 108 1280 100 127 104 755 150 110 185 265 98 108 881 144 728 364
internal_value=0.00016458 3.40187e-05 -0.000386543 -0.000107609 -0.000885823 -0.00266213 0.000252309 -0.000746294 8.97494e-05 -0.000392876 -0.00210154 0.000318361 0.000112334 -0.000832232 0.000216981 -0.000131742 0.000452599 0.000244601 0.000412967 7.26935e-05 0.000282669 0.000303613 0.000285514 0.000185855 0.000277306 0.00013318
internal_weight=14431 9931.2 3392.6 3246.5 656.8 230 6538.6 404.9 2589.7 628.2 205.4 6133.7 1932 191.9 1740.1 723.1 4499.8 1961.5 4201.7 426.8 297.5 321.8 1852.3 1124.6 984 491.3
internal_count=15194 11670 3690 3517 822 300 7980 523 2695 596 212 7457 2366 227 2139 859 3524 2099 5091 522 363 416 1989 1108 964 549
is_linear=0
shrinkage=0.0103578


Tree=234
num_leaves=27
num_cat=0
split_feature=30 30 30 30 30 11 29 11 0 13 29 7 13 30 29 29 11 29 30 11 13 4 29 29 11 6
split_gain=4.83904 10.6533 51.0805 4.57959 10.486 26.1477 5.16957 6.85071 3.31087 13.7357 2.20084 0.96347 1.59084 2.54121 1.30489 7.47399 0.701301 0.463576 0.736498 1.03646 1.24378 0.471455 0.426374 0.304272 0.544145 0.295014
threshold=-117.08349990844725 -79.298500061035142 -79.311107635498033 -82.058330535888658 -80.748550415039048 16.372917175292972 38.308649063110359 13.292360782623293 7.226388931274415 4.6312499046325692 39.221981048583991 0.46041667461395269 111.28333282470705 -79.067359924316392 35.88811111450196 35.906902313232429 1.1972222328186037 40.784446716308601 -86.771537780761705 13.959027767181398 54.229166030883796 2.8664582967758183 37.392648696899421 39.79341125488282 18.004861831665043 0.043750001117587096
decision_type=2 2 2 2 2 2 2 2 2 2 2 2 2 2 2 2 2 2 2 2 2 2 2 2 2 2
left_child=10 2 3 6 5 -5 7 -2 9 16 -1 25 14 -14 -13 -16 -3 18 19 20 -8 -20 -9 -6 -25 -10
right_child=1 8 -4 4 23 -7 17 22 11 -11 -12 12 13 -15 15 -17 -18 -19 21 -21 -22 -23 -24 24 -26 -27
leaf_value=0.0016293854916555827 -0.0002029981585448421 7.1823291710593238e-12 -2.4167806222605664e-10 3.8455844977477729e-08 -1.0174737540898141e-05 -1.2462548085950503e-09 1.9884761014760044e-05 6.2081077026008201e-06 1.5794631672542587e-10 -3.8789369201411374e-17 -0.0015277516493613693 2.0986779155472604e-12 -3.3970173077210354e-14 1.8996565944863659e-12 -4.6609439927174455e-10 2.9529118910652444e-11 -0.00023942066056335622 1.6950364812907247e-08 6.9383037737628274e-07 3.3167742818000353e-06 -2.3709464059222923e-05 -5.9699825357048778e-08 -9.4110726170942431e-06 4.3861726937050842e-08 -6.9194848837006187e-10 7.2709967415818624e-15
leaf_weight=4580.9998482465744 167.29999762773514 277.39999634027481 140.49999797344208 131.09999787807465 132.19999861717224 104.19999819993973 93.299999594688416 147.69999927282333 342.29999589920044 80.099998772144318 205.69999402761459 1000.6999856829643 85.19999885559082 166.09999787807465 87.099998950958252 623.29999309778214 79.099998891353607 750.29999059438705 108.70000094175339 695.39999949932098 109.29999959468842 184.40000003576279 137.09999936819077 220.49999850988388 77.099999368190765 3943.7999548912048
leaf_count=3566 187 350 167 179 162 130 99 149 409 105 187 1259 106 195 103 739 101 893 105 664 109 194 135 265 95 4762
internal_value=0.000164356 3.33946e-05 -0.000458072 -0.00017684 -0.000936785 -0.00269167 3.43277e-05 -0.000962279 0.000268664 -0.0006025 0.000434659 0.000329651 0.000139194 -0.000628968 0.000252427 -8.65284e-05 0.000269321 0.000266841 0.000139195 0.000286555 -0.000363468 -0.000310535 1.44951e-05 2.52552e-05 0.000209797 0.000416724
internal_weight=14670.9 9884.2 3199.1 3058.6 665.1 235.3 2393.5 452.1 6685.1 436.6 4786.7 6248.5 1962.4 251.3 1711.1 710.4 356.5 1941.4 1191.1 898 202.6 293.1 284.8 429.8 297.6 4286.1
internal_count=15415 11662 3533 3366 831 309 2535 471 8129 556 3753 7573 2402 301 2101 842 451 2064 1171 872 208 299 284 522 360 5171
is_linear=0
shrinkage=0.0103578


Tree=235
num_leaves=27
num_cat=0
split_feature=30 30 30 30 30 13 29 29 1 29 1 10 12 29 7 13 30 29 29 7 29 30 30 29 13 29
split_gain=4.98647 9.30345 47.7049 7.45478 9.47532 17.4067 3.18573 4.44787 5.77634 2.24293 1.69496 11.705 1.22565 1.00596 0.816808 1.7233 3.63538 0.614491 1.90756 0.436428 0.403377 0.470705 0.316837 0.474481 0.98893 0.294408
threshold=-117.08349990844725 -79.298500061035142 -79.311107635498033 -82.058330535888658 -80.748550415039048 68.877082824707045 38.308649063110359 36.504644393920906 24.034225463867191 39.747600555419929 9.6083335876464862 23.784722328186039 -12.843749999999998 41.317014694213874 0.44791665673255926 111.68333435058595 -79.100517272949205 35.88811111450196 35.912242889404304 1.0562499761581423 40.784446716308601 -85.110637664794908 -78.675731658935533 39.747600555419929 83.289581298828139 39.79341125488282
decision_type=2 2 2 2 2 2 2 2 2 2 2 2 2 2 2 2 2 2 2 2 2 2 2 2 2 2
left_child=9 2 3 6 5 -5 7 -2 -9 -1 11 -3 -12 25 22 17 -17 -16 -19 -13 21 -8 -14 24 -24 -6
right_child=1 10 -4 4 13 -7 20 8 -10 -11 12 19 14 -15 15 16 -18 18 -20 -21 -22 -23 23 -25 -26 -27
leaf_value=0.0016125085836896209 6.1438744521556819e-06 -3.8387595270427874e-17 -2.391748004537692e-10 3.8057525635761523e-08 -5.8009040456329538e-06 -7.2315379065958199e-10 7.996253979956858e-07 -0.00026672508400402411 -9.3135942688254726e-06 -0.0015015487152797167 -3.5901085450418051e-10 3.8941281551356839e-12 7.1956849486041305e-15 -4.4252629160606234e-10 2.0521258541781819e-12 -3.3618315590109893e-14 1.9502743448222509e-12 -4.6126666984844718e-10 2.8268006358191509e-11 -4.4692107061465884e-10 1.6803970349213079e-08 -2.3941368155688346e-08 -9.4700045206471743e-05 9.2978404084176771e-10 1.7689922821061502e-09 2.2652386949162731e-06
leaf_weight=4672.599843621254 218.59999752044678 85.199998617172241 142.09999787807465 107.39999824762344 112.59999889135361 129.59999787807465 1099.4999994039536 93.39999908208847 131.09999990463257 138.39999628067017 93.899998545646667 526.09999239444733 3397.2999593019485 132.69999861717224 804.1999888420105 83.599999010562897 179.39999783039093 93.199999094009399 590.89999353885651 82.899998664855957 770.49999094009399 107.80000007152557 86.699998795986176 440.39999628067017 165.39999866485596 158.0999990105629
leaf_count=3636 230 112 167 148 136 162 1087 102 129 134 117 669 4169 163 1004 104 210 110 697 113 911 106 107 484 182 187
internal_value=0.000162707 2.89561e-05 -0.000429284 -0.000156269 -0.00114959 -0.00279078 0.000106529 -0.000686473 -0.00170896 0.000435941 0.000250471 -0.000233306 0.000307144 -0.000181773 0.000326098 0.000138495 -0.000633076 0.000275313 4.63584e-05 0.000270334 0.000284549 0.000165712 0.000406298 0.000203017 -0.000153906 0.000179245
internal_weight=14643.6 9832.6 3203.4 3061.3 640.4 237 2420.9 443.1 224.5 4811 6629.2 694.2 5935 403.4 5841.1 1751.3 263 1488.3 684.1 609 1977.8 1207.3 4089.8 692.5 252.1 270.7
internal_count=15376 11606 3528 3361 796 310 2565 461 231 3770 8078 894 7184 486 7067 2125 314 1811 807 782 2104 1193 4942 773 289 323
is_linear=0
shrinkage=0.0103578


Tree=236
num_leaves=27
num_cat=0
split_feature=30 30 30 30 11 30 0 1 29 11 29 12 29 29 29 29 11 11 30 10 13 0 30 30 1 30
split_gain=5.04595 9.68773 46.3881 6.93943 11.0023 27.9058 3.70866 15.9857 2.90253 4.60009 7.69871 2.14073 2.0259 1.27591 0.767497 0.596938 0.96074 2.34149 1.02919 0.410556 0.625075 2.52812 1.61324 0.471314 0.499291 1.848
threshold=-117.08349990844725 -79.298500061035142 -79.311107635498033 -82.058330535888658 16.372917175292972 -80.748550415039048 6.8756945133209237 7.8875000476837167 38.308649063110359 14.700000286102297 36.361949920654304 -13.552083492279051 39.309597015380866 41.268846511840827 40.784446716308601 40.784446716308601 14.390972137451174 12.535416603088381 -94.668254852294908 56.770833969116218 111.28333282470705 26.250694274902347 -79.028789520263658 -79.11110687255858 17.363987922668461 -79.028789520263658
decision_type=2 2 2 2 2 2 2 2 2 2 2 2 2 2 2 2 2 2 2 2 2 2 2 2 2 2
left_child=12 2 3 8 14 -6 7 -3 9 10 -2 -8 -1 -7 -5 16 17 -10 -18 -13 23 22 -22 -21 25 -25
right_child=1 6 -4 4 5 13 11 -9 15 -11 -12 19 -14 -15 -16 -17 18 -19 -20 20 21 -23 -24 24 -26 -27
leaf_value=0.0015958064839712771 2.3686157193758532e-05 7.0676010408283644e-12 -2.3669746705678764e-10 -1.9549855352907361e-05 -1.9736763607752102e-09 2.224922186663989e-06 -3.5529227889314326e-10 -3.7989982847995344e-17 4.7737373940158637e-06 5.7389257597672367e-06 -0.00028173113368679879 1.1762534130982804e-14 -0.0014875817176912465 -4.3634482334959213e-10 3.7663423804827734e-08 1.669339182732281e-08 3.2733271430186783e-06 -3.0890957641205149e-05 -2.2110511246312534e-08 7.1211532228390642e-15 -5.4873898969795995e-14 1.2404829834525451e-13 -1.4005763557510501e-13 -4.5648894525554675e-10 2.7992201604496575e-13 1.9861128435503615e-14
leaf_weight=4479.2998512387276 93.499998569488525 324.69999545812607 147.19999802112579 82.599998772144318 105.49999809265137 118.69999831914902 126.19999825954437 78.599998831748962 173.99999958276749 258.59999865293503 90.399999558925629 2857.6999683976173 180.59999483823776 91.799999713897705 239.09999692440033 767.99999052286148 637.09999942779541 96.399999678134918 300.30000060796738 910.19998753070831 87.199998676776886 362.29999649524689 86.299998939037323 90.699998736381531 1252.9999870061874 366.69999462366104
leaf_count=3487 105 413 172 108 131 153 158 102 184 256 98 3459 166 106 309 918 615 98 295 1156 108 425 95 113 1480 467
internal_value=0.000156507 2.24208e-05 -0.000444215 -0.000169976 -0.00113068 -0.00250169 0.00025093 -0.000710267 8.33912e-05 -0.000674077 -0.00192395 0.00031419 0.00043684 -0.000315757 0.000216767 0.000253392 0.000109284 -0.000433452 0.000266457 0.000342291 0.000260439 -6.12036e-05 -0.00108801 0.000326361 0.000224471 -6.76101e-05
internal_weight=14406.7 9746.8 3203.2 3056 637.7 316 6543.6 403.3 2418.3 442.5 183.9 6140.3 4659.9 210.5 321.7 1975.8 1207.8 270.4 937.4 6014.1 3156.4 535.8 173.5 2620.6 1710.4 457.4
internal_count=15177 11524 3548 3376 807 390 7976 515 2569 459 203 7461 3653 259 417 2110 1192 282 910 7303 3844 628 203 3216 2060 580
is_linear=0
shrinkage=0.0103578


Tree=237
num_leaves=27
num_cat=0
split_feature=30 30 30 30 30 11 0 1 29 1 29 29 7 7 29 29 1 29 11 29 11 11 30 3 11 29
split_gain=4.77729 9.91911 50.2312 6.51993 9.81518 22.4977 4.53987 15.668 2.91981 5.81189 1.67864 1.04515 0.901034 2.29142 0.888751 4.70658 1.21446 0.582217 0.540582 0.38559 0.718326 2.39741 0.766819 0.306846 0.269741 0.231485
threshold=-109.12405014038085 -79.298500061035142 -79.311107635498033 -82.058330535888658 -80.748550415039048 16.372917175292972 6.8756945133209237 8.0916666984558123 38.115749359130866 22.209821701049808 40.443843841552741 41.317014694213874 0.46041667461395269 0.48958334326744085 35.88811111450196 35.912242889404304 26.612201690673832 36.046298980712898 13.656250000000002 40.93249702453614 14.390972137451174 12.461805343627931 -94.668254852294908 2.240763902664185 0.60069444775581371 37.538099288940437
decision_type=2 2 2 2 2 2 2 2 2 2 2 2 2 2 2 2 2 2 2 2 2 2 2 2 2 2
left_child=10 2 3 8 5 -5 7 17 9 -2 24 18 -8 -14 16 -16 -15 -3 -6 20 21 -10 -22 -24 -1 -11
right_child=1 6 -4 4 11 -7 12 -9 19 25 -12 -13 13 14 15 -17 -18 -19 -20 -21 22 -23 23 -25 -26 -27
leaf_value=0.0015953536925119903 -0.00015554652508427695 6.9943959871949237e-12 -2.3424579347324868e-10 3.7273220447487383e-08 -1.8660161893309726e-05 -6.9522046579650732e-10 9.668043063591228e-15 -3.7596488829890015e-17 8.0800085190609659e-06 6.0216709648322205e-06 -0.0014705877919906254 -4.3019386328440083e-10 -5.4305524114742055e-14 2.0556108104249015e-12 -4.3756369768391199e-10 1.8288532658355995e-11 -1.6399426512276304e-14 -0.00025426032807361907 2.2100808454531221e-06 1.6458834461402761e-08 3.2394242799653092e-06 -3.0570994163095794e-05 6.801897941894872e-07 -6.949734332040136e-08 0.001579277381865364 -9.2755921344156833e-06
leaf_weight=236.49999266862869 120.59999883174896 243.39999628067017 132.99999815225601 115.09999811649323 87.19999897480011 109.39999836683273 4299.2999497056007 82.399998784065247 189.29999941587448 141.29999971389771 149.29999816417694 113.49999862909317 88.999998807907104 1038.7999854683876 99.299998939037323 597.09999305009842 100.79999876022339 80.69999885559082 210.69999879598618 676.69999176263809 617.3999987244606 96.699999570846558 110.70000028610229 175.90000051259995 4592.9998459219933 100.1999996304512
leaf_count=189 142 314 158 157 110 134 5201 106 197 147 153 143 110 1302 117 713 120 103 249 827 596 97 105 177 3570 96
internal_value=0.000175935 4.11819e-05 -0.000453156 -0.000163484 -0.00108815 -0.00282728 0.000264749 -0.000794759 0.000100353 -0.000749829 0.000436414 -0.000135501 0.000334077 0.000147438 0.00022649 -6.44884e-05 0.000404617 0.000231754 0.000185815 0.000265673 0.000152765 -0.000298531 0.000296105 -0.000145335 0.000469923 0.000176905
internal_weight=14607.3 9628.5 2997.7 2864.7 635.9 224.5 6630.8 406.5 2228.8 362.1 4978.8 411.4 6224.3 1925 1836 696.4 1139.6 324.1 297.9 1866.7 1190 286 904 286.6 4829.5 241.5
internal_count=15333 11421 3335 3177 793 291 8086 523 2384 385 3912 502 7563 2362 2252 830 1422 417 359 1999 1172 294 878 282 3759 243
is_linear=0
shrinkage=0.0103578


Tree=238
num_leaves=27
num_cat=0
split_feature=29 11 0 1 8 29 7 4 29 29 11 7 7 4 29 12 1 29 29 2 29 11 11 2 29 13
split_gain=2.24327 11.163 4.38034 17.1545 3.0272 2.11824 2.7396 2.27533 1.09491 42.348 0.889939 0.643466 2.03255 0.62509 1.43189 0.510923 0.548471 0.374282 0.366627 0.32106 0.310885 0.18823 0.913057 0.112551 0.485758 0.110384
threshold=40.405790328979499 16.372917175292972 6.8756945133209237 8.0916666984558123 4.5000000000000009 41.408981323242195 0.36458334326744085 3.7087500095367436 35.633329391479499 35.626596450805671 -0.3763888925313949 0.46041667461395269 0.48958334326744085 2.7437499761581425 42.032781600952156 -13.552083492279051 26.612201690673832 37.980018615722663 35.88811111450196 -3.0950828790664668 36.314949035644538 11.064583301544191 14.390972137451174 -3.9098213911056514 35.97705268859864 2.4458333253860478
decision_type=2 2 2 2 2 2 2 2 2 2 2 2 2 2 2 2 2 2 2 2 2 2 2 2 2 2
left_child=2 13 3 20 5 6 -3 -7 9 -4 -10 17 -13 14 -2 -14 18 23 -17 -19 -1 -21 -23 24 -12 -25
right_child=1 4 8 -5 -6 7 -8 -9 10 -11 11 12 15 -15 -16 16 -18 19 -20 21 -22 22 -24 25 -26 -27
leaf_value=6.921949179513189e-12 5.8422442368057703e-07 -4.2736935760611867e-10 3.1979077214599392e-12 -2.2449786399537139e-10 5.6866671524436054e-10 -8.1238512945562607e-11 -8.1258918846723661e-09 -6.8801948611589224e-10 -0.00011284579429957549 -2.3181951392300864e-10 1.2319462059972564e-14 -5.3743036393314892e-14 -3.4256627391377753e-10 7.4631697290090509e-08 -0.00146278137410837 2.0095048310746167e-12 -1.622956393932494e-14 -5.3450461335896637e-06 1.5820170548195268e-10 3.9836240388647914e-05 -0.00023430719388070799 -2.283555487695611e-05 7.4769359835072672e-07 5.7859757929555033e-12 -0.0001539353996620141 1.1540559723562022e-14
leaf_weight=270.69999569654465 174.5999972820282 112.79999911785126 1681.3999642133713 92.999998450279236 122.89999860525131 163.49999833106995 100.89999896287918 153.19999742507935 135.39999681711197 120.19999849796295 190.99999797344208 107.09999865293503 107.59999823570251 1213.9999839663506 91.499998986721039 796.29998928308487 159.79999881982803 149.49999892711639 1613.7999665141106 546.7999832034111 129.39999657869339 262.09999519586563 736.79999887943268 106.89999711513519 91.999997913837433 4991.0998973250389
leaf_count=349 196 122 1682 120 145 185 117 190 136 138 232 125 126 1484 101 991 170 145 1532 446 112 231 746 95 84 5197
internal_value=0.000177915 -0.000131971 0.000231742 -0.00072395 -0.00125926 -0.00159843 -0.00239646 -0.0010553 0.000271755 3.6435e-05 0.000314119 0.000325606 0.000191857 0.000365609 -8.75631e-05 0.000248049 0.000277452 0.00037816 0.000316511 0.000243219 0.000208475 0.000287667 0.000202131 0.000420562 0.000215851 0.000431818
internal_weight=14424.3 2133.4 12290.9 493.1 653.3 530.4 213.7 316.7 11797.8 1801.6 9996.2 9860.8 2784.6 1480.1 266.1 2677.5 2569.9 7076.2 2410.1 1695.2 400.1 1545.7 998.9 5381 283 5098
internal_count=15197 2540 12657 581 759 614 239 375 12076 1820 10256 10120 2944 1781 297 2819 2693 7176 2523 1568 461 1423 977 5608 316 5292
is_linear=0
shrinkage=0.0103578


Tree=239
num_leaves=27
num_cat=0
split_feature=30 30 30 29 29 11 30 11 30 29 29 7 13 30 29 29 29 30 11 0 12 11 11 9 30 29
split_gain=2.98926 9.61341 57.2043 2.31139 6.35128 11.5463 2.69135 4.34945 6.80081 1.57475 0.908998 0.839944 1.66987 3.32034 0.958645 5.43685 0.407094 0.879215 0.773968 0.937457 0.3694 0.322359 0.258111 0.272182 0.220621 0.17825
threshold=-112.49425125122069 -79.298500061035142 -79.311107635498033 38.308649063110359 36.361949920654304 14.936110973358156 -82.058330535888658 16.372917175292972 -80.748550415039048 40.376539230346687 41.268846511840827 0.44791665673255926 111.28333282470705 -79.067359924316392 35.88811111450196 35.904197692871101 40.784446716308601 -86.771537780761705 14.390972137451174 17.525693893432621 -1.2395833134651182 0.60069444775581371 17.342361450195316 156.17361450195315 -80.182350158691392 37.118564605712898
decision_type=2 2 2 2 2 2 2 2 2 2 2 2 2 2 2 2 2 2 2 2 2 2 2 2 2 2
left_child=9 2 3 4 -2 -6 16 24 -9 21 -10 -3 14 -14 -13 -16 17 18 19 -5 -19 -1 -17 -24 -8 -25
right_child=1 11 -4 6 5 -7 7 8 10 -11 -12 12 13 -15 15 22 -18 20 -20 -21 -22 -23 23 25 -26 -27
leaf_value=0.0015784166630946057 3.7894232737312746e-06 9.4483678307144845e-15 -2.3189102719349879e-10 1.8948417713580893e-05 -0.00026650921853647842 -1.7609739207588318e-06 3.6114200687138934e-08 -1.9631708689051296e-09 2.1871274159103053e-06 -0.0014447599401847537 -4.2489653052389117e-10 2.0135050086340255e-12 -4.0060857405062447e-14 1.8692594015726272e-12 -4.4886712180631587e-10 3.7007752588709986e-09 1.6364111681835624e-08 6.5383504281215189e-08 3.1981263663682883e-06 -2.3545209134102704e-05 -7.163317794231437e-08 0.0015625068682397329 -3.3479403200485358e-09 2.7973430742637443e-11 -7.0755581413553576e-06 -1.4518218702827305e-08
leaf_weight=214.59999346733093 250.79999816417694 4488.8999462723732 147.89999777078629 112.19999974966049 88.699999213218689 139.59999966621399 214.19999694824219 92.299998342990875 89.99999862909317 127.89999723434448 93.499999940395355 1064.1999848484993 86.599999010562897 172.99999815225601 84.599999070167542 374.69999504089355 732.19999098777771 100.70000004768372 679.09999978542328 109.1999996304512 188.50000047683716 4428.4998509883881 91.699999094009399 142.49999868869781 78.499999046325684 90.899999380111694
leaf_count=172 276 5449 175 116 99 138 280 117 120 129 105 1350 104 202 102 467 874 103 655 106 191 3441 107 167 103 99
internal_value=0.000227473 0.000123125 -0.000350766 -3.69119e-05 -0.000695414 -0.00194353 8.97304e-05 -0.000535747 -0.00146801 0.000439812 -0.000308616 0.000347133 0.000176183 -0.000600343 0.000285609 1.02838e-05 0.00027507 0.000156154 0.000315935 -0.000214157 -0.000339558 0.00047112 0.000311302 9.58715e-05 0.000342393 0.000284631
internal_weight=14485.5 9714.5 3117.4 2969.5 479.1 228.3 2490.4 568.5 275.8 4771 183.5 6597.1 2108.2 259.6 1848.6 784.4 1921.9 1189.7 900.5 221.4 289.2 4643.1 699.8 325.1 292.7 233.4
internal_count=15247 11505 3458 3283 513 237 2770 725 342 3742 225 8047 2598 306 2292 942 2045 1171 877 222 294 3613 840 373 383 266
is_linear=0
shrinkage=0.0103578


Tree=240
num_leaves=27
num_cat=0
split_feature=30 30 30 29 29 11 29 30 11 30 29 7 13 30 29 29 9 30 29 11 0 30 6 2 4 13
split_gain=3.09516 7.88609 49.4999 2.58485 1.7359 6.57591 10.9751 2.65355 3.6357 3.82061 1.11364 0.857301 2.30565 4.88814 1.09867 7.16893 0.548906 0.523569 0.506955 0.769337 1.57061 1.03878 0.389601 0.730401 0.269284 0.252815
threshold=-117.08349990844725 -79.298500061035142 -79.311107635498033 39.747600555419929 38.308649063110359 13.656250000000002 36.03450012207032 -82.058330535888658 16.372917175292972 -80.748550415039048 41.268846511840827 0.2937499880790711 111.28333282470705 -79.157058715820298 35.88811111450196 35.904197692871101 244.42360687255862 -80.182350158691392 40.784446716308601 13.959027767181398 17.371527671813968 -86.771537780761705 0.018750000745058063 0.13008540123701098 2.9435416460037236 2.7437499761581425
decision_type=2 2 2 2 2 2 2 2 2 2 2 2 2 2 2 2 2 2 2 2 2 2 2 2 2 2
left_child=3 2 4 -1 5 6 -2 18 17 -10 -11 22 14 -14 -13 -16 -15 -9 19 20 -6 -21 23 -3 -23 -17
right_child=1 11 -4 -5 7 -7 -8 8 9 10 -12 12 13 16 15 25 -18 -19 -20 21 -22 24 -24 -25 -26 -27
leaf_value=0.0015463226780977968 1.0809232925510581e-05 -8.0077755089839897e-09 -2.2701647611191466e-10 -0.0014268256460076903 4.4638704190394701e-06 3.7420203147441351e-06 -0.00027444142451938264 3.5740086650101323e-08 -1.1707514055994668e-09 2.3905836038347898e-07 -4.2049552187527361e-10 1.9587764816048076e-12 -3.9645913607584668e-14 1.8498979189484044e-12 -4.442178297005085e-10 -0.00023188027835520513 -5.5818379640354968e-12 -9.4848407803206311e-06 1.634533483643042e-08 3.1650006974427162e-06 -2.8687648536501423e-05 2.5384449466923321e-07 6.6509323324803788e-15 1.0808344171257205e-07 -6.9456371476985831e-08 1.7253129912705515e-10
leaf_weight=4677.7998442649841 101.59999829530716 94.699998795986176 135.49999797344208 129.99999648332596 125.29999953508377 354.89999860525131 88.299999237060547 218.39999693632126 90.399998366832733 84.199998676776886 97.199999690055847 1240.9999836683273 85.099998652935028 164.89999836683273 103.89999884366989 78.799998879432678 88.499998986721039 81.299998998641968 748.99999046325684 690.89999902248383 124.09999966621399 109.60000079870224 3736.8999555706978 126.39999830722809 139.8000003695488 876.49999052286148
leaf_count=3640 110 113 159 124 133 355 101 286 116 114 112 1552 109 189 123 104 105 107 898 665 125 106 4559 156 144 1023
internal_value=0.000225181 0.00011939 -0.000303277 0.00044041 -3.08791e-05 -0.000560644 -0.00211349 8.40311e-05 -0.000535654 -0.0014021 -0.000528764 0.000323886 0.000178936 -0.00061812 0.000296538 5.10124e-05 0.000103158 0.000249897 0.000267025 0.000133528 -0.000376634 0.000269434 0.000420375 -2.03296e-07 -0.000302047 0.000332931
internal_weight=14595 9787.2 3190.5 4807.8 3055 544.8 189.9 2510.2 571.5 271.8 181.4 6596.7 2638.7 338.5 2300.2 1059.2 253.4 299.7 1938.7 1189.7 249.4 940.3 3958 221.1 249.4 955.3
internal_count=15328 11564 3531 3764 3372 566 211 2806 735 342 226 8033 3205 403 2802 1250 294 393 2071 1173 258 915 4828 269 250 1127
is_linear=0
shrinkage=0.0103578


Tree=241
num_leaves=27
num_cat=0
split_feature=30 30 30 30 11 30 7 13 30 11 30 30 4 7 30 11 1 30 30 11 11 12 6 3 30 30
split_gain=3.39886 6.69523 52.0093 1.05947 1.69601 3.76616 0.976371 2.50951 3.3095 0.726234 1.54801 1.19169 1.02961 1.41577 0.812751 0.643618 0.538868 1.2498 6.94591 0.451829 0.434558 0.404154 0.395245 0.427665 0.772211 0.389473
threshold=-118.89915084838866 -79.298500061035142 -79.311107635498033 -82.058330535888658 16.372917175292972 -80.748550415039048 0.46041667461395269 111.28333282470705 -79.063835144042955 13.959027767181398 -94.668254852294908 -109.12405014038085 3.5581250190734868 0.014583333861082794 -89.672775268554673 5.7333333492279062 17.474405288696293 -79.028789520263658 -79.114654541015611 18.063194274902347 15.741666793823244 -1.3729166388511655 0.043750001117587096 2.2910416126251225 -79.114654541015611 -80.06703948974608
decision_type=2 2 2 2 2 2 2 2 2 2 2 2 2 2 2 2 2 2 2 2 2 2 2 2 2 2
left_child=-1 2 3 9 25 -6 22 16 -9 10 11 15 -13 -14 -11 -2 17 18 -8 -7 -16 -22 23 24 -3 -5
right_child=1 6 -4 4 5 19 7 8 -10 14 -12 12 13 -15 20 -17 -18 -19 -20 -21 21 -23 -24 -25 -26 -27
leaf_value=0.001530306121145752 -0.00022194382985683166 1.5630975185924967e-10 -2.2466507664646048e-10 3.5369896688193423e-08 -6.4843243954183781e-10 -3.9838874626756826e-10 7.669867188266571e-12 -5.236078515246376e-14 1.8307369793890407e-12 3.1322164154308007e-06 9.6357373807316162e-07 -0.00014042562332921145 -9.6476253033383474e-05 6.5636201315945244e-06 6.5886132265856511e-08 0.00021700952454342757 1.9723607677720691e-12 9.9036809783095923e-12 -4.3961669420059848e-10 4.1444025309761405e-11 1.4290874434587355e-08 -7.6833805328564946e-08 9.2816139173145572e-15 5.0067355184694416e-10 -8.1823523190972378e-09 -5.1181531226696308e-06
leaf_weight=4567.5998485684395 120.99999755620956 91.699998676776886 145.39999788999557 231.79999750852585 102.89999836683273 80.599999725818634 232.39999663829803 95.099998891353607 151.39999848604202 981.49999755620956 392.99999523162842 100.29999899864197 107.89999938011169 192.99999898672104 109.09999924898148 191.19999384880066 1190.4999854564667 309.39999538660049 90.999998569488525 144.49999862909317 174.09999895095825 243 4175.7999522089958 142.19999819993973 129.99999856948853 84.99999874830246
leaf_count=3576 110 119 172 294 129 94 302 117 174 949 510 109 113 192 127 154 1449 396 112 173 191 250 5070 172 148 110
internal_value=0.000228246 0.000121374 -0.000251714 1.90805e-05 -0.00035661 -0.000878246 0.000313606 0.00012682 -0.000852481 0.000111967 -8.92592e-05 -0.000377039 -0.000750202 -0.000443713 0.000259891 0.000101647 0.000259671 1.47077e-05 -0.000434477 -0.000124126 -6.78247e-05 -0.000220821 0.000398649 6.97506e-05 -0.000213169 0.000182745
internal_weight=14581.4 10013.8 3404.3 3258.9 644.8 328 6609.5 2069.8 246.5 2614.1 1106.4 713.4 401.2 300.9 1507.7 312.2 1823.3 632.8 323.4 225.1 526.2 417.1 4539.7 363.9 221.7 316.8
internal_count=15312 11736 3677 3505 800 396 8059 2550 291 2705 1188 678 414 305 1517 264 2259 810 414 267 568 441 5509 439 267 404
is_linear=0
shrinkage=0.0103578


Tree=242
num_leaves=27
num_cat=0
split_feature=30 30 30 29 29 29 1 30 1 7 1 0 29 29 9 6 6 7 29 29 9 29 30 6 0 0
split_gain=2.85339 7.40392 54.4587 2.46569 1.8984 5.94578 7.98488 2.25488 1.57487 0.896031 2.20936 3.62951 0.95582 3.86181 0.691857 0.512149 0.509822 0.530722 0.357985 0.700673 0.627623 0.279788 0.515719 0.182188 0.176251 0.16857
threshold=-117.08349990844725 -79.298500061035142 -79.311107635498033 39.309597015380866 38.308649063110359 36.361949920654304 22.755655288696293 -82.058330535888658 22.209821701049808 0.2937499880790711 26.115774154663089 26.250694274902347 35.88811111450196 35.904197692871101 197.55554962158206 1.2395833134651186 0.043750001117587096 0.010416666977107527 36.160299301147468 41.00056457519532 158.31944274902347 40.784446716308601 -85.110637664794908 0.58958330750465404 7.5770833492279062 19.971527099609379
decision_type=2 2 2 2 2 2 2 2 2 2 2 2 2 2 2 2 2 2 2 2 2 2 2 2 2 2
left_child=3 2 4 24 5 -2 -7 21 14 16 12 -12 23 -14 15 -9 17 -3 -15 20 -20 22 -6 -11 -1 -16
right_child=1 9 -4 -5 7 6 -8 8 -10 10 11 -13 13 18 25 -17 -18 -19 19 -21 -22 -23 -24 -25 -26 -27
leaf_value=0.001514446800280239 4.5574699395779766e-06 1.5469079898050189e-10 -2.2233803259141894e-10 -0.0014314775553705172 8.48163134525706e-07 -0.00026378820138653033 -7.8386129073619873e-06 -3.0563718475342001e-06 -3.9514855960399537e-10 -3.0214644334001046e-14 -1.957538716657945e-13 2.4139361757483622e-13 -4.2086620664106106e-10 2.6831460988224062e-11 1.0640423135326823e-07 -4.0895794019123457e-10 6.5648269019348001e-15 -8.0976008543630288e-09 -0.00022947850042309072 7.6877913558166553e-10 1.0976560611587255e-09 1.6721516883678687e-08 -2.3751844579510253e-08 1.9180584060486753e-12 0.0015144635918833181 -4.041480592121632e-12
leaf_weight=204.89999359846115 294.79999703168869 238.79999697208405 145.09999781847 171.8999952673912 1097.8000001907349 90.199999094009399 138.90000009536743 87.399998903274536 144.29999786615372 82.199998915195465 116.79999828338623 160.89999830722809 108.89999890327454 355.99999558925629 119.39999842643738 90.499999165534973 3708.1999579668045 96.299998879432678 89.399999260902405 288.69999599456787 183.89999836683273 737.19999116659164 108.59999990463257 1240.4999829530716 4348.899855196476 124.09999865293503
leaf_count=163 304 292 171 159 1084 100 137 112 185 104 142 193 129 438 158 115 4506 117 106 339 207 884 108 1567 3381 151
internal_value=0.000227187 0.000126724 -0.000284598 0.000436434 1.23572e-05 -0.00055425 -0.00180417 0.000130922 -0.000444013 0.000322775 0.000173524 -0.000698831 0.00027695 3.93596e-05 -0.000122471 -0.000613132 0.000419615 3.13003e-05 0.000258892 9.49927e-05 -0.000279659 0.000298558 0.000200635 0.000460994 0.000482484 0.00023487
internal_weight=14574.6 9848.9 3178.3 4725.7 3033.2 523.9 229.1 2509.3 565.7 6670.6 2627.3 277.7 2349.6 1026.9 421.4 177.9 4043.3 335.1 918 562 273.3 1943.6 1206.4 1322.7 4553.8 243.5
internal_count=15352 11649 3509 3703 3338 541 237 2797 721 8140 3225 335 2890 1219 536 227 4915 409 1090 652 313 2076 1192 1671 3544 309
is_linear=0
shrinkage=0.0103578


Tree=243
num_leaves=27
num_cat=0
split_feature=30 30 30 29 29 29 11 30 13 7 13 30 29 29 29 30 11 11 12 11 13 5 6 5 29 29
split_gain=2.66736 7.22337 53.2206 2.41289 1.7056 5.36038 7.51992 1.10721 2.22344 0.850118 2.07673 3.15104 1.05477 8.54829 0.546802 0.8728 0.817049 1.19866 0.499706 0.492164 0.424507 0.34012 0.329166 0.4153 0.177128 0.282632
threshold=-117.08349990844725 -79.298500061035142 -79.311107635498033 39.747600555419929 38.308649063110359 36.579669952392585 16.372917175292972 -82.058330535888658 86.020832061767592 0.46041667461395269 111.28333282470705 -79.096958160400376 35.88811111450196 35.904197692871101 40.784446716308601 -86.771537780761705 14.838194370269777 12.07569456100464 3.1770832538604741 15.741666793823244 95.36875152587892 0.19703882187604907 0.043750001117587096 0.31821338832378393 36.20991516113282 36.419198989868171
decision_type=2 2 2 2 2 2 2 2 2 2 2 2 2 2 2 2 2 2 2 2 2 2 2 2 2 2
left_child=3 2 4 -1 5 -2 -7 14 18 22 12 -12 -11 -14 15 16 17 -6 -9 -17 -21 -15 23 -3 -24 -26
right_child=1 9 -4 -5 7 6 -8 8 -10 10 11 -13 13 21 -16 19 -18 -19 -20 20 -22 -23 24 -25 25 -27
leaf_value=0.0014987688953096926 3.7192591332814508e-06 -8.013727231414957e-09 -2.2003509167743935e-10 -0.001416650545383592 1.712363188845637e-05 -0.00026786724501479575 -2.4768937793266959e-06 3.3337574607735671e-11 -4.0792076875118552e-10 1.9320644433713452e-12 -3.6665336765467926e-14 1.7390371362562511e-12 -4.3070395329418908e-10 -4.2496241360932339e-08 1.6798665771180491e-08 1.9439857796810522e-08 3.0909900195308686e-06 -2.740000648553266e-05 -7.0257953249815688e-09 -8.2831597019775471e-08 -2.6845275893184316e-08 6.158157855403428e-11 6.4968295004580943e-15 1.5308917916361421e-10 -2.6721303833499532e-05 7.1072666952967641e-10
leaf_weight=4615.4998452067375 296.29999721050262 85.399998843669891 148.89999824762344 145.29999607801437 139.69999927282333 92.499999523162842 135.29999995231628 276.79999721050262 143.59999787807465 1091.5999844074249 82.599999010562897 171.09999823570251 88.399998903274536 96.799998819828033 754.19999063014984 99.799999833106995 653.49999892711639 97.999999761581421 146.39999788999557 98.900000154972076 103.00000083446503 585.39999371767044 3333.4999604821205 266.89999681711197 95.799999535083771 747.49999123811722
leaf_count=3589 313 106 177 137 143 99 133 344 184 1380 104 197 106 122 904 106 629 96 190 101 100 692 4089 321 110 865
internal_value=0.000236633 0.00013911 -0.000266185 0.000437905 3.05406e-05 -0.000506461 -0.00169946 0.000142752 -0.000259588 0.000333557 0.000161766 -0.00071591 0.000281745 -1.11393e-05 0.00026013 0.000121541 0.000284791 -0.000233631 0.000117796 -0.000358926 -0.000653001 0.000381829 0.000413691 0.000107855 0.000439368 0.000303473
internal_weight=14592.7 9831.9 3186.9 4760.8 3038 524.1 227.8 2513.9 566.8 6645 2115.9 253.7 1862.2 770.6 1947.1 1192.9 891.2 237.7 423.2 301.7 201.9 682.2 4529.1 352.3 4176.8 843.3
internal_count=15337 11611 3519 3726 3342 545 232 2797 718 8092 2601 301 2300 920 2079 1175 868 239 534 307 201 814 5491 427 5064 975
is_linear=0
shrinkage=0.0103578


Tree=244
num_leaves=27
num_cat=0
split_feature=30 30 30 11 30 0 9 11 30 11 30 12 7 1 30 1 30 30 6 5 11 5 4 2 9 5
split_gain=2.43472 5.44018 47.1655 1.50922 0.617811 1.51075 1.73849 1.03331 1.25337 0.700711 0.690147 0.645881 0.543002 1.22177 1.84965 0.953772 1.26042 9.07773 0.538089 0.845773 0.501919 0.387026 0.312525 0.280592 0.218135 0.401027
threshold=-120.26449966430663 -79.298500061035142 -79.311107635498033 -2.6854166984558101 -88.538810729980455 21.674304962158207 278.67359924316412 14.603472232818605 -109.12405014038085 17.888194084167484 -95.165119171142564 3.1770832538604741 0.2937499880790711 25.890476226806644 -79.132404327392564 16.207738876342777 -79.028789520263658 -79.114654541015611 0.043750001117587096 0.30074608325958258 16.372917175292972 0.45693300664424902 3.6322916746139531 -2.6198757886886592 228.40277862548831 0.45417924225330358
decision_type=2 2 2 2 2 2 2 2 2 2 2 2 2 2 2 2 2 2 2 2 2 2 2 2 2 2
left_child=-1 2 3 -2 7 20 9 8 24 -7 11 -10 18 15 -15 16 17 -14 19 -3 23 -16 -11 -6 -5 -26
right_child=1 12 -4 4 5 6 -8 -9 10 22 -12 -13 13 14 21 -17 -18 -19 -20 -21 -22 -23 -24 -25 25 -27
leaf_value=0.0014832448926486122 -0.00012004410739034891 -7.9307223577116245e-09 -2.1775600424813562e-10 0.0019681715487370136 -3.6863289516660579e-06 -1.4002101170458589e-08 -1.0086364941675078e-05 3.0589723279949418e-06 -0.00011577502668685686 7.0762636149288878e-11 8.0357770410656398e-07 9.348854640602028e-06 5.7372504016214237e-12 -3.6285563214456955e-14 -2.1173894687070364e-13 1.887238137049309e-12 9.7158005390507998e-12 -0.00022682482482607618 6.4295364049252702e-15 1.5150286439319551e-10 -4.1581518513193078e-10 3.6932444972320601e-12 -2.48941242202116e-08 3.919041462499512e-08 -3.4184338116131552e-05 -0.00020606856481407589
leaf_weight=4096.999863088131 117.39999788999557 79.999998927116394 144.29999792575836 302.69999033212662 110.09999907016754 113.79999941587448 131.69999921321869 965.59999734163284 274.99999833106995 293.29999899864197 120.39999884366989 119.5 234.69999653100967 86.399998664855957 106.19999921321869 1665.3999804854393 337.69999492168427 78.099998533725739 3627.2999574542046 267.39999681711197 133.1999985575676 152.79999852180481 103.89999896287918 507.99999362230301 221.59999334812164 165.79999589920044
leaf_count=3208 154 98 165 237 129 126 143 938 286 321 144 121 305 110 122 1996 429 97 4429 322 166 180 121 654 178 144
internal_value=0.000240185 0.00015629 -0.000154667 7.32963e-05 0.000111532 -5.83736e-05 -0.000427093 0.000220829 1.81229e-05 -0.000152044 -0.00036801 -0.000577695 0.000335648 0.000220725 -0.000352959 0.000306534 -2.91827e-05 -0.000503051 0.000412447 2.17104e-05 0.000256572 8.41722e-05 5.25839e-05 0.000381125 0.000306901 0.000142282
internal_weight=14559.3 10462.3 3826.3 3682 3564.6 1394 642.7 2170.6 1205 511 514.9 394.5 6636 2661.3 345.4 2315.9 650.5 312.8 3974.7 347.4 751.3 259 397.2 618.1 690.1 387.4
internal_count=15323 12115 4027 3862 3708 1660 711 2048 1110 568 551 407 8088 3239 412 2827 831 402 4849 420 949 302 442 783 559 322
is_linear=0
shrinkage=0.0103578


Tree=245
num_leaves=27
num_cat=0
split_feature=30 30 30 29 29 11 29 30 4 10 6 1 9 9 30 29 29 6 7 9 10 13 4 30 12 12
split_gain=2.10632 5.3954 52.0422 1.4138 9.01269 13.3793 1.33156 0.668122 0.66562 2.88539 0.624336 0.298841 0.438109 0.28409 0.284063 0.206884 0.234918 0.360144 0.21404 0.91079 1.37458 0.173171 0.134225 0.12614 0.0727274 0.503686
threshold=-118.89915084838866 -79.298500061035142 -79.311107635498033 38.308649063110359 36.441598892211921 14.754166603088381 39.747600555419929 -80.382396697998033 2.1335417032241826 75.423610687255874 0.66875001788139354 17.766667366027836 163.97222137451175 319.17361450195318 -91.673957824707017 34.860479354858406 35.791999816894538 0.014583333861082794 0.27291667461395269 244.42360687255862 58.423612594604499 1.0000000180025095e-35 3.5752083063125615 -78.779132843017564 -0.38124999403953547 -1.1312500238418577
decision_type=2 2 2 2 2 2 2 2 2 2 2 2 2 2 2 2 2 2 2 2 2 2 2 2 2 2
left_child=6 2 3 4 -2 -6 21 11 9 23 -9 -5 -13 14 -14 -10 24 -18 -19 22 -21 -1 -20 -3 25 -17
right_child=1 8 -4 7 5 -7 -8 10 15 -11 -12 12 13 -15 -16 16 17 18 19 20 -22 -23 -24 -25 -26 -27
leaf_value=0.0014678795562816504 5.7954122325211505e-06 1.1906491082190126e-13 -2.1797318504768921e-10 9.5996111387066238e-08 -0.00030701641575349897 4.1613864484599811e-07 -0.0014137602431663571 6.3266162282212489e-08 -9.2261308588842267e-05 -1.8465592142274037e-14 -3.6067567212580435e-07 -1.210377508315908e-05 3.0272879938000063e-06 -3.8263032547219073e-05 7.6177473651280149e-11 1.1015430812469041e-14 -7.6664096474574814e-09 2.9360663081679613e-13 3.8426925309398474e-12 9.8100754179889742e-12 -4.0143718229564205e-10 0.0014678816850636602 5.8159546564953695e-12 1.3288780504273009e-11 6.1838935454368315e-15 -1.3832839425547796e-14
leaf_weight=173.29999428987503 529.09998917579651 384.49999564886093 132.69999814033508 570.9999925494194 91.799999356269836 142.29999971389771 142.19999605417252 83.999999225139618 98.399998605251312 146.0999983549118 123.79999840259552 95.799999356269836 791.39999836683273 96.099998950958252 748.999995470047 1088.499984562397 81.999998867511749 1719.3999816775322 635.49999266862869 120.09999883174896 93.299998760223389 4148.3998622298241 561.69999301433563 81.599999368190765 1409.2999811172485 134.09999829530716
leaf_count=137 491 467 155 728 102 139 136 102 128 179 164 102 776 93 846 1389 98 2046 751 145 113 3228 687 88 1749 169
internal_value=0.000255772 0.000171903 -0.000162346 9.57525e-05 -0.000294276 -0.00198422 0.000442794 0.000214501 0.000345707 1.9766e-05 -0.000346444 0.000265365 0.000197097 0.000237166 0.000271416 0.000379211 0.000387155 0.000327121 0.000344954 0.000249479 -0.00037223 0.00047531 0.000360773 0.000418701 0.000460174 0.000399602
internal_weight=14425.4 9961.5 3407 3274.3 763.2 234.1 4463.9 2511.1 6554.5 612.2 207.8 2303.3 1732.3 1636.5 1540.4 5942.3 5843.9 3212 3130 1410.6 213.4 4321.7 1197.2 466.1 2631.9 1222.6
internal_count=15208 11707 3698 3543 732 241 3501 2811 8009 734 266 2545 1817 1715 1622 7275 7147 3840 3742 1696 258 3365 1438 555 3307 1558
is_linear=0
shrinkage=0.0103578


Tree=246
num_leaves=27
num_cat=0
split_feature=29 29 30 30 30 29 29 29 29 13 29 4 10 29 13 30 6 13 9 9 30 29 29 30 29 1
split_gain=1.99557 48.1763 1.07388 1.63674 2.00989 0.926313 0.585979 0.575602 2.24484 4.08882 0.892134 0.446395 2.6736 0.380492 1.05087 1.64394 0.418851 0.259702 0.214771 0.67392 0.206105 0.321086 0.402119 0.810413 0.192532 0.176948
threshold=35.633329391479499 35.626596450805671 -120.45205307006835 -101.70369720458983 -109.12405014038085 37.499849319458015 39.616733551025398 36.20991516113282 38.308649063110359 81.827083587646499 37.700534820556648 2.1335417032241826 76.618057250976577 39.79341125488282 80.424999237060561 -85.705905914306626 0.097916666418313994 86.020832061767592 246.22917175292972 214.04166412353518 -79.063835144042955 35.975336074829109 35.791999816894538 -79.03228378295897 36.504644393920906 17.766667366027836
decision_type=2 2 2 2 2 2 2 2 2 2 2 2 2 2 2 2 2 2 2 2 2 2 2 2 2 2
left_child=1 -1 6 4 5 -4 -2 11 9 -9 24 12 -5 14 15 25 -16 -15 19 -19 -13 22 -22 -24 -11 -10
right_child=2 -3 3 7 -6 -7 -8 8 13 10 -12 20 -14 17 16 -17 -18 18 -20 -21 21 -23 23 -25 -26 -27
leaf_value=3.4858461215525292e-12 0.0014526776070657838 -2.1324279269476845e-10 0.0019325808175978015 1.2200444349198473e-13 -9.5741512390169821e-05 -0.00054331603428091737 -0.001399116746196459 -0.00024498200087164616 5.1766334718881747e-06 3.8836839896803547e-06 -0.0002322196532785484 6.1198417892550583e-15 -1.8274328564245306e-14 1.7026272569932108e-09 -1.3215856560041364e-05 -1.8690711882136521e-05 2.9859100487999897e-06 8.2299292521793655e-11 2.9754070732322074e-10 -3.4512426028204899e-10 1.766798865640875e-14 1.4026850387390619e-11 -4.011981360747329e-10 1.5929827579130544e-14 -1.4083422676880037e-05 -1.7703903593585283e-05
leaf_weight=1713.4999628663063 3559.9998799562454 140.79999822378159 252.29999244213104 341.19999659061432 123.29999858140945 112.99999892711639 140.99999564886093 84.799999356269836 101.69999974966049 160.49999839067459 92.899999380111694 2282.1999691128731 104.39999878406525 1655.2999795675278 121.10000002384186 98.19999885559082 779.49999868869781 147.99999916553497 304.69999843835831 144.99999862909317 357.99999648332596 642.69999194145203 102.29999834299088 828.29999023675919 106.79999971389771 98.199999570846558
leaf_count=1705 2766 164 199 416 135 110 126 96 107 191 93 2886 128 2031 121 120 785 160 331 162 426 779 125 1003 112 98
internal_value=0.000266209 -5.10633e-05 0.000312401 0.000251451 -0.000330943 5.44791e-05 0.000461174 0.000284779 0.000191606 -0.000500015 -1.57722e-05 0.000362582 4.96654e-05 0.000280961 0.000131231 -0.000400707 0.000307912 0.000360385 0.000173899 -2.50278e-05 0.000395564 0.000315927 0.000220864 0.000106667 0.000287084 0.000137146
internal_weight=14599.7 1854.3 12745.4 9044.4 488.6 365.3 3701 8555.8 3896.7 445 360.2 4659.1 445.6 3451.7 1198.7 298.1 900.6 2253 597.7 293 4213.5 1931.3 1288.6 930.6 267.3 199.9
internal_count=15375 1869 13506 10614 444 309 2892 10170 4407 492 396 5763 544 3915 1231 325 906 2684 653 322 5219 2333 1554 1128 303 205
is_linear=0
shrinkage=0.0103578


Tree=247
num_leaves=27
num_cat=0
split_feature=29 29 30 30 30 29 29 30 29 11 10 9 0 7 30 12 8 2 11 11 30 29 29 11 29 29
split_gain=2.50066 56.6142 1.07725 1.7179 2.09184 1.12605 0.845912 0.402909 2.73567 2.82528 0.552189 1.67844 1.51017 0.509348 0.429311 0.415263 0.961778 0.372523 0.246608 0.841837 0.265642 0.188274 0.231899 0.462585 0.133354 0.561617
threshold=35.633329391479499 35.626596450805671 -120.45205307006835 -101.70369720458983 -109.12405014038085 37.012199401855476 39.747600555419929 -79.298500061035142 38.308649063110359 16.453472137451175 73.979167938232436 236.56944274902347 25.915277481079105 0.043750001117587096 -80.182350158691392 -5.9770832061767569 1.0000000180025095e-35 1.0000000180025095e-35 12.793749809265138 13.959027767181398 -94.668254852294908 35.838500976562507 35.870563507080085 13.959027767181398 36.20991516113282 38.513755798339851
decision_type=2 2 2 2 2 2 2 2 2 2 2 2 2 2 2 2 2 2 2 2 2 2 2 2 2 2
left_child=1 -1 6 4 5 -4 -2 8 9 -5 21 13 -13 -12 18 16 -15 -16 -10 -20 -21 -9 23 -23 -24 -26
right_child=2 -3 3 7 -6 -7 -8 10 14 -11 11 12 -14 15 17 -17 -18 -19 19 20 -22 22 24 -25 25 -27
leaf_value=4.0303732119691736e-12 0.0014376310104167905 -2.1103405878548494e-10 0.0019318177316738365 -0.00022629283417972145 -9.4749182788574448e-05 -0.00049342414331609609 -0.0013875946315934041 6.056452994489474e-15 2.9104611387848501e-07 5.5770213361803111e-07 -2.7504618438528142e-16 -7.7593617285012737e-09 1.7068479215067981e-13 6.7186686590411918e-14 -3.450815409418438e-06 7.9982612671099497e-14 -3.9704259151310257e-10 3.391164321916871e-09 -2.0547315159945184e-05 2.9807516923650479e-06 7.896318040327577e-11 -8.3140407915595419e-14 4.9683764637212824e-12 3.3923743513295746e-14 -3.6584487405527296e-05 7.8550580813760126e-10
leaf_weight=1721.7999631762505 3610.6998794674873 152.19999825954437 237.8999936580658 95.899999737739563 121.69999849796295 135.79999727010727 134.49999618530273 2039.399973154068 619.29999321699142 149.59999936819077 88.299998939037323 108.19999843835831 94.499999463558197 134.49999821186066 84.799999058246613 866.89998954534531 86.599999010562897 87.799998819828033 128.39999890327454 643.29999905824661 769.99999487400055 87.999998450279236 1259.4999868869781 113.29999828338623 209.69999760389328 814.89999151229858
leaf_count=1706 2807 180 189 97 133 126 129 2562 765 146 109 136 103 171 108 1047 108 116 148 619 878 118 1505 141 253 927
internal_value=0.000263758 -8.92878e-05 0.000315792 0.000254104 -0.0003381 4.55074e-05 0.000463503 0.000288759 0.000180339 -0.00085805 0.000336029 0.000153985 -0.000714636 0.000304296 0.000289943 0.000365945 -3.29122e-05 -0.000205124 0.000329722 0.000258863 0.000332041 0.00039139 0.000330111 -4.84116e-06 0.000359809 0.000270668
internal_weight=14597.5 1874 12723.5 8978.3 495.4 373.7 3745.2 8482.9 2579.1 245.5 5903.8 1379 202.7 1176.3 2333.6 1088 221.1 172.6 2161 1541.7 1413.3 4524.8 2485.4 201.3 2284.1 1024.6
internal_count=15327 1886 13441 10505 448 315 2936 10057 2877 243 7180 1674 239 1435 2634 1326 279 224 2410 1645 1497 5506 2944 259 2685 1180
is_linear=0
shrinkage=0.0103578


Tree=248
num_leaves=27
num_cat=0
split_feature=29 29 30 30 30 29 29 11 0 29 29 29 29 29 4 11 30 30 3 5 29 4 10 29 2 1
split_gain=3.37046 60.1402 0.844919 1.52761 1.78041 3.04751 0.615516 0.685966 2.83606 1.7067 2.98367 2.9387 0.73117 0.529551 0.510591 0.209565 0.183612 0.280279 0.350551 0.16238 0.141085 0.0405938 0.132656 0.138317 0.0914929 0.0408434
threshold=35.633329391479499 35.626596450805671 -120.45205307006835 -101.70369720458983 -118.89915084838866 41.372816085815437 35.791999816894538 14.700000286102297 22.339583396911625 39.79341125488282 36.20991516113282 38.513755798339851 35.898796081542976 39.616733551025398 1.7916666865348818 2.6749999523162846 -94.668254852294908 -85.947937011718736 2.3683333396911626 0.31411106884479528 36.579669952392585 2.666875004768372 73.979167938232436 35.684564590454109 2.0609083175659184 6.3586308956146249
decision_type=2 2 2 2 2 2 2 2 2 2 2 2 2 2 2 2 2 2 2 2 2 2 2 2 2 2
left_child=1 15 13 4 20 -6 21 8 9 10 12 -12 -8 -2 -9 -1 -16 18 -18 -19 -4 22 24 -24 -5 -23
right_child=2 -3 3 6 5 -7 7 14 -10 -11 11 -13 -14 -15 16 -17 17 19 -20 -21 -22 25 23 -25 -26 -27
leaf_value=-2.097164924009981e-10 0.0014227402639506704 -2.0884820258015741e-10 0.0021179074459266147 6.0938472245086816e-15 -0.00017245440832599343 6.2654494360998386e-05 -2.7802914236332606e-16 -3.569780596089438e-07 -6.0132040451359777e-05 2.8802445982863548e-07 -0.00024206558131759413 -1.0038483760081485e-05 9.3406335208880238e-08 -0.0013540987144351133 2.9426982597591007e-06 3.086403719126909e-12 7.4491523248865685e-07 4.2853370342476364e-12 -7.1831207062879226e-08 4.5345284230315068e-12 -0.0018091983395057297 3.6357901871276794e-12 -1.3297705698725451e-14 6.6490777898496322e-14 9.2442662520720731e-15 5.9937212466547025e-15
leaf_weight=99.099997520446777 3655.4998767971992 147.89999806880951 140.7999963760376 587.89999240636826 97.899998664855957 118.89999878406525 417.19999355077744 91.099999308586121 137.59999930858612 1077.5999866724014 93.099999725818634 207.59999912977219 492.39999341964722 141.19999563694 770.29999870061874 1581.8999671339989 91.000000298023224 975.59998935461044 155.59999871253967 1642.5999851822853 126.99999618530273 107.09999853372574 78.199999272823334 83.99999874830246 109.99999868869781 1406.6999813318253
leaf_count=99 2839 177 112 735 113 113 530 101 146 1330 97 224 614 128 747 1575 84 1162 180 1906 102 137 92 112 134 1781
internal_value=0.000284309 -0.000131432 0.000343716 0.000288948 -0.000276029 -0.00097301 0.000321127 0.000266249 0.000130363 0.000217499 -4.91375e-05 -0.000942874 0.000246259 0.000473515 0.000354555 0.000426304 0.000373823 0.000335093 0 0.000366529 0.000287514 0.000463064 0.000402732 0.000131685 0.000464966 0.000496901
internal_weight=14635.8 1828.9 12806.9 9010.2 484.6 216.8 8525.6 6151.7 2425.5 2287.9 1210.3 300.7 909.6 3796.7 3726.2 1681 3635.1 2864.8 246.6 2618.2 267.8 2373.9 860.1 162.2 697.9 1513.8
internal_count=15370 1851 13519 10552 440 226 10112 7121 2941 2795 1465 321 1144 2967 4180 1674 4079 3332 264 3068 214 2991 1073 204 869 1918
is_linear=0
shrinkage=0.0103578


Tree=249
num_leaves=27
num_cat=0
split_feature=29 29 30 30 11 30 29 29 29 29 11 29 29 29 30 29 11 11 29 2 29 30 29 29 29 3
split_gain=2.69525 54.2712 1.17985 1.05921 1.57833 1.87388 6.50389 0.677688 0.66336 0.683765 1.33653 1.45754 3.67513 1.48912 2.07643 0.969047 0.546701 0.442723 0.49804 0.35318 0.431484 0.322042 0.408578 0.297804 0.266823 0.220673
threshold=35.633329391479499 35.626596450805671 -120.45205307006835 -97.004226684570298 14.838194370269777 -118.89915084838866 38.441310882568366 39.747600555419929 35.791999816894538 40.784446716308601 14.936110973358156 36.20991516113282 38.785099029541023 35.901496887207038 -79.025478363037095 39.79341125488282 16.372917175292972 17.555555343627933 41.841104507446296 -0.97018632292747486 40.025205612182624 -78.89247894287108 35.468124389648445 35.862739562988288 36.759901046752937 3.1302083730697636
decision_type=2 2 2 2 2 2 2 2 2 2 2 2 2 2 2 2 2 2 2 2 2 2 2 2 2 2
left_child=1 21 7 4 5 24 -7 -2 -5 10 11 13 -13 14 -10 -14 -11 18 -18 -12 23 -1 -23 -21 -4 -8
right_child=2 -3 3 8 -6 6 25 -9 9 16 19 12 15 -15 -16 -17 17 -19 -20 20 -22 22 -24 -25 -26 -27
leaf_value=4.595838649564697e-12 0.001408003753396765 -2.066849871152765e-10 0.0020959708867036731 6.0033535765380793e-15 6.7064060033031181e-06 -0.00017066815381928065 -0.00016974847914705369 -0.0013605631203342332 -9.5766123269763975e-10 7.4574379982854695e-08 4.3437294661550569e-12 -0.00025651324117023248 -1.8458406824430106e-05 3.9177688572033938e-07 -2.6931752076603177e-16 1.7673942088698211e-06 1.4620521948995142e-10 7.3915425752022598e-11 -6.5280794635562721e-10 -2.1639514611944246e-14 -2.8345729675710751e-08 -1.3606580243508364e-14 8.1475475637883804e-12 5.5144168300970789e-12 -0.00034991405193059784 2.2440168666045623e-05
leaf_weight=1512.7999655008316 3598.4998793005943 138.59999805688858 165.39999508857727 2392.6999676823616 313.79999846220016 123.89999890327454 103.29999899864197 127.29999649524689 83.799998819828033 1144.199985742569 693.69999575614929 101.39999943971634 148.59999936819077 489.69999355077744 401.19999450445175 151.39999878406525 109.79999941587448 390.99999469518661 94.499998450279236 136.49999874830246 159.69999933242798 135.09999787807465 103.49999928474426 1485.9999895691872 124.69999635219574 134.2999991774559
leaf_count=1450 2797 164 130 3031 306 135 103 121 102 1438 765 116 160 609 500 168 120 462 121 161 173 181 113 1660 101 129
internal_value=0.000247128 -0.000117569 0.000301543 0.00023694 -8.67402e-05 -0.000377668 -0.000874942 0.000456549 0.000276134 0.000214182 0.000137007 -0.000121543 -0.000646499 9.44626e-05 -0.000311638 -6.75212e-05 0.000384739 0.000129056 -0.000260092 0.000280873 0.000203171 0.000376775 2.11928e-05 0.00025389 0.000241046 0.000127832
internal_weight=14565.4 1890 12675.4 8949.6 965.4 651.6 361.5 3725.8 7984.2 5591.5 3852 1376.1 401.4 974.7 485 300 1739.5 595.3 204.3 2475.9 1782.2 1751.4 238.6 1622.5 290.1 237.6
internal_count=15316 1908 13408 10490 904 598 367 2918 9586 6555 4414 1655 444 1211 602 328 2141 703 241 2759 1994 1744 294 1821 231 232
is_linear=0
shrinkage=0.0103578


Tree=250
num_leaves=27
num_cat=0
split_feature=29 29 30 30 11 1 6 29 29 11 30 4 29 29 7 11 2 11 29 11 2 29 6 29 29 4
split_gain=4.03578 50.9876 1.29191 1.49736 1.92269 1.12108 1.10979 0.784206 0.820714 1.8571 2.01979 1.84047 2.99399 1.05065 0.669008 1.03221 0.629136 0.50086 0.471283 0.465197 0.410407 0.41922 0.670417 0.404371 0.356199 0.241021
threshold=35.633329391479499 35.626596450805671 -120.45205307006835 -99.428070068359361 3.1618055105209355 26.947618484497074 0.33958333730697637 35.791999816894538 40.784446716308601 14.936110973358156 -79.03228378295897 4.29770851135254 38.592149734497077 36.314949035644538 0.014583333861082794 3.8937499523162846 -1.2314052581787107 16.372917175292972 39.616733551025398 17.487500190734867 -0.97018632292747486 39.82715034484864 0.79375001788139354 35.862739562988288 41.841104507446296 2.1539583206176762
decision_type=2 2 2 2 2 2 2 2 2 2 2 2 2 2 2 2 2 2 2 2 2 2 2 2 2 2
left_child=1 5 18 4 -4 -1 -7 25 9 10 11 13 -13 -9 15 -12 -6 -10 -2 24 -11 23 -23 -22 -19 -5
right_child=2 -3 3 7 16 6 -8 8 17 20 14 12 -14 -15 -16 -17 -18 19 -20 -21 21 22 -24 -25 -26 -27
leaf_value=4.7768794032489928e-12 0.0013934198812047636 -2.0454417788176218e-10 -0.00027011843304188248 1.0004505266638078e-13 -0.00010405021047774262 1.5998804577755023e-10 -3.9591520230334229e-14 2.864592011973291e-11 7.3801950773171177e-08 4.2987378280161605e-12 2.2707956810949029e-12 -0.00017497426242383607 -1.826721767074637e-05 -0.00016190555256392073 6.0072303642584558e-12 -8.7823160333673658e-14 9.0861951958610877e-06 1.4388119196492252e-10 -0.0013451041312237037 7.3917631782530125e-11 -2.1415376064986404e-14 6.8631325971042795e-08 -4.4861543010900148e-08 5.5055428909929673e-12 -6.4604626860256344e-10 5.9411718237747017e-15
leaf_weight=1519.0999658703804 3604.4998787045479 151.7999981045723 132.59999787807465 278.19999641180038 108.19999831914902 92.399998784065247 118.99999892711639 231.99999678134918 1150.9999859333038 731.79999607801437 118.79999858140945 92.999999344348907 108.79999971389771 192.79999887943268 529.69999265670776 177.49999797344208 376.89999288320541 107.59999942779541 138.19999587535858 385.69999527931213 134.49999892711639 102.79999977350235 94.699999630451202 1621.5999886989594 84.199998497962952 2115.2999716997147
leaf_count=1493 2801 176 134 348 102 94 136 282 1442 790 150 102 116 208 663 213 333 118 126 451 157 110 105 1800 108 2675
internal_value=0.000231888 -0.000215337 0.00029863 0.000230465 -0.000260917 0.000290106 -0.000414835 0.000267278 0.000202643 0.000123284 -0.000174839 -0.000618156 -0.00143157 -0.000229364 0.000161143 -0.000231825 4.08275e-05 0.000392279 0.000460146 0.000142168 0.000284707 0.000205864 -0.000244966 0.000256869 -0.000272955 0.00042544
internal_weight=14502.7 1882.3 12620.4 8877.7 617.7 1730.5 211.4 8260 5866.5 4138 1452.6 626.6 201.8 424.8 826 296.3 485.1 1728.5 3742.7 577.5 2685.4 1953.6 197.5 1756.1 191.8 2393.5
internal_count=15233 1899 13334 10407 569 1723 230 9838 6815 4696 1734 708 218 490 1026 363 435 2119 2927 677 2962 2172 215 1957 226 3023
is_linear=0
shrinkage=0.0103578


Tree=251
num_leaves=27
num_cat=0
split_feature=29 29 30 1 8 30 29 29 29 29 11 29 29 6 5 29 29 29 0 5 5 12 7 29 11 11
split_gain=4.5168 50.7609 1.32925 1.27873 1.31815 1.13998 1.43522 1.34826 0.618503 1.18049 1.98918 7.8118 1.63395 1.79761 0.600024 0.957161 0.435122 0.403398 0.657698 0.350644 0.654249 0.264557 0.312083 0.233921 0.567403 1.54108
threshold=35.633329391479499 35.626596450805671 -120.45205307006835 26.947618484497074 4.5000000000000009 -101.70369720458983 36.579669952392585 39.82715034484864 35.791999816894538 38.513755798339851 14.936110973358156 36.20991516113282 35.904197692871101 1.0395833253860476 0.11086680740118028 34.967180252075202 39.747600555419929 35.870563507080085 24.66874980926514 0.74855694174766552 0.77739989757537853 3.5229166746139531 0.25624999403953558 40.784446716308601 13.959027767181398 12.461805343627931
decision_type=2 2 2 2 2 2 2 2 2 2 2 2 2 2 2 2 2 2 2 2 2 2 2 2 2 2
left_child=1 3 16 14 -5 6 -4 -8 19 10 11 12 13 -10 15 -1 -2 18 -12 -7 -21 -19 -23 24 25 -11
right_child=2 -3 5 4 -6 8 7 -9 9 23 17 -13 -14 -15 -16 -17 -18 21 -20 20 -22 22 -24 -25 -26 -27
leaf_value=2.7341820486410612e-11 0.0013789870663715226 -2.0242554279954096e-10 0.00014589193115409956 -3.9181437750416637e-14 1.1093294544795804e-10 5.8079203030468662e-15 -0.0001328800948948752 -0.00016655530483253541 -8.6913502427780986e-14 5.0813624899867755e-06 -2.8849161685557214e-14 -0.00025217932785797818 3.0237313644450994e-07 2.3031909928150734e-12 5.4973649468439024e-12 -9.1675268933273052e-14 -0.001328202055588368 5.7714242593097616e-12 1.1323988278346933e-13 -1.1354588312543262e-15 1.7888584554513185e-14 -5.4557416787979055e-14 5.9675277792371633e-12 5.4671892399956756e-10 6.2851169808502165e-07 -2.4595429877187653e-05
leaf_weight=123.8999969959259 3542.9998807907104 142.19999825954437 175.19999527931213 100.0999990105629 89.499998807907104 2147.3999703526497 157.59999573230743 172.49999839067459 314.59999573230743 238.39999890327454 96.099998772144318 145.99999916553497 443.09999400377274 230.79999631643295 1358.9999697804451 101.79999840259552 123.89999628067017 1212.399990439415 163.59999871253967 85.89999920129776 136.59999847412109 121.19999915361404 137.99999856948853 1821.7999771237373 1134.2999959588051 90.29999965429306
leaf_count=115 2752 168 152 117 91 2724 140 167 394 264 115 152 557 288 1332 116 113 1384 188 103 172 132 162 2216 1169 95
internal_value=0.000232767 -0.000235755 0.000303551 0.000242038 -0.000559886 0.00023587 -0.000241494 -0.000643846 0.000264243 0.000209289 5.54661e-05 -0.000281373 4.90561e-05 -0.000329903 0.000338415 -0.000154468 0.000469967 0.000276456 -9.84716e-05 0.000406604 1.32035e-05 0.000342919 4.06452e-05 0.000343329 0.000244934 -0.000132886
internal_weight=14609.2 1916.5 12692.7 1774.3 189.6 9025.8 505.3 330.1 8520.5 6150.6 2865.8 1134.5 988.5 545.4 1584.7 225.7 3666.9 1731.3 259.7 2369.9 222.5 1471.6 259.2 3284.8 1463 328.7
internal_count=15378 1939 13439 1771 208 10574 459 307 10115 7116 3372 1391 1239 682 1563 231 2865 1981 303 2999 275 1678 294 3744 1528 359
is_linear=0
shrinkage=0.0103578


Tree=252
num_leaves=27
num_cat=0
split_feature=29 29 30 1 30 30 29 29 11 29 3 29 29 11 29 29 29 12 29 3 3 12 29 5 10 11
split_gain=6.33686 54.2385 1.69776 2.03397 1.2382 1.77933 1.54064 2.1587 0.974651 0.67683 0.621318 0.575678 0.96657 1.67015 1.84132 6.44074 1.12779 1.56592 0.816753 0.372084 1.10511 0.517637 0.352322 0.311751 0.664771 0.240285
threshold=35.633329391479499 35.626596450805671 -79.311107635498033 26.947618484497074 -120.45205307006835 -99.428070068359361 36.579669952392585 37.167884826660163 21.254861831665043 39.616733551025398 2.5836805105209355 35.791999816894538 40.784446716308601 14.936110973358156 36.20991516113282 38.376905441284187 35.904197692871101 6.2395834922790536 39.79341125488282 2.3104165792465214 2.2500694990158085 0.043750001117587096 35.112148284912116 0.74855694174766552 50.159723281860359 16.372917175292972
decision_type=2 2 2 2 2 2 2 2 2 2 2 2 2 2 2 2 2 2 2 2 2 2 2 2 2 2
left_child=1 2 -1 8 9 6 -6 -8 22 -2 -9 23 13 14 16 -16 17 -13 -17 20 21 -15 -4 -7 -25 -14
right_child=4 -3 3 -5 5 11 7 10 -10 -11 -12 12 25 19 15 18 -18 -19 -20 -21 -22 -23 -24 24 -26 -27
leaf_value=1.0604122527518685e-05 0.0013647037442696688 -2.0032885219238665e-10 -1.1127744176477338e-13 -6.8749304671617857e-14 0.00014700063997608869 5.8194766524825479e-15 -0.00012769202842200238 -0.00046805874006725139 -2.4246895088360425e-14 -0.0013174144637320524 8.843872816358581e-06 1.5433657502227927e-15 7.2682324711090141e-08 5.6921188926156015e-12 -0.00030553983477556168 -1.6541848179420616e-05 9.6751561893894172e-08 -4.6573801689112114e-14 2.3009731679679658e-06 6.3082012099572537e-12 -2.1473508929654117e-13 -1.2650765144238922e-14 2.9004133716634496e-12 -1.1236979347124362e-15 1.795573811865326e-14 6.6721370121873695e-11
leaf_weight=991.19997209310532 3562.2998806238174 148.6999979019165 153.9999977350235 119.29999876022339 179.59999549388885 2173.5999689698219 108.89999717473984 112.89999824762344 116.59999877214432 140.39999568462372 223.39999771118164 440.89999425411224 1147.7999855279922 503.49999678134918 99.599999487400055 263.49999892711639 438.0999943614006 90.199998557567596 157.89999878406525 1695.599990606308 91.099999666213989 409.69999760389328 338.99999636411667 86.199999213218689 127.09999889135361 598.49999284744263
leaf_count=830 2769 175 198 141 154 2766 103 109 146 128 210 543 1442 563 108 281 547 118 177 1854 101 459 402 104 155 707
internal_value=0.000221949 -0.000340868 0.000178569 -0.000200412 0.000305134 0.000239093 -0.000293482 -0.000620386 4.1409e-05 0.000464557 -0.000207372 0.000279139 0.000224324 0.000138818 -0.000139303 -0.000635676 0.000127308 -0.000192955 -7.33782e-05 0.000292479 0.000133735 0.000242795 0.00024363 0.000415206 3.50812e-05 0.000429135
internal_weight=14519.6 1868.8 1720.1 728.9 12650.8 8948.1 624.8 445.2 609.6 3702.7 336.3 8323.3 5936.4 4190.1 1490.2 521 969.2 531.1 421.4 2699.9 1004.3 913.2 493 2386.9 213.3 1746.3
internal_count=15290 1892 1717 887 13398 10501 576 422 746 2897 319 9925 6900 4751 1774 566 1208 661 458 2977 1123 1022 600 3025 259 2149
is_linear=0
shrinkage=0.0103578


Tree=253
num_leaves=27
num_cat=0
split_feature=29 29 30 1 30 5 29 29 11 29 30 29 11 29 12 29 8 7 11 29 1 30 30 4 12 30
split_gain=6.19812 50.6325 1.99124 1.9461 1.52458 1.17779 1.10084 1.56482 3.45622 5.51228 3.23129 9.48379 2.67271 1.14195 2.33997 0.559448 0.555528 1.06288 0.541124 0.529482 0.460011 0.409322 0.662778 0.347795 1.18637 0.338288
threshold=35.633329391479499 35.626596450805671 -79.408752441406236 26.947618484497074 -120.45205307006835 0.11086680740118028 35.791999816894538 39.747600555419929 14.936110973358156 36.504644393920906 -119.26765060424803 38.365810394287116 12.793749809265138 35.904197692871101 5.2729167938232431 36.314949035644538 1.5000000000000002 0.63124999403953563 16.372917175292972 39.616733551025398 11.455654621124269 -94.668254852294908 -86.35467147827147 2.1539583206176762 3.1770832538604741 -109.12405014038085
decision_type=2 2 2 2 2 2 2 2 2 2 2 2 2 2 2 2 2 2 2 2 2 2 2 2 2 2
left_child=1 2 -1 5 19 -4 23 8 9 13 -11 -12 -13 14 20 -15 17 -7 25 -2 -8 -10 -23 24 -6 -9
right_child=4 -3 3 -5 6 16 7 18 21 10 11 12 -14 15 -16 -17 -18 -19 -20 -21 -22 22 -24 -25 -26 -27
leaf_value=1.2218200032520283e-05 0.0013505683664779835 -1.9825387876302194e-10 -1.2076771802099788e-13 -4.0777025414179019e-13 1.2545902476063284e-13 -1.1963343980601588e-13 2.2793189319340263e-12 -0.00016658391761374371 2.9042083286544941e-06 0.0018535918634827321 -0.000351031265429626 -1.3242092848679593e-06 -2.4240220671867228e-05 2.9823906821124293e-07 -6.322496423843029e-14 -0.0002294476286632878 4.6024912944047e-12 4.3603802692349863e-12 6.5899246001588501e-11 -0.0013008000697868746 -2.9636005145813782e-14 -6.6934914121018177e-06 2.5239604193153716e-12 5.7591994667723585e-15 -1.4378836931442584e-14 9.4595538619975999e-08
leaf_weight=991.29997223615646 3596.5998796224594 151.89999788999557 89.399998784065247 124.2999986410141 207.39999717473984 92.999998807907104 181.19999730587006 94.799999296665192 633.79999959468842 123.29999583959579 101.39999908208847 193.39999878406525 94.000000059604645 517.29999208450317 123.79999792575836 117.99999731779099 340.29999595880508 107.19999861717224 859.99999171495438 148.99999541044235 212.59999758005142 128 1703.6999856829643 2123.6999712586403 92.69999897480011 1478.9999823570251
leaf_count=825 2796 177 112 145 262 114 228 92 616 97 112 212 96 621 162 100 409 134 984 136 256 122 1979 2687 109 1792
internal_value=0.000212169 -0.000339934 0.000159777 -0.000240834 0.000294481 -5.98584e-06 0.000221205 0.000151425 2.8544e-05 -0.000335874 -0.00122949 -0.00169238 -0.000726187 6.11013e-05 -0.000299428 0.000355504 0.000175819 -0.000255344 0.000359744 0.000470144 9.05954e-05 0.000274834 0.000195845 0.000409933 7.80059e-05 0.000474016
internal_weight=14631.1 1897.4 1745.5 754.2 12733.7 629.9 8988.1 6564.3 4130.5 1665 512.1 388.8 287.4 1152.9 517.6 635.3 540.5 200.2 2433.8 3745.6 393.8 2465.5 1831.7 2423.8 300.1 1573.8
internal_count=15375 1916 1739 914 13459 769 10527 7469 4601 1884 517 420 308 1367 646 721 657 248 2868 2932 484 2717 2101 3058 371 1884
is_linear=0
shrinkage=0.0103578


Tree=254
num_leaves=27
num_cat=0
split_feature=30 30 30 11 30 30 1 9 7 8 5 4 10 2 5 5 30 3 30 10 1 3 11 7 13 9
split_gain=3.44435 3.00636 64.1728 1.58211 1.94504 1.42616 1.35894 2.96599 0.951174 1.3707 1.82515 1.59735 0.864726 0.739839 0.678706 0.609255 1.0217 1.63088 0.522981 0.43447 0.371533 0.330259 0.304181 0.267873 0.253842 0.527003
threshold=-117.08349990844725 -79.298500061035142 -79.311107635498033 13.390972614288332 -94.668254852294908 -79.12176132202147 26.947618484497074 258.34028625488287 0.44374999403953558 1.5000000000000002 0.11410935595631601 2.6564583778381352 55.062500000000007 -3.642960667610168 0.50212770700454723 0.45042283833026892 -78.779132843017564 2.6792360544204716 -80.382396697998033 65.715278625488295 22.947320938110355 3.1058332920074467 0.60069444775581371 0.27291667461395269 111.28333282470705 250.20139312744143
decision_type=2 2 2 2 2 2 2 2 2 2 2 2 2 2 2 2 2 2 2 2 2 2 2 2 2 2
left_child=22 2 3 4 12 24 8 -8 9 10 -7 -12 13 -2 -9 19 17 -17 -6 -11 -21 -15 -1 -13 -3 -26
right_child=1 5 -4 -5 18 6 7 14 -10 15 11 23 -14 21 -16 16 -18 -19 -20 20 -22 -23 -24 -25 25 -27
leaf_value=0.00135232440441995 -9.9047375713089535e-05 5.6995466222760119e-15 -1.9620039756847739e-10 3.7695804880470287e-09 6.756446443998131e-08 -6.1204861646042431e-14 -4.0354663665798942e-13 2.6929755626463265e-13 4.6600500359429578e-12 3.1450229182803033e-13 -4.6906478166127343e-14 6.8351046419151708e-14 -8.3973004619854741e-05 -8.2609965428308499e-05 -8.0004053951390494e-14 1.8343447064172558e-15 1.7675765925299944e-10 -2.1609491824556044e-13 -1.0888851142955942e-05 -1.1951682578417756e-13 4.1694102173836665e-12 9.741283125499308e-06 0.0013365794006135409 -1.1839429623710753e-13 -9.6312521848592073e-16 1.6731014939728656e-14
leaf_weight=233.49999284744263 98.399999678134918 1780.9999747872353 136.59999769926071 1971.9999900460243 492.19999378919601 85.499998927116394 103.89999884366989 176.09999841451645 1349.099983394146 989.39998942613602 152.69999885559082 203.99999737739563 95.79999828338623 131.89999848604202 88.099999487400055 451.79999566078186 357.5999955534935 151.59999799728394 84.899998962879181 140.69999837875366 95.999999105930328 196.69999879598618 4498.4998505115509 168.09999781847 117.99999839067459 232.79999667406082
leaf_count=187 104 2276 162 2096 644 105 125 207 1629 1176 175 252 100 137 99 522 418 188 111 173 112 193 3519 201 148 304
internal_value=0.000209468 9.91114e-05 -0.000161172 0.000148178 -0.000166261 0.000224828 0.000120411 -0.000481958 0.000174046 6.48922e-05 -0.000368696 -0.00013839 -0.000623792 -0.000421743 0.000100515 0.00018614 -8.71817e-06 -0.000269067 0.000247698 0.000339143 -5.78142e-05 -0.000183431 0.000439169 0.000226918 0.000445667 0.000188644
internal_weight=14586.9 9854.9 3208.5 3071.9 1099.9 6646.4 4514.6 368.1 4146.5 2797.4 610.3 524.8 522.8 427 264.2 2187.1 961 603.4 577.1 1226.1 236.7 328.6 4732 372.1 2131.8 350.8
internal_count=15363 11657 3547 3385 1289 8110 5382 431 4951 3322 733 628 534 434 306 2589 1128 710 755 1461 285 330 3706 453 2728 452
is_linear=0
shrinkage=0.0103578


Tree=255
num_leaves=27
num_cat=0
split_feature=29 29 11 7 8 30 30 29 8 29 29 12 29 11 29 29 29 29 13 11 12 11 11 4 29 11
split_gain=6.06006 55.9925 1.96132 2.26673 5.37085 1.47222 1.3635 2.98521 0.737818 0.720763 1.29959 1.33036 0.633439 1.7866 2.92535 7.28492 0.568379 0.563996 0.561432 1.76241 0.516876 0.391208 0.372455 0.368959 0.310235 0.410401
threshold=35.633329391479499 35.626596450805671 16.756944656372074 0.49375000596046453 2.5000000000000004 -119.26765060424803 -99.428070068359361 39.309597015380866 4.5000000000000009 35.791999816894538 35.890781402587898 5.4895834922790536 40.784446716308601 14.603472232818605 36.20991516113282 38.441310882568366 35.904197692871101 39.747600555419929 59.189584732055671 17.811111450195316 10.260416507720949 16.372917175292972 17.342361450195316 2.2568750381469731 39.82715034484864 17.750694274902347
decision_type=2 2 2 2 2 2 2 2 2 2 2 2 2 2 2 2 2 2 2 2 2 2 2 2 2 2
left_child=1 2 -1 4 -4 17 7 -7 -6 20 11 18 13 14 16 -16 -12 -2 -11 -20 -8 -14 -23 -21 -15 -26
right_child=5 -3 3 -5 8 6 9 -9 -10 10 12 -13 21 24 15 -17 -18 -19 19 23 -22 22 -24 -25 25 -27
leaf_value=9.286334380706592e-11 0.0013227353301655867 -1.9664084781037358e-10 -1.1716798751426611e-13 4.3870940802609494e-12 -2.9660021373958464e-14 -0.00012804397137558784 5.6405116521695059e-15 8.8712680037064943e-06 7.341234343939313e-11 2.1997752786956082e-12 -5.17164392552908e-10 -4.4198588360959531e-14 7.0391031865183227e-08 3.1752092600667657e-11 -0.00028471845343848033 -6.600415246666094e-06 2.9514995674681486e-07 -0.0013011697895826118 -2.1385664248711072e-13 -7.9175385068332306e-14 -2.0228906153313231e-15 -2.9429847606809059e-10 3.297216009429626e-11 2.3455354270103292e-13 6.1659945755428263e-08 -4.7820004258282437e-08
leaf_weight=1123.8999692201614 3786.2998735308647 145.09999775886536 115.79999887943268 227.19999766349792 93.099999010562897 153.39999788999557 2313.699969291687 254.1999973654747 161.2999986410141 252.79999613761902 123.6999985575676 87.399998724460602 1153.5999851226807 2043.5999885797501 96.299999296665192 395.49999791383743 412.99999409914017 141.59999591112137 149.49999785423279 90.699999451637268 92.799998760223389 171.09999781847 416.49999499320984 252.79999732971191 121.79999977350235 147.89999979734421
leaf_count=1029 2945 171 136 266 109 158 2925 250 173 318 149 112 1444 2220 103 433 518 134 179 101 120 203 491 294 134 157
internal_value=0.000210498 -0.000340308 0.000181212 -0.00029775 -0.000797562 0.000291757 0.000216715 -0.000367435 4.38478e-05 0.000245397 0.000183758 -0.000195032 0.000245947 0.000162228 -0.000196618 -0.00077351 0.000331486 0.000458386 -5.23098e-05 -0.000256221 0.000396678 0.000406277 0.000187363 0.000151555 0.000321963 -6.68188e-06
internal_weight=14524.6 1866.4 1721.3 597.4 370.2 12658.2 8730.3 407.6 254.4 8322.7 5916.2 833.2 5083 3341.8 1028.5 491.8 536.7 3927.9 745.8 493 2406.5 1741.2 587.6 343.5 2313.3 269.7
internal_count=15272 1884 1713 684 418 13388 10309 408 282 9901 6856 1004 5852 3714 1203 536 667 3079 892 574 3045 2138 694 395 2511 291
is_linear=0
shrinkage=0.0103578


Tree=256
num_leaves=27
num_cat=0
split_feature=29 29 11 7 6 29 30 30 30 29 29 5 9 2 10 29 29 29 11 29 29 11 12 30 30 30
split_gain=5.15451 43.0151 2.7756 2.9986 4.70127 4.51835 1.61953 1.3663 2.37646 0.865476 1.78361 2.15737 3.04284 1.12632 2.08435 0.702177 0.563128 0.472145 1.41342 4.38919 2.84547 0.6764 0.386333 0.32974 0.833528 0.277215
threshold=35.633329391479499 35.626596450805671 16.756944656372074 0.44374999403953558 0.28125000000000006 35.016698837280281 -120.45205307006835 -101.70369720458983 -109.12405014038085 35.791999816894538 35.901496887207038 0.68468907475471508 233.49305725097659 1.5789467096328738 65.715278625488295 39.747600555419929 37.413198471069343 40.186811447143562 14.085416793823244 36.314949035644538 38.513755798339851 16.372917175292972 10.260416507720949 -94.668254852294908 -85.947937011718736 -78.84649276733397
decision_type=2 2 2 2 2 2 2 2 2 2 2 2 2 2 2 2 2 2 2 2 2 2 2 2 2 2
left_child=1 2 -1 4 -4 -6 15 8 16 22 11 13 -13 25 -15 -2 -8 18 19 -12 -21 -19 -9 -20 -25 -11
right_child=6 -3 3 -5 5 -7 7 9 -10 10 17 12 -14 14 -16 -17 -18 21 23 20 -22 -23 -24 24 -26 -27
leaf_value=9.2503526239378803e-11 0.0013090346543311357 -1.9213141231149184e-10 7.265195041384008e-11 4.3893438794254403e-12 -2.0519259918460899e-14 -6.7481825225226149e-13 0.0018701869712074279 5.5820881566111438e-15 -8.0428046464187501e-05 2.0255681414154327e-12 2.9209284185185383e-07 3.9611971506516702e-12 -5.1180768850645206e-10 7.4969966314690295e-12 -5.9874012922304867e-14 -0.0012906621935086489 -0.00034066271005672336 7.2600972800034074e-08 2.8740876410283105e-06 -0.00024107691610944935 -1.5760824064431014e-05 2.5961490184788214e-11 -2.0019378457657456e-15 -5.2635730130203145e-06 2.7287307287794524e-11 -4.4205536485524756e-14
leaf_weight=1155.6999680995941 3486.79988270998 128.49999809265137 134.19999843835831 231.69999766349792 86.299999058246613 146.69999825954437 234.79999321699142 2350.7999680042267 125.79999834299088 466.69999605417252 459.49999386072159 89.799998700618744 109.09999936819077 124.0999983549118 115.29999816417694 131.69999617338181 135.69999742507935 1300.8999840021133 767.09999883174896 93.599999368190765 254.79999905824661 732.99999237060547 99.699998676776886 152.89999997615814 1280.8999895453453 150.69999784231186
leaf_count=1055 2708 147 148 273 97 177 186 2970 136 537 571 114 123 153 149 123 127 1607 741 96 276 842 129 151 1483 189
internal_value=0.000206838 -0.000298607 0.000125636 -0.000446031 -0.00102797 -0.00191618 0.000282041 0.000207848 -0.000319873 0.000238553 0.000172342 -0.000214502 -0.00118469 1.08651e-05 -0.000590882 0.000467323 9.7261e-05 0.000253427 0.000170714 -0.000199406 -0.00107564 0.000375497 0.00040308 0.000306785 0.000213381 0.000245205
internal_weight=14546.8 1883.1 1754.6 598.9 367.2 233 12663.7 9045.2 496.3 8548.9 6098.4 1055.7 198.9 856.8 239.4 3618.5 370.5 5042.7 3008.8 807.9 348.4 2033.9 2450.5 2200.9 1433.8 617.4
internal_count=15308 1897 1750 695 422 274 13411 10580 449 10131 7032 1265 237 1028 302 2831 313 5767 3318 943 372 2449 3099 2375 1634 726
is_linear=0
shrinkage=0.0103578


Tree=257
num_leaves=27
num_cat=0
split_feature=29 29 30 30 30 29 0 5 1 0 29 29 11 29 29 11 29 10 29 11 11 11 29 13 0 29
split_gain=6.90823 54.0562 1.58787 1.43557 1.86898 2.05915 2.32457 1.22399 1.12364 1.4157 0.443182 0.778933 1.48735 3.06084 5.00599 1.67184 0.645435 0.858812 0.570662 0.783571 0.427267 0.45345 0.389385 0.348913 0.920267 0.306893
threshold=35.633329391479499 35.626596450805671 -79.408752441406236 -120.45205307006835 -101.70369720458983 36.579669952392585 20.187500000000004 0.11658335104584695 26.115774154663089 27.791666984558109 35.791999816894538 40.784446716308601 13.959027767181398 36.20991516113282 38.376905441284187 12.535416603088381 35.904197692871101 65.715278625488295 35.873266220092781 17.888194084167484 16.372917175292972 17.555555343627933 39.616733551025398 111.28333282470705 26.250694274902347 39.82715034484864
decision_type=2 2 2 2 2 2 2 2 2 2 2 2 2 2 2 2 2 2 2 2 2 2 2 2 2 2
left_child=1 2 -1 22 5 -5 -7 -4 -9 -10 23 12 13 16 -15 -16 17 -12 19 -14 -13 -22 -2 -6 -25 -20
right_child=3 -3 7 4 10 6 -8 8 9 -11 11 20 18 14 15 -17 -18 -19 25 -21 21 -23 -24 24 -26 -27
leaf_value=1.1714709052098111e-05 0.0012954758878522747 -1.9014134662135449e-10 -1.1098201954687469e-13 0.000146785628956659 5.4525554894957668e-15 -0.0004267793346174239 6.2612759775913573e-05 2.136066852850241e-12 -1.085374196820958e-12 5.1305189922594757e-15 2.2035241423796191e-12 6.981813171762898e-08 -8.0811046125602042e-14 -0.00023857988091014669 5.4445899670370425e-06 -2.375756942918929e-05 2.6177211052338126e-07 -4.4271010630581479e-14 1.2009151306565884e-11 3.8551401148181492e-14 -2.9284125824850246e-10 3.8141626777812236e-11 -0.001272738220552045 -5.1238534201546025e-14 2.2685120331775381e-14 1.2432782322921894e-08
leaf_weight=968.49997299909592 3592.6998790502548 151.19999796152115 116.99999833106995 176.59999543428421 1965.4999727606773 171.5999967455864 147.69999712705612 441.79999482631683 87.199999034404755 92.89999908208847 363.09999495744705 1211.4999856948853 81.299999177455902 98.699999332427979 270.59999811649323 89.899999499320984 416.19999396800995 99.899998426437378 2318.3999853134155 221.09999781847 215.39999747276306 391.59999459981918 140.59999573230743 105.1999985575676 323.39999628067017 287.5999990105629
leaf_count=811 2791 176 146 152 2505 170 127 540 100 109 451 1503 99 103 302 93 524 131 2532 261 256 458 130 132 402 312
internal_value=0.000221157 -0.000368421 0.000157853 0.000307563 0.00023631 -0.000381051 -0.000877361 -0.000203305 -1.93747e-05 -0.000708288 0.000272573 0.000225269 0.000148268 -0.000137226 -0.000822274 -0.000253429 0.00022039 -4.48965e-05 0.000279794 -0.000144935 0.000404757 0.000179164 0.000478309 0.000392157 0.00012283 0.000329262
internal_weight=14547.2 1858.6 1707.4 12688.6 8955.3 495.9 319.3 738.9 621.9 180.1 8459.4 6065.3 4246.8 1338.4 459.2 360.5 879.2 463 2908.4 302.4 1818.5 607 3733.3 2394.1 428.6 2606
internal_count=15316 1882 1706 13434 10513 449 297 895 749 209 10064 7025 4808 1604 498 395 1106 582 3204 360 2217 714 2921 3039 534 2844
is_linear=0
shrinkage=0.0103578


Tree=258
num_leaves=27
num_cat=0
split_feature=29 29 30 5 30 30 29 29 11 29 29 2 29 30 29 29 11 30 13 9 10 29 29 10 9 7
split_gain=5.7213 53.5842 1.48974 2.21637 1.23859 1.29943 1.49212 1.7266 0.600276 0.512172 1.20071 1.57583 0.425862 0.40421 1.54324 2.57352 3.25492 1.16204 0.343789 0.868669 1.05405 0.321552 0.263564 0.327432 0.217565 0.496625
threshold=35.633329391479499 35.626596450805671 -79.096958160400376 0.11658335104584695 -120.45205307006835 -101.70369720458983 36.579669952392585 40.025205612182624 20.981250762939457 35.791999816894538 35.873266220092781 1.5789467096328738 39.616733551025398 -79.078010559082017 38.308649063110359 36.314949035644538 16.756944656372074 -79.096958160400376 111.28333282470705 252.03472137451175 66.826389312744155 35.221244812011726 35.86003494262696 61.812500000000007 144.65277862548831 0.64374998211860668
decision_type=2 2 2 2 2 2 2 2 2 2 2 2 2 2 2 2 2 2 2 2 2 2 2 2 2 2
left_child=1 2 -1 -4 12 6 -6 -8 21 18 11 22 -2 14 15 17 -17 -12 -7 20 -20 -5 -11 -24 25 -16
right_child=4 -3 3 8 5 9 7 -9 -10 10 13 -13 -14 -15 24 16 -18 -19 19 -21 -22 -23 23 -25 -26 -27
leaf_value=1.7676006978127504e-10 0.0012820575608551497 -1.8817189370558556e-10 -1.0983248597157201e-13 -9.276398327863376e-05 0.00014336288253993448 5.3960792892560372e-15 -0.00039406091897656499 6.2846646226261658e-05 -1.6046234234804809e-14 1.2978713599204282e-12 8.638425942203856e-11 -6.2685899513539534e-14 -0.0012451505568679851 1.1879146277667854e-11 -1.4192104482484001e-05 -0.00023453230988250659 -2.8381526856248117e-07 -5.0652929206491717e-10 -5.0707813859147726e-14 1.6206507218357991e-14 1.0811222404895424e-13 1.7827793618600084e-12 -7.9974018549820004e-14 3.1728474587146813e-12 1.5314392397502692e-08 2.1492588897445334e-08
leaf_weight=1153.8999700546265 3526.3998817205429 151.99999791383743 99.399998724460602 86.299998819828033 166.49999535083771 1958.3999729752541 158.79999554157257 160.2999981045723 137.59999853372574 203.79999798536301 333.49999636411667 145.69999796152115 154.69999521970749 2520.4999724626541 86.299999058246613 93.299999296665192 122.5999995470047 104.29999881982803 84.699999153614044 259.59999650716782 89.799998939037323 279.49999672174454 81.099998950958252 86.899998843669891 2249.8999861478806 85.099999010562897
leaf_count=1023 2740 178 124 113 143 2488 142 153 160 236 397 185 139 2979 105 95 122 125 103 328 110 335 99 105 2527 103
internal_value=0.00022781 -0.000300679 0.000210393 -0.000206333 0.000307455 0.000241808 -0.000278657 -0.000693543 7.25374e-05 0.000271589 0.000221114 -0.000255601 0.00046762 0.0002653 0.000185259 -0.000260809 -0.00118496 0.000194918 0.000400297 0.000134978 -0.00042802 0.000292594 0.000101511 -0.000200275 0.000305895 -4.75438e-05
internal_weight=14580.9 1908.7 1756.7 602.8 12672.2 8991.1 485.6 319.1 503.4 8505.5 6113 517.5 3681.1 5595.5 3075 653.7 215.9 437.8 2392.5 434.1 174.5 365.8 371.8 168 2421.3 171.4
internal_count=15357 1933 1755 732 13424 10545 438 295 608 10107 7078 625 2879 6453 3474 739 217 522 3029 541 213 448 440 204 2735 208
is_linear=0
shrinkage=0.0103578


Tree=259
num_leaves=27
num_cat=0
split_feature=29 29 11 5 30 30 29 29 9 8 29 29 29 2 29 30 30 30 11 29 11 3 13 1 29 30
split_gain=5.69888 44.4088 2.15168 1.97756 1.47853 1.25746 1.25466 1.46252 0.984965 1.38001 0.851858 0.62322 1.06053 1.38065 0.52771 0.45373 0.666023 3.2364 7.31896 1.97593 0.88687 0.4249 0.369373 1.01633 0.237224 0.207038
threshold=35.633329391479499 35.626596450805671 18.063194274902347 0.11658335104584695 -120.45205307006835 -99.428070068359361 36.579669952392585 37.413198471069343 225.53472137451175 4.5000000000000009 39.747600555419929 35.791999816894538 35.873266220092781 1.9595755934715273 35.86003494262696 -79.078010559082017 -81.665557861328111 -80.748550415039048 16.670139312744144 38.308649063110359 13.474305629730226 2.6336805820465092 111.28333282470705 26.679464340209964 41.108394622802741 -79.056720733642564
decision_type=2 2 2 2 2 2 2 2 2 2 2 2 2 2 2 2 2 2 2 2 2 2 2 2 2 2
left_child=1 2 25 -4 10 6 -6 -8 -5 -10 -2 22 13 14 -13 16 19 18 -18 -14 -19 -9 -7 -24 -23 -1
right_child=4 -3 3 8 5 11 7 21 9 -11 -12 12 15 -15 -16 -17 17 20 -20 -21 -22 24 23 -25 -26 -27
leaf_value=1.0773208593946586e-07 0.0012687782186906178 -1.8622284006044536e-10 -1.5626743439842104e-12 2.7012673801748253e-12 0.00014378031821216886 5.3401875840652213e-15 -9.9546670709805158e-05 -0.00032584469066679106 -1.8261789932492805e-12 7.1858842647631007e-11 -0.0012518242146713546 1.5097600867604006e-12 -0.00011890560388665451 -6.2036609236762494e-14 -5.6444605298378737e-14 1.0327263001643535e-11 2.8846422587087739e-08 -9.3217475439658444e-10 -2.0620199124958326e-10 4.0399188360015271e-08 2.9056575935582297e-11 -8.4896901581540634e-05 -2.8578794246520275e-14 2.2282287225569711e-14 5.9963798670428819e-05 1.7643136253183408e-12
leaf_weight=966.4999725818634 3499.1998823285103 135.09999829530716 105.99999868869781 182.69999784231186 171.89999568462372 1973.8999729156494 113.09999722242355 106.29999834299088 148.79999840259552 95.89999908208847 134.39999604225159 213.59999823570251 156.19999980926514 134.19999814033508 163.69999760389328 2448.4999739527702 104.69999825954437 291.59999656677246 81.299998581409454 1765.8999912142754 577.9999942779541 112.79999887943268 156.69999802112579 282.59999650716782 109.0999990105629 183.79999768733978
leaf_count=837 2718 157 126 211 149 2505 105 103 176 105 126 246 156 172 201 2881 141 364 103 1913 698 108 197 352 101 230
internal_value=0.000210924 -0.000330879 0.000128188 -0.000414908 0.000289191 0.000217637 -0.000234563 -0.000527292 -9.89722e-05 -0.000528914 0.000465538 0.000250906 0.000193689 -0.000256573 6.37136e-05 0.000236233 0.000150048 -5.86395e-05 -0.00129687 0.000264859 0.000206395 -0.000174833 0.000391436 0.000118312 8.16808e-05 0.00038047
internal_weight=14416.5 1818.8 1683.7 533.4 12597.7 8964.1 613.2 441.3 427.4 244.7 3633.6 8350.9 5937.7 511.5 377.3 5426.2 2977.7 1055.6 186 1922.1 869.6 328.2 2413.2 439.3 221.9 1150.3
internal_count=15181 1842 1685 618 13339 10495 566 417 492 281 2844 9929 6875 619 447 6256 3375 1306 244 2069 1062 312 3054 549 209 1067
is_linear=0
shrinkage=0.0103578


Tree=260
num_leaves=27
num_cat=0
split_feature=30 30 30 30 30 11 0 11 30 1 30 11 30 11 7 8 10 2 30 0 30 2 2 0 6 0
split_gain=4.5215 4.58715 53.6906 1.3785 2.54446 3.78951 1.64562 0.879497 0.983175 2.91589 5.83654 0.868085 1.02781 0.984724 0.683913 0.959044 0.861848 1.62624 1.18737 0.66297 0.519867 0.508786 0.467092 0.445845 0.440517 0.412436
threshold=-117.08349990844725 -79.298500061035142 -79.311107635498033 -79.125286102294908 -79.089889526367173 12.240277767181398 27.253472328186039 -3.3381944894790645 -82.058330535888658 22.075893402099613 -80.495098114013658 14.184027671813967 -94.668254852294908 11.392361164093019 0.44374999403953558 4.5000000000000009 65.159721374511733 1.5476967096328738 -79.056720733642564 21.604166984558109 -94.668254852294908 -2.6611930131912227 4.0432066917419442 24.3256950378418 0.33958333730697637 19.083333015441898
decision_type=2 2 2 2 2 2 2 2 2 2 2 2 2 2 2 2 2 2 2 2 2 2 2 2 2 2
left_child=-1 2 7 -3 5 -5 -7 -2 11 -10 -11 12 13 21 15 16 18 19 -6 -18 -13 -9 -17 -22 -20 -14
right_child=1 3 -4 4 14 6 -8 8 9 10 -12 20 25 -15 -16 22 17 -19 24 -21 23 -23 -24 -25 -26 -27
leaf_value=0.0012556364217765543 -0.00010673174293787323 5.3565886323713356e-15 -1.8429397439363085e-10 -0.00021381384277145352 -1.034367334473043e-09 4.161230423160294e-12 -1.8118708589706563e-12 -8.2571621697148561e-05 3.0800559027703997e-09 -3.7037327627383844e-10 3.1298502392147228e-09 2.8452323730871198e-06 9.3189401973296983e-07 -9.4800511382223419e-05 4.3805093106661073e-12 7.6715585768072585e-11 2.1440380607275098e-12 -5.7561361580702737e-14 -2.6086601231422146e-13 -4.9931089873448276e-13 1.4737240830327372e-08 2.2919518332871774e-05 -6.6963427762914447e-10 -1.2705794485215427e-07 1.5955817720243898e-14 -0.00014173486778967461
leaf_weight=4777.6998417973518 93.999998509883881 2038.8999714851379 155.89999777078629 93.699998736381531 119.59999853372574 295.09999632835388 85.299999117851257 129.89999896287918 408.99999541044235 88.099999070167542 129.8999987244606 814.7999986410141 300.59999567270279 138.89999985694885 1302.8999837636948 933.59999114274979 184.89999788999557 148.09999775886536 150.09999877214432 156.29999846220016 403.29999774694443 235.69999718666077 114.59999847412109 214.6999996304512 1018.6999888420105 78.199999809265137
leaf_count=3745 128 2607 181 113 146 353 97 137 518 107 157 790 396 139 1573 1092 219 183 179 183 453 233 140 213 1205 82
internal_value=0.000179388 5.23395e-05 -0.000270201 0.000207472 0.00010801 -0.000609999 -0.000147887 3.44879e-05 6.62018e-05 -0.00029724 -0.00126338 0.000164821 -9.01683e-05 -0.000396506 0.000190632 9.9876e-05 -4.6448e-05 -0.000416421 9.38526e-05 -2.1195e-05 0.000322285 -0.000112565 0.000348327 9.47652e-05 0.000194862 0.000316696
internal_weight=14612.5 9834.8 3193 6641.8 4602.9 474.1 380.4 3037.1 2943.1 627 218 2316.1 883.3 504.5 4128.8 2825.9 1777.7 489.3 1288.4 341.2 1432.8 365.6 1048.2 618 1168.8 378.8
internal_count=15369 11624 3534 8090 5483 563 450 3353 3225 782 264 2443 987 509 4920 3347 2115 585 1530 402 1456 370 1232 666 1384 478
is_linear=0
shrinkage=0.0103578


Tree=261
num_leaves=27
num_cat=0
split_feature=29 29 30 30 7 10 30 30 30 1 29 30 11 30 29 30 2 7 1 29 29 7 3 4 30 3
split_gain=5.74612 46.7902 2.63512 3.67 3.71726 2.2088 1.51657 1.39317 2.39789 7.3844 1.86027 4.53148 9.5691 1.76119 0.699684 0.465372 0.879504 1.76944 0.439917 0.372485 0.839329 1.3589 0.348914 0.536335 0.230574 0.192341
threshold=35.633329391479499 35.626596450805671 -79.311107635498033 -79.04980087280272 0.53125000000000011 53.965276718139656 -120.45205307006835 -80.461536407470689 -82.058330535888658 22.075893402099613 38.308649063110359 -117.08349990844725 14.184027671813967 -109.12405014038085 39.747600555419929 -79.114654541015611 4.5953156948089608 0.17708332836627963 20.107440948486332 35.873266220092781 35.86003494262696 0.43125000596046453 2.2374305725097661 2.3781249523162846 -79.10402679443358 1.7206249833106997
decision_type=2 2 2 2 2 2 2 2 2 2 2 2 2 2 2 2 2 2 2 2 2 2 2 2 2 2
left_child=1 2 -1 4 5 -4 14 8 10 18 11 -8 -13 -12 -2 25 19 -18 -10 20 22 -22 23 -17 -21 -9
right_child=6 -3 3 -5 -6 -7 7 15 9 -11 13 12 -14 -15 -16 16 17 -19 -20 24 21 -23 -24 -25 -26 -27
leaf_value=1.0605920105209516e-05 0.001242630745441791 -1.8238508760137009e-10 -1.0370125105017085e-09 1.579054997448006e-14 2.4915890013771637e-12 -1.9439923860232429e-12 0.0018491117425179645 1.7279858226119895e-14 2.0923088287740606e-08 -4.8115146307533006e-10 -0.0011141117700041369 -0.0002204866243988281 4.1586098586182581e-06 9.1209551999086697e-08 -0.001251253332756899 1.2234177756523741e-12 -4.8469146913166285e-10 6.1411389004843619e-12 -2.1926161221512205e-10 -0.00019424684655925417 -7.8726284540431437e-14 3.8952010417110561e-12 1.8845450832730487e-14 -4.4141484415718774e-13 9.1968153425442897e-12 5.4084389033765536e-15
leaf_weight=1047.8999696969986 3518.2998823523521 147.8999981880188 101.39999890327454 433.89999461174011 87.699999153614044 93.099998712539673 278.19999146461487 227.49999696016312 147.99999791383743 90.49999874830246 100.99999886751175 98.099998950958252 166.59999966621399 1903.4999903440475 131.39999622106552 142.29999881982803 129.79999834299088 155.59999769926071 74.69999885559082 81.999999165534973 116.29999870061874 83.099998712539673 461.99999463558197 134.89999854564667 2458.1999745368958 2209.2999703884125
leaf_count=873 2735 173 122 537 101 109 218 289 198 115 100 113 162 2047 124 165 164 196 95 98 143 103 556 153 2884 2815
internal_value=0.000207188 -0.000322056 0.000147683 -0.00033609 -0.00125456 -0.00205144 0.000286835 0.000214924 2.56645e-05 -0.000828561 0.000131017 -0.000406226 -0.0013754 0.000276808 0.000465201 0.000302154 0.000229646 -0.000321976 0.000185307 0.000275067 9.80384e-05 -0.000496707 0.000259298 -2.98075e-05 0.000340276 0.000413908
internal_weight=14623.2 1911.9 1764 716.1 282.2 194.5 12711.3 9061.6 2860.6 313.2 2547.4 542.9 264.7 2004.5 3649.7 6201 3764.2 285.4 222.7 3478.8 938.6 199.4 739.2 277.2 2540.2 2436.8
internal_count=15388 1915 1742 869 332 231 13473 10614 3048 408 2640 493 275 2147 2859 7566 4462 360 293 4102 1120 246 874 318 2982 3104
is_linear=0
shrinkage=0.0103578


Tree=262
num_leaves=27
num_cat=0
split_feature=29 29 30 30 30 13 29 30 11 30 9 30 29 6 8 30 30 30 11 29 29 13 9 29 12 11
split_gain=6.16005 54.8261 1.58996 1.77537 2.88777 9.65074 2.30392 4.27711 7.26603 1.41874 1.67998 1.00846 0.480605 0.458574 2.57921 0.33619 0.486374 1.0316 0.391089 0.345539 1.09575 0.342998 0.918712 0.298704 0.3877 0.271076
threshold=35.633329391479499 35.626596450805671 -120.45205307006835 -80.461536407470689 -82.058330535888658 84.55625152587892 38.308649063110359 -117.08349990844725 13.292360782623293 -79.408752441406236 293.22221374511724 -109.12405014038085 39.747600555419929 0.73958334326744091 2.5000000000000004 -79.114654541015611 -79.078010559082017 -79.08282089233397 14.293750286102297 35.873266220092781 35.868141174316413 111.28333282470705 250.20139312744143 35.86003494262696 6.8604166507720956 16.829861640930179
decision_type=2 2 2 2 2 2 2 2 2 2 2 2 2 2 2 2 2 2 2 2 2 2 2 2 2 2
left_child=1 9 12 4 6 -6 7 -4 -9 -1 13 -8 -2 14 -11 21 17 18 -17 20 23 -5 -23 24 -18 -15
right_child=2 -3 3 15 5 -7 11 8 -10 10 -12 -13 -14 25 -16 16 19 -19 -20 -21 -22 22 -24 -25 -26 -27
leaf_value=9.0507034991489987e-06 0.0012297597797716673 -1.804959727457538e-10 0.0018294534754228085 5.3524191793276622e-15 1.1272137196236997e-10 -4.844224550938349e-10 -0.00045280176183731786 -0.00022760576538239277 -5.3638090986276039e-06 -1.0151977475479249e-09 -1.0236678031618067e-09 8.7793004390366713e-08 -0.0012353242249665997 -1.2196110599162809e-13 8.9527090119302405e-12 -0.00020958721700755045 1.0585259052760086e-13 -4.7967111430567851e-10 1.2201454458425676e-11 1.0758890042517454e-11 -7.7910850583583714e-14 -1.5267556284409788e-14 1.5696344199980898e-14 -4.0847467239172566e-14 -1.6904230856793952e-12 7.5393720618661428e-13
leaf_weight=944.8999736905098 3618.599878013134 152.49999809265137 258.79999232292175 2036.9999732375145 213.79999673366547 87.899998784065247 99.999998927116394 96.199999272823334 166.29999953508377 85.099998831748962 87.999999582767487 1902.8999892473221 132.5999960899353 119.69999825954437 213.6999973654747 80.799998700618744 623.6999939084053 83.799999058246613 198.09999763965607 2478.1999738812447 82.299998998641968 114.69999837875366 229.49999684095383 141.59999805688858 83.699998676776886 234.89999723434448
leaf_count=791 2812 179 204 2586 278 111 100 112 163 105 102 2045 124 149 255 100 737 104 239 2916 105 143 297 174 107 289
internal_value=0.000207034 -0.000353185 0.000287997 0.000213071 -1.70163e-06 -0.000958602 0.000112693 -0.000500049 -0.00143061 0.000185279 -0.000153411 0.000272479 0.000467179 2.73903e-05 -0.000270543 0.000311762 0.000250573 -0.000109044 0.000192888 0.000288964 0.000118091 0.000408437 0.00010423 0.000229322 0.000316446 0.000279657
internal_weight=14569.3 1838.8 12730.5 8979.3 2825.9 301.7 2524.2 521.3 262.5 1686.3 741.4 2002.9 3751.2 653.4 298.8 6153.4 3772.2 362.7 278.9 3409.5 931.3 2381.2 344.2 849 707.4 354.6
internal_count=15327 1870 13457 10521 3013 389 2624 479 275 1691 900 2145 2936 798 360 7508 4482 443 339 4039 1123 3026 440 1018 844 438
is_linear=0
shrinkage=0.0103578


Tree=263
num_leaves=27
num_cat=0
split_feature=29 29 30 30 30 30 29 30 11 30 11 30 30 29 29 0 30 29 7 0 0 11 11 30 13 1
split_gain=3.98234 41.6645 1.02927 1.97169 0.943991 2.5532 1.54936 4.10654 9.00447 1.80796 3.04049 8.8546 1.61522 0.720103 0.404114 0.336215 0.240986 0.507493 0.627994 0.659806 0.441684 0.174224 1.47627 0.181291 0.157047 0.621254
threshold=35.633329391479499 35.626596450805671 -79.063835144042955 -79.022460937499986 -120.45205307006835 -79.302604675292955 38.308649063110359 -117.08349990844725 14.184027671813967 -82.058330535888658 16.670139312744144 -80.748550415039048 -109.12405014038085 39.747600555419929 41.00056457519532 21.674304962158207 -79.014007568359361 35.873266220092781 0.41458332538604742 25.779861450195316 22.8881950378418 12.793749809265138 13.959027767181398 -94.668254852294908 111.28333282470705 26.325298309326175
decision_type=2 2 2 2 2 2 2 2 2 2 2 2 2 2 2 2 2 2 2 2 2 2 2 2 2 2
left_child=1 2 -1 -4 13 6 7 -6 -9 12 14 -12 -8 -2 -11 -5 24 18 19 20 -18 -14 -23 -24 -7 -26
right_child=4 -3 3 15 5 16 9 8 -10 10 11 -13 21 -15 -16 -17 17 -19 -20 -21 -22 22 23 -25 25 -27
leaf_value=1.4932256833518855e-11 0.0012170221294551913 -1.7862642503230164e-10 -1.0081137178573112e-09 -9.0344836383784334e-05 0.0017979032872877626 8.1239222296365387e-15 -0.00048730698474041721 -0.00026703099372729785 1.679112460933445e-06 -8.7551127812890726e-07 -6.1298401156893587e-10 3.1218937942159348e-09 9.2756742075595753e-07 -0.0012225289390384671 3.3398728270925691e-08 2.931411310813024e-12 -3.9151581287115849e-14 1.0276402260296151e-11 1.6668273528793945e-12 2.8009681926782452e-13 -1.6729139603148625e-12 -1.5427286948041849e-05 2.812416585687008e-06 1.2122298102640392e-08 -2.8236143322941317e-14 1.5533764038428108e-14
leaf_weight=1207.89996945858 3563.8998801112175 140.79999828338623 100.79999846220016 109.49999845027924 285.49999135732651 2744.9999637007713 96.999998688697815 110.59999912977219 186.39999973773956 85.799998760223389 80.899998486042023 149.59999859333038 544.09999430179596 130.89999628067017 218.49999737739563 302.19999694824219 151.49999803304672 2109.0999777317047 173.89999741315842 86.399999678134918 81.499999105930328 98.499999284744263 695.19999891519547 524.59999758005142 93.999998867511749 441.99999421834946
leaf_count=1093 2769 160 126 139 225 3442 94 124 184 114 103 186 633 125 281 362 189 2475 215 100 95 111 670 576 118 552
internal_value=0.000253557 -0.000193604 0.00025025 -0.000137972 0.000319362 0.000261775 1.98399e-05 -0.000460708 -0.0013126 0.000132316 -0.000400861 -0.00129701 0.00027813 0.000458837 0.000277723 0.000179495 0.000388209 0.000313084 1.30945e-05 -0.000258628 -0.000545874 0.000346265 0.000280957 0.000379809 0.000447603 0.000282983
internal_weight=14516.1 1861.2 1720.4 512.5 12654.9 8960.1 3076.7 582.5 297 2494.2 534.8 230.5 1959.4 3694.8 304.3 411.7 5883.4 2602.4 493.3 319.4 233 1862.4 1318.3 1219.8 3281 536
internal_count=15261 1880 1720 627 13381 10487 3301 533 308 2768 684 289 2084 2894 395 501 7186 3074 599 384 284 1990 1357 1246 4112 670
is_linear=0
shrinkage=0.0103578


Tree=264
num_leaves=27
num_cat=0
split_feature=29 29 29 11 29 11 3 11 29 9 6 29 6 10 9 5 5 2 1 7 3 8 5 2 10 4
split_gain=4.07438 48.2044 0.697269 1.87929 1.2975 1.63509 1.76534 0.803873 0.577154 0.443342 0.737522 0.860253 0.413337 0.338201 0.428724 0.33054 0.669109 0.841387 1.10972 0.251226 0.28343 0.472504 0.235668 0.234801 0.340055 0.216958
threshold=35.633329391479499 35.626596450805671 39.221981048583991 16.372917175292972 40.57173156738282 20.25625038146973 3.7300000190734868 -2.6854166984558101 39.79341125488282 261.99305725097662 0.072916667908430113 35.112148284912116 1.0000000180025095e-35 56.493055343627937 216.15277862548831 0.4391512274742127 0.49936333298683172 -0.88334625959396351 19.172023773193363 0.62708333134651195 3.4038194417953496 3.5000000000000004 0.89553296566009533 1.3211827278137209 56.770833969116218 2.2372916936874394
decision_type=2 2 2 2 2 2 2 2 2 2 2 2 2 2 2 2 2 2 2 2 2 2 2 2 2 2
left_child=1 9 7 8 -5 6 13 -2 -4 -1 -11 -12 -10 -6 -15 -9 17 18 -17 20 22 -22 -18 -19 -25 -14
right_child=2 -3 3 4 5 -7 -8 15 12 10 11 -13 25 14 -16 16 19 23 -20 -21 21 -23 -24 24 -26 -27
leaf_value=7.9763279613942233e-12 -6.0380282790929774e-05 -1.7677624178776088e-10 -7.4794733491589058e-06 6.9161782931578546e-08 5.1094399027902569e-10 -1.3417651005796118e-10 -8.5769061095294514e-10 1.2564083871637425e-13 -0.00019584564097597552 1.7238203207073125e-10 9.0510092953548685e-12 -1.0132194856429863e-09 -0.00015754850398869694 2.9792992525364346e-10 -4.6530686271967503e-10 1.5898712871950275e-12 9.0252645442746489e-15 8.7141378446614884e-12 -6.1227255195427412e-06 6.016806325111816e-12 5.1055005045194454e-15 -1.526749363742262e-05 -1.5240312256010905e-12 9.7560954166786338e-15 -4.9547474361161974e-14 8.8663078309605984e-08
leaf_weight=1126.0999761223793 123.89999753236771 150.49999809265137 218.99999618530273 386.39999878406525 211.29999834299088 100.6999985575676 102.49999850988388 5555.3998854756355 95.399998188018799 268.69999277591705 163.89999681711197 149.79999893903732 101.8999987244606 121.49999898672104 98.999998688697815 135.29999679327011 2164.8999617695808 201.29999583959579 98.899999380111694 844.79998421669006 158.09999841451645 118.99999904632568 95.899998605251312 131.79999750852585 97.299998104572296 1479.1999813914299
leaf_count=1127 139 173 206 402 241 119 133 5606 100 233 169 172 115 133 114 133 2299 199 107 904 177 126 99 138 111 1778
internal_value=0.000237526 -0.000215055 0.00030411 0.000163329 -0.000194488 -0.000482544 -0.000252607 0.000346273 0.000356362 0.000280507 4.76053e-05 -0.000292487 0.000421735 3.71165e-05 -0.000245249 0.000357002 0.000285373 -1.44716e-05 -0.000513965 0.0003444 0.000292375 -1.88138e-05 0.000330698 0.000256667 2.77069e-05 0.000461776
internal_weight=14502.5 1859 12643.5 2916.9 1021.4 635 534.3 9726.6 1895.5 1708.5 582.4 313.7 1676.5 431.8 220.5 9602.7 4047.3 664.6 234.2 3382.7 2537.9 277.1 2260.8 430.4 229.1 1581.1
internal_count=15253 1874 13379 3341 1142 740 621 10038 2199 1701 574 341 1993 488 247 9899 4293 688 240 3605 2701 303 2398 448 249 1893
is_linear=0
shrinkage=0.0103578


Tree=265
num_leaves=27
num_cat=0
split_feature=29 29 30 30 11 30 30 11 29 30 11 30 29 12 7 2 29 29 5 12 30 11 29 29 29 11
split_gain=4.15408 51.558 1.16746 1.68506 1.22466 0.824431 2.66759 7.67614 1.10452 2.02043 5.13714 0.620806 0.579364 0.491444 0.971785 0.467433 0.256543 0.432832 0.702432 1.25246 0.223248 1.24948 1.60469 0.214043 0.592892 0.240313
threshold=35.633329391479499 35.626596450805671 -120.45205307006835 -79.281692504882798 -3.3381944894790645 -82.058330535888658 -80.748550415039048 17.070138931274418 38.308649063110359 -117.08349990844725 14.293750286102297 -109.12405014038085 39.616733551025398 1.1395833492279055 0.17708332836627963 3.6577250957489018 35.791999816894538 35.873266220092781 0.3787550032138825 -0.14791666716337201 -79.100517272949205 15.741666793823244 35.508249282836921 36.314949035644538 36.419198989868171 16.372917175292972
decision_type=2 2 2 2 2 2 2 2 2 2 2 2 2 2 2 2 2 2 2 2 2 2 2 2 2 2
left_child=1 15 12 4 -4 8 7 -7 9 -6 -11 -10 -2 -8 -15 20 -5 18 19 -18 -1 22 -22 -19 -25 -26
right_child=2 -3 3 16 5 6 13 -9 11 10 -12 -13 -14 14 -16 -17 17 23 -20 -21 21 -23 -24 24 25 -27
leaf_value=4.3720232753732712e-10 0.0012044164136324701 -1.7494522243813521e-10 -0.00014879312192842012 5.0526185667728433e-15 0.0018114729968592876 1.9257325264674413e-08 9.8663670321302949e-12 -5.9436118915272524e-10 -0.00031216950446985429 -0.00022248239885645505 4.6495161243685489e-06 8.6266453521477424e-08 -0.001207836770872582 -1.2728444121721747e-07 3.9799108714440312e-12 -6.2041748827507696e-10 2.3640637387937452e-14 8.5882611107549416e-12 3.2877506476396595e-12 -4.0047422845269673e-14 -8.8198985352694429e-05 3.8308461747871587e-12 1.02114327531677e-10 -0.00022728195687778311 6.7267833178251883e-08 3.5822823474979214e-10
leaf_weight=1060.29997164011 3520.1998805999756 154.69999796152115 91.199998617172241 2230.5999692678452 272.29999178647995 122.49999803304672 333.99999672174454 76.599998593330383 95.499998927116394 93.499999463558197 158.89999955892563 1809.1999909877777 137.09999591112137 102.59999907016754 116.19999873638153 114.19999784231186 136.89999824762344 1701.8999824523926 276.49999707937241 99.399998724460602 88.599998712539673 370.79999631643295 78.89999908208847 81.399999737739563 599.8999930024147 560.99999368190765
leaf_count=931 2732 179 122 2834 215 165 410 98 93 103 151 1932 125 128 144 128 167 2039 329 120 114 444 93 94 711 642
internal_value=0.000245694 -0.000210057 0.00031319 0.000249407 6.1976e-05 9.61098e-05 -0.000203234 -0.00122968 0.000188956 -0.000231195 -0.000898316 0.000304953 0.000469275 0.000166577 -0.00021339 0.000307702 0.000357159 0.000300796 2.21808e-05 -0.000391123 0.000353576 0.000180189 -0.000559861 0.000349167 0.000244801 0.000305031
internal_weight=14484.9 1867.5 12617.4 8960.1 3272.5 3181.3 751.9 199.1 2429.4 524.7 252.4 1904.7 3657.3 552.8 218.8 1712.8 5687.6 3457 512.8 236.3 1598.6 538.3 167.5 2944.2 1242.3 1160.9
internal_count=15243 1889 13354 10497 3561 3439 945 263 2494 469 254 2025 2857 682 272 1710 6936 4102 616 287 1582 651 207 3486 1447 1353
is_linear=0
shrinkage=0.0103578


Tree=266
num_leaves=27
num_cat=0
split_feature=29 29 29 13 4 29 4 2 0 3 2 3 13 7 10 10 3 7 2 29 9 4 1 2 12 9
split_gain=2.91999 54.9855 0.540381 1.93052 1.22523 1.45846 0.644746 0.483986 0.404053 0.584158 0.375555 0.865188 1.29346 0.28418 0.486884 0.452011 0.575329 0.668558 0.283312 0.305528 0.269546 0.208181 0.207778 0.354628 0.571839 0.201607
threshold=35.633329391479499 35.626596450805671 40.443843841552741 84.55625152587892 2.9343750476837163 41.408981323242195 4.0310416221618661 3.6577250957489018 19.579860687255863 4.2971527576446542 -3.746260285377502 3.3718750476837163 9.1541666984558123 0.94374999403953563 56.770833969116218 58.201387405395515 3.1413193941116337 0.022916667163372043 0.55722051858901989 36.046298980712898 230.90972137451175 2.2691665887832646 10.110119342803957 -1.3465450406074522 0.19375000149011615 197.55554962158206
decision_type=2 2 2 2 2 2 2 2 2 2 2 2 2 2 2 2 2 2 2 2 2 2 2 2 2 2
left_child=1 7 10 8 5 -5 -6 -1 21 -10 11 25 -13 14 22 -16 18 -18 -17 -20 -19 -4 23 -12 -25 -2
right_child=2 -3 3 4 6 -7 -8 -9 9 -11 13 12 -14 -15 15 16 17 20 19 -21 -22 -23 -24 24 -26 -27
leaf_value=1.024478977791075e-11 3.0066692925104936e-12 -1.7313316848694093e-10 -0.0001526832418151305 -9.3329061783305991e-09 1.8397182405168178e-10 -1.3479049697274725e-10 -3.5560512507160631e-10 -6.139913055799968e-10 5.1456748888901175e-10 -2.1504304683282326e-09 2.2093069988250238e-12 5.6225579974710882e-12 -8.9786597514858024e-05 8.5349224310860241e-12 -2.7482807550245548e-14 6.4758407836015674e-14 -1.682988238032191e-05 1.4635260973587283e-14 2.9659313527953052e-15 3.6294562848051726e-07 -3.7888202846757826e-10 8.1962943429279827e-08 5.9459551140849857e-14 -5.8213698935571881e-05 2.32351420685209e-12 -8.5171638873456948e-14
leaf_weight=1601.6999663710594 529.99998980760574 140.59999799728394 74.399999022483826 106.39999890327454 213.09999811649323 95.399998962879181 104.29999905824661 102.29999780654907 436.49999499320984 88.499998509883881 176.59999620914459 102.69999831914902 89.799999237060547 1354.6999729275703 159.19999748468399 1216.1999810934067 92.499998152256012 223.29999673366547 685.49999213218689 530.99998784065247 93.799998760223389 1025.4999866485596 4890.1999047994614 117.19999730587006 127.79999774694443 164.49999779462814
leaf_count=1585 576 166 84 120 235 106 119 115 497 109 192 111 96 1365 180 1350 97 237 845 486 102 1289 4800 126 148 173
internal_value=0.000241026 -0.00014387 0.000296971 0.000146647 -0.00040253 -0.00103234 0 0.000370421 0.000322462 8.49284e-05 0.000327458 0.000122643 -0.000490048 0.000346197 0.000323329 0.000217483 0.000247661 -0.000110591 0.000308165 0.000195608 0.000114589 0.000435356 0.000383029 0.000160443 -9.31888e-05 0.000293335
internal_weight=14543.7 1844.6 12699.1 2144.1 519.2 201.8 317.4 1704 1624.9 525 10555 887 192.5 9668 8313.3 3001.5 2842.3 409.6 2432.7 1216.5 317.1 1099.9 5311.8 421.6 245 694.5
internal_count=15309 1866 13443 2559 580 226 354 1700 1979 606 10884 956 207 9928 8563 3297 3117 436 2681 1331 339 1373 5266 466 274 749
is_linear=0
shrinkage=0.0103578


Tree=267
num_leaves=27
num_cat=0
split_feature=29 29 30 30 29 2 29 1 30 11 30 29 2 12 12 0 5 0 2 3 3 10 12 29 29 11
split_gain=3.45838 54.6764 1.21598 2.13487 1.30806 3.66439 2.31675 2.78363 1.36014 3.95204 1.18038 0.490008 0.459865 0.428005 1.07822 0.339809 0.689452 1.54281 0.287112 0.45129 0.613788 0.937471 0.335803 0.28585 0.884835 0.255836
threshold=35.633329391479499 35.626596450805671 -120.45205307006835 -79.273685455322251 38.308649063110359 -3.0950828790664668 36.504644393920906 22.280357360839847 -82.058330535888658 18.915971755981449 -109.12405014038085 39.616733551025398 3.8298654556274419 0.82291665673255932 4.3562498092651376 23.510416030883793 0.09523369744420053 25.728471755981449 0.37326605618000036 2.2858333587646489 2.0910416841506962 52.902778625488288 4.1604166030883798 36.20991516113282 39.747600555419929 16.453472137451175
decision_type=2 2 2 2 2 2 2 2 2 2 2 2 2 2 2 2 2 2 2 2 2 2 2 2 2 2
left_child=1 12 11 4 5 -4 -7 -8 10 13 -6 -2 -1 -10 -15 23 17 -17 -18 20 22 -22 -20 -5 -25 -26
right_child=2 -3 3 15 8 6 7 -9 9 -11 -12 -13 -14 14 -16 16 18 -19 19 -21 21 -23 -24 24 25 -27
leaf_value=9.1853341420019236e-12 0.0011919412657496204 -1.7133988349368832e-10 -9.0322960511816954e-05 9.7388119750580758e-15 -0.00032248248508156511 9.1479395908804272e-14 -0.00022017796262097089 -6.077902318832262e-07 3.4703159093286894e-09 -2.9318594836334215e-10 8.5090770847430646e-08 -0.0011925556049651035 -9.9263015328008728e-10 -1.259660504450953e-07 4.9311564694336192e-08 -2.2347473869476296e-09 7.8465151080473946e-15 1.2439609061221151e-13 1.2643814426058663e-13 2.0847253687143968e-14 1.3588317850044394e-13 -1.4271597772369007e-13 -1.0286713491390054e-15 -0.00018770985026849156 6.6565754177530611e-08 2.5413284024454216e-10
leaf_weight=1626.099965929985 3599.2998793125153 151.69999808073044 95.899998664855957 2491.799965262413 105.59999877214432 415.39999228715897 110.5999972820282 196.39999800920486 257.39999711513519 117.59999811649323 1860.1999908089638 146.69999545812607 100.99999791383743 77.299998819828033 132.89999824762344 81.899998962879181 899.6999899148941 99.299998998641968 291.09999716281891 587.09999370574951 92.799999237060547 155.09999859333038 104.59999877214432 145.39999866485596 566.1999933719635 197.89999729394913
leaf_count=1605 2799 177 103 3132 104 448 106 182 326 152 1994 135 112 101 175 99 1069 123 345 709 106 187 116 174 666 231
internal_value=0.000237833 -0.000177021 0.000298629 0.000233744 2.68157e-05 -0.000333229 -7.93614e-05 -0.000761408 0.000142523 -0.000295287 0.000273116 0.000455774 0.000347212 0.000131404 -0.000213743 0.000355695 0.000258208 -0.000353265 0.000310494 0.000206896 1.67122e-05 -0.000386203 0.000270386 0.000421772 0.000263301 0.000404529
internal_weight=14707 1878.8 12828.2 9082.2 3369.3 818.3 722.4 307 2551 585.2 1965.8 3746 1727.1 467.6 210.2 5712.9 2311.6 181.2 2130.4 1230.7 643.6 247.9 395.7 3401.3 909.5 764.1
internal_count=15476 1894 13582 10648 3691 839 736 288 2852 754 2098 2934 1717 602 276 6957 2754 222 2532 1463 754 293 461 4203 1071 897
is_linear=0
shrinkage=0.0103578


Tree=268
num_leaves=27
num_cat=0
split_feature=29 29 30 30 30 11 29 29 11 11 29 3 29 13 30 11 7 30 29 2 3 2 9 30 29 11
split_gain=2.71683 35.0904 6.43921 1.0325 2.08421 2.04888 1.11283 0.955226 3.31242 0.9204 0.680565 0.92562 0.615009 0.484608 0.380376 0.787521 0.64409 1.15635 0.322722 0.291418 0.288631 0.648348 0.831716 1.05436 0.373674 0.160527
threshold=35.635671615600593 35.626596450805671 -79.302604675292955 -120.45205307006835 -99.428070068359361 1.5944444537162783 36.160299301147468 38.308649063110359 14.936110973358156 20.460416793823246 36.579669952392585 2.5645139217376713 39.747600555419929 64.945835113525405 -94.668254852294908 15.152083396911623 0.3770833313465119 -80.461536407470689 39.79341125488282 3.8298654556274419 2.2858333587646489 0.37326605618000036 247.4513854980469 -79.210063934326158 35.875968933105476 20.752082824707035
decision_type=2 2 2 2 2 2 2 2 2 2 2 2 2 2 2 2 2 2 2 2 2 2 2 2 2 2
left_child=1 19 -3 12 5 -5 20 8 -8 -10 -7 -12 -2 18 15 -15 -16 -18 -9 25 21 -6 23 -23 -25 -1
right_child=3 2 -4 4 6 10 7 13 9 -11 11 -13 -14 14 16 -17 17 -19 -20 -21 -22 22 -24 24 -26 -27
leaf_value=3.0302085606645973e-11 0.001179595333405244 -1.6956517305258611e-10 -1.6956517305258611e-10 -0.00050537063971119872 6.1733223036222571e-15 0.00015676443033512172 -0.00022238057177522208 8.5069052097412146e-08 3.5018445483705192e-06 -6.2267160437908949e-06 -0.00030559588504826783 9.4167357141360188e-06 -0.0011861253140357786 -1.5150877531284755e-05 5.4340762100199452e-10 2.7824017962106711e-06 -2.9676738838297456e-10 5.4951651072133091e-10 6.9583967445778123e-08 -5.9735018373609833e-10 1.3238202265491946e-14 -4.7323712802130456e-14 9.5846974775440985e-14 -3.019273404163249e-14 5.036168434549466e-12 2.9466548298848595e-12
leaf_weight=1329.2999677062035 3570.0998807549477 85.999999105930328 103.19999849796295 108.69999849796295 947.69998872280121 164.89999538660049 85.399999618530273 170.6999985575676 342.59999704360962 101.79999929666519 153.69999670982361 243.09999710321426 127.99999636411667 103.90000033378601 1018.4999921321869 553.69999927282333 270.39999783039093 306.99999725818634 937.89998722076416 98.799998044967651 2751.6999640464783 86.199999153614044 409.89999598264694 136.89999842643738 140.89999854564667 303.99999749660492
leaf_count=1265 2777 102 122 109 1157 137 96 191 394 112 145 225 122 103 1139 533 314 360 1193 110 3437 104 497 165 167 346
internal_value=0.000263201 -9.96746e-05 -0.00432831 0.000317987 0.000258184 -0.000297001 0.000302745 0.00017444 -0.000233756 0.000125219 -4.37392e-05 -0.000276806 0.00046393 0.000238917 0.000151339 0.000361006 6.45836e-05 -0.000211279 0.000416393 0.000363248 0.000414243 0.000308175 8.49841e-05 -0.000274435 3.53247e-05 0.000396371
internal_weight=14655 1921.3 189.2 12733.7 9035.6 670.4 8365.2 3891.9 529.8 444.4 561.7 396.8 3698.1 3362.1 2253.5 657.6 1595.9 577.4 1108.6 1732.1 4473.3 1721.6 773.9 364 277.8 1633.3
internal_count=15422 1945 224 13477 10578 616 9962 4435 602 506 507 370 2899 3833 2449 636 1813 674 1384 1721 5527 2090 933 436 332 1611
is_linear=0
shrinkage=0.0103578


Tree=269
num_leaves=27
num_cat=0
split_feature=29 29 30 30 29 30 1 30 30 0 29 2 30 2 3 10 4 29 29 13 1 30 29 5 4 1
split_gain=3.54449 50.5776 1.10403 1.65555 2.82355 4.83524 9.09347 0.483859 0.607729 0.81894 0.597677 0.46355 0.323453 0.309464 0.464595 0.656344 0.755603 1.23926 0.319775 0.238276 0.588333 0.212889 0.208075 0.174828 0.165948 0.226606
threshold=35.633329391479499 35.626596450805671 -120.45205307006835 -79.298500061035142 38.240348815917976 -117.08349990844725 21.425000190734867 -109.12405014038085 -82.058330535888658 23.449305534362797 40.57173156738282 3.6577250957489018 -81.127079010009751 0.13008540123701098 2.2858333587646489 57.118055343627937 2.5235416889190678 35.875968933105476 36.20991516113282 109.28541946411134 25.987797737121586 -79.01998138427733 39.616733551025398 0.31411106884479528 2.2372916936874394 26.325298309326175
decision_type=2 2 2 2 2 2 2 2 2 2 2 2 2 2 2 2 2 2 2 2 2 2 2 2 2 2
left_child=1 11 22 4 5 -4 -7 -6 -9 10 -10 19 -12 -5 15 24 21 -18 -16 -1 -21 -17 -2 -20 25 -15
right_child=2 -3 3 13 7 6 -8 8 9 -11 12 -13 -14 14 18 16 17 -19 23 20 -22 -23 -24 -25 -26 -27
leaf_value=1.438932502227239e-11 0.001167377278205347 -1.6780884477146635e-10 0.0017780392454211401 1.7454778266056532e-14 -0.0010863593298204683 -0.00025296040599889964 -6.1622207391871579e-06 8.3236603607321626e-08 -2.8454629356852145e-06 -8.6732130208738364e-11 -3.5451358053720694e-10 -5.9116292840211285e-10 2.989219134084288e-09 -1.0549639994503317e-16 1.3101083135357501e-14 7.7398924454244987e-14 -9.9664025638936832e-14 2.2589247946942069e-11 -5.6245994295797855e-11 -2.2752283106207995e-13 3.7447552434479759e-12 -9.6267583261738939e-14 0.00071084930807638097 5.438247087354195e-10 1.3348295553920868e-13 1.222983383109565e-13
leaf_weight=1219.8999698758125 3585.2998797893524 132.79999804496765 272.09999185800552 2895.799966275692 112.69999879598618 91.799998879432678 189.29999959468842 1854.2999911308289 85.99999862909317 90.799998760223389 77.999998569488525 113.39999800920486 320.49999672174454 104.19999921321869 1501.5999800562859 170.69999802112579 150.09999841451645 113.4999988079071 148.69999831914902 86.799999058246613 308.69999665021896 107.49999874830246 139.19999563694 259.49999684095383 343.99999642372131 91.499998867511749
leaf_count=1159 2787 154 215 3498 113 106 191 1985 120 116 108 130 397 118 1892 213 187 137 175 100 339 121 128 311 410 111
internal_value=0.000267948 -0.000153959 0.000329795 0.00026749 7.3381e-05 -0.000596656 -0.00154832 0.000219446 0.000250358 -4.3066e-05 0.000125651 0.000319829 0.000295482 0.000369466 0.000295047 0.000122854 -0.000131187 -0.000528518 0.000392272 0.000364899 0.000142118 0.00024409 0.000479884 0.000133521 0.000378533 0.000134276
internal_weight=14568.7 1861.6 12707.1 8982.6 3095.5 553.2 281.1 2542.3 2429.6 575.3 484.5 1728.8 398.5 5887.1 2991.3 1081.5 541.8 263.6 1909.8 1615.4 395.5 278.2 3724.5 408.2 539.7 195.7
internal_count=15321 1882 13439 10524 3351 512 297 2839 2726 741 625 1728 505 7173 3675 1297 658 324 2378 1598 439 334 2915 486 639 229
is_linear=0
shrinkage=0.0103578


Tree=270
num_leaves=27
num_cat=0
split_feature=29 29 30 29 29 30 11 30 2 11 11 29 3 2 6 6 12 30 29 30 11 12 11 29 1 5
split_gain=4.34242 54.9407 0.961357 1.63852 2.62163 3.85115 19.4736 0.913224 0.562171 0.469387 1.3981 0.414287 0.373589 0.761159 0.530647 1.02126 0.616366 0.410473 0.355857 0.332278 0.73396 0.312097 0.246864 0.121365 0.190474 0.0803995
threshold=35.633329391479499 35.626596450805671 -120.5714988708496 36.314949035644538 38.308649063110359 -117.08349990844725 14.754166603088381 -109.12405014038085 3.7447074651718144 12.793749809265138 13.390972614288332 36.579669952392585 2.2858333587646489 0.70570650696754467 0.55208334326744091 0.90625000000000011 3.9937499761581425 -79.014007568359361 39.616733551025398 -89.672775268554673 16.453472137451175 -6.2937498092651358 15.24722194671631 39.79341125488282 16.793750762939457 0.071660082787275328
decision_type=2 2 2 2 2 2 2 2 2 2 2 2 2 2 2 2 2 2 2 2 2 2 2 2 2 2
left_child=1 8 18 12 5 -5 -7 -6 21 23 -11 -8 13 -4 17 -16 -17 -15 -2 22 -21 -1 -12 24 -9 -23
right_child=2 -3 3 4 7 6 11 9 -10 10 19 -13 -14 14 15 16 -18 -19 -20 20 -22 25 -24 -25 -26 -27
leaf_value=-2.2516618685501254e-13 0.001155285775619419 -1.6607070825092769e-10 5.9285863091217906e-15 0.0011556983928705218 -0.00042004447234783782 -0.00028547945133966572 4.1861169814034055e-06 -9.6069607146206638e-08 -5.8503975964516407e-10 -1.5951368477020642e-05 -7.5021762371102439e-06 -6.2454881833607257e-06 1.4064885455760851e-14 9.2470880409818594e-15 -4.5801237889656436e-14 1.3210036095542433e-13 -1.6955594975111614e-14 -7.7562991129318848e-09 -0.0011445458559152142 6.6120474297440117e-08 2.1985423113820694e-13 3.5778931084541502e-12 2.7447626700342911e-06 4.9529828323030134e-07 6.9020777025360916e-06 1.0108151651746865e-11
leaf_weight=112.29999762773514 3441.8998851180077 157.79999774694443 1084.6999871730804 325.99998986721039 105.69999861717224 103.6999990940094 171.89999812841415 89.699999511241913 102.39999800920486 114.99999898672104 113.6999996304512 163.89999955892563 2894.2999619245529 301.59999656677246 122.5999983549118 163.39999788999557 84.999999046325684 94.499999403953552 143.09999573230743 532.79999476671219 1030.8999919295311 128.29999715089798 664.79999887943268 824.69998943805695 112.99999964237213 1374.9999708533287
leaf_count=113 2675 182 1317 256 105 115 211 101 116 132 115 163 3597 366 154 198 94 107 131 626 1169 127 648 1013 116 1352
internal_value=0.000261444 -0.000203524 0.000330231 0.000273503 0.000128272 -0.000421637 -0.00105409 0.000245685 0.000334255 0.000274579 0.000196469 0.000158565 0.000406671 0.000291043 4.06715e-05 -0.000239995 0.000140592 0.000304582 0.000474072 0.000251431 0.000163845 0.000381581 0.000426567 0.000460771 0.000229018 0.000420992
internal_weight=14562.7 1875.8 12686.9 9101.9 4355.8 765.5 439.5 3590.3 1718 3484.6 2457.2 335.8 4746.1 1851.8 767.1 371 248.4 396.1 3585 2342.2 1563.7 1615.6 778.5 1027.4 202.7 1503.3
internal_count=15299 1890 13409 10603 4770 745 489 4025 1708 3920 2690 374 5833 2236 919 446 292 473 2806 2558 1795 1592 763 1230 217 1479
is_linear=0
shrinkage=0.0103578


Tree=271
num_leaves=27
num_cat=0
split_feature=29 29 30 29 29 1 30 30 29 2 11 11 30 9 29 11 11 29 30 12 3 12 12 2 9 30
split_gain=4.2057 52.146 0.830461 2.2091 3.24336 4.38548 8.99111 0.825001 0.784284 0.572119 0.464959 1.40184 0.440326 0.428691 0.349283 1.31799 0.662957 0.317533 0.390217 0.217415 0.164839 0.32408 0.659886 0.28271 0.341955 0.167699
threshold=35.633329391479499 35.626596450805671 -120.26449966430663 36.314949035644538 38.308649063110359 22.280357360839847 -117.08349990844725 -109.12405014038085 39.747600555419929 3.8298654556274419 12.793749809265138 13.390972614288332 -88.538810729980455 232.71527862548831 39.82715034484864 16.372917175292972 15.347916603088381 39.79341125488282 -95.704093933105455 -6.7812499999999991 2.4411110877990727 4.2062501907348642 5.6020832061767587 2.0609083175659184 210.42360687255862 -79.100517272949205
decision_type=2 2 2 2 2 2 2 2 2 2 2 2 2 2 2 2 2 2 2 2 2 2 2 2 2 2
left_child=1 9 8 20 5 6 -5 -6 -2 19 17 -12 -7 -14 16 -16 -13 18 -9 -1 21 23 25 -4 -25 -23
right_child=2 -3 3 4 7 12 -8 10 -10 -11 11 14 13 -15 15 -17 -18 -19 -20 -21 -22 22 -24 24 -26 -27
leaf_value=-2.2283395238253212e-13 0.0011433195148362189 -1.6435057506369452e-10 1.3354013586595317e-14 0.0017414677639528068 -0.00041569372052285234 9.7389739400872607e-06 -0.00027947534489456674 2.2668136946642425e-05 -0.0011693474645801942 -5.7898001366698714e-10 -1.4773330786657584e-05 -2.2318618115153092e-05 4.6018452113853944e-06 -4.4621932873755591e-05 6.8178362891064598e-08 -5.0623462612632331e-11 9.366654486966723e-07 5.3359357789733025e-07 -2.8523052311106066e-06 8.3112513194474024e-12 2.021282146708127e-14 -3.5112928690437864e-16 3.8768872569743116e-15 -2.3900479658315116e-14 9.1513082180854207e-15 -1.8302479480543361e-12
leaf_weight=95.099997818470001 3609.8998789787292 154.09999769926071 1588.8999816775322 113.79999655485153 89.799998998641968 220.09999763965607 118.49999874830246 99.499999701976776 128.19999623298645 102.29999792575836 124.4999988079071 104.50000065565109 89.899999260902405 90.19999885559082 532.49999421834946 808.19999188184738 927.49999767541885 857.5999892950058 97.799999415874481 1530.499968111515 2417.9999685883522 84.799998819828033 202.29999756813049 110.39999824762344 256.29999673366547 79.899998843669891
leaf_count=95 2807 177 1913 90 92 201 139 101 120 115 145 105 105 108 627 928 937 1064 114 1521 3004 104 247 140 313 95
internal_value=0.000261793 -0.000195096 0.000329256 0.000275283 0.000104377 -0.000579754 -0.00170999 0.00022338 0.000459244 0.000320325 0.000248298 0.00017093 7.6743e-05 -0.000301238 0.00022736 0.000116565 0.000370745 0.000430856 5.36222e-05 0.00036777 0.000429262 0.000365995 8.1984e-05 0.00041904 0.000157775 -0.000402636
internal_weight=14635.1 1882 12753.1 9015 4274.4 632.5 232.3 3641.9 3738.1 1727.9 3552.1 2497.2 400.2 180.1 2372.7 1340.7 1032 1054.9 197.3 1625.6 4740.6 2322.6 367 1955.6 366.7 164.7
internal_count=15407 1908 13499 10572 4756 643 229 4113 2927 1731 4021 2742 414 213 2597 1555 1042 1279 215 1616 5816 2812 446 2366 453 199
is_linear=0
shrinkage=0.0103578


Tree=272
num_leaves=27
num_cat=0
split_feature=29 29 30 9 29 29 1 9 29 12 29 10 30 11 11 30 5 7 5 4 4 10 29 30 12 2
split_gain=3.81641 57.0162 1.02956 2.35418 1.38339 4.02679 4.6636 3.79858 0.483362 0.423324 0.411489 0.391322 0.380623 0.396227 0.873977 0.439748 0.301397 1.17561 0.163971 0.140112 0.471507 0.977174 0.100054 0.134217 0.0987733 0.139593
threshold=35.633329391479499 35.626596450805671 -120.45205307006835 340.97917175292974 36.314949035644538 38.308649063110359 21.425000190734867 180.61805725097659 36.504644393920906 -5.5395832061767569 39.616733551025398 45.104166030883796 -109.12405014038085 12.793749809265138 13.390972614288332 -91.673957824707017 0.73545852303504955 0.006250000325962902 0.088035125285387053 2.6797916889190678 2.5235416889190678 57.118055343627937 39.79341125488282 -95.704093933105455 3.9937499761581425 0.76903465390205394
decision_type=2 2 2 2 2 2 2 2 2 2 2 2 2 2 2 2 2 2 2 2 2 2 2 2 2 2
left_child=1 9 10 4 16 6 7 -6 -8 -1 -2 -10 -7 22 -15 -16 19 -18 -11 20 24 -22 23 -14 -4 -26
right_child=2 -3 3 -5 5 12 8 -9 11 18 -12 -13 13 14 15 -17 17 -19 -20 -21 21 -23 -24 -25 25 -27
leaf_value=-2.205258748126071e-13 0.0011314771986216724 -1.626482587341901e-10 1.2335657010218153e-13 -4.0998357397551024e-05 -0.00017761049164801362 -0.00015112546891903322 4.6049445374597702e-06 -0.00027735152305857845 4.1032083954618202e-06 3.4547472983734156e-12 -0.0011364921544839315 -3.6853322533179771e-05 2.2468072739669627e-05 -1.4620311046814562e-05 2.6966075552799475e-06 2.7076286506851743e-10 -3.4749234727923331e-16 1.2342036890313719e-13 9.783442050367923e-12 1.112619733990174e-14 1.3997267137978163e-13 -9.790976301969144e-14 4.4316667758743025e-07 -6.5530823629815755e-08 5.8270228204414482e-15 -8.8944142880157965e-17
leaf_weight=152.89999663829803 3608.699878513813 140.89999806880951 770.29999113082886 111.89999794960022 109.99999749660492 90.799998879432678 171.399997651577 109.29999804496765 128.69999843835831 176.49999624490738 154.19999539852142 101.99999982118607 99.599999904632568 109.89999884366989 769.9999982714653 1631.6999856829643 131.89999830722809 407.6999951004982 1373.2999715805054 2835.3999627828598 181.79999768733978 145.49999779462814 856.69998973608017 91.099999248981476 106.49999856948853 95.799998879432678
leaf_count=159 2803 165 929 105 94 86 196 115 119 177 142 106 98 127 752 1877 161 499 1367 3522 220 187 1051 107 131 112
internal_value=0.000263648 -0.000176805 0.000327022 0.000267059 0.000285803 0.000150864 -0.000619327 -0.0018323 4.28123e-05 0.000347808 0.00047119 -0.000265336 0.000282185 0.000299161 0.000228168 0.000269672 0.000408965 0.000177167 0.000399179 0.000439081 0.000348491 7.08764e-06 0.00046878 0.000248802 0.000462876 0.000253977
internal_weight=14664.5 1843.6 12820.9 9058 8946.1 4271.2 621.4 219.3 402.1 1702.7 3762.9 230.7 3649.8 3559 2511.6 2401.7 4674.9 539.6 1549.8 4135.3 1299.9 327.3 1047.4 190.7 972.6 202.3
internal_count=15407 1868 13539 10594 10489 4728 630 209 421 1703 2945 225 4098 4012 2756 2629 5761 660 1544 5101 1579 407 1256 205 1172 243
is_linear=0
shrinkage=0.0103578


Tree=273
num_leaves=27
num_cat=0
split_feature=29 29 2 29 11 11 3 9 2 7 10 29 3 29 12 2 29 3 29 7 8 2 0 12 12 29
split_gain=3.75791 51.2114 0.702617 0.641935 1.11936 1.04893 0.790052 0.582581 0.531638 1.01162 0.469395 0.351728 0.286435 0.406648 0.263181 0.201436 0.820123 0.253417 0.542353 0.873796 2.0113 0.387485 0.169183 0.155579 0.24754 0.154773
threshold=35.633329391479499 35.626596450805671 3.8298654556274419 39.221981048583991 16.372917175292972 -2.6854166984558101 4.5407638549804696 321.06944274902349 1.0769022107124331 0.44791665673255926 55.062500000000007 39.747600555419929 2.0636805295944218 41.693527221679695 -6.6895833015441886 -4.4611153602600089 36.314949035644538 2.2858333587646489 35.705774307250984 0.027083333581686023 4.5000000000000009 2.0609083175659184 8.2062501907348651 -5.2812499999999991 -0.21041666716337201 38.94049263000489
decision_type=2 2 2 2 2 2 2 2 2 2 2 2 2 2 2 2 2 2 2 2 2 2 2 2 2 2
left_child=1 2 14 5 7 -2 8 11 23 10 -10 -5 13 -13 -1 16 -7 18 19 20 -17 -21 -20 -6 -25 -19
right_child=3 -3 -4 4 6 15 -8 -9 9 -11 -12 12 -14 -15 -16 17 -18 25 22 21 -22 -23 -24 24 -26 -27
leaf_value=-2.1824170393199863e-13 -4.0573703128749946e-05 -1.6096357471832118e-10 -9.5808283788235363e-10 -6.4852066095151359e-08 -2.3465455775095729e-11 1.8266109666468319e-12 -1.9245221674780743e-08 -0.00016586691183645367 9.9977074582645028e-10 -2.6763891337014202e-08 -2.492988423519107e-10 1.0028810301331703e-06 7.7255888120031588e-08 -0.0011395419509519921 9.5760819074419687e-12 -1.0460277948255761e-15 -6.1292977987421307e-05 1.2274690833707389e-13 -0.00021238582065666802 8.7808102892802125e-15 1.3404572862792677e-13 -2.2638789121903527e-14 2.5582600784030001e-13 1.0148324087945339e-09 6.8018492289941742e-11 1.2116487654479061e-06
leaf_weight=103.2999974489212 114.69999748468399 147.69999784231186 100.59999805688858 169.59999746084213 119.99999886751175 372.09999489784241 89.299998879432678 88.39999783039093 161.99999934434891 125.3999987244606 94.599998950958252 92.899998724460602 1465.6999825239182 88.699999153614044 1534.0999675989151 80.499999046325684 205.09999567270279 5304.3998925685883 112.89999687671661 299.29999595880508 82.799998700618744 103.99999856948853 2736.8999416828156 238.89999866485596 231.79999780654907 382.49999785423279
leaf_count=99 129 173 116 166 134 455 109 88 170 144 110 107 1743 97 1523 101 181 5502 99 377 108 132 2651 257 254 377
internal_value=0.000254739 -0.000176675 0.000321473 0.00031852 0.000184706 0.000359001 -8.44108e-05 0.000334911 1.00415e-06 -0.000299427 7.20692e-05 0.000375022 0.000421288 3.0667e-05 0.000373278 0.000370706 0.000181413 0.00038265 0.000311555 1.8068e-05 -0.000619089 0.000277608 0.000369743 0.000196103 0.000281203 0.000425251
internal_weight=14648.2 1885.7 1738 12762.5 2967.3 9795.2 1062 1905.3 972.7 382 256.6 1816.9 1647.3 181.6 1637.4 9680.5 577.2 9103.3 3416.4 566.6 163.3 403.3 2849.8 590.7 470.7 5686.9
internal_count=15402 1911 1738 13491 3379 10112 1178 2201 1069 424 280 2113 1947 204 1622 9983 636 9347 3468 718 209 509 2750 645 511 5879
is_linear=0
shrinkage=0.0103578


Tree=274
num_leaves=27
num_cat=0
split_feature=29 29 30 7 10 12 12 29 29 11 29 11 29 30 30 29 12 12 29 29 0 29 3 9 11 11
split_gain=3.60724 59.5923 1.64519 1.69444 2.82655 5.12358 1.1566 0.936662 2.32834 2.68778 0.714529 0.552814 1.63334 1.09172 0.842579 0.475156 0.459005 0.44858 0.49399 0.885219 0.446757 0.392581 0.317367 0.789757 0.275504 0.267092
threshold=35.633329391479499 35.626596450805671 -120.45205307006835 0.006250000325962902 56.395833969116218 0.50208333134651195 -10.168750286102293 36.314949035644538 38.308649063110359 11.884027481079103 36.579669952392585 16.372917175292972 40.405790328979499 -80.461536407470689 -82.058330535888658 39.616733551025398 -5.5395832061767569 7.6270833015441903 36.658319473266609 38.785099029541023 21.163194656372074 39.79341125488282 2.2858333587646489 278.17361450195318 13.959027767181398 13.390972614288332
decision_type=2 2 2 2 2 2 2 2 2 2 2 2 2 2 2 2 2 2 2 2 2 2 2 2 2 2
left_child=1 16 15 4 6 25 -4 22 9 -9 -11 21 -13 14 -14 -2 -1 18 -8 -20 -15 24 23 -5 -10 -6
right_child=2 -3 3 7 5 -7 17 8 11 10 -12 12 13 20 -16 -17 -18 -19 19 -21 -22 -23 -24 -25 -26 -27
leaf_value=-2.1598119211913563e-13 0.0011197575431769729 -1.5929634038347195e-10 -9.753386733191173e-15 1.570494036767679e-14 -1.7585105357342935e-05 -3.0105443227705171e-16 1.0433757583407967e-14 -0.00019539899058516869 -2.7841008286683122e-06 4.5572472737596666e-06 -1.3111208333605906e-05 7.006942474452451e-07 -2.6400224654256312e-08 -4.8312145475466738e-10 -3.5382855642952302e-10 -0.0011339270474914592 8.9603348067017963e-12 -1.1175276451446229e-15 -4.4424835661440281e-05 8.0180398803281613e-08 3.7485071011747357e-10 6.4443230315143562e-08 6.6694576050808159e-14 -7.6759623679614221e-09 3.6157670341241573e-07 1.2958435819862568e-14
leaf_weight=163.89999651908875 3471.5998837947845 149.79999768733978 97.599998712539673 1300.3999853134155 81.199998915195465 122.89999824762344 844.99998825788498 129.29999727010727 162.39999878406525 161.7999981045723 136.89999932050705 889.89999747276306 136.09999918937683 89.099999010562897 101.49999856948853 149.69999533891678 1533.0999678969383 95.599999368190765 157.59999847412109 447.99999618530273 268.99999684095383 1210.699985742569 2230.3999703526497 92.099999070167542 119.69999980926514 96.599998772144318
leaf_count=171 2698 176 114 1564 102 153 998 119 178 198 135 911 155 101 125 135 1537 110 150 484 312 1469 2784 107 121 120
internal_value=0.000224803 -0.000202514 0.0002875 0.000212191 -5.82274e-05 -0.000980693 0.000110543 0.000287055 0.0001635 -0.00055006 -7.76492e-06 0.000266266 0.000124331 -0.000294864 -0.000838455 0.000473939 0.000350898 0.000179929 0.000225472 0 6.53915e-05 0.000407133 0.000403067 0.00027945 5.73229e-05 0.000142235
internal_weight=14441.9 1846.8 12595.1 8973.8 1944.5 300.7 1643.8 7029.3 3406.4 428 298.7 2978.4 1485.6 595.7 237.6 3621.3 1697 1546.2 1450.6 605.6 358.1 1492.8 3622.9 1392.5 282.1 177.8
internal_count=15227 1884 13343 10510 2231 375 1856 8279 3824 452 333 3372 1604 693 280 2833 1708 1742 1632 634 413 1768 4455 1671 299 222
is_linear=0
shrinkage=0.0103578


Tree=275
num_leaves=27
num_cat=0
split_feature=30 29 29 2 30 7 6 29 5 6 12 29 29 11 3 11 29 29 11 30 29 3 4 8 2 6
split_gain=3.01195 3.29139 42.316 2.8164 2.13585 0.912317 3.50376 0.907158 0.888704 2.31772 0.785727 0.724435 0.989298 2.09221 0.664956 0.592803 1.33396 0.554493 0.444733 1.3705 0.261308 0.259767 0.636803 1.14086 0.191085 0.299205
threshold=-118.89915084838866 35.633329391479499 35.626596450805671 -7.8363096714019767 -101.70369720458983 0.006250000325962902 1.872916638851166 39.309597015380866 0.73545852303504955 0.64791664481163036 -5.5395832061767569 36.314949035644538 38.308649063110359 16.605555534362797 2.8111805915832524 16.372917175292972 41.947931289672859 39.79341125488282 14.085416793823244 -86.771537780761705 36.579669952392585 2.2858333587646489 2.5235416889190678 1.0000000180025095e-35 0.72726449370384227 0.93958333134651195
decision_type=2 2 2 2 2 2 2 2 2 2 2 2 2 2 2 2 2 2 2 2 2 2 2 2 2 2
left_child=7 2 10 -3 14 6 8 -1 18 -10 -2 21 13 -13 -5 17 -17 -14 19 -6 -15 22 -7 -24 -12 -26
right_child=1 3 -4 4 5 11 -8 -9 9 -11 24 12 15 20 -16 16 -18 -19 -20 -21 -22 -23 23 -25 25 -27
leaf_value=0.0011081592780045079 -5.630548472125303e-10 -5.0860436621709332e-05 -1.5764637498870542e-10 -0.00012488718842429051 -7.4644427470918457e-05 8.2403133632665959e-14 -2.9793615979193085e-16 -0.0011159937315486073 8.8832066943664298e-11 -4.6857931418398105e-10 7.9973838661510765e-12 -0.00025418664359457639 -3.5343078780290072e-08 4.510044053152109e-06 -2.9048357637109631e-05 3.5295205431007224e-10 -7.1762092206363987e-10 6.3775737893842529e-08 4.6203510821447487e-14 6.4608998935387241e-15 -5.4782136682812721e-06 1.2047335063321207e-13 -4.3993325965842207e-14 8.5271908956921019e-15 9.6235388962982203e-12 -2.3479268262715974e-12
leaf_weight=4313.8998566269875 112.2999981045723 94.899998962879181 129.59999829530716 96.799998819828033 103.59999918937683 953.69998979568481 87.699999094009399 171.29999482631683 136.39999890327454 85.499999105930328 644.89999049901962 95.499999582767487 251.09999907016754 120.99999850988388 92.599998831748962 1297.9999941587448 164.79999756813049 1110.799987077713 506.39999556541443 653.69999200105667 110.29999977350235 2213.8999714255333 117.9999988079071 318.19999623298645 321.19999331235886 126.49999850988388
leaf_count=3357 133 113 150 104 118 1141 105 155 158 99 711 99 263 152 92 1378 206 1354 584 813 109 2765 144 382 332 155
internal_value=0.000231145 0.000130597 -0.000347838 0.000204794 0.000224651 0.000249445 2.45105e-05 0.000454003 0.000143846 -0.000459274 0.000257809 0.000301764 0.00018676 -0.000351814 -0.000860905 0.000249277 0.000104043 0.000404854 0.000250243 9.05356e-05 0.000179774 0.000402171 0.000290178 -3.67425e-05 0.000342897 0.000176633
internal_weight=14432.6 9947.4 1334.5 8612.9 8518 8328.6 1573.3 4485.2 1485.6 221.9 1204.9 6755.3 3151.5 326.8 189.4 2824.7 1462.8 1361.9 1263.7 757.3 231.3 3603.8 1389.9 436.2 1092.6 447.7
internal_count=15172 11660 1481 10179 10066 9870 1877 3512 1772 257 1331 7993 3561 360 196 3201 1584 1617 1515 931 261 4432 1667 526 1198 487
is_linear=0
shrinkage=0.0103578


Tree=276
num_leaves=27
num_cat=0
split_feature=29 29 30 30 30 29 29 29 1 29 7 6 2 12 2 2 2 29 30 8 6 3 4 6 6 1
split_gain=2.77549 54.665 1.20411 1.48102 2.46442 0.779059 0.724497 2.03687 4.78569 0.60609 0.488382 2.56185 0.474534 0.412131 0.386432 0.235763 0.410983 0.414237 0.284598 0.238969 0.222331 0.197198 0.469096 0.366867 0.755 0.181272
threshold=35.633329391479499 35.626596450805671 -120.45205307006835 -101.70369720458983 -109.12405014038085 37.499849319458015 36.314949035644538 38.308649063110359 22.280357360839847 39.616733551025398 1.0000000180025095e-35 1.872916638851166 1.5047489404678347 5.4895834922790536 3.6577250957489018 -1.2053183317184446 -0.45806160569190973 39.747600555419929 -80.748550415039048 5.5000000000000009 0.66875001788139354 2.2858333587646489 2.5235416889190678 0.77708330750465404 0.30625000596046453 26.880060195922855
decision_type=2 2 2 2 2 2 2 2 2 2 2 2 2 2 2 2 2 2 2 2 2 2 2 2 2 2
left_child=1 14 9 4 5 -4 10 8 -8 -2 11 13 -10 -5 -1 -9 17 -17 -19 20 -18 22 25 24 -24 -12
right_child=2 -3 3 6 -6 -7 7 15 12 -11 21 -13 -14 -15 -16 16 19 18 -20 -21 -22 -23 23 -25 -26 -27
leaf_value=9.5238598571196809e-12 0.0010966811457624522 -1.5601349966516945e-10 0.0017221110626759043 2.1019975555339362e-14 -3.9876686138596497e-05 -0.0010533274132157675 -0.00025042399620072992 9.9071412245645735e-08 4.4633297562232458e-06 -0.001110622736686542 8.6808484720833232e-14 -2.9485018586231674e-16 -3.5039890440297527e-05 -1.172873419441651e-15 -5.5722281735534819e-10 -1.5991767528431907e-05 5.8950125469070333e-11 -3.0154867298181543e-11 7.490309104013298e-10 5.7504046172257376e-07 5.3834347923861552e-10 6.4503480739477501e-14 1.5997946830966692e-14 1.3872491365153924e-13 -4.353765030330291e-14 9.2616116569972041e-14
leaf_weight=1607.6999652385712 3587.7998788952827 141.39999824762344 277.29999166727066 712.09999144077301 119.59999859333038 109.19999879598618 104.39999896287918 990.39999455213547 215.69999873638153 141.59999585151672 916.1999893784523 110.99999874830246 96.099999129772186 88.89999920129776 111.49999785423279 110.29999935626984 540.69999593496323 97.89999932050705 144.19999819993973 403.99999725818634 1213.3999878764153 2264.4999702572823 171.79999822378159 179.59999763965607 116.29999923706055 119.89999878406525
leaf_count=1589 2786 168 219 879 132 106 118 1066 233 132 1108 136 107 111 127 113 625 113 170 448 1416 2839 208 216 137 141
internal_value=0.00024829 -0.000125381 0.000302503 0.000238163 -0.000305713 9.59166e-05 0.000270246 0.000166074 -0.000518165 0.000459385 0.000357311 0.000141416 0.000124325 0.00034643 0.000384372 0.000247609 0.000193805 -0.000133207 0.000105187 0.000247419 0.000194589 0.000409421 0.00031637 4.30081e-05 -0.000184946 0.000439269
internal_weight=14693.5 1860.6 12832.9 9103.5 506.1 386.5 8597.4 3917.1 416.2 3729.4 4680.3 912 311.8 801 1719.2 3500.9 2510.5 352.4 242.1 2158.1 1754.1 3768.3 1503.8 467.7 288.1 1036.1
internal_count=15443 1884 13559 10641 457 325 10184 4409 458 2918 5775 1126 340 990 1716 3951 2885 396 283 2489 2041 4649 1810 561 345 1249
is_linear=0
shrinkage=0.0103578


Tree=277
num_leaves=27
num_cat=0
split_feature=29 29 29 11 11 5 11 4 2 12 8 6 7 29 29 3 2 29 10 5 4 12 29 29 3 2
split_gain=2.715 48.7938 0.996818 1.72559 1.45805 1.06131 0.884172 0.563017 0.526159 0.440772 1.9824 0.259603 0.33321 0.30303 0.951664 2.50054 0.370491 0.18621 0.125344 0.248577 0.124536 0.112601 0.320384 0.095495 0.0728455 0.0726959
threshold=35.633329391479499 35.626596450805671 41.841104507446296 16.372917175292972 -3.3381944894790645 0.80890768766403209 17.555555343627933 2.7166665792465214 3.6577250957489018 9.554166793823244 3.5000000000000004 0.006250000325962902 0.64374998211860668 35.697473526000984 35.714902877807624 2.099722266197205 -3.0950828790664668 41.455064773559577 61.284723281860359 0.44821386039257055 1.6168749928474428 3.1187499761581425 35.284490585327156 38.365810394287116 3.4659028053283696 3.6577250957489018
decision_type=2 2 2 2 2 2 2 2 2 2 2 2 2 2 2 2 2 2 2 2 2 2 2 2 2 2
left_child=1 8 4 5 -2 7 -5 -4 21 11 -11 20 13 24 15 -15 -16 18 19 -14 -6 -1 -23 -22 -13 -9
right_child=2 -3 3 6 9 -7 -8 25 -10 10 -12 12 17 14 16 -17 -18 -19 -20 -21 23 22 -24 -25 -26 -27
leaf_value=8.0719425693643235e-12 -4.8856174702213865e-05 -1.5439753739670633e-10 -0.0010915155837795758 -2.6104863063473119e-08 3.8714107566749408e-05 -0.00015293864913520789 -2.3985562653318685e-10 7.3645799644598765e-08 -5.5145119470791399e-10 4.9715763207503882e-15 -1.160724988725279e-15 9.4986625281837597e-15 -3.7496235263309135e-10 -2.166033794131751e-14 3.3196228804640905e-16 4.3578407477450053e-15 4.2427131294403269e-12 -1.2773800317705024e-10 4.6903909801456595e-12 7.2538730366179438e-12 1.1319420337105459e-05 -2.4222539649086756e-12 9.2917839739769691e-12 1.3282642014762707e-05 2.0611039693473489e-15 4.4727287019060785e-08
leaf_weight=1274.9999712705612 137.39999729394913 145.89999783039093 101.19999891519547 95.299998581409454 109.49999648332596 79.299998879432678 107.9999982714653 579.89999252557755 110.99999779462814 301.89999574422836 128.19999819993973 958.09998744726181 191.49999803304672 81.299998581409454 626.79999208450317 169.4999971985817 4945.8999272584915 94.799998939037323 1839.9999641180038 319.6999951004982 1553.2999514341354 156.29999649524689 191.59999823570251 234.39999347925186 84.299998939037323 78.299998641014099
leaf_count=1238 150 169 110 119 91 101 136 727 124 355 144 1205 207 111 672 231 5175 110 1926 339 1257 165 210 196 109 103
internal_value=0.000234286 -0.000133135 0.000288204 -1.84725e-05 0.000315374 0.000188756 -0.000873591 0.000308423 0.000351465 0.000327933 1.54772e-06 0.000340418 0.00031772 0.000280506 0.000251179 -0.000371652 0.00027932 0.00042192 0.000440073 0.000293862 0.000451475 0.000398782 0.00023049 0.000472314 0.000443716 0.000419324
internal_weight=14698.4 1879.8 12818.6 1042 11776.6 838.7 203.3 759.4 1733.9 11639.2 430.1 11209.1 9311.9 6865.9 5823.5 250.8 5572.7 2446 2351.2 511.2 1897.2 1622.9 347.9 1787.7 1042.4 658.2
internal_count=15480 1906 13574 1296 12278 1041 255 940 1737 12128 499 11629 10085 7503 6189 342 5847 2582 2472 546 1544 1613 375 1453 1314 830
is_linear=0
shrinkage=0.0103578


Tree=278
num_leaves=27
num_cat=0
split_feature=30 30 30 6 29 29 11 29 12 12 9 30 1 0 0 10 9 3 29 12 3 29 1 9 29 12
split_gain=3.63485 3.38208 50.8202 1.51323 1.14367 7.52185 11.7996 0.867252 0.683148 2.38347 0.586286 0.57027 0.559208 0.926918 1.85382 2.84719 0.860513 0.484512 0.398783 0.570025 0.450441 0.338325 0.836266 0.248251 0.213777 0.34617
threshold=-118.89915084838866 -79.298500061035142 -79.311107635498033 1.0000000180025095e-35 38.308649063110359 36.441598892211921 15.24722194671631 39.747600555419929 2.4729166030883794 2.6770832538604741 322.84028625488287 -82.058330535888658 14.465178966522219 22.457638740539554 20.885416030883793 65.159721374511733 171.65972137451175 4.2971527576446542 36.314949035644538 -8.7208333015441877 4.2971527576446542 40.376539230346687 21.659225463867191 316.28471374511724 35.221244812011726 -1.8937500119209287
decision_type=2 2 2 2 2 2 2 2 2 2 2 2 2 2 2 2 2 2 2 2 2 2 2 2 2 2
left_child=7 2 4 -3 5 -2 -7 -1 10 -10 18 23 -11 14 16 -16 -14 21 20 -20 24 -13 -23 -6 25 -5
right_child=1 3 -4 8 11 6 -8 -9 9 12 -12 17 13 -15 15 -17 -18 -19 19 -21 -22 22 -24 -25 -26 -27
leaf_value=0.0010853219020894821 4.678766505992742e-06 -1.029151166667452e-08 -1.5279831300066258e-10 -9.3686819776468929e-10 7.8427229147051645e-08 -0.00020619982814307897 4.6970981858336765e-07 -0.0010875470680326929 -6.7441944353243623e-17 2.2486781934290721e-12 -4.4128841537372343e-14 -4.0521058470199098e-06 -2.3737124125122051e-10 9.1558428418438919e-14 -1.9891202535421044e-10 9.6950871067135188e-15 2.0397553921217044e-15 -7.3491270208976866e-10 -0.00016999140312757048 5.6229254631612252e-10 -3.8479411636341999e-15 2.5531261715510673e-08 -1.0367859858314977e-10 -4.5547875474583951e-05 1.1877035917646611e-13 2.661141972780084e-12
leaf_weight=4352.8998550772667 522.19998919963837 88.099999010562897 148.09999787807465 78.899999022483826 1845.4999902844429 92.199999332427979 142.0999995470047 128.49999648332596 82.19999897480011 437.99999451637268 83.89999908208847 89.599998593330383 89.399999022483826 798.89999097585678 97.899998903274536 90.699998736381531 455.99999356269836 81.899998605251312 93.699999094009399 766.69999194145203 84.399998962879181 263.99999737739563 134.49999850988388 120.09999877214432 3175.5999614596367 111.99999815225601
leaf_count=3387 490 105 171 101 1979 104 139 123 100 546 103 122 106 941 123 111 562 113 109 887 108 324 165 119 3906 142
internal_value=0.000210515 0.000100378 -0.000162405 0.000238752 0.000104955 -0.000248106 -0.00178804 0.000455566 0.000257264 0.000100944 0.000330166 0.000210489 0.000173401 7.97328e-05 -0.000185555 -0.00106933 0.000120078 -7.73225e-05 0.000346932 0.000146523 0.000396745 4.58758e-05 0.000176089 0.000294164 0.000415549 7.59716e-05
internal_weight=14458 9976.6 3440.2 6536.4 3292.1 756.5 234.3 4481.4 6448.3 2053.1 4395.2 2535.6 1970.9 1532.9 734 188.6 545.4 570 4311.3 860.4 3450.9 488.1 398.5 1965.6 3366.5 190.9
internal_count=15186 11676 3726 7950 3555 733 243 3510 7845 2489 5356 2822 2389 1843 902 234 668 724 5253 996 4257 611 489 2098 4149 243
is_linear=0
shrinkage=0.0103578


Tree=279
num_leaves=27
num_cat=0
split_feature=30 30 30 6 30 30 4 3 9 13 30 30 4 7 11 0 30 3 30 11 30 1 1 30 30 4
split_gain=3.16292 3.66192 51.8937 2.72353 1.04047 1.05361 0.483985 2.42394 0.46386 1.87233 0.512861 0.485717 0.485359 0.527711 0.336338 1.70578 0.878592 0.925974 0.563019 0.536236 0.432014 0.409613 0.3202 0.224105 0.216152 0.384447
threshold=-117.08349990844725 -79.298500061035142 -79.311107635498033 1.0000000180025095e-35 -101.70369720458983 -109.12405014038085 2.5235416889190678 1.982083320617676 256.17361450195318 33.154167175292976 -79.149951934814439 -79.056720733642564 2.648749947547913 0.33541667461395269 14.184027671813967 21.229166984558109 -94.668254852294908 4.2971527576446542 -94.668254852294908 17.145138740539554 -86.771537780761705 17.554166793823246 3.9068452119827275 -78.675731658935533 -82.058330535888658 4.29770851135254
decision_type=2 2 2 2 2 2 2 2 2 2 2 2 2 2 2 2 2 2 2 2 2 2 2 2 2 2
left_child=-1 2 4 -3 5 -2 -5 -8 12 -10 -11 -12 13 -9 15 18 -16 19 21 -18 -21 -6 -14 -24 -20 -26
right_child=1 3 -4 6 14 -7 7 8 9 10 11 -13 22 -15 16 -17 17 -19 24 20 -22 -23 23 -25 25 -27
leaf_value=0.0010739630709883303 0.00015880846033132734 -1.0184913874980298e-08 -1.5121565310889798e-10 1.2014220161765331e-13 2.3125225404683735e-05 -3.928351429031011e-05 -9.0168004409844487e-16 3.3643557465306423e-15 -1.8371358758984947e-14 5.9420040598500004e-15 -3.7107857514536173e-10 2.073110966503044e-12 -0.0001682306600251671 -7.1897470965510758e-14 2.6889985187538542e-06 -9.1096208205579578e-05 3.9566338375896917e-08 -1.6708871186807015e-09 8.9381440011505382e-07 -3.4559734436801195e-06 2.4744377651573701e-10 -4.7503140852643055e-05 1.7590567436298846e-12 6.9231673613708711e-10 4.7765264241864894e-07 -9.9667452917932077e-10
leaf_weight=4781.9998409748077 126.2999981045723 90.199998915195465 141.69999802112579 1545.4999831914902 99.99999988079071 149.79999780654907 139.69999885559082 106.39999866485596 86.799998939037323 388.09999471902847 258.49999701976776 684.59999221563339 87.399998605251312 79.799999117851257 798.49999964237213 108.29999983310699 313.59999787807465 90.299998581409454 385.49999475479126 100.09999912977219 518.39999729394913 101.60000020265579 2475.4999672174454 634.09999412298203 141.29999846220016 91.499998450279236
leaf_count=3746 117 110 167 1845 100 168 167 128 110 505 313 808 114 98 773 107 366 119 503 99 578 102 3081 723 175 129
internal_value=0.000214225 0.00010708 -0.00018219 0.000246442 0.000105159 -0.000499959 0.000271409 0.000221148 0.000260402 0.000102656 0.000199255 6.82097e-05 0.000326366 -0.00018575 0.000166176 5.23435e-06 0.000247958 4.63673e-05 0.000167327 0.000143977 -3.23643e-05 -0.000306346 0.000356352 0.000373792 0.00032259 7.09862e-05
internal_weight=14525.5 9743.5 3166.9 6576.6 3025.2 276.1 6486.4 4940.9 4801.2 1418 1331.2 943.1 3383.2 186.2 2749.1 928.2 1820.9 1022.4 819.9 932.1 618.5 201.6 3197 3109.6 618.3 232.8
internal_count=15251 11505 3503 8002 3336 285 7892 6047 5880 1736 1626 1121 4144 226 3051 1116 1935 1162 1009 1043 677 202 3918 3804 807 304
is_linear=0
shrinkage=0.0103578


Tree=280
num_leaves=27
num_cat=0
split_feature=30 29 29 5 6 29 29 12 29 30 3 30 30 9 9 30 7 11 29 11 7 0 4 9 5 5
split_gain=3.75544 4.33995 48.3498 2.36263 1.70778 1.42083 1.40847 1.34744 5.40009 0.779077 0.628625 1.55096 3.57967 0.605795 0.543752 0.486414 0.289225 0.212716 0.210381 0.193942 0.210581 0.0334424 0.0225067 0.0151054 0.0142077 0.00934142
threshold=-117.08349990844725 35.633329391479499 35.626596450805671 0.024367284961044792 1.0000000180025095e-35 38.115749359130866 39.747600555419929 11.808333396911623 35.873266220092781 -101.70369720458983 4.3612501621246347 -82.058330535888658 -79.146400451660142 156.17361450195315 296.49305725097662 -73.27999114990233 0.014583333861082794 0.60069444775581371 36.314949035644538 15.475694656372072 0.056250000372529037 8.0041666030883807 1.6168749928474428 346.22221374511724 0.088035125285387053 0.61813431978225719
decision_type=2 2 2 2 2 2 2 2 2 2 2 2 2 2 2 2 2 2 2 2 2 2 2 2 2 2
left_child=6 2 14 -3 5 -5 17 9 -9 -6 13 16 -13 18 19 -15 -12 -1 -11 20 -2 -19 -23 -24 -21 -10
right_child=1 3 -4 4 7 -7 -8 8 25 10 11 12 -14 15 -16 -17 -18 21 -20 24 -22 22 23 -25 -26 -27
leaf_value=0.0010781718997918287 1.0572407600489716e-07 -6.0893062741827463e-14 -1.4964938614899114e-10 -2.2358788237260678e-05 -3.5666450653219799e-05 2.5826859704005051e-06 -0.0010917592183356363 -1.8181071234901236e-14 1.9227105976571636e-09 2.2335449793211094e-12 -1.2716487411208733e-05 -6.7017776308500308e-10 1.4112686407736556e-11 6.4335359208983797e-14 -5.4189532541865794e-10 -7.9838417232881718e-11 7.9024239095647861e-08 0.0010633771284329111 9.3977684671820637e-08 3.0495812017954289e-12 -9.2332069938335132e-10 0.0010627448785566628 0.0010629523253056681 0.0010628391374558827 3.0284366492051821e-12 5.6763740596266879e-08
leaf_weight=212.29999333620071 121.69999819993973 83.499999642372131 141.89999800920486 91.799999296665192 158.5999983549118 90.199999451637268 134.89999651908875 76.899998962879181 102.79999899864197 1194.6999836564064 106.79999935626984 99.299998342990875 105.69999843835831 5629.7999457716942 90.799999117851257 129.49999856948853 364.49999660253525 220.29999285936356 337.09999704360962 92.49999862909317 124.89999783039093 204.59999334812164 3716.9998744726181 246.79999226331711 522.39999455213547 80.89999920129776
leaf_count=169 147 93 165 110 166 94 127 99 124 1505 118 137 137 6604 104 147 435 173 381 113 151 160 2884 194 604 99
internal_value=0.000203233 8.69003e-05 -0.000527457 0.000164674 0.00018166 -0.000808996 0.000442514 0.000203262 -0.00052864 0.000226821 0.000241176 -6.03589e-05 -0.000811697 0.000269206 0.000313869 0.000220333 0.000266139 0.000473168 0.000452535 0.000394509 0.000146226 0.000488703 0.000495608 0.000501513 0.00049317 0.000435318
internal_weight=14482.2 9746.3 1094.2 8652.1 8568.6 182 4735.9 8386.6 260.6 8126 7967.4 676.3 205 7291.1 952.3 5759.3 471.3 4601 1531.8 861.5 246.6 4388.7 4168.4 3963.8 614.9 183.7
internal_count=15240 11533 1284 10249 10156 204 3707 9952 322 9630 9464 827 274 8637 1119 6751 553 3580 1886 1015 298 3411 3238 3078 717 223
is_linear=0
shrinkage=0.0103578


Tree=281
num_leaves=27
num_cat=0
split_feature=30 29 29 30 29 29 12 12 13 1 3 12 3 11 3 11 29 11 29 11 1 29 29 9 3 11
split_gain=3.30216 3.15733 45.1059 1.83295 1.17809 1.02999 0.966953 3.95795 0.648458 1.40538 1.4758 2.39091 1.24105 1.68306 0.452278 0.430569 0.462999 0.580607 0.344107 0.327045 0.761987 0.233649 1.65478 0.335325 0.24094 0.22624
threshold=-118.89915084838866 35.633329391479499 35.626596450805671 -101.70369720458983 41.507749557495124 39.747600555419929 11.808333396911623 12.91458320617676 54.229166030883796 22.947320938110355 1.8499305844306948 1.1395833492279055 3.0039583444595341 16.605555534362797 2.2858333587646489 14.603472232818605 40.405790328979499 19.431249618530277 35.656698226928718 16.049304962158207 22.9970235824585 36.314949035644538 39.002525329589851 257.63194274902349 6.7430555820465097 1.1972222328186037
decision_type=2 2 2 2 2 2 2 2 2 2 2 2 2 2 2 2 2 2 2 2 2 2 2 2 2 2
left_child=5 2 19 4 -3 25 8 -8 21 10 11 -10 14 -14 -12 -11 18 -18 -17 20 -2 23 -23 -5 -24 -1
right_child=1 3 -4 6 -6 -7 7 -9 9 15 12 -13 13 -15 -16 16 17 -19 -20 -21 -22 22 24 -25 -26 -27
leaf_value=0.0010671516183839234 9.125495691483093e-07 -0.0001840372644769627 -1.4809934232563969e-10 2.0494085638760455e-12 -8.5557370739952987e-05 -0.0010763643848321408 -1.7992754677815502e-14 3.8707417379942702e-12 2.2803718539973262e-12 -1.4228560545019044e-05 -1.5587156999887804e-15 -2.3491449961331639e-10 4.7224813740603214e-14 -4.9807708116866447e-10 1.1681223384073466e-13 -7.8130130239974718e-16 3.5448962310824856e-10 -1.9037923734401106e-10 1.1653383550871083e-13 3.3971200936076246e-12 -9.1375709485491835e-10 -0.00016986531209648668 5.1693353265366566e-07 -3.4724002478196127e-15 -4.7258474569237321e-10 0.0010519464960804048
leaf_weight=216.79999303817749 439.99998915195465 101.29999852180481 146.09999823570251 1341.2999812364578 114.49999910593033 155.39999556541443 80.69999885559082 157.89999830722809 108.49999892711639 153.59999859333038 453.3999952673912 84.099999070167542 589.39999431371689 283.29999643564224 855.29999083280563 226.29999667406082 155.39999908208847 96.199998676776886 2974.1999778151512 625.39999336004257 117.19999849796295 92.09999942779541 644.09999269247055 140.79999780654907 96.29999840259552 4272.6998568177223
leaf_count=172 448 111 169 1705 111 146 97 195 125 174 536 101 684 335 1021 279 168 116 3378 728 130 101 803 184 137 3321
internal_value=0.000220113 0.000114729 -0.000355511 0.000186213 -0.000754904 0.000448618 0.000210112 -0.000438682 0.000228855 0.000171718 -2.38136e-05 -0.000891685 5.28313e-05 -0.00024937 0.000254695 0.000300557 0.000324488 -0.00010184 0.000358146 0.000315938 0.000132208 0.000376208 0.00023604 0.000454536 0.000399505 0.000477363
internal_weight=14722.3 10077.4 1328.7 8748.7 215.8 4644.9 8532.9 238.6 8294.3 5979.7 2374 192.6 2181.4 872.7 1308.7 3605.7 3452.1 251.6 3200.5 1182.6 557.2 2314.6 832.5 1482.1 740.4 4489.5
internal_count=15475 11836 1475 10361 222 3639 10139 292 9847 6917 2802 226 2576 1019 1557 4115 3941 284 3657 1306 578 2930 1041 1889 940 3493
is_linear=0
shrinkage=0.0103578


Tree=282
num_leaves=27
num_cat=0
split_feature=29 29 30 29 12 29 2 29 4 30 2 30 30 7 29 11 29 29 3 4 6 6 10 30 11 10
split_gain=3.50519 55.7238 1.26714 1.2901 2.90557 2.66027 3.97793 1.45624 1.05209 0.720948 0.691985 0.652416 1.42876 1.97521 0.55153 0.405426 1.25067 1.23548 0.274356 0.704038 0.756792 1.70813 0.468186 0.241841 0.86488 0.240928
threshold=35.633329391479499 35.626596450805671 -120.45205307006835 36.314949035644538 11.808333396911623 38.308649063110359 -2.7638716697692867 36.579669952392585 3.0914583206176762 -109.12405014038085 3.8298654556274419 -82.058330535888658 -80.748550415039048 0.19791667163372043 39.747600555419929 16.372917175292972 41.317014694213874 40.025205612182624 2.2858333587646489 2.5235416889190678 0.79375001788139354 0.4812499880790711 73.979167938232436 -79.042778015136705 15.347916603088381 13.090277671813967
decision_type=2 2 2 2 2 2 2 2 2 2 2 2 2 2 2 2 2 2 2 2 2 2 2 2 2 2
left_child=1 10 14 4 18 6 -5 -8 -9 -7 23 -11 13 -13 -2 17 -17 -14 19 -4 21 22 -21 -1 -25 -20
right_child=2 -3 3 5 -6 9 7 8 -10 11 -12 12 15 -15 -16 16 -18 -19 25 20 -22 -23 -24 24 -26 -27
leaf_value=1.3645196968765283e-11 0.00104093453434771 -1.4656535360225313e-10 8.8707385458133702e-14 -0.00018173676369289191 -1.7806388672774497e-14 -0.00039467591025012553 4.6327698301467264e-06 -8.4238453380462448e-05 -1.1261018156672456e-05 8.2768949300875518e-08 -5.2681791614184835e-10 2.9204370040478408e-08 -1.5789101431191592e-05 -7.6327415117337469e-10 -0.0010687489196318182 9.0436091976403336e-08 -5.2834211051477915e-10 5.2174516125307126e-07 -7.1922317086125067e-15 1.5368381391053456e-13 1.340244744230826e-13 -6.7697140642491073e-14 -2.0792649020800588e-13 -9.4307088108878873e-09 2.402094922014279e-12 1.1560231186099162e-13
leaf_weight=1262.8999687433243 3552.3998813033104 146.59999799728394 1187.599985897541 103.39999848604202 108.99999874830246 102.29999876022339 251.59999620914459 120.89999794960022 186.99999839067459 1833.899990439415 102.49999797344208 95.399998426437378 87.399998903274536 127.99999791383743 131.39999622106552 375.49999731779099 289.19999647140503 669.39999258518219 86.69999897480011 191.89999771118164 275.09999650716782 88.799998998641968 95.499999165534973 115.09999859333038 279.59999716281891 2693.4999654889107
leaf_count=1161 2764 172 1428 106 136 101 272 113 174 1959 117 126 112 170 122 423 340 790 107 235 335 110 115 145 336 3335
internal_value=0.000228512 -0.00018532 0.000290898 0.00022437 0.000342068 9.31187e-05 -0.000509165 -0.000162457 -0.000640151 0.000204788 0.000326292 0.000230115 7.9971e-05 -0.00068859 0.000452757 0.000201279 1.39246e-05 0.000365143 0.000381641 0.000282695 8.3317e-06 -0.000292765 9.45747e-05 0.000377538 0.000151839 0.000446863
internal_weight=14562.6 1906.7 12655.9 8972.1 4728.1 4244 662.9 559.5 307.9 3581.1 1760.1 3478.8 1644.9 223.4 3683.8 1421.5 664.7 756.8 4619.1 1838.9 651.3 376.2 287.4 1657.6 394.7 2780.2
internal_count=15304 1931 13373 10487 5801 4686 665 559 287 4021 1759 3920 1961 296 2886 1665 763 902 5665 2223 795 460 350 1642 481 3442
is_linear=0
shrinkage=0.0103578


Tree=283
num_leaves=27
num_cat=0
split_feature=30 29 29 30 29 29 29 11 29 6 6 6 29 10 1 11 11 11 30 11 29 29 10 29 3 9
split_gain=3.00115 3.78657 48.0181 1.82765 1.63598 0.794342 2.3588 8.86312 0.786584 0.598597 0.954943 2.30155 3.26533 3.4819 1.07489 2.56342 0.490229 1.13372 0.42 0.950759 1.38996 1.29558 1.21526 0.37063 0.258846 0.245621
threshold=-118.89915084838866 35.633329391479499 35.626596450805671 -101.70369720458983 41.408981323242195 36.314949035644538 38.308649063110359 15.563194751739504 39.309597015380866 1.1020833253860476 0.45208333432674414 0.56458333134651195 35.791999816894538 58.201387405395515 26.041070938110355 21.674304962158207 16.049304962158207 13.810416698455812 -82.058330535888658 16.372917175292972 41.317014694213874 40.025205612182624 51.638889312744148 36.579669952392585 5.0747916698455819 243.92361450195315
decision_type=2 2 2 2 2 2 2 2 2 2 2 2 2 2 2 2 2 2 2 2 2 2 2 2 2 2
left_child=8 2 16 4 -3 9 7 -7 -1 10 -5 12 13 -12 -13 -16 17 -2 -8 21 25 -20 -22 -9 -23 -21
right_child=1 3 -4 5 -6 6 18 23 -10 -11 11 14 -14 -15 15 -17 -18 -19 19 20 22 24 -24 -25 -26 -27
leaf_value=0.0010302687772548165 9.0422453768023789e-07 -8.3365925281876955e-05 -1.4504725368273651e-10 6.2689108380123335e-14 6.6519961151304601e-05 -0.00026940252697422112 8.1911642084784568e-08 4.3691079555761522e-06 -0.0010465421481138568 1.330873933876203e-13 -2.3093703000350212e-14 1.0771919440913088e-13 9.699878222896463e-12 -1.0129968278323429e-14 -6.6995944751136217e-14 7.4784868807534005e-14 3.337052774612395e-12 -9.3330270741409728e-09 -1.1528792961757402e-05 3.6679032347442876e-09 1.1131686830308545e-10 2.8330716497461373e-07 -1.1173735461780369e-09 -3.8124729743144347e-06 -5.0148782427349856e-10 -1.6528809700902174e-11
leaf_weight=4484.5998504161835 429.79998952150345 95.999998331069946 142.99999821186066 1359.399984061718 112.69999903440475 87.899999558925629 1804.1999931335449 167.39999812841415 166.09999519586563 1679.7999796867371 80.399998903274536 1077.5999857783318 140.19999849796295 82.099998772144318 86.499999046325684 143.19999808073044 644.49999302625656 119.69999831914902 84.899998903274536 259.19999819993973 114.89999830722809 720.69999116659164 216.29999709129333 160.9999994635582 82.699998676776886 167.59999829530716
leaf_count=3490 434 110 166 1670 109 95 1918 208 151 2068 100 1346 168 107 107 174 753 129 107 296 145 865 253 156 117 190
internal_value=0.000234204 0.000133555 -0.000379518 0.000212248 -0.000743642 0.000235771 0.000125877 -0.00060985 0.000451822 0.000327055 0.0002383 6.72659e-05 -0.000745393 -0.0017426 0.000255997 -0.00038569 0.000300524 7.22014e-05 0.000214849 9.48089e-05 -0.000174222 0.000324816 -0.000677458 0.000172523 0.000453874 0.000215688
internal_weight=14712.4 10061.7 1337 8724.7 208.7 8516 3866.8 416.3 4650.7 4649.2 2969.4 1610 302.7 162.5 1307.3 229.7 1194 549.5 3450.5 1646.3 758 888.3 331.2 328.4 803.4 426.8
internal_count=15432 11791 1482 10309 219 10090 4350 459 3641 5740 3672 2002 375 207 1627 281 1316 563 3891 1973 884 1089 398 364 982 486
is_linear=0
shrinkage=0.0103578


Tree=284
num_leaves=27
num_cat=0
split_feature=30 30 30 29 29 29 11 30 30 29 9 2 10 11 29 29 0 0 6 30 6 7 2 1 4 29
split_gain=2.91556 3.84719 51.702 1.25658 0.967902 6.69319 10.4848 0.867932 1.55595 0.710006 0.785573 0.9424 0.488338 0.486008 2.24265 2.17004 1.26925 0.388527 0.384388 0.360493 0.339504 0.307555 0.293435 0.433126 0.941156 0.289313
threshold=-118.89915084838866 -79.298500061035142 -79.311107635498033 39.747600555419929 38.308649063110359 36.441598892211921 15.24722194671631 -82.058330535888658 -81.127079010009751 36.314949035644538 297.68750000000006 0.31604553759098059 8.166666507720949 16.453472137451175 41.332025527954109 39.82715034484864 22.8881950378418 23.656250000000004 0.010416666977107527 -80.748550415039048 1.0562499761581423 0.52291664481163036 1.5789467096328738 26.425297737121586 3.4210417270660405 40.186811447143562
decision_type=2 2 2 2 2 2 2 2 2 2 2 2 2 2 2 2 2 2 2 2 2 2 2 2 2 2
left_child=3 2 4 -1 5 -2 -7 18 -9 10 12 -12 -3 15 21 -11 -16 -13 -6 -10 22 -15 -14 24 -24 -21
right_child=1 9 -4 -5 7 6 -8 8 19 13 11 17 20 14 16 -17 -18 -19 -20 25 -22 -23 23 -25 -26 -27
leaf_value=0.0010195974220657932 4.6303020419186458e-06 -7.2115973724281276e-15 -1.4354487799346255e-10 -0.0010468390813189144 -1.4082889180668896e-05 -0.00025838790458612135 1.6180717554314286e-06 -1.1060438561810987e-09 -9.113389075922533e-11 -0.00017997461132365327 -1.9642011202187902e-14 7.0254985755733423e-15 9.5163367150102334e-14 3.5698244982065814e-07 -1.5904346039538256e-09 5.0764161881332962e-07 1.5593836818445555e-11 -4.2469125715793024e-10 8.7792824633216825e-08 -7.5167765462905205e-06 1.2381625824318053e-12 -5.9199086554313184e-08 -1.1364366774440029e-14 1.0899790853254568e-14 2.457345483724282e-12 3.0090771778609229e-09
leaf_weight=4371.3998556733131 534.29998850822449 109.49999892711639 143.29999798536301 141.49999618530273 130.69999903440475 93.599999308586121 140.60000002384186 82.099998474121094 135.29999780654907 88.499999225139618 103.49999886751175 158.69999802112579 1975.3999757766724 286.49999737739563 141.89999777078629 557.4999932050705 92.699998795986176 79.999999046325684 1825.8999899625778 81.299998760223389 1867.7999762892723 98.099999129772186 296.79999577999115 346.49999648332596 356.39999485015869 275.39999783039093
leaf_count=3404 499 133 167 135 137 104 136 113 175 105 123 193 2428 325 169 657 109 98 1959 111 2306 111 376 415 460 334
internal_value=0.0002372 0.000138522 -0.000141795 0.000455772 0.000123108 -0.000198443 -0.00165666 0.000220943 -0.000132555 0.000285692 0.000338383 -0.000140495 0.00037157 6.48045e-05 -0.000142045 0.000263675 -0.000939443 0.000216205 0.000324888 8.7464e-05 0.000387081 0.000343929 0.000317851 0.000172353 1.45656e-05 0.000260763
internal_weight=14515.2 10002.3 3442.5 4512.9 3299.2 768.5 234.2 2530.7 574.1 6559.8 5294.6 342.2 4952.4 1265.2 619.2 646 234.6 238.7 1956.6 492 4842.9 384.6 2975.1 999.7 653.2 356.7
internal_count=15282 11743 3735 3539 3568 739 240 2829 733 8008 6532 414 6118 1476 714 762 278 291 2096 620 5985 436 3679 1251 836 445
is_linear=0
shrinkage=0.0103578


Tree=285
num_leaves=27
num_cat=0
split_feature=30 29 29 29 11 11 30 12 29 29 29 11 10 30 30 11 9 2 29 2 11 3 9 29 11 1
split_gain=3.38577 5.58641 41.9498 2.16648 1.39761 1.38436 1.00054 1.0184 4.19975 0.913301 1.63295 7.22503 0.783113 0.752161 1.79817 1.39764 0.555171 0.725271 1.85447 0.308712 0.25428 0.230125 0.174942 0.146918 0.252454 0.109812
threshold=-112.49425125122069 35.633329391479499 35.626596450805671 40.405790328979499 15.475694656372072 13.292360782623293 -101.70369720458983 11.808333396911623 35.873266220092781 36.314949035644538 38.308649063110359 15.954166889190676 8.166666507720949 -82.462722778320298 -81.127079010009751 16.453472137451175 197.55554962158206 1.5789467096328738 35.703458786010749 1.4005434513092043 0.60069444775581371 2.9904166460037236 311.11805725097662 43.175634384155281 13.959027767181398 25.158332824707035
decision_type=2 2 2 2 2 2 2 2 2 2 2 2 2 2 2 2 2 2 2 2 2 2 2 2 2 2
left_child=3 2 4 20 5 21 -3 9 -9 12 11 -11 -8 23 -15 -16 25 22 -19 -13 -1 -2 -18 24 -12 -14
right_child=1 6 -4 -5 -6 -7 7 8 -10 10 13 19 16 14 15 -17 17 18 -20 -21 -22 -23 -24 -25 -26 -27
leaf_value=0.001023902390290179 8.9373157828751549e-07 -2.8313701935943501e-05 -1.4205806366543061e-10 -0.0010248592483165159 3.301502442146283e-12 -9.2363699335043928e-09 -7.1369008283841678e-15 -1.717930349033909e-14 4.2579122445141899e-08 -0.00019423057274908749 8.733691513000254e-07 4.3201558850207952e-06 2.1933078408013493e-12 -1.2880360083954729e-09 1.2353882793457244e-07 -1.9112922461798034e-10 1.0082690178073639e-13 -9.9073334774535359e-15 5.0686825269442073e-13 -3.7055704769574282e-06 0.0010090365990616376 -8.7304137786953101e-05 1.6346057818122694e-15 1.09998969054088e-07 7.7684413714883471e-08 6.2158183954346982e-15
leaf_weight=206.19999402761459 128.0999983549118 174.399997651577 145.79999816417694 128.19999748468399 626.99999362230301 82.699999272823334 78.299999237060547 75.299998939037323 175.09999799728394 95.299999475479126 313.09999823570251 209.29999852180481 1652.2999778389931 120.79999786615372 809.4999908208847 699.49999165534973 1644.0999806523323 301.99999606609344 643.79999214410782 92.999999105930328 4469.9998502135277 85.399998605251312 150.49999797344208 354.2999951839447 1070.399998664856 116.8999987244606
leaf_count=166 157 186 166 130 734 97 97 97 215 101 337 231 2071 168 965 815 1993 386 796 104 3474 112 183 449 1064 141
internal_value=0.000210399 0.000100349 -0.000606318 0.000435828 0.000209893 -0.000375177 0.000186491 0.000202285 -0.000447359 0.000221839 0.000102098 -0.000524942 0.000319991 0.000176331 1.61962e-05 0.000113964 0.000337913 0.000245173 1.25795e-05 0.000259037 0.000472337 6.45639e-05 0.000367478 0.000326217 0.000277151 0.000481202
internal_weight=14651.3 9846.9 1069 4804.4 923.2 296.2 8777.9 8603.5 250.4 8353.1 3765.2 397.6 4587.9 3367.6 1629.8 1509 4509.6 2740.4 945.8 302.3 4676.2 213.5 1794.6 1737.8 1383.5 1769.2
internal_count=15435 11665 1266 3770 1100 366 10399 10213 312 9901 4234 436 5667 3798 1948 1780 5570 3358 1182 335 3640 269 2176 1850 1401 2212
is_linear=0
shrinkage=0.0103578


Tree=286
num_leaves=27
num_cat=0
split_feature=29 29 29 29 12 7 8 3 9 4 29 11 11 29 6 1 12 1 29 10 12 9 11 11 1 9
split_gain=3.03825 4.08857 22.7393 26.9637 6.25322 1.10311 1.81364 3.54811 5.68927 0.940476 0.913968 1.70846 0.849227 1.6481 0.797806 0.643411 0.687742 1.45389 0.57083 0.509591 1.2272 0.513199 0.454273 1.38736 0.403691 0.302259
threshold=35.79699897766114 35.571500778198249 35.633329391479499 35.626596450805671 10.752083301544191 0.49375000596046453 1.5000000000000002 2.2097916603088383 234.02082824707034 4.2127082347869882 38.94049263000489 -2.2937500476837154 16.372917175292972 40.405790328979499 0.23541666567325595 23.2351188659668 -0.80208334326744068 21.505357742309574 39.747600555419929 73.034721374511733 -1.0770833492279051 293.22221374511724 13.959027767181398 10.086805343627931 20.955654144287113 268.60417175292974
decision_type=2 2 2 2 2 2 2 2 2 2 2 2 2 2 2 2 2 2 2 2 2 2 2 2 2 2
left_child=1 25 3 -3 5 6 7 8 -4 19 11 -2 18 -14 -15 16 24 -18 22 21 -21 -8 23 -12 -16 -1
right_child=10 2 4 -5 -6 -7 9 -9 -10 -11 12 -13 13 14 15 -17 17 -19 -20 20 -22 -23 -24 -25 -26 -27
leaf_value=8.8996092850743081e-12 -3.5101873080908448e-05 -3.2849386482946397e-10 -4.3168138791034263e-14 -1.4058664951661051e-10 -1.7001363079423082e-14 1.7906469413135723e-12 6.0673231874135975e-14 6.7412207309623261e-14 6.297220051452582e-14 -1.0802444078013668e-14 5.6401044231177537e-06 1.7349306694574006e-11 5.3840424769047675e-07 3.5810583373375093e-08 -1.476223177431379e-09 -1.5731590857686992e-11 -1.8914953942377514e-10 -1.1580979029932509e-08 1.3785295802761636e-07 -7.596527188110483e-09 1.7101464872655863e-13 -8.5925534927358238e-15 1.0602488506602431e-06 -1.7574164530745071e-05 -1.3433971894661468e-11 1.6811854099410238e-11
leaf_weight=1083.3999749422073 108.99999761581421 167.89999800920486 79.799999177455902 150.89999800920486 78.299998939037323 755.59998941421509 861.29998880624771 203.49999701976776 83.099998652935028 116.69999849796295 208.39999461174011 6662.5998522043228 652.4999982714653 88.299998998641968 85.599998950958252 174.9999988079071 88.499999105930328 99.999998867511749 1717.899977684021 76.999999165534973 97.999998986721039 193.49999743700027 110.09999978542328 112.79999834299088 159.69999819993973 459.09999012947083
leaf_count=1062 124 195 100 177 99 952 1081 261 107 149 188 6322 653 105 104 192 101 120 2021 96 122 245 109 110 185 449
internal_value=0.000186837 -4.05378e-05 -0.000272047 -0.00287738 5.44831e-05 0.000146341 6.30828e-07 -0.000644653 -0.00178142 0.000176731 0.000284465 0.000354745 0.00014829 -5.50765e-05 -0.000405371 -0.000539156 -0.000752797 -0.00122356 0.000276172 0.000261389 -0.000254237 0.000347425 -5.98241e-05 -0.000257503 -0.000387338 0.00038922
internal_weight=14678.5 4408.1 2865.6 318.8 2546.8 2468.5 1712.9 366.4 162.9 1346.5 10270.4 6771.6 3498.8 1349.6 697.1 608.8 433.8 188.5 2149.2 1229.8 175 1054.8 431.3 321.2 245.3 1542.5
internal_count=15429 5095 3584 372 3212 3113 2161 468 207 1693 10334 6446 3888 1460 807 702 510 221 2428 1544 218 1326 407 298 289 1511
is_linear=0
shrinkage=0.0103578


Tree=287
num_leaves=27
num_cat=0
split_feature=30 30 30 12 0 11 0 30 11 4 30 30 30 9 11 9 4 4 4 4 3 30 9 5 30 30
split_gain=3.74391 2.67525 51.7107 3.19959 6.03435 0.854709 1.06624 0.96777 0.720741 0.943643 0.696338 0.430602 1.13867 0.410144 0.537374 0.348161 1.08025 1.70807 0.822821 2.11448 1.40296 5.51972 0.620002 0.398308 0.313483 0.278823
threshold=-118.89915084838866 -79.298500061035142 -79.311107635498033 11.808333396911623 16.973610877990726 14.085416793823244 20.486804962158207 -86.99761581420897 17.288194656372074 4.3485417366027841 -99.428070068359361 -97.264274597167955 -109.12405014038085 192.68054962158206 1.8944444656372073 257.63194274902349 2.9631249904632573 3.1216666698455815 2.648749947547913 2.5685416460037236 2.0734027624130253 -79.139472961425767 266.11805725097662 0.70546621084213268 -80.461536407470689 -78.577270507812486
decision_type=2 2 2 2 2 2 2 2 2 2 2 2 2 2 2 2 2 2 2 2 2 2 2 2 2 2
left_child=-1 2 5 15 -5 6 11 -7 -9 24 -8 12 -2 14 -13 18 -17 -18 19 20 -3 -22 -19 -24 -10 -20
right_child=1 3 -4 4 -6 7 10 8 9 -11 -12 13 -14 -15 -16 16 17 22 25 -21 21 -23 23 -25 -26 -27
leaf_value=0.00099846909078812906 0.00020864387255343874 1.1264865807805293e-13 -1.3913047603446911e-10 3.8297364362715905e-12 -3.7888035546590919e-10 2.3929142177565484e-06 -7.5735228514339876e-05 5.1861382483336483e-09 -2.5437821436310491e-10 -1.2594042646416592e-09 -5.8837103651995047e-05 8.6535287496433033e-07 -3.2862450670433113e-05 6.9269839707616378e-07 -3.4788740236079703e-06 7.1351780899199513e-14 -2.0663838849982736e-12 -3.6743178066681481e-10 2.2411015409413814e-12 -4.6042277769876112e-10 -2.2187044913258736e-14 4.8588245306136013e-12 7.3431326442913301e-15 -3.2479770263230413e-10 3.1362992312861683e-09 6.1101279042158156e-10
leaf_weight=4534.1998496055603 221.6999933719635 1035.9999897480011 141.49999803304672 112.59999853372574 87.099999070167542 1059.6999970078468 157.29999804496765 341.29999727010727 342.89999866485596 90.39999920129776 103.19999992847443 118.39999836683273 154.49999833106995 435.6999951004982 173.3999981880188 849.99999034404755 127.99999892711639 144.79999816417694 2676.7999643087387 85.699998676776886 83.399998784065247 203.49999749660492 546.69999235868454 130.89999884366989 131.69999879598618 602.79999440908432
leaf_count=3552 183 1228 167 142 105 1035 151 405 367 108 106 162 167 549 206 1030 156 176 3344 105 106 237 685 157 159 688
internal_value=0.000209253 9.87399e-05 -0.000134458 0.00021985 -0.00106928 0.000126471 -7.24743e-05 0.000264714 1.56973e-05 -0.000210783 -0.000667903 6.79508e-05 -0.000215789 0.000215309 -8.39402e-05 0.00025968 0.000136761 -0.000102812 0.000306773 9.69461e-05 0.000199604 -0.0004401 7.02216e-05 0.000202208 -2.46179e-05 0.000396733
internal_weight=14694.2 10160 3471.7 6688.3 199.7 3330.2 1364.2 1966 906.3 565 260.5 1103.7 376.2 727.5 291.8 6488.6 1800.4 950.4 4688.2 1408.6 1322.9 286.9 822.4 677.6 474.6 3279.6
internal_count=15476 11924 3765 8159 247 3598 1524 2074 1039 634 257 1267 350 917 368 7912 2204 1174 5708 1676 1571 343 1018 842 526 4032
is_linear=0
shrinkage=0.0103578


Tree=288
num_leaves=27
num_cat=0
split_feature=29 29 30 29 29 0 10 29 30 11 29 6 3 29 11 11 3 2 10 5 2 29 30 11 30 12
split_gain=3.63319 58.34 1.55863 1.34202 2.96202 4.75381 1.02122 0.693652 0.588488 0.788805 2.90303 0.981235 1.15213 0.78107 0.643626 1.35157 0.56669 1.80922 1.18101 1.38971 0.473181 0.410982 0.39641 1.32171 0.354422 0.266327
threshold=35.633329391479499 35.626596450805671 -120.45205307006835 36.314949035644538 38.308649063110359 19.347916603088382 6.0069444179534921 36.579669952392585 -109.12405014038085 16.372917175292972 40.405790328979499 0.33125001192092901 3.0886110067367558 39.79341125488282 14.390972137451174 12.386805534362795 2.2858333587646489 4.5953156948089608 82.006942749023452 0.55039998888969432 3.8298654556274419 39.747600555419929 -78.987926483154283 15.347916603088381 -97.627079010009751 11.360416889190676
decision_type=2 2 2 2 2 2 2 2 2 2 2 2 2 2 2 2 2 2 2 2 2 2 2 2 2 2
left_child=1 20 21 6 5 -5 -4 -7 -6 13 -11 -12 -13 14 15 -10 17 18 -8 -20 22 -2 -1 -24 -9 -18
right_child=2 -3 3 4 8 7 16 24 9 10 11 12 -14 -15 -16 -17 25 -19 19 -21 -22 -23 23 -25 -26 -27
leaf_value=1.3564338809650968e-11 0.00098823942447777533 -1.3768938535867799e-10 -2.9830988201110435e-14 -0.00017609865553928024 -0.00036863310496805876 4.4910846414557949e-06 1.1148186173390439e-13 9.4329612228499784e-06 6.9484011824247486e-06 7.4446740330881249e-07 2.6093207320305092e-09 -4.6604293497162721e-10 -1.9208807641936735e-08 2.3525347230630756e-07 2.6364262718095881e-06 -1.9507828698720229e-05 1.1048484562959373e-13 -1.7706407225558189e-14 9.6309434743771331e-13 -1.2248579765157758e-13 -3.2143350124291319e-10 -0.0010209027805552422 -9.1334928431927541e-09 5.179027092348139e-12 -4.2763829187319708e-05 -3.7495597481930609e-10
leaf_weight=1303.3999682664871 3550.6998810768127 153.09999787807465 86.099998950958252 175.29999613761902 106.59999889135361 210.69999712705612 1457.7999826073647 123.49999809265137 167.29999893903732 966.99999797344208 118.09999859333038 389.3999959230423 164.899997651577 1464.699982881546 147.70000004768372 92.199999928474426 2748.499963760376 119.19999861717224 121.69999879598618 83.399999141693115 103.69999796152115 132.09999626874924 92.199999034404755 233.39999783039093 120.40000009536743 81.299999117851257
leaf_count=1210 2759 179 99 167 106 241 1764 111 183 970 143 444 201 1769 151 94 3409 146 145 102 117 125 112 284 118 101
internal_value=0.000231333 -0.000192562 0.000294672 0.000220728 8.71596e-05 -0.000567852 0.000341382 -7.49473e-06 0.000201389 0.00022452 5.82915e-05 -0.000463884 -0.000646714 0.000369815 -3.04651e-05 -0.000341894 0.00036234 0.000217098 0.000305756 -0.000428298 0.000349557 0.000474111 0.000392872 6.79378e-05 -0.000384048 0.000453597
internal_weight=14514.4 1885.8 12628.6 8945.8 4247.8 629.9 4698 454.6 3617.9 3511.3 1639.4 672.4 554.3 1871.9 407.2 259.5 4611.9 1782.1 1662.9 205.1 1732.7 3682.8 1629 325.6 243.9 2829.8
internal_count=15250 1902 13348 10464 4698 637 5766 470 4061 3955 1758 788 645 2197 428 277 5667 2157 2011 247 1723 2884 1606 396 229 3510
is_linear=0
shrinkage=0.0103578


Tree=289
num_leaves=27
num_cat=0
split_feature=30 29 29 30 29 10 29 29 29 11 3 2 10 5 9 4 13 11 11 29 29 30 29 12 30 11
split_gain=3.1299 3.83488 46.254 2.68141 2.58618 0.973617 0.862454 0.80888 1.87602 6.58097 0.877809 3.21664 0.647602 1.26786 0.638295 1.18529 0.452934 0.41812 0.760211 1.24742 0.331345 0.438111 0.30249 0.266455 0.143158 0.11248
threshold=-118.89915084838866 35.633329391479499 35.626596450805671 -101.70369720458983 41.507749557495124 6.0069444179534921 39.747600555419929 36.314949035644538 38.115749359130866 15.741666793823244 2.2910416126251225 4.5953156948089608 80.673610687255874 0.53169137239456188 265.31250000000006 3.2806249856948857 111.28333282470705 12.793749809265138 13.390972614288332 40.443843841552741 39.79341125488282 -96.026279449462876 36.579669952392585 11.808333396911623 -78.577270507812486 1.1972222328186037
decision_type=2 2 2 2 2 2 2 2 2 2 2 2 2 2 2 2 2 2 2 2 2 2 2 2 2 2
left_child=6 2 14 4 -3 -5 25 10 9 -9 11 12 16 -14 24 -16 -7 20 -19 -20 21 -10 -11 -12 -2 -1
right_child=1 3 -4 5 -6 7 -8 8 17 22 23 -13 13 -15 15 -17 -18 18 19 -21 -22 -23 -24 -25 -26 -27
leaf_value=0.00099341534253879105 5.6212578190925109e-12 -0.00017637508221033722 -1.3626322126400012e-10 -2.9522003712797431e-14 6.9025596945468233e-05 1.1598969017604128e-13 -0.0010251498328204287 -0.00025702636006369299 2.2592970777244171e-05 4.2288903188305312e-06 1.3789312965063871e-13 -1.8526883072443139e-14 1.5846790562429537e-12 -4.1154116388934616e-13 1.9615361200416796e-11 -9.0388896207437131e-09 6.0426183863743521e-14 -1.2176310593840071e-05 7.4994791890956715e-07 -8.5363805947615469e-11 6.1130936918969067e-07 -7.5345546727175112e-06 -3.391548001411877e-06 -3.7107224226447459e-10 1.680603639854207e-09 0.00097800716176289163
leaf_weight=234.99999260902405 756.59998786449432 101.49999862909317 147.69999819993973 97.699999213218689 115.69999897480011 1059.5999872684479 135.79999643564224 85.699999570846558 94.699999690055847 157.39999800920486 2679.1999650597572 108.59999853372574 168.09999823570251 95.799999117851257 202.29999643564224 158.49999779462814 431.69999599456787 106.89999896287918 1228.8999970555305 1084.0999867916107 767.69999122619629 98.599999308586121 104.19999986886978 82.199999034404755 94.399998843669891 4142.8998617529869
leaf_count=186 818 115 171 115 111 1286 128 91 93 198 3346 138 197 116 199 185 517 123 1249 1287 963 116 102 100 116 3221
internal_value=0.000228805 0.000126782 -0.000384473 0.000207034 -0.000927464 0.000236301 0.000455324 0.000248382 0.000134639 -0.000589382 0.000339948 0.000165834 0.000273253 -0.000198345 0.000283211 -8.08108e-05 0.000357033 0.000209224 0.000136313 0.000175988 0.000392195 6.64382e-06 0.000226753 0.000457255 0.000437991 0.000480588
internal_weight=14541.5 10027.8 1359.5 8668.3 217.2 8451.1 4513.7 8353.4 3728.2 347.3 4625.2 1863.8 1755.2 263.9 1211.8 360.8 1491.3 3380.9 2419.9 2313 961 193.3 261.6 2761.4 851 4377.9
internal_count=15287 11752 1489 10263 226 10037 3535 9922 4222 391 5700 2254 2116 313 1318 384 1803 3831 2659 2536 1172 209 300 3446 934 3407
is_linear=0
shrinkage=0.0103578


Tree=290
num_leaves=27
num_cat=0
split_feature=29 29 30 10 29 29 29 11 4 2 29 11 6 11 29 29 11 10 1 13 11 29 29 12 2 30
split_gain=2.8887 51.1353 1.3142 1.05391 1.67181 0.945439 1.70409 2.84547 0.509142 2.35061 0.476443 0.436912 1.34356 0.37633 1.55126 0.821228 0.903898 0.976402 0.659136 0.396047 0.367421 0.638928 0.360802 0.348092 0.332588 0.341755
threshold=35.633329391479499 35.626596450805671 -120.26449966430663 19.993055343627933 35.791999816894538 36.314949035644538 38.115749359130866 14.754166603088381 2.8060417175292973 3.9155926704406743 39.616733551025398 21.422916412353519 0.64791664481163036 16.372917175292972 39.82715034484864 39.79341125488282 13.810416698455812 53.965276718139656 20.107440948486332 80.424999237060561 13.959027767181398 36.797445297241218 36.579669952392585 11.360416889190676 3.6577250957489018 -78.987926483154283
decision_type=2 2 2 2 2 2 2 2 2 2 2 2 2 2 2 2 2 2 2 2 2 2 2 2 2 2
left_child=1 24 10 4 -4 8 7 -7 9 11 -2 -5 -13 15 -15 16 17 -8 -16 -20 21 -6 -9 -10 25 -1
right_child=2 -3 3 5 20 6 13 22 23 -11 -12 12 -14 14 18 -17 -18 -19 19 -21 -22 -23 -24 -25 -26 -27
leaf_value=1.3108161577734281e-11 0.00096776105154100153 -1.3485182914335386e-10 -2.1124930947683854e-14 9.3670492794659309e-13 4.6401831489356935e-12 -0.00016050235978805683 3.3791054675120584e-07 4.1850881662178726e-06 2.1432593964050096e-12 -1.7331108741071247e-14 -0.0010107318773377102 -2.3737830508234608e-14 6.8832135471749647e-14 1.1201986061308021e-06 -1.288807645052283e-09 1.5807140711385447e-07 1.1624626256179886e-06 -1.4465652631498954e-05 3.4489118422912458e-10 -4.8366079068737237e-10 1.7712777221622694e-10 -8.1788910086761822e-05 -3.6406793202910728e-06 -3.6722873677513986e-10 -2.2448080792973045e-10 3.0400447817032354e-12
leaf_weight=1294.9999680519104 3486.199883043766 142.69999802112579 144.59999817609787 1081.0999870300293 182.89999711513519 191.09999620914459 136.29999983310699 171.59999805688858 2675.6999643445015 135.79999804496765 143.19999557733536 99.199999153614044 380.99999630451202 767.39999860525131 100.19999897480011 1429.1999828219414 150.49999994039536 89.299999058246613 119.89999848604202 567.39999490976334 161.6999990940094 193.3999969959259 115.1999996304512 81.299998879432678 113.09999793767929 334.29999613761902
leaf_count=1200 2710 165 182 1319 193 175 139 210 3325 168 130 118 456 780 120 1730 151 103 141 640 165 194 118 101 127 413
internal_value=0.000237342 -0.000140643 0.000293911 0.000226535 -0.000164189 0.000258759 0.000139405 -0.000438682 0.00036148 0.000219731 0.000460341 0.000333736 7.25907e-05 0.000221809 0.000103243 0.000323631 -0.000105989 -0.000521143 -0.000219288 -0.000103814 0.000101149 -7.54259e-05 0.000212636 0.000448519 0.000348116 0.000385904
internal_weight=14489.3 1885.1 12604.2 8974.8 682.6 8292.2 3838.1 477.9 4454.1 1697.1 3629.4 1561.3 480.2 3360.2 1554.9 1805.3 376.1 225.6 787.5 687.3 538 376.3 286.8 2757 1742.4 1629.3
internal_count=15273 1905 13368 10528 734 9794 4307 503 5487 2061 2840 1893 574 3804 1681 2123 393 242 901 781 552 387 328 3426 1740 1613
is_linear=0
shrinkage=0.0103578


Tree=291
num_leaves=27
num_cat=0
split_feature=29 29 29 2 9 11 29 30 29 29 13 2 2 9 30 11 29 29 11 11 2 29 29 29 2 13
split_gain=4.52659 7.88301 47.9807 3.72354 4.17804 4.55338 1.56253 1.40286 1.41738 2.63974 4.4086 3.53282 1.01729 1.83786 0.767366 0.532546 2.1689 0.92763 0.749081 1.86438 0.700557 0.663675 0.480308 0.461675 0.329052 0.327193
threshold=35.710405349731452 35.626596450805671 35.633329391479499 5.2317416667938241 291.38890075683599 13.7409725189209 35.703458786010749 -120.45205307006835 36.314949035644538 38.115749359130866 79.847915649414077 -0.20288561284542081 -3.4380823373794551 141.19444274902347 -109.12405014038085 16.372917175292972 41.720960617065437 39.79341125488282 13.959027767181398 11.064583301544191 -0.17314958572387693 39.82715034484864 36.504644393920906 39.616733551025398 3.6577250957489018 110.93125152587892
decision_type=2 2 2 2 2 2 2 2 2 2 2 2 2 2 2 2 2 2 2 2 2 2 2 2 2 2
left_child=1 24 -3 4 6 -6 12 23 -9 10 11 -10 13 -4 -11 17 21 18 19 -16 -18 -17 -12 -2 -1 -24
right_child=7 2 3 -5 5 -7 -8 8 9 14 22 -13 -14 -15 15 16 20 -19 -20 -21 -22 -23 25 -25 -26 -27
leaf_value=8.7429326546458956e-12 0.00095773714112597523 -1.3592771780572004e-10 2.7857226222267743e-12 -1.7505114373403657e-14 3.4529496032213619e-15 -1.1872475557406034e-14 -9.0307158430357096e-15 2.367449336447071e-12 -0.00016994996044419243 -0.000354198166931943 4.1417397086721208e-06 -2.6241633965464555e-05 1.0898831438097631e-13 -2.090612237401164e-14 5.7304144308044368e-06 1.5786464433279231e-06 -8.5000037912328543e-10 1.9573468090406376e-07 2.5162772171998386e-06 -1.9325578240291761e-05 -4.8978017208843218e-10 -6.1506330601155039e-11 -0.0001112170168711672 -0.0009929256583120973 -2.2215567249986643e-10 5.3839340530994611e-06
leaf_weight=1646.7999639511108 3500.1998828053474 161.79999774694443 102.39999830722809 82.399998903274536 96.699998676776886 79.599998891353607 103.7999981045723 3043.7999631166458 96.699998497962952 104.09999871253967 194.89999711513519 110.89999693632126 1150.6999843120575 79.299998879432678 135.8999987244606 825.19999843835831 82.599998772144318 1467.8999819159508 181.8999999165535 94.899999618530273 176.39999771118164 543.79999536275864 102.79999905824661 138.59999591112137 116.89999788999557 113.49999856948853
leaf_count=1620 2720 188 134 106 121 100 144 3662 99 103 215 99 1463 101 149 836 102 1779 181 101 216 610 98 126 133 107
internal_value=0.000198166 -0.00011911 -0.000590174 -7.46191e-05 3.52162e-05 -0.00146667 0.000220378 0.000303451 0.000220264 9.74932e-05 -0.000527106 -0.00175541 0.000316099 -0.00040202 0.00020466 0.000230788 9.32349e-05 0.000349577 -8.33192e-05 -0.000475407 -0.000774516 0.000257964 9.35588e-05 0.000469597 0.000376585 -0.000240924
internal_weight=14534.5 3620.4 1856.7 1694.9 1612.5 176.3 1436.2 10914.1 7275.3 4231.5 618.8 207.6 1332.4 181.7 3612.7 3508.6 1628 1880.6 412.7 230.8 259 1369 411.2 3638.8 1763.7 216.3
internal_count=15313 4110 2357 2169 2063 221 1842 11203 8357 4695 618 198 1698 235 4077 3974 1764 2210 431 250 318 1446 420 2846 1753 205
is_linear=0
shrinkage=0.0103578


Tree=292
num_leaves=27
num_cat=0
split_feature=30 30 30 29 7 8 2 6 4 29 29 1 30 29 11 29 29 12 29 11 11 29 29 7 3 3
split_gain=4.11134 3.31271 6.82046 36.1239 3.28942 3.15719 2.18629 2.85532 2.60319 0.85171 2.90861 2.29688 1.43661 0.494543 0.566264 1.65616 1.23779 0.585037 0.465821 0.348445 1.06704 1.00504 0.252682 0.285952 0.590098 1.06259
threshold=-120.45205307006835 -79.16057968139647 -79.408752441406236 35.633329391479499 0.47291666269302374 1.0000000180025095e-35 3.9155926704406743 1.4937499761581423 4.2641665935516366 36.441598892211921 38.308649063110359 22.280357360839847 -109.12405014038085 36.314949035644538 16.372917175292972 39.82715034484864 40.025205612182624 -1.3062499761581419 39.747600555419929 12.793749809265138 13.959027767181398 41.720960617065437 35.97705268859864 0.23125000298023227 2.0910416841506962 2.2910416126251225
decision_type=2 2 2 2 2 2 2 2 2 2 2 2 2 2 2 2 2 2 2 2 2 2 2 2 2 2
left_child=18 2 9 -4 5 -5 7 8 -7 -2 11 -11 -12 22 15 -15 -16 -18 -1 -14 -21 -22 23 24 -3 -26
right_child=1 13 3 4 -6 6 -8 -9 -10 10 12 -13 19 14 16 -17 17 -19 -20 20 21 -23 -24 -25 25 -27
leaf_value=0.00094793151828722754 5.1790824018046594e-06 2.2470881136761761e-12 -1.3204713896025853e-10 -2.4620841052849238e-14 1.7941081222225043e-12 4.3390854921890296e-14 -1.7323799266741337e-14 -1.1749502400754885e-14 -5.3852125821835545e-14 -0.00011006504923208115 -0.00097567298071511482 -2.1041048893699935e-06 5.4094478066483913e-07 -0.00016818964659831356 2.9811135314373081e-06 9.9269002824261639e-08 -4.0317786662627105e-10 -5.1844784606511215e-09 -0.00098264109702307515 -1.3496766392548808e-05 6.3813102448731361e-09 -1.4305518111394897e-09 2.5874780036533343e-11 2.5012395543753655e-12 -2.4622184298107268e-14 2.0514810572496979e-12
leaf_weight=3893.1998699903488 838.79997849464417 504.69999474287033 159.69999766349792 130.19999802112579 554.29999214410782 650.19999068975449 133.19999819993973 82.399998843669891 85.099998772144318 160.89999639987946 114.19999861717224 200.89999812841415 741.69999188184738 90.299999356269836 270.09999746084213 590.29999315738678 168.49999809265137 173.09999841451645 125.39999622106552 133.49999910593033 1304.9999975562096 257.29999607801437 793.5999920964241 1270.6999834775925 240.39999711513519 956.49998849630356
leaf_count=3028 726 599 187 170 707 830 170 108 113 151 112 189 903 105 317 687 191 191 116 155 1342 327 950 1557 296 1177
internal_value=0.000188937 8.1974e-05 -9.2768e-05 -0.000617803 -0.000157583 -0.000490323 -0.000282108 -8.06882e-05 0.000124209 0.000158352 7.44096e-05 -0.000793754 0.000197819 0.000273688 9.83363e-05 0.000303958 -0.000129828 -0.000544258 0.000471068 0.000251225 0.000168824 0.000245046 0.000333726 0.000289441 0.000201047 7.52908e-05
internal_weight=14624.2 10605.6 5547.4 1795.1 1635.4 1081.1 950.9 817.7 735.3 3752.3 2913.5 361.8 2551.7 5058.2 1292.3 680.6 611.7 341.6 4018.6 2437.5 1695.8 1562.3 3765.9 2972.3 1701.6 1196.9
internal_count=15404 12260 6190 2285 2098 1391 1221 1051 943 3905 3179 340 2839 6070 1491 792 699 382 3144 2727 1824 1669 4579 3629 2072 1473
is_linear=0
shrinkage=0.0103578


Tree=293
num_leaves=27
num_cat=0
split_feature=30 29 29 30 29 29 9 29 9 9 4 3 8 10 29 29 13 2 4 2 12 9 9 1 30 1
split_gain=4.70844 3.64465 53.0023 1.78244 1.71794 1.23735 1.19435 0.854034 2.95804 3.24681 2.26679 3.45931 6.19961 0.973293 0.748336 2.41568 5.49248 0.761697 0.688827 0.624014 0.524867 0.405692 0.437822 0.425243 0.302931 0.432552
threshold=-118.89915084838866 35.633329391479499 35.626596450805671 -101.70369720458983 41.372816085815437 39.309597015380866 329.43750000000006 35.791999816894538 291.38890075683599 296.49305725097662 2.5564583539962773 1.969375014305115 1.5000000000000002 18.770833969116214 36.314949035644538 38.308649063110359 84.206253051757827 1.4005434513092043 2.0189583301544194 3.6577250957489018 7.0187501907348642 257.63194274902349 265.31250000000006 23.491964340209964 -94.668254852294908 19.394941329956058
decision_type=2 2 2 2 2 2 2 2 2 2 2 2 2 2 2 2 2 2 2 2 2 2 2 2 2 2
left_child=5 2 19 4 -3 -1 7 8 10 -10 11 18 -13 -12 21 16 -16 -18 -5 -2 -15 -9 -23 -24 -17 -26
right_child=1 3 -4 6 -6 -7 -8 14 9 -11 13 12 -14 20 15 24 17 -19 -20 -21 -22 22 23 -25 25 -27
leaf_value=0.00093811460969287852 5.4150801723020584e-12 -0.00017337445644115517 -1.3067941632935642e-10 -7.2598956207736709e-15 6.1238297006314547e-05 -0.00098359990684585789 -4.7856112345028662e-16 4.5864737369936533e-12 -1.1627802979912548e-14 -2.0163057023622646e-14 -2.8223077375009559e-14 -4.4899787783868707e-14 3.8882098706425591e-12 1.2518430056091631e-13 -0.00018490743298648046 2.5635178661597236e-06 4.0679623613576207e-06 -3.3223933331463205e-05 9.4448317945536769e-14 -6.0511354397880042e-10 -1.7144362192247372e-14 -2.0859154049728485e-12 -3.6347081224297377e-10 6.5272619309673683e-12 6.0601989808121076e-08 8.8837758423823162e-11
leaf_weight=4363.4998546242714 1082.199983716011 99.699998617172241 157.49999791383743 174.89999800920486 116.39999908208847 164.79999524354935 88.199999213218689 1674.3999809622765 88.599998772144318 147.99999809265137 77.299999117851257 121.19999849796295 96.099998593330383 1211.5999834537506 83.099999189376831 859.19999873638153 210.99999910593033 97.699999332427979 275.19999611377716 91.599998533725739 127.19999802112579 78.999999463558197 204.09999686479568 280.79999738931656 993.79998677968979 1531.7999879717827
leaf_count=3395 1184 115 181 219 112 150 100 2006 112 186 95 150 123 1544 95 836 226 107 346 108 166 88 257 328 1268 1736
internal_value=0.00017445 4.86038e-05 -0.000455684 0.000126387 -0.000800947 0.000451409 0.000150281 0.000163042 -5.59852e-06 -0.00110185 0.000118954 -0.000378194 -0.00144976 0.000353612 0.000228155 0.000139002 -0.000630111 6.50916e-06 0.000139379 0.000302077 0.000419144 0.000378319 0.000136786 0.000253989 0.000228243 0.00017073
internal_weight=14498.9 9970.6 1331.3 8639.3 216.1 4528.3 8423.2 8335 2320.1 236.6 2083.5 667.4 217.3 1416.1 6014.9 3776.6 391.8 308.7 450.1 1173.8 1338.8 2238.3 563.9 484.9 3384.8 2525.6
internal_count=15233 11688 1473 10215 227 3545 9988 9888 2941 298 2643 838 273 1805 6947 4268 428 333 565 1292 1710 2679 673 585 3840 3004
is_linear=0
shrinkage=0.0103578


Tree=294
num_leaves=27
num_cat=0
split_feature=30 29 29 29 30 29 29 11 10 2 1 7 11 11 9 12 10 29 11 30 11 4 29 29 11 11
split_gain=4.23653 6.19386 55.0027 1.91071 1.4414 2.07937 6.82036 14.0704 3.09212 1.82496 1.57546 1.51515 0.905725 1.22599 0.769599 1.84477 0.369479 0.533521 2.0091 0.31473 0.561842 0.773839 0.605104 0.285152 0.224162 0.941523
threshold=-117.08349990844725 35.633329391479499 35.626596450805671 39.747600555419929 -79.11110687255858 38.308649063110359 36.314949035644538 14.184027671813967 18.479166030883793 5.2317416667938241 22.597320556640629 0.49375000596046453 15.475694656372072 13.292360782623293 295.60417175292974 2.2104166746139531 56.104166030883796 40.405790328979499 16.372917175292972 -94.668254852294908 16.756944656372074 4.3485417366027841 39.79341125488282 34.860479354858406 14.838194370269777 12.461805343627931
decision_type=2 2 2 2 2 2 2 2 2 2 2 2 2 2 2 2 2 2 2 2 2 2 2 2 2 2
left_child=3 2 12 -1 5 6 8 -8 -3 10 -10 -12 13 23 16 -16 -6 -18 -19 24 22 -22 -21 -2 25 -7
right_child=1 4 -4 -5 14 19 7 -9 9 -11 11 -13 -14 -15 15 -17 17 18 -20 20 21 -23 -24 -25 -26 -27
leaf_value=0.0009284030878267957 -8.9981832046361854e-05 -2.7930747363595084e-14 -1.3179852216004679e-10 -0.0009698785994151117 8.5763533102616337e-12 2.6488766940576948e-05 -0.00023353341012077571 2.8717395089301321e-06 8.3542154635512069e-14 -1.6966783697572253e-14 -7.1846988113864739e-15 1.7164564902270969e-12 5.3589916590777338e-12 -8.9454656665407953e-09 9.3124850407983488e-11 -3.5970604112039234e-10 3.6022953533370645e-12 3.8912117513759819e-08 -1.9773799895822116e-09 -2.6289289690138036e-06 9.3491440266888929e-11 -1.9276435592307147e-08 1.0330259082917458e-07 8.8450352720581593e-07 2.5369653681057997e-06 -1.2087508932963123e-05
leaf_weight=4586.3998472690582 83.599998235702515 93.19999885559082 149.69999784231186 137.2999963760376 1412.9999849796295 274.69999843835831 99.599999189376831 169.29999965429306 996.69998639822006 110.29999834299088 637.69999140501022 334.999995470047 652.99999344348907 96.499998986721039 165.0999983549118 90.899999141693115 1567.3999828696251 280.69999676942825 165.49999761581421 125.7999991774559 472.59999698400497 111.99999868869781 841.79998970031738 154.49999761581421 643.69999867677689 104.19999992847443
leaf_count=3568 94 120 175 133 1668 271 110 171 1277 143 817 418 756 111 195 107 1878 339 187 136 532 136 1080 193 623 102
internal_value=0.000194818 7.23205e-05 -0.000646251 0.000449774 0.000166348 5.20029e-05 -0.000164417 -0.00171874 2.81377e-05 0.000111255 0.00018418 -0.000112004 0.000241495 -0.000195599 0.000321968 -0.000224436 0.000362943 0.00027224 -4.28753e-05 0.000257398 0.000163892 -8.90228e-05 0.000317094 0.000202427 0.000398751 0.000196648
internal_weight=14560.2 9836.5 1137.3 4723.7 8699.2 5016.6 2441.8 268.9 2172.9 2079.7 1969.4 972.7 987.6 334.6 3682.6 256 3426.6 2013.6 446.2 2574.8 1552.2 584.6 967.6 238.1 1022.6 378.9
internal_count=15340 11639 1329 3701 10310 5936 3056 281 2775 2655 2512 1235 1154 398 4374 302 4072 2404 526 2880 1884 668 1216 287 996 373
is_linear=0
shrinkage=0.0103578


Tree=295
num_leaves=27
num_cat=0
split_feature=30 29 29 29 9 5 11 11 30 29 29 11 2 7 8 9 7 0 7 5 29 11 11 30 30 0
split_gain=3.73369 5.39852 45.3446 1.9855 1.63626 1.79818 0.921449 1.55951 0.794325 1.06255 5.11259 8.80402 2.07733 0.926475 2.42778 0.419499 0.644376 0.827697 0.555799 0.646312 0.448547 1.29631 0.825782 0.304339 0.471815 1.07939
threshold=-117.08349990844725 35.633329391479499 35.626596450805671 39.747600555419929 322.84028625488287 0.42822523415088659 16.049304962158207 13.7409725189209 -79.11110687255858 38.308649063110359 36.314949035644538 14.936110973358156 5.2317416667938241 0.47291666269302374 1.0000000180025095e-35 257.63194274902349 0.035416668280959136 27.049305915832523 0.11458333209156991 0.37171608209609991 41.191854476928718 16.372917175292972 18.121527671813968 -82.058330535888658 -80.748550415039048 21.727083206176761
decision_type=2 2 2 2 2 2 2 2 2 2 2 2 2 2 2 2 2 2 2 2 2 2 2 2 2 2
left_child=3 2 6 -1 8 -6 7 -2 9 10 12 -12 13 14 -3 20 -17 18 -18 -20 -10 -22 -23 -11 25 -25
right_child=1 4 -4 -5 5 -7 -8 -9 15 23 11 -13 -14 -15 -16 16 17 -19 19 -21 21 22 -24 24 -26 -27
leaf_value=0.00091878684075155778 8.7531231264647301e-07 -7.7726019475429e-15 -1.2796071284656059e-10 -0.00096336609653363244 -1.1043003901145994e-12 9.980690021282907e-11 4.201629372430761e-12 -8.8528099987813617e-09 3.9034496274785983e-12 1.0952224357262092e-07 -0.00018178667234541008 2.8419945015990648e-06 -1.6791044531850728e-14 1.7331761113447533e-12 9.5015330365235348e-15 1.1801609459783819e-11 -7.5141405958232099e-09 5.0504185973839676e-12 3.4803477198694564e-12 -4.2532305989717708e-10 3.8509072175867963e-08 -1.4442442676862211e-09 9.597823617886318e-11 4.5115880252401674e-10 2.8735682536425778e-09 -3.1695238167703965e-10
leaf_weight=4701.5998427867889 248.69999599456787 170.99999761581421 142.29999798536301 131.19999653100967 100.89999860525131 109.79999887943268 604.69999432563782 104.19999915361404 2229.0999755263329 1901.5999902486801 94.499999284744263 142.99999922513962 110.59999859333038 646.09999144077301 1202.2999840378761 382.59999507665634 85.999999105930328 142.49999886751175 140.39999806880951 99.099998652935028 352.59999614953995 89.799998581409454 115.39999878406525 149.49999749660492 368.09999597072601 80.299998581409454
leaf_count=3658 295 220 165 124 115 118 703 122 2663 2036 107 144 140 811 1533 464 100 157 174 121 412 106 130 205 467 103
internal_value=0.000207924 9.18206e-05 -0.000591693 0.000443597 0.000178165 -0.000721894 0.000219869 -0.000199685 0.00020056 0.000113864 -4.32338e-05 -0.00148294 0.000117452 0.000193466 4.08952e-05 0.000316407 0.000114259 -0.000142786 -0.00043152 -0.000171907 0.000377919 0.000114072 -0.000538581 0.00026281 5.80547e-05 -0.000308862
internal_weight=14647.9 9815.1 1099.9 4832.8 8715.2 210.7 957.6 352.9 8504.5 4867 2367.5 237.5 2130 2019.4 1373.3 3637.5 850.6 468 325.5 239.5 2786.9 557.8 205.2 2499.5 597.9 229.8
internal_count=15393 11611 1285 3782 10326 233 1120 417 10093 5766 2955 251 2704 2564 1753 4327 1016 552 395 295 3311 648 236 2811 775 308
is_linear=0
shrinkage=0.0103578


Tree=296
num_leaves=27
num_cat=0
split_feature=30 30 30 30 9 6 8 7 1 10 30 9 9 3 5 7 7 4 0 30 0 0 30 6 4 7
split_gain=3.78116 3.65837 4.8678 49.6134 3.10791 1.65647 3.0117 4.13785 1.23985 1.10607 0.395011 0.491271 0.360534 0.290562 0.713843 0.442645 0.710437 0.221026 0.27805 0.442904 0.836622 0.553664 0.907272 0.301093 0.232419 0.216813
threshold=-117.08349990844725 -79.16057968139647 -79.311107635498033 -79.298500061035142 291.38890075683599 0.66041669249534618 2.5000000000000004 0.23958332836627963 11.617261886596681 89.958332061767592 -104.80995178222655 268.60417175292974 315.11805725097662 2.0122221708297734 0.76011967658996593 0.26458333432674414 0.46041667461395269 2.4933333396911626 18.227777481079105 -94.668254852294908 21.446527481079105 22.056249618530277 -85.947937011718736 0.11041666567325593 4.0310416221618661 0.031250000931322582
decision_type=2 2 2 2 2 2 2 2 2 2 2 2 2 2 2 2 2 2 2 2 2 2 2 2 2 2
left_child=-1 2 10 -4 5 6 7 -5 -8 -7 11 -2 13 14 15 -3 -17 -12 -19 20 -20 24 -23 -22 -21 -15
right_child=1 12 3 4 -6 9 8 -9 -10 -11 17 -13 -14 25 -16 16 -18 18 19 21 23 22 -24 -25 -26 -27
leaf_value=0.00090926488162800228 9.8795022417526743e-06 2.467921696787352e-13 -1.2663531674782892e-10 -1.6617125643614847e-14 -1.1531361491048777e-14 1.0746119533103208e-13 -1.9648571893509264e-14 5.9444855778039602e-14 1.2116605070104104e-13 -6.9691333352241389e-15 6.3714829468997948e-08 -4.7755029428612683e-05 -1.0928622276010722e-12 5.775611594888111e-12 -1.2892843174653083e-13 -7.6920946100242321e-15 1.1619626590740386e-12 2.2343576840545039e-07 -1.3683076316089393e-05 5.9583703836349282e-09 -1.4798868271522476e-06 -6.0503894651414409e-06 -6.988482357407894e-11 2.5171044982781555e-06 -1.0339239045708883e-09 3.5126719598859947e-12
leaf_weight=4686.9998438358307 117.89999842643738 575.79999381303787 141.09999799728394 79.799998998641968 148.19999772310257 854.59998792409897 76.799998819828033 90.499998688697815 277.19999623298645 77.899998843669891 329.99999892711639 112.39999842643738 162.49999833106995 973.09998822212219 123.99999892711639 83.599999368190765 275.79999786615372 666.09999191761017 131.60000026226044 245.69999819993973 183.39999938011169 129.99999952316284 333.39999747276306 591.79999893903732 181.79999768733978 2807.4999660849571
leaf_count=3670 115 684 165 100 190 1094 98 119 354 99 350 114 193 1183 140 94 322 855 130 277 186 134 380 566 230 3387
internal_value=0.00020539 8.93275e-05 -0.000115827 -0.000551225 -3.23163e-05 0.000113 -0.000352144 -0.0014818 0.000191616 0.000375035 0.000135486 -0.000275666 0.000285038 0.000301188 0.000148749 0.000247049 -3.71003e-05 0.000169578 0.000135545 6.82223e-05 0.000229439 -9.54414e-05 -0.00034356 0.00035942 0.000172628 0.000343756
internal_weight=14459.5 9772.5 4770.2 1746.1 1605 1456.8 524.3 170.3 354 932.5 3024.1 230.3 5002.3 4839.8 1059.2 935.2 359.4 2793.8 2463.8 1797.7 906.8 890.9 463.4 775.2 427.5 3780.6
internal_count=15229 11559 5556 2219 2054 1864 671 219 452 1193 3337 229 6003 5810 1240 1100 416 3108 2758 1903 882 1021 514 752 507 4570
is_linear=0
shrinkage=0.0103578


Tree=297
num_leaves=27
num_cat=0
split_feature=29 29 30 7 7 4 6 30 29 9 5 30 29 29 1 30 4 7 30 11 29 13 4 29 29 11
split_gain=4.33515 5.71371 29.1429 2.62405 3.04259 5.49047 5.96045 2.07415 2.07328 1.33207 1.99135 1.22532 1.20942 2.49636 3.37855 8.1348 0.750424 0.737008 0.632936 0.54915 1.85366 1.0956 0.566513 0.533856 0.528263 0.490011
threshold=35.723661422729499 35.571500778198249 -79.298500061035142 0.48958334326744085 0.077083334326744093 2.8827083110809331 0.73541668057441723 -79.306854248046861 35.697473526000984 293.22221374511724 0.38140359520912176 -120.45205307006835 36.314949035644538 38.308649063110359 22.280357360839847 -117.08349990844725 3.9327082633972172 0.20624999701976779 -109.12405014038085 16.372917175292972 40.405790328979499 71.077083587646499 2.8952082395553593 39.616733551025398 39.79341125488282 13.959027767181398
decision_type=2 2 2 2 2 2 2 2 2 2 2 2 2 2 2 2 2 2 2 2 2 2 2 2 2 2
left_child=1 -1 7 4 9 6 -6 -3 -8 16 -11 23 -13 14 15 -14 -4 -7 -15 24 -21 -22 -23 -2 25 -20
right_child=11 2 3 -5 5 17 8 -9 -10 10 -12 12 13 18 -16 -17 -18 -19 19 20 21 22 -24 -25 -26 -27
leaf_value=8.4786131740155123e-12 0.00089962193569703144 -1.2532364888473659e-10 1.2113345437854411e-13 1.6929043763275834e-12 -2.6980562934396552e-14 -1.6445008178728648e-14 1.0634812987610939e-13 -1.277963106994042e-10 -7.6124211543173534e-15 -5.9814883900844732e-14 1.1373300305877462e-14 3.536229127682199e-12 0.0015686632067605072 -0.00026660084682379211 4.022061651610775e-06 -0.00022595430275829337 -1.9445055205035254e-14 4.0507718236315732e-14 -9.0926542005748077e-06 7.4272665824008125e-07 -4.4007438290110822e-09 -1.8685124022448033e-09 1.0040615532558758e-10 -0.00096335895465855228 1.75221700298794e-07 1.2371346953887135e-06
leaf_weight=1554.1999652981758 3574.7998796701431 97.199998915195465 577.59999245405197 619.59999161958694 153.4999977350235 85.099998891353607 99.49999862909317 89.599998712539673 75.399998724460602 97.69999885559082 77.599998891353607 2729.5999687314034 128.79999619722366 95.699998736381531 389.59999579191208 119.29999870061874 129.9999982714653 203.6999968290329 243.19999873638153 939.79999792575836 90.999998927116394 199.2999981045723 382.59999573230743 131.09999591112137 1468.4999828338623 176.19999992847443
leaf_count=1530 2778 110 728 782 195 109 125 102 104 125 100 3260 102 95 394 141 170 265 264 948 108 227 446 119 1771 176
internal_value=0.000204985 -9.23432e-05 -0.000419484 -7.3152e-05 -0.000307521 -0.000865144 -0.00178019 -0.0043351 -0.000467185 8.21196e-05 -0.000724086 0.000312611 0.000231483 0.000121712 -0.000475066 -0.00141848 0.000282862 0.000175371 0.000227709 0.000250545 0.000109753 -0.000304742 -0.000138071 0.000464882 0.000370521 4.51182e-05
internal_weight=14530.2 3860.7 2306.5 2119.7 1500.1 617.2 328.4 186.8 174.9 882.9 175.3 10669.5 6963.6 4234 637.7 248.1 707.6 288.8 3596.3 3500.6 1612.7 672.9 581.9 3705.9 1887.9 419.4
internal_count=15274 4445 2915 2703 1921 798 424 212 229 1123 225 10829 7932 4672 637 243 898 374 4035 3940 1729 781 673 2897 2211 440
is_linear=0
shrinkage=0.0103578


Tree=298
num_leaves=27
num_cat=0
split_feature=30 29 29 30 29 29 11 6 12 6 10 11 11 8 29 13 1 30 29 11 30 3 29 11 11 30
split_gain=4.04866 4.55222 46.1822 1.37461 2.22631 5.09873 10.6431 1.93897 7.28973 2.28721 2.31061 0.895167 0.931074 0.811366 0.810178 0.755965 2.11773 0.703895 0.397215 1.0293 1.09896 0.411559 0.362801 0.296232 0.827911 0.500475
threshold=-117.08349990844725 35.633329391479499 35.626596450805671 -79.11110687255858 38.308649063110359 36.314949035644538 14.754166603088381 0.73958334326744091 6.3291666507720956 0.47708332538604742 57.868055343627937 15.475694656372072 13.656250000000002 2.5000000000000004 39.747600555419929 93.039581298828139 24.294940948486332 -79.149951934814439 36.579669952392585 16.372917175292972 -77.440124511718736 2.2097916603088383 34.941200256347663 12.793749809265138 14.085416793823244 -94.668254852294908
decision_type=2 2 2 2 2 2 2 2 2 2 2 2 2 2 2 2 2 2 2 2 2 2 2 2 2 2
left_child=14 2 11 4 5 7 -7 8 9 13 -11 12 22 -3 -1 -9 -17 -18 -5 -20 -21 -22 -2 -6 -25 -26
right_child=1 3 -4 18 23 6 -8 15 -10 10 -12 -13 -14 -15 -16 16 17 -19 19 20 21 -23 -24 24 25 -27
leaf_value=0.0008905287283400426 -8.9972555313199258e-05 -1.6875034166052673e-15 -1.2402556706246802e-10 3.4996014457492971e-12 8.3383442421268638e-07 -0.0002470927993107848 3.4545245744266019e-06 2.1400912589976453e-12 -2.6701102683985839e-14 -4.4616057694020355e-14 -6.6706398345944954e-15 4.6190796062151463e-12 -8.7611502255199361e-09 1.1865635212549323e-13 -0.00031686798974497361 -1.0792368770564654e-14 2.9169192485160725e-14 -1.9860184430445555e-14 4.1581101222472736e-08 -3.2542488579261936e-05 -1.8491586569172307e-09 1.0921358898594501e-10 8.6624977502614928e-07 -1.3023548286791003e-05 2.4737660123978208e-06 2.1226287795582291e-10
leaf_weight=4598.6998463869095 85.399998366832733 125.1999985575676 145.59999805688858 2619.9999704957008 838.09999030828476 103.8999992609024 163.49999922513962 642.49999058246613 88.799998760223389 112.99999833106995 147.39999794960022 642.49999397993088 82.999998986721039 505.59999293088913 128.99999672174454 78.599999189376831 394.29999452829361 81.599998831748962 590.69999378919601 105.09999853372574 96.099999248981476 290.69999778270721 153.59999787807465 144.69999891519547 619.19999933242798 900.69999325275421
leaf_count=3579 100 158 168 3150 999 115 163 829 112 142 192 747 94 644 120 98 497 102 693 125 101 323 190 167 604 1049
internal_value=0.000205207 8.46311e-05 -0.000539537 0.000164815 5.1739e-05 -0.00017047 -0.00151867 -4.3254e-06 -0.000346041 -6.27132e-05 -0.000878716 0.000282104 -0.000162459 0.00027396 0.000453994 0.000275121 -4.37309e-06 0.000255526 0.000315754 0.000148118 -0.000201163 5.34608e-05 0.0001647 0.000268929 0.000188409 0.000259918
internal_weight=14487.5 9759.8 1110.1 8649.7 4947.1 2444.4 267.4 2177 980 891.2 260.4 964.5 322 630.8 4727.7 1197 554.5 475.9 3702.6 1082.6 491.9 386.8 239 2502.7 1664.6 1519.9
internal_count=15261 11562 1299 10263 5871 3052 278 2774 1248 1136 334 1131 384 802 3699 1526 697 599 4392 1242 549 424 290 2819 1820 1653
is_linear=0
shrinkage=0.0103578


Tree=299
num_leaves=27
num_cat=0
split_feature=29 29 29 29 7 8 3 2 5 5 13 11 29 11 11 29 2 1 7 9 5 9 7 11 11 0
split_gain=3.89717 5.21413 18.1504 24.2925 2.10087 2.73176 4.40963 2.07612 1.51665 7.83346 1.05142 0.883484 0.509404 0.744196 0.521328 0.896828 0.446777 0.785985 0.444844 0.782493 0.207091 0.509 1.46175 0.367063 0.334311 0.200409
threshold=35.743635177612312 35.571500778198249 35.633329391479499 35.626596450805671 0.50208333134651195 1.0000000180025095e-35 2.2009028196334843 5.2317416667938241 0.32149246335029608 0.25793790817260748 42.549999237060554 20.332638740539554 39.002525329589851 -2.2937500476837154 18.757638931274418 39.82715034484864 -4.0505821704864493 18.062797546386722 0.2520833313465119 203.02082824707034 0.3454210907220841 270.47917175292974 0.16458333283662799 0.60069444775581371 22.60624980926514 26.460416793823246
decision_type=2 2 2 2 2 2 2 2 2 2 2 2 2 2 2 2 2 2 2 2 2 2 2 2 2 2
left_child=1 -1 3 -3 5 6 -4 8 9 10 -7 25 13 -2 -14 -16 17 -15 -17 -20 -18 23 -23 -22 -25 -10
right_child=12 2 4 -5 -6 7 -8 -9 11 -11 -12 -13 14 16 15 18 20 -19 19 -21 21 22 -24 24 -26 -27
leaf_value=8.342949418108496e-12 -1.5049677745234962e-05 3.8521661826678649e-12 -2.3619966509473043e-14 -1.2274093055903832e-10 1.6754685772143499e-12 -2.687280938083125e-14 -9.0192937536036523e-15 -1.5998107831420817e-14 1.7950164851095533e-13 -6.0424354188198541e-14 2.8867062768445696e-14 -1.8192005617848926e-14 5.9138097206282564e-09 1.3687322032770851e-11 8.2982395741572362e-07 9.2776518685109701e-11 2.1815512519086533e-11 -4.0116465478905122e-05 1.4293110561957733e-11 -2.0448983454243932e-08 -7.4216996473955923e-13 1.5714896720450505e-11 -1.038407847782894e-05 1.3680766984879104e-11 -2.0046899251136295e-13 -3.9962637053727355e-16
leaf_weight=1567.6999644637108 106.39999783039093 163.99999850988388 81.599999070167542 142.39999812841415 626.39999145269394 76.299998760223389 105.79999840259552 81.499998867511749 683.79999077320099 82.399998664855957 272.89999663829803 90.599998950958252 2692.3999668359756 366.29999321699142 252.69999974966049 99.099999248981476 3158.5999244451523 103.99999874830246 95.899999439716339 153.39999794960022 92.999998211860657 589.69998890161514 98.599999129772186 2385.7999505400658 98.199999570846558 77.699999034404755
leaf_count=1535 122 188 104 166 794 99 138 105 870 108 343 108 3046 367 247 111 2928 116 103 180 106 569 110 2342 108 101
internal_value=0.000210885 -6.10798e-05 -0.000356193 -0.00271423 -2.38056e-05 -0.00022827 -0.00139907 -6.67333e-05 3.5038e-05 -0.000464469 0.000213791 0.000288679 0.000318004 0.00036807 0.000211411 -6.37712e-05 0.000381382 7.20271e-05 -0.000404835 -0.000638148 0.000403956 0.000345458 9.43415e-05 0.000412331 0.000436311 0.000404142
internal_weight=14347.2 4053.1 2485.4 306.4 2179 1552.6 187.4 1365.2 1283.7 431.6 349.2 852.1 10294.1 7000.6 3293.5 601.1 6894.2 470.3 348.4 249.3 6423.9 3265.3 688.3 2577 2484 761.5
internal_count=15114 4659 3124 354 2770 1976 242 1734 1629 550 442 1079 10455 6768 3687 641 6646 483 394 283 6163 3235 679 2556 2450 971
is_linear=0
shrinkage=0.0103578


Tree=300
num_leaves=27
num_cat=0
split_feature=29 29 29 7 8 3 2 4 30 29 29 11 30 29 4 3 30 29 11 11 29 29 11 30 11 13
split_gain=3.90218 6.05609 51.9743 2.2554 3.87171 3.53316 2.62494 1.22231 1.0884 1.42797 1.64019 2.21339 1.38181 0.899887 0.715364 3.26545 0.679029 0.397727 0.233433 0.455934 1.55905 0.56512 0.819158 0.224307 0.740161 0.195695
threshold=35.743635177612312 35.626596450805671 35.633329391479499 0.50208333134651195 1.0000000180025095e-35 2.2374305725097661 5.2317416667938241 4.2641665935516366 -120.45205307006835 36.314949035644538 38.308649063110359 4.9743053913116464 -109.12405014038085 36.579669952392585 3.0539582967758183 2.4411110877990727 -97.627079010009751 39.616733551025398 12.793749809265138 13.959027767181398 41.00056457519532 39.82715034484864 16.372917175292972 -78.987926483154283 15.152083396911623 1.0000000180025095e-35
decision_type=2 2 2 2 2 2 2 2 2 2 2 2 2 2 2 2 2 2 2 2 2 2 2 2 2 2
left_child=1 23 -3 4 5 -4 7 14 17 -10 11 -11 -12 -13 15 -6 -15 25 -14 20 -20 -21 -23 -1 -25 -2
right_child=8 2 3 -5 6 -7 -8 -9 9 10 12 13 18 16 -16 -17 -18 -19 19 21 -22 22 -24 24 -26 -27
leaf_value=1.2724150122214059e-11 0.00088171529551287148 -1.2146960011003782e-10 -2.3375314766235512e-14 1.6581143481983691e-12 3.9487015904236077e-14 -8.9258733866143283e-15 -1.5832402051614172e-14 -1.8503176536567293e-14 4.0320260637331291e-12 -0.00016647087506249184 -0.00093872952464158757 4.1998433120430068e-06 5.9833496209386971e-07 -4.2444445463525605e-06 1.8740017780936843e-14 -2.5798671476236358e-14 -3.9700945702109243e-05 -0.00093840856001755626 -1.7607133148217233e-05 1.3241289041263985e-06 5.3881835583735985e-07 3.6362813381439122e-08 -1.7060330564019114e-10 -8.812696053775009e-05 4.4848210332648248e-12 0.00088118870512901722
leaf_weight=1356.8999679684639 162.89999467134476 146.89999759197235 79.999998807907104 651.7999911904335 695.69999027252197 83.199998736381531 77.999998986721039 92.399998843669891 2533.0999706983566 104.29999792575836 106.39999848604202 242.79999613761902 1063.1999880671501 151.49999731779099 399.89999479055405 107.49999874830246 117.89999973773956 136.69999593496323 91.999999523162842 981.49999856948853 117.59999865293503 448.69999575614929 794.79999202489853 103.59999883174896 270.39999753236771 3370.7998873591423
leaf_count=1275 129 171 104 822 889 110 100 118 3031 99 106 264 1278 137 501 135 117 129 100 991 140 531 916 128 326 2620
internal_value=0.000210561 -6.14928e-05 -0.00040567 -4.42097e-06 -0.000221165 -0.00172661 -4.13415e-05 6.98027e-05 0.000316723 0.000238535 0.000121691 -0.000371538 0.00020622 -8.98764e-05 0.00015846 -1.93215e-05 -0.0005022 0.00046042 0.000241744 0.000185405 -0.000274972 0.000229021 8.18787e-05 0.000402622 0.000175854 0.000481642
internal_weight=14490.5 4066.3 2335.4 2188.5 1536.7 163.2 1373.5 1295.5 10424.2 6753.8 4220.7 616.5 3604.2 512.2 1203.1 803.2 269.4 3670.4 3497.8 2434.6 209.6 2225 1243.5 1730.9 374 3533.7
internal_count=15267 4679 2950 2779 1957 214 1743 1643 10588 7710 4679 617 4062 518 1525 1024 254 2878 3956 2678 240 2438 1447 1729 454 2749
is_linear=0
shrinkage=0.0103578


Tree=301
num_leaves=27
num_cat=0
split_feature=29 29 29 7 7 12 5 11 4 0 9 29 11 29 11 3 11 29 3 29 11 4 7 3 0 6
split_gain=4.06515 6.65163 49.8811 2.55201 3.56768 4.52775 3.72743 5.81357 1.69508 0.772041 1.35417 0.546523 1.01034 0.292095 0.290092 0.648124 0.245168 0.461046 0.519541 0.50856 0.43916 0.924702 0.510796 0.399521 0.243481 0.585402
threshold=35.743635177612312 35.626596450805671 35.633329391479499 0.50208333134651195 0.077083334326744093 6.3291666507720956 0.44604733586311346 18.121527671813968 4.2127082347869882 24.609027862548832 276.71528625488287 39.211111068725593 -2.6854166984558101 35.695158004760749 22.018054962158207 1.8618749976158144 17.288194656372074 40.405790328979499 3.1413193941116337 41.408981323242195 7.9729166030883798 3.3693749904632573 0.3770833313465119 2.2097916603088383 7.4090278148651132 0.61875000596046459
decision_type=2 2 2 2 2 2 2 2 2 2 2 2 2 2 2 2 2 2 2 2 2 2 2 2 2 2
left_child=1 -1 -3 4 8 6 13 -8 9 -4 -11 12 -2 -6 24 -16 20 -18 19 23 21 -13 -23 -19 25 -14
right_child=11 2 3 -5 5 -7 7 -9 -10 10 -12 16 14 -15 15 -17 17 18 -20 -21 -22 22 -24 -25 -26 -27
leaf_value=8.1247398526786979e-12 -1.6214903794924782e-05 -1.2021143789353478e-10 1.0306397262837109e-13 1.6409099377844345e-12 2.8373956428003395e-14 -2.553145306390956e-14 2.0920583784232714e-12 -2.3133197085670982e-14 -2.6402812353047114e-14 9.6552577608735977e-14 -1.6481742878118909e-14 -0.00093848402392829138 -0.0087820505565500348 -6.8410949829477768e-15 -4.1794372758650993e-13 8.0932669007810816e-13 4.1806688507873702e-07 -2.0235409152873946e-08 -2.5768242202360285e-09 1.7802588675813473e-10 3.1881735785497385e-08 8.1649171494770763e-07 -5.8483354977683857e-09 8.6714379521981241e-11 2.0116197838193401e-11 1.756336308489906e-12
leaf_weight=1699.8999641537666 103.99999767541885 142.19999808073044 565.39999204874039 653.79999077320099 203.59999734163284 100.19999837875366 108.29999834299088 128.19999808073044 79.699999034404755 168.19999796152115 91.599998772144318 158.7999969124794 90.599997758865356 81.099998891353607 87.899999499320984 194.79999840259552 312.5999990105629 94.799999058246613 112.29999846220016 176.69999766349792 1446.9999846816063 340.79999452829361 154.59999734163284 112.69999921321869 6756.99985486269 242.39999568462372
leaf_count=1693 116 168 720 830 256 130 141 168 103 208 118 166 92 107 99 218 314 104 137 207 1644 416 200 129 6426 280
internal_value=0.000204946 -7.45389e-05 -0.000434957 -4.63317e-05 -0.000278433 -0.00088245 -0.000492303 -0.00145206 0.000136177 0.000276195 -0.000189733 0.00031321 0.000360156 0.000304793 0.000374507 4.73288e-05 0.000192415 3.85618e-05 -0.000157 2.34028e-05 0.000251431 2.79896e-05 0.000249134 -0.000322799 0.000387488 0.000112077
internal_weight=14409.2 4022.2 2322.3 2180.1 1526.3 621.4 521.2 236.5 904.9 825.2 259.8 10387 7476.7 284.7 7372.7 282.7 2910.3 809.1 496.5 384.2 2101.2 654.2 495.4 207.5 7090 333
internal_count=15190 4642 2949 2781 1951 802 672 309 1149 1046 326 10548 7231 363 7115 317 3317 891 577 440 2426 782 616 233 6798 372
is_linear=0
shrinkage=0.0103578


Tree=302
num_leaves=27
num_cat=0
split_feature=30 30 29 29 29 29 29 11 6 12 6 8 5 30 2 1 30 30 9 11 11 30 4 11 2 1
split_gain=3.58545 5.18512 15.8852 39.9478 1.49665 1.28012 4.11904 9.49701 1.52031 4.32264 1.7253 2.74229 0.853515 0.498606 0.508758 0.423364 0.39756 1.57574 0.387297 0.349005 1.88874 0.425535 0.32134 0.195781 0.187365 0.148976
threshold=-109.12405014038085 -79.11110687255858 35.633329391479499 35.626596450805671 41.042871475219734 38.308649063110359 36.314949035644538 14.754166603088381 0.86458334326744091 6.3291666507720956 0.22708333283662799 4.5000000000000009 0.73769187927246105 -78.577270507812486 2.0921583175659184 22.280357360839847 -82.058330535888658 -81.127079010009751 290.46527099609381 12.793749809265138 13.959027767181398 -94.668254852294908 2.1335417032241826 18.668055534362797 2.8867624998092656 18.231548309326175
decision_type=2 2 2 2 2 2 2 2 2 2 2 2 2 2 2 2 2 2 2 2 2 2 2 2 2 2
left_child=4 2 3 -2 -1 6 8 -8 9 10 -4 -12 18 -3 25 -16 19 -18 22 -7 -21 -22 -10 -19 -23 -15
right_child=1 13 5 -5 -6 16 7 -9 12 -11 11 -13 -14 14 15 -17 17 23 -20 20 21 24 -24 -25 -26 -27
leaf_value=0.00087218259347382563 4.2812186468176256e-12 3.9359471287644363e-12 2.4079157746857915e-13 -1.1896630751513445e-10 -0.00093065808909693968 8.2194492918057043e-07 -0.00016457864569611029 3.1202603179527261e-06 -6.7702360419513769e-15 -2.5267002456116888e-14 -9.4364524359506982e-16 -2.612933634850004e-14 -5.9799351062301876e-15 2.0673887805656978e-09 3.7848246483779782e-09 -2.6446738429139061e-05 -7.2492905489320429e-09 2.3313632362591014e-09 -9.6167840175131484e-15 -1.3130292931205798e-05 2.427362129551576e-06 -1.7411813212949641e-09 1.5993284041305081e-12 -4.2037475304233062e-11 1.3582923935143497e-08 9.930227604015952e-10
leaf_weight=4756.7998424172401 263.79999750852585 3261.4999612569809 382.79999476671219 146.1999979019165 128.2999981045723 570.29999423027039 93.199999094009399 163.99999940395355 93.399998843669891 106.99999845027924 528.99999248981476 97.199998736381531 88.599998831748962 214.49999749660492 103.59999853372574 97.19999897480011 83.299998462200165 396.89999514818192 76.899999022483826 108.09999930858612 663.99999940395355 416.49999892711639 817.39998865127563 133.39999830722809 92.299999296665192 713.19999349117279
leaf_count=3708 302 3973 484 170 135 675 104 164 116 136 680 122 112 251 128 106 115 503 99 121 640 445 1036 172 107 784
internal_value=0.000216968 0.000101793 -0.000115436 -0.00207273 0.000445876 4.79958e-05 -0.000119574 -0.00135816 2.58577e-05 -0.00024174 -3.0875e-05 -0.000366036 0.000303698 0.00036533 0.000176911 -0.00029419 0.000214686 -1.31436e-05 0.000391399 0.00029041 0.000194831 0.000316017 0.00045119 0.000194611 8.94596e-05 0.000279451
internal_weight=14599.4 9714.3 5324.3 410 4885.1 4914.3 2449.5 257.2 2192.3 1116 1009 626.2 1076.3 4390 1128.5 200.8 2464.8 613.6 987.7 1851.2 1280.9 1172.8 910.8 530.3 508.8 927.7
internal_count=15388 11545 6303 472 3843 5831 3053 268 2785 1422 1286 802 1363 5242 1269 234 2778 790 1251 1988 1313 1192 1152 675 552 1035
is_linear=0
shrinkage=0.0103578


Tree=303
num_leaves=27
num_cat=0
split_feature=29 29 29 7 8 3 2 4 1 30 29 29 30 1 30 6 29 29 10 3 0 7 3 30 0 29
split_gain=4.50366 7.20748 48.5919 2.74166 2.98674 3.46901 2.21341 1.94405 1.49522 1.00483 1.04683 1.60057 1.70193 5.36206 0.84942 0.844232 0.737402 0.659034 0.437107 0.769708 0.890962 0.380049 0.183696 0.330669 0.173168 0.423523
threshold=35.743635177612312 35.626596450805671 35.633329391479499 0.50208333134651195 1.0000000180025095e-35 2.2009028196334843 5.1153595447540292 4.2641665935516366 27.112500190734867 -120.45205307006835 36.314949035644538 38.308649063110359 -117.08349990844725 21.425000190734867 -109.12405014038085 0.62708333134651195 36.579669952392585 39.747600555419929 56.395833969116218 4.7119443416595468 3.3368055820465092 0.55208334326744091 1.689027786254883 -79.025478363037095 19.764583587646488 40.443843841552741
decision_type=2 2 2 2 2 2 2 2 2 2 2 2 2 2 2 2 2 2 2 2 2 2 2 2 2 2
left_child=1 -1 -3 4 5 -4 7 8 15 17 22 12 -12 -14 -13 -6 -15 -2 -16 24 -21 -22 23 -11 -20 -26
right_child=9 2 3 -5 6 -7 -8 -9 -10 10 11 14 13 16 18 -17 -18 -19 19 20 21 -23 -24 -25 25 -27
leaf_value=8.0415135007201497e-12 0.0008631398853095175 -1.1773407399319288e-10 -2.2883813097546038e-14 1.6073780135745311e-12 7.0391463926656805e-14 -2.1887512931959493e-14 -1.5142250545608622e-14 -2.5858692963602079e-14 -1.9625662133456265e-14 8.1517522317138615e-12 0.0015366123053228093 -0.00029422350387771172 -0.00024498715600083601 3.9406651469301741e-06 3.4001963588591165e-08 -5.730556810015914e-15 -3.3211292423598605e-05 -0.00092101848508800265 1.7367678277995625e-07 8.0954370696546783e-07 -1.0773760684743197e-05 -9.2373947892024545e-09 4.1200123163423853e-12 -1.8704076844745326e-13 6.48741576650293e-07 -5.7111987465836639e-10
leaf_weight=1694.8999642729759 3550.0998808145523 142.99999797344208 80.599999129772186 663.29999101161957 506.79999279975891 89.599998652935028 76.69999897480011 90.399998724460602 99.399998724460602 113.19999885559082 225.29999369382858 102.19999891519547 89.999999105930328 161.69999843835831 1873.9999878406525 588.29999160766602 165.99999964237213 133.09999614953995 537.19999361038208 114.79999804496765 96.399998605251312 92.299998939037323 2311.6999732255936 102.09999924898148 431.3999987244606 358.69999599456787
leaf_count=1705 2759 168 102 841 646 116 97 118 124 126 179 100 104 195 2052 755 164 125 646 164 122 113 2771 119 446 417
internal_value=0.000213048 -8.09131e-05 -0.000453765 -7.1725e-05 -0.000312752 -0.00160428 -0.000150401 -4.76557e-05 6.31347e-05 0.000326426 0.000251412 0.000151958 -0.000323648 -0.000715036 0.000236896 0.000174079 -9.70052e-05 0.000464275 0.000264162 0.000139678 -0.000329891 -0.000767497 0.000418439 0.000125923 0.000247461 0.000148874
internal_weight=14493.2 4033 2338.1 2195.1 1531.8 170.2 1361.6 1284.9 1194.5 10460.2 6777 4250 643 417.7 3607 1095.1 327.7 3683.2 3504.8 1630.8 303.5 188.7 2527 215.3 1327.3 790.1
internal_count=15274 4672 2967 2799 1958 218 1740 1643 1525 10602 7718 4702 642 463 4060 1401 359 2884 3960 1908 399 235 3016 245 1509 863
is_linear=0
shrinkage=0.0103578


Tree=304
num_leaves=27
num_cat=0
split_feature=29 29 29 7 8 3 2 4 0 9 30 29 29 0 30 29 29 12 2 30 11 29 29 3 10 30
split_gain=3.93413 6.59926 48.0663 2.46831 3.34245 2.87234 2.0774 1.1611 1.07133 3.38215 1.01839 1.27833 1.85447 3.28747 1.09514 0.78281 0.733969 0.572146 0.271466 0.238532 0.36286 0.804636 0.373317 0.448711 0.250118 0.225565
threshold=35.743635177612312 35.626596450805671 35.633329391479499 0.51041665673255932 1.0000000180025095e-35 2.2009028196334843 5.2317416667938241 4.2641665935516366 24.609027862548832 282.63888549804693 -120.45205307006835 36.314949035644538 38.308649063110359 19.468750000000004 -109.12405014038085 37.663349151611335 39.616733551025398 7.2479166984558114 3.6577250957489018 -86.771537780761705 16.372917175292972 39.79341125488282 40.405790328979499 2.1467361450195317 72.215278625488295 -84.907409667968736
decision_type=2 2 2 2 2 2 2 2 2 2 2 2 2 2 2 2 2 2 2 2 2 2 2 2 2 2
left_child=1 18 -3 4 5 -4 7 8 17 -10 16 -12 13 -13 -14 -15 -2 -6 -1 -16 21 -21 25 -24 -23 -22
right_child=10 2 3 -5 6 -7 -8 -9 9 -11 11 12 14 15 19 -17 -18 -19 -20 20 22 24 23 -25 -26 -27
leaf_value=8.1648685742536481e-12 0.00085419962379324442 -1.1651460374418389e-10 -2.2646786310738736e-14 1.6072744775027713e-12 1.675906287683002e-14 -2.1660805659034686e-14 -1.4985409595345766e-14 -2.5590852858542998e-14 2.2277897661736164e-14 -1.3470105848846497e-14 4.0773379037876932e-12 -0.0001493642698262514 -0.00093500118067100146 4.1155250100281381e-06 8.0871653281285974e-07 -3.5894327970473905e-05 -0.00090958399758967227 -2.4945934815842018e-14 -3.2429832375046737e-10 -8.417590701758965e-06 -1.6261557238385778e-08 2.0028429475391729e-07 -6.72068385593007e-10 4.4824898912993645e-11 2.8813826991313105e-08 1.4624908399839936e-07
leaf_weight=1606.1999658942223 3563.2998798489571 146.09999811649323 84.099998891353607 620.79999154806137 679.3999907374382 84.49999874830246 81.799998939037323 90.099998950958252 333.19999563694 78.799998879432678 2562.499970138073 179.19999575614929 105.19999885559082 371.69999480247498 1271.6999941468239 95.599999725818634 145.49999576807022 103.39999854564667 107.29999804496765 124.39999902248383 146.50000059604645 791.99999123811722 152.49999850988388 473.49999421834946 319.09999567270279 248.49999809265137
leaf_count=1592 2769 171 107 790 862 111 104 115 418 102 3063 168 104 383 1307 96 135 134 123 146 147 962 171 559 401 283
internal_value=0.000213737 -6.2087e-05 -0.000424383 -3.38799e-05 -0.000256907 -0.00163047 -8.6546e-05 1.53446e-05 0.000101375 -0.000325355 0.000318751 0.000243666 0.000133946 -0.000376723 0.000224971 8.02374e-05 0.000457105 0.00032658 0.000424415 0.000256158 0.000191751 0.000311174 4.6735e-05 -0.000110086 0.00039985 0.000296133
internal_weight=14566.9 4015.7 2302.2 2156.1 1535.3 168.6 1366.7 1284.9 1194.8 412 10551.2 6842.4 4279.9 646.5 3633.4 467.3 3708.8 782.8 1713.5 3528.2 2256.5 1235.5 1021 626 1111.1 395
internal_count=15323 4629 2914 2743 1953 218 1735 1631 1516 520 10694 7790 4727 647 4080 479 2904 996 1715 3976 2669 1509 1160 730 1363 430
is_linear=0
shrinkage=0.0103578


Tree=305
num_leaves=27
num_cat=0
split_feature=29 29 29 7 7 4 9 29 30 1 29 29 0 9 29 9 12 5 30 29 10 11 11 29 29 11
split_gain=3.69572 5.87073 42.8298 2.34185 3.64213 4.91882 5.47077 4.37375 1.19137 1.14068 1.08482 1.93954 2.81912 0.980384 0.892865 0.773884 1.46121 0.592285 0.461761 0.420344 0.410306 0.234419 0.426551 0.889815 0.652723 0.748187
threshold=35.743635177612312 35.626596450805671 35.633329391479499 0.50208333134651195 0.077083334326744093 2.9118750095367436 242.31250000000003 35.699068069458015 -120.45205307006835 26.325298309326175 36.314949035644538 38.308649063110359 19.202083587646488 272.06250000000006 36.579669952392585 293.22221374511724 -1.1812499761581419 0.38140359520912176 -109.12405014038085 39.747600555419929 24.465277671813968 12.620139122009279 13.656250000000002 41.317014694213874 40.405790328979499 15.627083301544191
decision_type=2 2 2 2 2 2 2 2 2 2 2 2 2 2 2 2 2 2 2 2 2 2 2 2 2 2
left_child=1 -1 -3 4 15 6 7 -6 19 -8 -10 12 -12 -7 -14 20 -17 -16 -13 -2 -4 -20 23 -23 -24 -26
right_child=8 2 3 -5 5 13 9 -9 10 -11 11 18 14 -15 17 16 -18 -19 21 -21 -22 22 24 -25 25 -27
leaf_value=7.6593376937389341e-12 0.00084523965101162657 -1.1530776456821757e-10 -1.7234498309902647e-14 1.5906265917987616e-12 -1.4080063059897244e-14 2.2047146847740506e-14 8.1794038631823011e-14 -5.6912282761785747e-14 3.6722667416651959e-12 -1.9653133554519033e-14 -0.00014781717919105778 -0.00028149139598988588 3.8572204496545016e-06 -1.4830193177949096e-14 9.163880265531328e-06 7.8178709799167231e-15 -9.318297626255893e-15 -0.00013991550066626027 6.4642709550649489e-07 -0.00089797083410366569 1.1631023593702337e-13 -1.1171111789380384e-05 7.0645727815294637e-07 6.9808376285156309e-07 4.393723807597077e-08 -3.1475233273033172e-10
leaf_weight=1732.5999627113342 3564.0998810529709 141.69999814033508 116.99999856948853 644.59999114274979 96.899998724460602 208.09999722242355 84.699998736381531 80.799998700618744 2552.9999709129333 77.299998819828033 183.39999604225159 99.999998927116394 224.59999680519104 92.199998617172241 137.29999893903732 83.499998688697815 83.199999034404755 104.79999858140945 1037.0999891757965 127.89999622106552 600.99999129772186 84.999999225139618 1176.6999970674515 91.999998927116394 324.09999632835388 781.49999105930328
leaf_count=1730 2771 165 144 810 123 263 109 108 3040 99 172 98 254 120 123 111 102 102 1249 119 770 94 1199 110 381 925
internal_value=0.000217846 -4.80973e-05 -0.000389878 -2.86139e-05 -0.000250068 -0.000845023 -0.00169779 -0.00295014 0.000320382 -0.000315981 0.00023889 0.000137267 -0.000382916 0.00011961 4.42085e-05 0.000180118 -0.000453553 -0.000390738 0.000231461 0.000470293 0.000328066 0.000251408 0.000195902 -0.000292205 0.000234003 5.28053e-05
internal_weight=14535.1 4043.6 2311 2169.3 1524.7 640 339.7 177.7 10491.5 162 6799.5 4246.5 650.1 300.3 466.7 884.7 166.7 242.1 3596.4 3692 718 3496.4 2459.3 177 2282.3 1105.6
internal_count=15291 4654 2924 2759 1949 822 439 231 10637 208 7747 4707 651 383 479 1127 213 225 4056 2890 914 3958 2709 204 2505 1306
is_linear=0
shrinkage=0.0103578


Tree=306
num_leaves=27
num_cat=0
split_feature=29 29 29 7 8 29 2 8 6 6 30 0 29 29 13 30 30 29 2 29 7 2 3 5 6 10
split_gain=3.72561 6.17241 41.0825 2.86991 3.85743 4.12985 2.34282 4.99359 1.45916 3.89815 1.12471 1.10348 1.09297 2.03688 2.82389 7.74473 0.634849 0.434819 0.631188 0.385121 0.380647 0.732329 0.209475 0.328255 0.292419 0.252466
threshold=35.791999816894538 35.626596450805671 35.633329391479499 0.49375000596046453 1.0000000180025095e-35 35.699068069458015 3.9155926704406743 2.5000000000000004 0.47708332538604742 0.73541668057441723 -120.45205307006835 24.609027862548832 36.314949035644538 38.308649063110359 79.847915649414077 -117.08349990844725 -109.12405014038085 36.579669952392585 -0.20288561284542081 39.616733551025398 1.0812500119209292 2.2718685865402226 2.1661804914474492 0.32149246335029608 1.0729166865348818 60.243055343627937
decision_type=2 2 2 2 2 2 2 2 2 2 2 2 2 2 2 2 2 2 2 2 2 2 2 2 2 2
left_child=1 -1 -3 4 5 -4 8 -8 -6 -10 19 -11 -12 14 15 -14 -15 -16 -19 -2 22 -22 23 -18 -25 -24
right_child=10 2 3 -5 6 -7 7 -9 9 11 12 -13 13 16 17 -17 20 18 -20 -21 21 -23 25 24 -26 -27
leaf_value=7.7526200177008987e-12 0.00083648479718952107 -1.1411342563470878e-10 -3.1643364546319002e-16 1.5576057201253859e-12 1.1510551356932025e-13 -2.9888169392735936e-14 -1.4676584466773346e-14 3.7298157673734173e-12 -2.409806080972725e-14 1.1171889864369971e-14 4.3333095949880824e-12 -1.9449569617107661e-14 0.0014631654522579206 -0.00021582620943090612 4.0329446188020053e-06 -0.00024325724538449325 -1.7031357708456348e-09 8.3308115335522148e-06 -3.9919608107084424e-05 -0.00088866979932650757 5.6921493267971537e-10 -1.1540657894052061e-08 5.2601465472570979e-08 3.1029837498703054e-08 -8.9473531927869196e-09 6.4348919065147941e-10
leaf_weight=1733.1999624371529 3522.4998819231987 148.59999829530716 109.09999871253967 739.79998975992203 567.49999231100082 84.199998736381531 79.799998998641968 98.799998819828033 144.59999781847 440.69999384880066 2335.5999720096588 176.39999783039093 138.59999591112137 93.999999046325684 202.19999700784683 103.9999988079071 119.69999915361404 103.09999912977219 133.69999885559082 142.59999573230743 288.49999791383743 84.19999885559082 1720.6999887228012 272.99999856948853 97.799998998641968 891.29998975992203
leaf_count=1726 2739 170 139 932 711 110 102 124 184 567 2790 220 110 92 228 122 131 93 127 132 321 104 1891 300 108 1063
internal_value=0.000211758 -4.31834e-05 -0.000363452 -4.07885e-05 -0.000275153 -0.00165061 -9.79865e-05 -0.00120995 5.15596e-05 -0.000244239 0.000319295 0.000114272 0.000238197 0.000139114 -0.00037928 -0.00127486 0.000238273 0.000115683 -0.000184117 0.000464857 0.000261107 -5.06241e-05 0.000298693 0.000100914 0.000253791 0.000335642
internal_weight=14574.2 4322.7 2589.5 2440.9 1701.1 193.3 1507.8 178.6 1329.2 761.7 10251.5 617.1 6586.4 4250.8 681.6 242.6 3569.2 439 236.8 3665.1 3475.2 372.7 3102.5 490.5 370.8 2612
internal_count=15336 4985 3259 3089 2157 249 1908 226 1682 971 10351 787 7480 4690 680 232 4010 448 220 2871 3918 425 3493 539 408 2954
is_linear=0
shrinkage=0.0103578


Tree=307
num_leaves=27
num_cat=0
split_feature=30 30 29 29 10 4 5 5 7 2 29 2 2 13 29 29 30 29 29 5 29 29 9 3 3 30
split_gain=3.52813 4.18729 8.22647 46.8974 1.40669 1.43435 1.58849 4.56968 1.86727 2.15011 1.00517 0.658646 0.585671 0.842495 1.42855 0.380806 0.380718 0.378926 0.510986 0.285173 0.267303 0.182805 0.168381 0.159341 0.131059 0.154368
threshold=-118.89915084838866 -79.128845214843736 35.633329391479499 35.626596450805671 7.4097220897674569 3.1341665983200078 0.26524883508682257 0.32149246335029608 0.11458333209156991 -0.76099896430969227 39.309597015380866 5.8905150890350351 -3.0338768959045406 10.572916507720949 39.002525329589851 35.741001129150398 -85.947937011718736 36.314949035644538 36.419198989868171 0.12830014526844027 43.474496841430671 34.728954315185554 315.11805725097662 2.0122221708297734 1.689027786254883 -79.025478363037095
decision_type=2 2 2 2 2 2 2 2 2 2 2 2 2 2 2 2 2 2 2 2 2 2 2 2 2 2
left_child=10 2 3 -2 -4 6 -6 -8 16 -10 -1 12 13 -7 -15 -14 -9 21 -19 -20 -17 -3 24 -21 25 -23
right_child=1 17 4 -5 5 11 7 8 9 -11 -12 -13 15 14 -16 20 -18 18 19 23 -22 22 -24 -25 -26 -27
leaf_value=0.00082793669695470449 5.0231950148375957e-06 -8.363213095417524e-05 -8.6798018701419748e-14 -1.1293145746819419e-10 7.6214628839214046e-14 5.3396893256220393e-12 -6.7748646717179645e-14 -4.2100411025299842e-05 1.5392174325206513e-12 -2.6627783695861838e-13 -0.00086817704788852727 -1.4524566809460884e-14 8.1803508713700726e-14 -3.8322083809876319e-05 9.9476415042795722e-07 6.0601744340867432e-11 1.5799516848346283e-13 -0.00014376649437447897 -9.8292614002367373e-08 -2.1881696118952305e-10 1.1315674228090865e-07 5.6257537470543005e-12 3.7358968283141529e-12 9.5431776256345631e-10 3.5183962066886142e-12 -2.3465781771681157e-13
leaf_weight=4342.499855697155 440.0999903678894 84.299998939037323 91.299999058246613 142.79999804496765 442.19999498128891 133.39999824762344 113.0999990105629 129.99999922513962 252.79999780654907 366.99999618530273 166.39999502897263 127.09999883174896 668.39999109506607 96.499999463558197 133.39999949932098 1437.7999911904335 449.19999450445175 91.59999942779541 97.799998879432678 166.29999870061874 377.89999485015869 92.299999177455902 126.29999876022339 906.39998906850815 2934.5999657511711 142.99999874830246
leaf_count=3379 403 105 103 168 526 170 131 132 298 438 150 147 858 103 138 1566 566 106 116 183 497 109 147 1060 3542 166
internal_value=0.000215684 0.000107576 -8.83848e-05 -0.00125001 5.21352e-05 7.68715e-05 -0.000157854 -0.000338939 -0.000150324 -0.000545457 0.000456406 0.000215453 0.000248145 -0.000139323 -0.000519735 0.000305 0.000271902 0.000335707 0.000181817 0.00024044 0.000226655 0.000392997 0.000405198 0.000289468 0.000419984 0.000181116
internal_weight=14554.5 10045.6 5403 582.9 4820.1 4728.8 1754.3 1312.1 1199 619.8 4508.9 2974.5 2847.4 363.3 229.9 2484.1 579.2 4642.6 1262.1 1170.5 1815.7 3380.5 3296.2 1072.7 3169.9 235.3
internal_count=15307 11778 6244 571 5673 5570 2091 1565 1434 736 3529 3479 3332 411 241 2921 698 5534 1465 1359 2063 4069 3964 1243 3817 275
is_linear=0
shrinkage=0.0103578


Tree=308
num_leaves=27
num_cat=0
split_feature=29 29 29 7 2 8 29 29 11 10 4 3 29 29 3 29 2 11 2 29 0 6 29 9 12 0
split_gain=3.5278 6.52852 51.8118 2.07612 1.98787 2.67021 1.49136 1.38349 1.21576 1.11886 0.907287 4.07268 0.838211 0.543726 1.17064 0.666787 0.395734 0.341665 0.316753 0.273584 0.256462 0.412033 0.276667 0.572077 0.208814 0.190664
threshold=35.725976943969734 35.626596450805671 35.633329391479499 0.51041665673255932 5.2317416667938241 1.0000000180025095e-35 35.676872253417976 39.221981048583991 16.453472137451175 18.479166030883793 3.0664583444595341 2.4411110877990727 40.405790328979499 41.408981323242195 2.4011805057525639 42.399999618530281 -0.56354814767837513 -2.6854166984558101 4.5089156627655038 47.337253570556648 7.4090278148651132 0.4812499880790711 35.79699897766114 249.53472137451175 -1.3062499761581419 6.6402776241302499
decision_type=2 2 2 2 2 2 2 2 2 2 2 2 2 2 2 2 2 2 2 2 2 2 2 2 2 2
left_child=1 -1 -3 4 5 6 -4 17 18 -7 11 -11 24 14 -14 16 -15 -2 19 -9 21 -19 23 -22 -10 -23
right_child=7 2 3 -5 -6 9 -8 8 12 10 -12 -13 13 15 -16 -17 -18 20 -20 -21 22 25 -24 -25 -26 -27
leaf_value=7.6775729460651835e-12 -2.7646414940632214e-06 -1.1176173193429608e-10 -1.6256118060078829e-14 1.5406828766340191e-12 -1.4374123726136466e-14 -1.5907342777595707e-14 -2.6820530422439501e-14 1.8743544975880917e-07 6.3060799375106955e-07 2.1230822929768375e-14 2.3730416903714952e-14 -2.3146727661220317e-14 -1.8313315036568409e-08 -7.2790372275489553e-10 -4.4582258273436595e-10 -1.8790191370053583e-09 2.7135108720951008e-10 -6.9774210953210154e-05 -7.6313319558115722e-09 -9.2578980650099882e-06 7.7636973869944753e-13 1.5378743334138985e-12 2.4127696212123921e-11 -3.5245605424294731e-13 -9.870110591215043e-09 -1.0394757244984819e-12
leaf_weight=1724.4999620318413 102.39999794960022 141.49999821186066 79.099999010562897 586.79999136924744 84.099998950958252 76.099998772144318 73.49999874830246 1639.9999794363976 150.99999964237213 574.9999914765358 401.09999454021454 107.09999853372574 125.69999867677689 90.099998712539673 124.19999915361404 84.099998772144318 202.09999734163284 87.59999805688858 165.99999731779099 149.79999792575836 343.89999717473984 175.19999670982361 6909.4998537302017 167.49999862909317 178.70000004768372 94.299997806549072
leaf_count=1719 114 167 99 752 107 99 99 1888 154 744 515 139 135 103 144 109 237 90 192 188 401 210 6535 197 185 93
internal_value=0.000208271 -6.08639e-05 -0.000445265 -1.21124e-05 -0.000229614 -0.000129935 -0.00141534 0.00030429 0.000111124 3.95103e-05 0.000125385 -0.000103998 -0.000191292 -0.000413961 -0.000788389 -0.000163375 6.96739e-05 0.000375596 0.000259159 0.000299386 0.000383443 0.000110462 0.000396513 0.000162445 0.000230334 0.000311976
internal_weight=14640.9 3848.8 2124.3 1982.8 1396 1311.9 152.6 10792.1 2911.7 1159.3 1083.2 682.1 955.9 626.2 249.9 376.3 292.2 7880.4 1955.8 1789.8 7778 357.1 7420.9 511.4 329.7 269.5
internal_count=15415 4440 2721 2554 1802 1695 198 10975 3335 1497 1398 883 1067 728 279 449 340 7640 2268 2076 7526 393 7133 598 339 303
is_linear=0
shrinkage=0.0103578


Tree=309
num_leaves=27
num_cat=0
split_feature=30 30 29 29 29 10 2 0 30 4 3 12 30 29 29 30 9 3 9 30 3 10 2 9 2 11
split_gain=3.42063 4.19103 11.2511 35.6778 1.43071 1.34819 1.33307 4.097 0.961833 1.51958 1.92144 1.30708 0.423504 0.837649 2.70516 0.944939 0.300319 0.274524 0.438585 0.243636 0.205044 0.243861 0.182045 0.170171 0.367803 0.264725
threshold=-117.08349990844725 -79.11110687255858 35.633329391479499 35.626596450805671 39.309597015380866 7.4097220897674569 5.1153595447540292 20.187500000000004 -79.17476654052733 2.9118750095367436 2.1845139265060429 -0.71041664481163014 -79.248573303222642 38.308649063110359 36.441598892211921 -82.058330535888658 274.29859924316412 1.7206249833106997 249.53472137451175 -78.675731658935533 2.0122221708297734 81.729167938232436 3.1252717971801762 257.63194274902349 4.5953156948089608 22.206250190734867
decision_type=2 2 2 2 2 2 2 2 2 2 2 2 2 2 2 2 2 2 2 2 2 2 2 2 2 2
left_child=4 2 3 -2 -1 -4 8 -8 12 10 11 -10 13 14 -7 -15 -14 18 -3 23 -21 22 -22 25 -25 -19
right_child=1 17 5 -5 -6 6 7 -9 9 -11 -12 -13 16 15 -16 -17 -18 19 -20 20 21 -23 -24 24 -26 -27
leaf_value=0.00081936106413345658 9.0713905021013527e-12 2.3001151938835819e-12 -2.3833865814852606e-14 -1.1060412222583163e-10 -0.00085918655369328595 9.9630701485534772e-15 -8.3959168033059823e-09 1.0358590589361891e-11 -1.6709957338512679e-14 1.1290394549444681e-13 -6.0037232202253784e-14 8.013896081213856e-14 1.0131424983655752e-13 1.1559331111564766e-07 -6.4717983377010177e-05 -2.6346330840930004e-10 -8.0788453750227326e-15 4.0360702896417119e-12 -3.4864364858833834e-13 -1.4935421826209617e-09 1.1111492464195436e-09 -1.2161448339108948e-10 -1.1568149744225912e-08 4.5562843159318965e-12 -7.4371370905953416e-09 -2.0393082755548225e-13
leaf_weight=4540.7998487949371 300.79999667406082 242.39999812841415 87.799999356269836 136.89999842643738 177.19999486207962 510.19999331235886 96.899998664855957 170.1999979019165 98.399998307228088 288.09999662637711 112.99999809265137 164.89999753236771 671.89999103546143 1790.9999922513962 208.99999934434891 571.29999309778214 145.29999792575836 1988.3999744653702 116.79999899864197 85.599999606609344 772.69999247789383 127.29999834299088 87.099999070167542 761.89999163150787 83.099998533725739 106.39999908208847
leaf_count=3534 330 274 98 159 162 640 123 192 128 359 150 215 851 1906 214 729 189 2440 136 96 869 149 99 923 107 122
internal_value=0.000215768 0.000104696 -8.94843e-05 -0.00167974 0.000444643 5.21399e-05 7.5408e-05 -0.000634795 0.000117146 -0.000246721 -0.000680075 -0.000192123 0.000179289 0.000123452 -0.000185629 0.000217752 0.000389091 0.00034266 6.67751e-05 0.00036724 0.000232529 0.000274915 0.000337682 0.000416197 0.000290429 0.000466636
internal_weight=14445.4 9727.4 5355.7 437.7 4718 4918 4830.2 267.1 4563.1 664.4 376.3 263.3 3898.7 3081.5 719.2 2362.3 817.2 4371.7 359.2 4012.5 1072.7 987.1 859.8 2939.8 845 2094.8
internal_count=15194 11498 6283 489 3696 5794 5696 315 5381 852 493 343 4529 3489 854 2635 1040 5215 410 4805 1213 1117 968 3592 1030 2562
is_linear=0
shrinkage=0.0103578


Tree=310
num_leaves=27
num_cat=0
split_feature=30 30 29 30 30 5 4 6 29 10 29 4 10 8 12 4 29 1 29 29 29 11 0 4 30 3
split_gain=3.62644 4.26441 15.769 34.1678 1.80338 2.25702 2.74297 4.32085 1.02189 0.919569 2.39239 0.414216 1.13525 2.15541 1.6707 0.982386 0.665358 0.543157 1.5284 0.252382 0.379405 0.309132 0.544947 0.233369 0.200491 0.18225
threshold=-117.08349990844725 -79.125286102294908 35.633329391479499 -79.311107635498033 -79.171237945556626 0.26524883508682257 3.2252084016799931 0.56458333134651195 39.747600555419929 17.131944656372074 38.94049263000489 3.0539582967758183 60.937500000000007 1.5000000000000002 -1.4895833134651182 2.8502082824707036 35.741001129150398 22.702976226806644 38.308649063110359 36.314949035644538 36.419198989868171 16.453472137451175 21.446527481079105 2.4193749427795415 -94.668254852294908 1.7206249833106997
decision_type=2 2 2 2 2 2 2 2 2 2 2 2 2 2 2 2 2 2 2 2 2 2 2 2 2 2
left_child=8 2 3 -2 9 -6 7 -7 -1 10 -4 12 13 14 -11 -15 -13 18 -18 25 -21 -22 -23 -24 -19 -3
right_child=1 19 4 -5 5 6 -8 -9 -10 11 -12 16 -14 15 -16 -17 17 24 -20 20 21 22 23 -25 -26 -27
leaf_value=0.00081087855534770588 2.8023740628080019e-06 2.2762909775535097e-12 -7.3559912524446676e-05 -1.0945850284906604e-10 1.1173450492506525e-13 -1.7756572113139084e-16 4.7319102012271647e-12 -5.0535927243886534e-14 -0.00086376713685756823 -5.2075248305934423e-11 2.3441848636783901e-06 5.5511700661988089e-14 1.2152077904839838e-13 6.6483340445633132e-14 -7.9149162060211439e-10 -8.1820412232837279e-15 -5.7507624390363479e-05 2.3865623462849704e-06 1.0026827063247583e-09 -0.00013936671008132518 4.9751383102462069e-07 -1.1915033569487974e-09 -2.6860563045712337e-11 3.8405621224912046e-10 7.6727883174490631e-13 3.3606252377437469e-12
leaf_weight=4641.0998446345329 222.2999974489212 293.29999762773514 93.399999380111694 138.89999812841415 177.39999741315842 130.19999814033508 101.69999843835831 147.69999778270721 140.29999625682831 87.099999606609344 140.4999988079071 715.79998981952667 546.1999939084053 458.99999612569809 102.89999896287918 94.599998831748962 112.69999885559082 619.09999960660934 1106.3999884724617 85.199999570846558 626.69999307394028 86.69999885559082 94.39999932050705 337.99999642372131 232.99999910593033 3032.1999651789665
leaf_count=3609 231 341 108 161 232 168 133 193 133 99 145 920 656 530 121 112 131 601 1340 98 729 99 102 392 258 3656
internal_value=0.000226534 0.000112225 -8.95546e-05 -0.00217596 6.54124e-05 -0.000488745 -0.000939407 -0.00147163 0.000460343 0.000137169 -0.000493197 0.000173503 1.96611e-05 -0.00024329 -0.00119355 8.29752e-05 0.00024453 0.000150082 9.46349e-06 0.000343857 0.000216223 0.000266085 7.80196e-05 0.000229166 0.000350632 0.000390931
internal_weight=14566.8 9785.4 5228.9 361.2 4867.7 557 379.6 277.9 4781.4 4310.7 233.9 4076.8 1289.8 743.6 190 553.6 2787 2071.2 1219.1 4556.5 1231 1145.8 519.1 432.4 852.1 3325.5
internal_count=15298 11556 6139 392 5747 726 494 361 3742 5021 253 4768 1518 862 220 642 3250 2330 1471 5417 1420 1322 593 494 859 3997
is_linear=0
shrinkage=0.0103578


Tree=311
num_leaves=27
num_cat=0
split_feature=30 29 29 29 4 29 29 11 6 29 29 5 11 10 29 10 0 29 9 4 11 9 4 0 13 30
split_gain=2.86896 4.66998 55.1388 1.01088 0.682953 1.05039 1.62961 2.93761 1.017 0.991949 2.59579 2.20875 1.96339 1.59394 0.663794 0.629035 0.538292 1.11663 0.487873 0.686364 0.32462 0.302429 0.350153 0.318719 0.805345 0.323054
threshold=-117.08349990844725 35.633329391479499 35.626596450805671 39.221981048583991 3.0539582967758183 36.314949035644538 38.308649063110359 16.181249618530277 0.49791666865348821 35.79699897766114 35.703458786010749 0.2225754112005234 18.51249980926514 44.465276718139656 36.579669952392585 84.166667938232436 23.716667175292972 39.82715034484864 278.17361450195318 2.6564583778381352 12.998610973358156 258.34028625488287 3.5752083063125615 18.154167175292972 61.718750000000007 -82.058330535888658
decision_type=2 2 2 2 2 2 2 2 2 2 2 2 2 2 2 2 2 2 2 2 2 2 2 2 2 2
left_child=3 2 -2 -1 8 -6 7 -7 18 10 13 -12 -13 -10 15 -11 20 -18 -3 -20 -16 22 -8 25 -25 -24
right_child=1 4 -4 -5 5 6 21 -9 9 14 11 12 -14 -15 16 -17 17 -19 19 -21 -22 -23 23 24 -26 -27
leaf_value=0.00080248062488174005 4.3943850231429353e-12 8.0918616195245514e-12 -1.0832474961010805e-10 -0.00085262853690844416 2.3503765457599432e-12 -0.00016921523764626124 2.6077351934232645e-08 3.7717161643606624e-06 -7.9104177758020499e-15 3.5672322014755501e-12 5.1516765719139916e-13 -2.1761678979071644e-14 -3.6860990379828354e-13 7.4718764165293059e-14 -1.9061925812762302e-05 -2.3662735106710495e-13 5.6422841464008309e-07 -1.090448479169821e-09 7.9606570943067099e-11 -7.3601392519083784e-09 9.4669334159194854e-10 4.5140569340192313e-08 7.8877838928101687e-07 -1.0556051069396413e-05 1.7431073512165605e-10 9.6929765483279799e-08
leaf_weight=4552.4998489618301 981.19998854398727 1062.9999897480011 148.69999808073044 212.79999363422394 2388.1999690532684 89.499999463558197 349.89999824762344 167.09999889135361 78.899999022483826 577.09999430179596 77.599998831748962 106.4999988079071 147.89999794960022 399.29999446868896 96.69999897480011 89.299998879432678 105.8999999165535 95.999999403953552 170.09999859333038 149.29999870061874 331.29999661445618 817.39999443292618 326.29999589920044 84.899998843669891 667.79999607801437 315.49999594688416
leaf_count=3543 1150 1248 175 192 2970 97 379 179 99 671 98 131 191 503 113 109 109 102 193 179 375 890 413 93 728 397
internal_value=0.00024852 0.000147293 -0.000478869 0.000457106 0.000228731 0.000303921 0.000168209 -0.000617416 0.000116371 -2.67139e-05 -0.000311072 -0.00101406 -0.00148032 0.000176739 0.000150746 0.000378605 -8.97729e-05 -0.000530221 0.000334629 -1.90782e-05 0.000117443 0.000247184 0.000169642 9.56614e-05 -4.84617e-05 0.000265237
internal_weight=14590.7 9825.4 1129.9 4765.3 8695.5 5206.6 2818.4 256.6 3488.9 2106.5 810.2 332 254.4 478.2 1296.3 666.4 629.9 201.9 1382.4 319.4 428 2561.8 1744.4 1394.5 752.7 641.8
internal_count=15327 11592 1325 3735 10267 6146 3176 276 4121 2501 1022 420 322 602 1479 780 699 211 1620 372 488 2900 2010 1631 821 810
is_linear=0
shrinkage=0.0103578


Tree=312
num_leaves=27
num_cat=0
split_feature=30 29 29 9 29 1 1 29 29 8 10 12 12 12 30 4 11 7 13 30 29 0 4 13 30 11
split_gain=3.13266 3.75188 47.1914 1.638 1.23418 0.542588 0.922443 0.653664 2.97017 0.373236 0.514324 0.342503 0.422393 0.238919 0.210831 0.4552 0.18054 0.281487 0.167614 0.147023 0.176693 0.13481 0.097706 0.0878385 0.0426887 0.0344415
threshold=-117.08349990844725 35.633329391479499 35.626596450805671 329.43750000000006 39.408555984497077 16.695238113403324 16.958631515502933 36.314949035644538 38.816040039062507 6.5000000000000009 18.770833969116214 4.3562498092651376 -2.9854166507720943 -7.8187499046325675 -82.058330535888658 5.7691667079925546 16.049304962158207 0.056250000372529037 58.518749237060554 -96.901752471923814 39.221981048583991 16.728471755981449 4.29770851135254 1.0000000180025095e-35 -81.665557861328111 1.1972222328186037
decision_type=2 2 2 2 2 2 2 2 2 2 2 2 2 2 2 2 2 2 2 2 2 2 2 2 2 2
left_child=4 2 16 5 23 7 -7 -3 -9 10 -8 12 -12 -11 -10 22 17 -2 -13 20 -15 -19 -16 -1 -18 -25
right_child=1 3 -4 -5 -6 6 9 8 14 13 11 18 -14 19 15 -17 24 21 -20 -21 -22 -23 -24 25 -26 -27
leaf_value=0.00079457426036765651 1.0512772150127675e-07 2.1442893380931749e-12 -1.072027396014464e-10 -1.7897480463829703e-14 -0.00084379715021680533 -2.1536275073614364e-14 -1.9937838325971922e-14 -0.00013908114331382637 7.8535913752716465e-07 -7.2839041354136883e-09 1.5230346010820157e-12 -2.1536275073614364e-14 1.7928904106744702e-14 -9.6775868292148371e-06 8.5798531875455503e-07 -2.8461211698827087e-08 4.9435898921504065e-06 8.584034055048062e-07 1.535648024622835e-12 1.6065805337640502e-10 9.2238954258250598e-06 -9.9716572947856799e-09 3.6310758071170814e-07 0.00080941193172300008 3.2803001120332627e-12 0.00079416334640314582
leaf_weight=166.49999445676804 202.29999721050262 1351.9999809265137 137.5999983549118 116.2999986410141 164.09999543428421 120.29999858140945 148.99999856948853 78.999999105930328 356.99999523162842 103.79999870061874 1458.0999851226807 108.69999861717224 2814.8999750614166 132.29999989271164 173.09999811649323 84.599998593330383 97.199999511241913 82.599998652935028 785.4999920129776 675.89999377727509 107.69999903440475 82.599998891353607 107.99999845027924 233.9999925494194 509.49999409914017 4172.7998595237732
leaf_count=131 239 1724 162 127 153 149 166 94 462 124 1715 139 3241 133 207 118 96 100 905 785 99 96 134 184 613 3240
internal_value=0.00023637 0.000130923 -0.000435494 0.000203162 0.000455218 0.000219721 0.00017208 0.00036226 0.000127098 0.000189217 0.000154233 0.000171608 0.000132841 0.000371001 0.00033646 0.000159619 0.000367333 0.000183884 0.000356186 0.000424436 0.000200613 -0.000131177 0.000360907 0.000486937 0.000477485 0.000495874
internal_weight=14575.4 9838 1111.8 8726.2 4737.4 8609.9 6456.2 2153.7 801.7 6335.9 5316.2 5167.2 4273 1019.7 722.7 365.7 974.2 367.5 894.2 915.9 240 165.2 281.1 4573.3 606.7 4406.8
internal_count=15336 11628 1306 10322 3708 10195 7456 2739 1015 7307 6166 6000 4956 1141 921 459 1144 435 1044 1017 232 196 341 3555 709 3424
is_linear=0
shrinkage=0.0103578


Tree=313
num_leaves=27
num_cat=0
split_feature=30 30 30 9 1 29 30 1 1 29 7 7 30 12 29 29 30 29 29 30 29 30 29 1 9 29
split_gain=3.87828 6.47513 45.3387 3.28645 0.698379 1.34512 1.86058 0.6951 1.3221 0.817468 1.69677 2.34368 3.56703 2.19784 0.691857 0.844026 0.463111 0.609823 0.438228 0.431674 0.336443 0.822425 1.22099 2.00255 0.322214 0.410781
threshold=-88.538810729980455 -79.298500061035142 -79.311107635498033 328.25000000000006 22.075893402099613 40.703229904174812 -82.058330535888658 16.695238113403324 16.958631515502933 35.79699897766114 0.44374999403953558 0.26458333432674414 -79.12176132202147 2.3020832538604741 36.314949035644538 41.332025527954109 -120.26449966430663 39.747600555419929 38.781452178955085 -78.807968139648423 36.579669952392585 -112.49425125122069 38.240348815917976 25.100893020629886 163.97222137451175 36.314949035644538
decision_type=2 2 2 2 2 2 2 2 2 2 2 2 2 2 2 2 2 2 2 2 2 2 2 2 2 2
left_child=16 2 4 7 -2 18 -7 14 -9 10 11 13 -13 -10 -3 -16 17 -1 -6 -11 -18 -22 23 -23 -21 -26
right_child=1 3 -4 -5 5 6 -8 8 9 19 -12 12 -14 -15 15 -17 20 -19 -20 24 21 22 -24 -25 25 -27
leaf_value=0.00078593377319981976 2.444239722802939e-09 2.1220791404470544e-12 -1.0853940157733495e-10 -1.0249550039076089e-09 -6.584049069475724e-07 2.5066839214246308e-09 -8.4479908619467543e-10 -2.1313205864879897e-14 6.8532184736426959e-14 4.4867135242528822e-12 1.5014953290707383e-12 -1.6191827181864543e-14 7.2454689719648609e-13 -2.1313205864879897e-14 -0.00013764056361827306 6.4518588683116995e-07 4.9326717418616323e-05 -0.00083724907904574183 5.5838422897805781e-07 -2.3436210838478643e-13 -0.00087575759179198544 -7.4402263490186982e-05 1.320724319407456e-06 1.1225208839095257e-05 3.6284932877255294e-12 1.0670391503169422e-10
leaf_weight=3952.6998680233955 901.99998962879181 1451.1999793052673 141.59999805688858 85.699999153614044 130.79999923706055 96.099999487400055 103.29999870061874 83.999998867511749 920.09998881816864 1288.0999854803085 768.89998960494995 84.799998581409454 89.199999034404755 494.39999395608902 81.499998867511749 178.19999808073044 679.49998116493225 127.99999636411667 247.30000019073486 156.99999856948853 151.09999603033066 93.89999908208847 1198.4999949932098 102.60000002384186 396.99999672174454 598.69999486207962
leaf_count=3075 1142 1848 164 101 140 103 129 108 1143 1539 953 112 108 610 97 216 573 118 253 178 131 101 1211 100 458 657
internal_value=0.000202784 5.55977e-05 -0.000531439 0.000198181 5.13918e-06 -0.000275658 -0.000962886 0.000224501 0.000161366 0.000184049 4.62523e-05 -0.000146883 -0.00127921 -6.83912e-06 0.000404301 -8.65326e-05 0.000396412 0.000462137 8.65559e-05 0.000316922 0.000275627 0.000190622 0.000269486 -0.000485357 0.000170594 0.000239584
internal_weight=14606.2 8299.9 1621.1 6678.8 1479.5 577.5 199.4 6593.1 4882.2 4798.2 2357.4 1588.5 174 1414.5 1710.9 259.7 6306.3 4080.7 378.1 2440.8 2225.6 1546.1 1395 196.5 1152.7 995.7
internal_count=15368 10059 1931 8128 1767 625 232 8027 5866 5758 2926 1973 220 1753 2161 313 5309 3193 393 2832 2116 1543 1412 201 1293 1115
is_linear=0
shrinkage=0.0103578


Tree=314
num_leaves=27
num_cat=0
split_feature=30 30 30 1 30 7 7 0 12 9 0 29 10 7 30 13 0 0 2 30 29 12 11 29 29 0
split_gain=3.57694 7.68952 49.2638 0.865664 1.37886 2.31975 4.09105 2.99339 0.866115 1.01772 0.682528 0.736976 0.712046 1.14105 0.587799 0.572145 0.694056 0.959939 0.510579 0.462086 0.495033 0.439622 0.399102 1.07066 1.59181 1.16092
threshold=-87.300792694091783 -79.298500061035142 -79.311107635498033 16.493452072143558 -79.125286102294908 0.42291666567325598 0.27291667461395269 17.525693893432621 -2.7229166030883785 259.61805725097662 21.446527481079105 40.703229904174812 60.937500000000007 0.20208333432674411 -85.947937011718736 106.67291641235353 24.166666984558109 24.584028244018558 3.2416925430297856 -120.45205307006835 39.747600555419929 -3.1645833253860469 14.838194370269777 36.579669952392585 39.79341125488282 16.828472137451175
decision_type=2 2 2 2 2 2 2 2 2 2 2 2 2 2 2 2 2 2 2 2 2 2 2 2 2 2
left_child=19 2 10 -3 5 6 7 -5 -9 -10 21 14 13 -13 -12 16 -6 -18 -19 20 -1 -2 23 -21 25 -25
right_child=1 3 -4 4 15 -7 -8 8 9 -11 11 12 -14 -15 -16 -17 17 18 -20 22 -22 -23 -24 24 -26 -27
leaf_value=0.00077779695931817858 -2.6146132892421722e-09 3.1834044804045729e-12 -1.0741516823876508e-10 -2.1092447170462103e-14 3.5695967321374812e-12 1.4917070156009275e-12 -1.6024114888764751e-14 8.712173753917153e-14 2.0044840051559525e-16 -4.1822368500916295e-14 -5.4193223097388743e-07 -8.3604879567076183e-10 7.0133898423872933e-11 -9.9085293838107293e-10 1.3255638488576512e-07 3.7131650379325666e-12 -7.334051289066072e-10 2.7092244248048219e-12 -1.0143386879045588e-09 0.00016771202148758348 -0.00081878164423125253 8.3124904949690873e-08 2.3380598352333739e-06 2.660183858354964e-06 8.5339755509732025e-07 -0.00013215731803631876
leaf_weight=3951.3998667001724 223.79999697208405 1582.6999778151512 132.49999809265137 86.499999046325684 1722.6999806761742 484.19999349117279 123.89999812841415 291.79999560117722 266.39999634027481 215.59999698400497 123.89999938011169 89.499999046325684 104.09999924898148 84.199999094009399 276.3999992609024 1150.39999127388 144.59999883174896 373.99999684095383 86.49999862909317 628.69998073577881 130.89999616146088 511.59999364614487 921.39999741315842 165.59999781847 351.4999960064888 227.29999786615372
leaf_count=3070 284 2011 157 109 2025 614 159 384 346 268 121 103 121 102 304 1324 170 442 109 517 123 660 890 166 381 217
internal_value=0.000223146 7.82678e-05 -0.000578375 0.000233848 0.000166217 -9.9698e-05 -0.000388635 -0.000134087 7.02147e-05 -0.000198743 -1.08726e-05 -0.000248074 -0.000657464 -0.00106239 3.55113e-05 0.000278598 0.000184834 -0.000116365 0.00011422 0.000406525 0.000472814 0.000207298 0.000288316 0.000175797 -8.95311e-05 -0.000542663
internal_weight=14452.1 8075.3 1546 6529.3 4946.6 1468.4 984.2 860.3 773.8 482 1413.5 678.1 277.8 173.7 400.3 3478.2 2327.8 605.1 460.5 6376.8 4082.3 735.4 2294.5 1373.1 744.4 392.9
internal_count=15177 9813 1852 7961 5950 1880 1266 1107 998 614 1695 751 326 205 425 4070 2746 721 551 5364 3193 944 2171 1281 764 383
is_linear=0
shrinkage=0.0103578


Tree=315
num_leaves=27
num_cat=0
split_feature=30 30 30 29 29 4 8 7 6 11 29 5 11 0 29 29 6 30 11 11 29 10 29 7 9 13
split_gain=3.4832 6.54271 44.4311 1.04472 1.85379 3.07023 2.62754 4.11698 1.31632 0.97011 1.79962 0.895655 1.88117 5.97338 0.72372 0.689636 0.488991 0.478732 1.4308 0.831102 1.02484 0.463109 0.431853 0.416435 0.373925 0.341633
threshold=-94.668254852294908 -79.298500061035142 -79.311107635498033 35.79699897766114 35.703458786010749 3.1341665983200078 3.5000000000000004 0.42291666567325598 0.88124999403953563 16.372917175292972 41.89190864562989 0.34173248708248144 18.270138740539554 22.839583396911625 39.79341125488282 43.175634384155281 0.31041666865348821 -117.08349990844725 14.603472232818605 12.535416603088381 38.308649063110359 37.090276718139656 36.314949035644538 1.0145833492279055 116.66666793823244 84.55625152587892
decision_type=2 2 2 2 2 2 2 2 2 2 2 2 2 2 2 2 2 2 2 2 2 2 2 2 2 2
left_child=15 2 9 4 11 6 7 8 -6 14 25 12 13 21 -2 17 -8 -1 19 20 -19 -3 -5 -16 -24 -11
right_child=1 3 -4 22 5 -7 16 -9 -10 10 -12 -13 -14 -15 23 -17 -18 18 -20 -21 -22 -23 24 -25 -26 -27
leaf_value=0.00076974066593116046 -2.6155338339919415e-05 -1.929209465673589e-14 -1.0630257952492306e-10 6.8589847261427393e-12 -4.0268931396401546e-13 1.7994632010790883e-12 7.6234478407613789e-11 -7.5561137732293203e-14 -4.0321720386652791e-13 1.5333992338934858e-09 -6.5423436064312932e-09 1.9499861221627095e-12 1.0095753013522695e-13 -1.3047213641502511e-10 1.8678795421993601e-07 -0.00081030083810852888 -2.3622409875109012e-14 -3.8928385434947167e-05 2.3523763001041017e-06 -1.6800450292064034e-05 2.5654945844505838e-05 2.1002649675459054e-12 -2.4611407129901544e-05 -1.4966328989402009e-08 1.0843553205728987e-09 -4.2275185887949114e-10
leaf_weight=4743.8998410701752 147.69999915361404 78.899999022483826 144.69999814033508 2113.4999772310257 101.09999889135361 403.19999480247498 142.59999847412109 131.19999831914902 80.499998867511749 157.29999905824661 109.19999808073044 1530.4999799728394 442.29999482631683 81.799998760223389 692.89999121427536 155.19999891519547 120.39999848604202 150.99999785423279 802.79999905824661 97.799999535083771 210.4999982714653 234.19999665021896 112.89999878406525 72.099998950958252 1144.3999871611595 491.69999784231186
leaf_count=3703 165 99 167 2525 127 504 176 160 105 179 146 1919 543 102 899 154 150 170 776 96 207 302 127 95 1332 521
internal_value=0.000218982 8.34029e-05 -0.000468109 0.000232555 0.000102717 -0.000276077 -0.000761416 -0.0014021 -0.00240965 9.32228e-06 -0.000264136 0.000259548 -1.23556e-05 -0.000532061 0.000236974 0.000406663 3.67523e-07 0.000424309 0.000244161 -0.000216099 1.24257e-05 0.000119352 0.0003613 0.000365426 0.000208532 -5.59592e-05
internal_weight=14694.3 8533.1 1815.6 6717.5 3346.7 979 575.8 312.8 181.6 1670.9 758.2 2367.7 837.2 394.9 912.7 6161.2 263 6006 1262.1 459.3 361.5 313.1 3370.8 765 1257.3 649
internal_count=15449 10343 2172 8171 4187 1222 718 392 232 2005 846 2965 1046 503 1159 5106 326 4952 1249 473 377 401 3984 994 1459 700
is_linear=0
shrinkage=0.0103578


Tree=316
num_leaves=27
num_cat=0
split_feature=30 29 29 29 4 29 29 12 30 29 29 0 2 29 29 11 30 30 1 5 6 11 1 0 2 13
split_gain=2.90856 5.47076 46.097 1.63687 0.891606 0.963995 1.45709 0.929658 0.718779 1.15588 1.83923 4.54668 0.585958 0.508967 2.35055 6.00845 0.848942 1.49093 0.577585 0.369545 0.280867 0.197567 0.229853 0.186263 0.182498 0.173799
threshold=-117.08349990844725 35.633329391479499 35.626596450805671 39.221981048583991 2.2518750429153447 35.79699897766114 35.721345901489265 3.2854166030883794 -79.11110687255858 35.703458786010749 35.719533920288093 23.3881950378418 3.6577250957489018 38.308649063110359 36.314949035644538 14.838194370269777 -82.462722778320298 -80.748550415039048 25.417857170104984 0.085240736603736891 1.1020833253860476 16.049304962158207 21.580952644348148 18.31875038146973 -1.6983566284179685 1.0000000180025095e-35
decision_type=2 2 2 2 2 2 2 2 2 2 2 2 2 2 2 2 2 2 2 2 2 2 2 2 2 2
left_child=3 2 12 25 5 6 7 -3 9 19 11 -11 21 14 18 -16 23 -18 -12 -6 -7 22 -2 -15 -10 -1
right_child=1 4 -4 -5 8 20 -8 -9 24 10 13 -13 -14 16 15 -17 17 -19 -20 -21 -22 -23 -24 -25 -26 -27
leaf_value=0.00076217436286531983 8.5618352790939206e-07 3.2855682826285646e-14 -1.0275446443398448e-10 -0.00082471656126984524 -1.8062580688270935e-14 8.1702964544378377e-12 -7.4778487847510239e-14 -7.5018602632037242e-14 4.4591807026538139e-12 -4.6894307433521051e-14 3.7429626165153216e-12 1.4471675267034296e-12 -1.0038525316000737e-09 7.779456965158048e-07 -0.00017515593959152359 6.1820215071114497e-06 -1.6647108323545976e-09 2.9739914345780654e-09 -3.7652884501774619e-14 1.456058521962936e-12 -1.0157933249053239e-12 3.6736589812738856e-12 -9.4837438082601984e-10 9.4726868751873371e-08 4.445979993283438e-12 0.00076177594900230341
leaf_weight=172.69999444484711 230.59999626874924 183.59999704360962 152.4999982714653 196.09999412298203 115.49999833106995 360.39999788999557 95.599999129772186 81.599998891353607 859.49999094009399 80.899998545646667 385.49999582767487 157.49999725818634 92.899998605251312 484.99999421834946 86.5999995470047 155.79999953508377 240.79999589920044 352.09999632835388 82.499999284744263 1044.699985563755 173.69999873638153 575.69999420642853 90.799999237060547 1328.1999961733818 2437.4999716877937 4366.3998545408249
leaf_count=137 272 236 177 179 151 400 116 100 1009 111 463 211 117 596 96 156 324 447 97 1335 195 671 102 1332 2943 3394
internal_value=0.000236549 0.000135055 -0.000538561 0.000447533 0.000223522 -8.57615e-05 -0.00049929 -0.000101305 0.000259009 0.0001739 7.62588e-05 -0.000799239 0.000278763 0.000143499 -9.96402e-05 -0.000926762 0.000215467 -0.000124167 0.000328471 0.000455706 0.000193034 0.00036017 0.000152146 0.000326761 0.000375385 0.000487617
internal_weight=14584.7 9849.5 1142.5 4735.2 8707 894.9 360.8 265.2 7812.1 4515.1 3354.9 238.4 990 3116.5 710.4 242.4 2406.1 592.9 468 1160.2 534.1 897.1 321.4 1813.2 3297 4539.1
internal_count=15367 11657 1339 3710 10318 1047 452 336 9271 5319 3833 322 1162 3511 812 252 2699 771 560 1486 595 1045 374 1928 3952 3531
is_linear=0
shrinkage=0.0103578


Tree=317
num_leaves=27
num_cat=0
split_feature=30 30 30 11 29 29 30 10 7 29 29 4 3 10 1 11 10 10 3 11 29 29 30 11 11 29
split_gain=2.94449 6.94898 52.2263 0.726673 0.933175 0.822612 0.934489 1.0737 1.43251 0.679424 1.94734 1.70353 1.77513 1.65974 1.28999 1.49521 0.700823 0.554848 0.620593 0.385505 0.377661 0.316689 0.3306 1.25094 1.08251 0.429619
threshold=-94.668254852294908 -79.298500061035142 -79.311107635498033 16.372917175292972 39.79341125488282 40.443843841552741 -80.461536407470689 61.812500000000007 0.21875000000000003 35.79699897766114 35.697473526000984 3.1341665983200078 2.4467360973358159 73.979167938232436 25.753571510314945 19.928472518920902 35.493055343627937 35.145833969116218 2.7808333635330205 0.72500002384185802 36.314949035644538 43.175634384155281 -109.12405014038085 14.838194370269777 12.694444179534914 38.376905441284187
decision_type=2 2 2 2 2 2 2 2 2 2 2 2 2 2 2 2 2 2 2 2 2 2 2 2 2 2
left_child=19 2 3 4 -2 -5 7 8 -7 10 17 12 13 14 -12 -16 -13 18 -3 -1 -11 22 -21 24 25 -24
right_child=1 9 -4 5 -6 6 -8 -9 -10 20 11 16 -14 -15 15 -17 -18 -19 -20 21 -22 -23 23 -25 -26 -27
leaf_value=4.950898046411045e-06 -4.0621177215497705e-05 1.9829627075038099e-12 -1.0413720091525744e-10 3.060958519002901e-07 1.5478492969379169e-07 -1.6474680302973377e-09 1.5953249815522878e-09 -5.4222575977158434e-10 -8.8154255522049317e-09 6.7418897537710747e-12 5.2069475466490945e-14 -1.8851926048333991e-14 -6.0117451240370978e-14 -7.4003944522005414e-14 3.7557776113526393e-12 -5.0728899891840165e-13 3.7580112462058316e-12 1.3204692572414338e-12 -1.8905181049658477e-14 0.00075387562159508453 1.1016183829679584e-09 -3.6483128149906834e-05 -3.0630187998831573e-05 2.3462760869565862e-06 -1.5802612593887738e-05 2.2135111851119113e-05
leaf_weight=338.39999085664749 157.89999878406525 217.79999703168869 141.39999783039093 394.5999990105629 790.59999012947083 84.999999046325684 105.79999929666519 110.9999988079071 82.499999225139618 2120.8999760746956 306.79999577999115 77.19999897480011 78.499998807907104 121.39999884366989 86.899998903274536 77.499999046325684 380.3999947309494 1784.8999761343002 135.29999846220016 4522.1998504400253 1230.7999868988991 144.19999885559082 97.89999932050705 760.89999932050705 95.600000083446503 134.89999932050705
leaf_count=296 177 268 166 414 1022 100 126 132 97 2545 386 96 103 156 113 95 482 2231 169 3536 1424 142 107 737 96 133
internal_value=0.000243445 0.000118639 -0.000438941 5.71212e-05 0.000249753 -0.000176926 -0.000517919 -0.000832672 -0.00135488 0.000276168 0.000169587 -0.000178164 -0.000510505 -0.000314827 -3.51144e-05 -0.000774755 0.000308346 0.000353368 -2.06283e-05 0.000417165 0.000379874 0.000437154 0.000449476 0.000286295 -0.000246829 0.000133124
internal_weight=14581.3 8487.2 1868.8 1727.4 948.5 778.9 384.3 278.5 167.5 6618.4 3266.7 1128.7 671.1 592.6 471.2 164.4 457.6 2138 353.1 6094.1 3351.7 5755.7 5611.5 1089.3 328.4 232.8
internal_count=15349 10302 2234 2068 1199 869 455 329 197 8068 4099 1431 853 750 594 208 578 2668 437 5047 3969 4751 4609 1073 336 240
is_linear=0
shrinkage=0.0103578


Tree=318
num_leaves=27
num_cat=0
split_feature=30 29 29 29 30 30 6 2 29 3 3 11 11 30 30 1 29 11 4 3 12 11 3 4 30 29
split_gain=3.01334 4.8059 43.2554 0.92079 0.838983 1.08387 1.62543 2.54656 3.69491 0.986002 0.971314 0.610445 0.784088 0.446758 1.23056 1.66648 1.06165 2.3093 0.566319 0.363469 0.641862 0.349013 0.32675 1.13768 0.316545 0.257605
threshold=-117.08349990844725 35.633329391479499 35.626596450805671 39.309597015380866 -79.11110687255858 -79.181884765624986 1.1729166507720949 -0.64580744504928578 35.719533920288093 1.5426388978958132 2.0026388168334965 16.049304962158207 13.810416698455812 -80.461536407470689 -82.058330535888658 22.209821701049808 38.115749359130866 14.184027671813967 5.2410416603088388 1.7206249833106997 -1.1812499761581419 12.793749809265138 2.967986106872559 3.6322916746139531 -78.577270507812486 34.860479354858406
decision_type=2 2 2 2 2 2 2 2 2 2 2 2 2 2 2 2 2 2 2 2 2 2 2 2 2 2
left_child=3 2 11 -1 5 9 7 8 -7 -3 -9 12 25 14 16 18 17 -11 -16 20 -6 -18 -15 -24 -21 -2
right_child=1 4 -4 -5 19 6 -8 10 -10 13 -12 -13 -14 22 15 -17 21 -19 -20 24 -22 -23 23 -25 -26 -27
leaf_value=0.00074607426314394348 -8.4907273809966784e-05 -1.4363724002192256e-06 -1.0061151446118469e-10 -0.00080278305552871569 4.9901375516313979e-12 -5.9494764529995879e-14 1.4311308372150081e-12 -1.6059577147779418e-14 1.7031307977449387e-12 -0.00017302444059770031 8.6595950863291713e-14 4.2229043403054624e-12 -9.9345459573101282e-10 1.315103077865574e-12 4.9224873554487481e-10 -9.4902710163756024e-10 7.8145458025184433e-07 1.040197431312793e-05 -3.9937673123396304e-08 3.6708850936674388e-12 -3.9248936436345335e-13 4.0265986185449685e-08 -1.0055574635698114e-14 1.9149026865491225e-12 8.520455651320793e-10 8.4731530552620679e-07
leaf_weight=4570.8998476266861 92.999998271465302 86.799999117851257 142.79999804496765 172.99999511241913 154.39999884366989 106.59999817609787 231.19999700784683 90.799998700618744 92.499999284744263 94.499999403953552 288.09999561309814 617.89999389648438 103.49999904632568 1144.3999852538109 153.09999793767929 76.799998879432678 614.89999389648438 129.60000002384186 75.99999874830246 2485.8999691605568 154.59999889135361 1318.4999958276749 103.79999881982803 370.29999536275864 914.59999179840088 172.89999747276306
leaf_count=3557 106 102 166 160 170 142 296 118 109 107 371 719 119 1438 195 98 705 126 104 3043 172 1355 132 473 1016 213
internal_value=0.000238091 0.00013444 -0.000500679 0.000452465 0.000217136 0.000129106 -0.000217441 -0.000511286 -0.00145793 0.000196497 -1.131e-05 0.00027077 -6.12945e-05 0.000219855 0.0001317 -0.0004821 0.000219026 -0.000454316 -3.62757e-05 0.000335114 -3.65877e-06 0.000297401 0.000353677 0.000123603 0.000366017 0.000235339
internal_weight=14561.4 9817.5 1130.1 4743.9 8687.4 4977.9 809.2 578 199.1 4168.7 378.9 987.3 369.4 4081.9 2463.4 305.9 2157.5 224.1 229.1 3709.5 309 1933.4 1618.5 474.1 3400.5 265.9
internal_count=15312 11595 1323 3717 10272 5871 1036 740 251 4835 489 1157 438 4733 2690 397 2293 233 299 4401 342 2060 2043 605 4059 319
is_linear=0
shrinkage=0.0103578


Tree=319
num_leaves=27
num_cat=0
split_feature=30 30 30 30 30 5 7 7 11 11 29 29 30 7 29 0 11 9 9 6 3 9 3 30 30 11
split_gain=3.44316 6.26276 42.875 1.07292 2.09541 2.17181 1.93951 3.40758 1.7781 0.698983 1.13321 0.869902 0.754928 0.563926 0.543386 0.458312 0.42724 0.440977 0.388984 0.59225 0.3788 0.358076 0.929834 0.345453 0.29048 1.00292
threshold=-94.668254852294908 -79.298500061035142 -79.311107635498033 -79.125286102294908 -79.17476654052733 0.085240736603736891 0.42291666567325598 0.20208333432674411 12.620139122009279 16.372917175292972 40.703229904174812 39.79341125488282 -80.495098114013658 0.44374999403953558 43.598333358764656 26.064582824707035 0.26666666567325598 176.36111450195315 249.53472137451175 1.9104166626930239 1.7304860949516299 259.61805725097662 2.967986106872559 -85.947937011718736 -109.12405014038085 14.838194370269777
decision_type=2 2 2 2 2 2 2 2 2 2 2 2 2 2 2 2 2 2 2 2 2 2 2 2 2 2
left_child=14 2 9 4 5 -3 7 8 -6 11 23 -2 13 -12 16 -10 17 -1 -5 20 -20 -7 -23 -11 -18 -26
right_child=1 3 -4 18 6 21 -8 -9 15 10 12 -13 -14 -15 -16 -17 24 -19 19 -21 -22 22 -24 -25 25 -27
leaf_value=6.9874831375320233e-05 -5.5261645561011845e-05 -1.8040423863553481e-14 -9.9569396878468187e-11 3.8263188835331798e-12 -1.5159376798289046e-14 1.4757049248327016e-12 1.4409226094998498e-12 -1.5893234678864991e-14 1.6854900479808476e-12 -3.3043694838818074e-08 -2.1441860298788053e-09 1.487495032396739e-07 1.5787872451473266e-09 -9.1411853064211385e-09 -0.00078098806344726202 -6.3936498594337217e-13 0.000738341232516584 -0.00037055492191200175 -2.1459547565354745e-11 -2.0285082693309032e-12 5.1936887267193833e-12 5.7534503081648264e-14 -9.8419961887266879e-15 6.1234533400974402e-07 -8.7552302702309854e-06 2.2942198253666156e-06
leaf_weight=135.69999581575394 153.79999893903732 98.999998807907104 141.89999794960022 3079.7999647259712 75.799998879432678 962.79998713731766 153.99999761581421 77.499998986721039 195.79999709129333 154.99999922513962 141.89999830722809 736.69999051094055 99.099999666213989 100.09999853372574 147.4999988079071 79.199998676776886 4557.5998485684395 144.19999670982361 105.99999892711639 158.49999815225601 1177.8999869227409 271.69999611377716 91.299998462200165 262.29999905824661 353.19999861717224 789.39999902248383
leaf_count=111 172 124 165 3674 98 1218 200 99 256 150 173 955 111 121 147 106 3564 136 122 191 1409 347 121 289 358 762
internal_value=0.000230369 9.30691e-05 -0.00044938 0.000241938 4.2379e-05 0.000256513 -0.000480592 -0.000839133 -0.000401481 2.13777e-05 -0.00020934 0.000218351 -0.000651917 -0.000963305 0.000416701 -1.16277e-05 0.000432044 3.52449e-05 0.000330399 0.000189355 0.000263322 0.000367417 8.85838e-05 0.000151807 0.000451449 0.000302529
internal_weight=14447.7 8320.1 1790.8 6529.3 2007.1 1424.8 582.3 428.3 350.8 1648.9 758.4 890.5 341.1 242 6127.6 275 5980.1 279.9 4522.2 1442.4 1283.9 1325.8 363 417.3 5700.2 1142.6
internal_count=15179 10101 2136 7965 2569 1810 759 559 460 1971 844 1127 405 294 5078 362 4931 247 5396 1722 1531 1686 468 439 4684 1120
is_linear=0
shrinkage=0.0103578


Tree=320
num_leaves=27
num_cat=0
split_feature=30 29 29 30 30 13 30 0 3 13 11 11 0 11 0 10 4 10 29 30 13 29 29 30 9 30
split_gain=3.58809 3.52832 33.2027 1.35257 1.57709 2.67027 1.99498 0.908802 1.4557 0.834596 1.07103 0.800339 1.33271 0.691467 0.669535 0.623893 0.496567 0.953609 0.461579 0.387336 0.229059 0.22417 0.176206 0.175388 0.189018 0.380051
threshold=-117.08349990844725 35.633329391479499 35.626596450805671 -79.11110687255858 -79.171237945556626 52.116666793823249 -79.164138793945298 25.728471755981449 2.2097916603088383 43.920833587646491 6.4937500953674325 16.049304962158207 24.270138740539554 22.60624980926514 24.781250000000004 65.715278625488295 2.308333277702332 75.423610687255874 39.221981048583991 -78.695117950439439 1.0000000180025095e-35 39.79341125488282 34.967180252075202 -78.014999389648423 257.63194274902349 -79.010993957519517
decision_type=2 2 2 2 2 2 2 2 2 2 2 2 2 2 2 2 2 2 2 2 2 2 2 2 2 2
left_child=18 2 11 4 9 -6 -7 -8 -9 -3 -11 12 22 14 15 -12 17 19 20 -5 -1 -16 -2 24 -18 -26
right_child=1 3 -4 16 5 6 7 8 -10 10 13 -13 -14 -15 21 -17 23 -19 -20 -21 -22 -23 -24 -25 25 -27
leaf_value=0.00073108909816785154 -8.5523979978690442e-05 2.8252403312349845e-12 -9.8538073378934148e-11 3.3391313617826322e-12 -2.2542261149864512e-05 -6.4140873609395143e-14 2.2312488069435584e-12 -6.3274254817177963e-13 3.6787494431531538e-12 -1.0811113560074033e-06 -1.0068567225006863e-14 3.5385580838342186e-12 -9.8321835117176951e-10 -1.0939300885764569e-14 4.3530681351735778e-12 1.8950098415525645e-12 3.6487130977908448e-12 -1.2496766220608821e-12 -1.9700800118731193e-05 -3.1402936010613074e-11 0.00073069361501820209 -6.2534369988106133e-10 8.3853891278232737e-07 9.1277100396577181e-10 -5.190460526426255e-13 6.4486953094236267e-12
leaf_weight=169.29999470710754 85.499998390674591 1051.3999854326248 140.29999834299088 319.19999742507935 104.19999867677689 79.999998688697815 327.09999561309814 89.399998605251312 82.299998819828033 134.19999891519547 1434.1999889016151 606.49999397993088 81.39999908208847 108.19999873638153 868.99999397993088 602.09999412298203 1763.199977517128 97.299999237060547 203.09999412298203 88.599999248981476 4542.2998496294022 103.59999978542328 185.39999753236771 842.69999182224274 272.09999656677246 345.39999604225159
leaf_count=135 95 1358 159 370 130 106 417 116 103 140 1642 703 94 130 934 701 2166 115 181 96 3535 108 228 937 335 420
internal_value=0.000227332 0.000112851 -0.000439911 0.000182642 7.09272e-05 -0.000391079 -0.000114764 0.000128587 -0.000479471 0.000144405 6.21889e-05 0.000249393 -0.000142198 0.000101378 0.000130802 2.37699e-05 0.000331879 2.89709e-05 0.000455792 0.000249819 0.000476636 0.000354313 0.000206203 0.0003792 0.000424943 0.000267035
internal_weight=14728 9813.3 1099.1 8714.2 4985.7 683 578.8 498.8 171.7 4302.7 3251.3 958.8 352.3 3117.1 3008.9 2036.3 3728.5 505.1 4914.7 407.8 4711.6 972.6 270.9 3223.4 2380.7 617.5
internal_count=15454 11603 1279 10324 5885 872 742 636 219 5013 3655 1120 417 3515 3385 2343 4439 581 3851 466 3670 1042 323 3858 2921 755
is_linear=0
shrinkage=0.0103578


Tree=321
num_leaves=27
num_cat=0
split_feature=30 29 29 11 30 5 11 3 9 9 3 2 30 11 6 29 3 29 29 29 29 29 2 5 30 11
split_gain=3.74053 7.41864 49.0793 2.05829 2.5045 1.85595 3.68569 1.62433 1.13293 1.48735 2.0311 1.59624 0.879061 0.716695 1.11782 0.565305 0.397768 0.334967 0.325906 1.80708 0.323649 0.314179 0.711042 0.280924 0.277273 0.960076
threshold=-94.668254852294908 35.633329391479499 35.626596450805671 16.897916793823246 -79.125286102294908 0.7459721863269807 20.03055572509766 1.6435416340827944 199.72917175292972 213.22222137451175 2.9120832681655888 2.0921583175659184 -79.146400451660142 16.049304962158207 0.45208333432674414 43.175634384155281 1.6435416340827944 36.579669952392585 36.20991516113282 38.441310882568366 39.747600555419929 35.79699897766114 1.0564829111099245 0.63647946715354931 -117.08349990844725 14.390972137451174
decision_type=2 2 2 2 2 2 2 2 2 2 2 2 2 2 2 2 2 2 2 2 2 2 2 2 2 2
left_child=15 2 13 7 5 8 -7 -3 -5 -10 12 -12 -11 14 -2 24 -6 21 -9 -20 -21 22 -18 -19 -1 -26
right_child=1 3 -4 4 16 6 -8 18 9 10 11 -13 -14 -15 -16 -17 17 23 19 20 -22 -23 -24 -25 25 -27
leaf_value=0.00072313052589391912 -9.6137773803829596e-09 -7.2381557576587278e-14 -9.7517432159237445e-11 1.2520444934309261e-12 -2.0073572162349775e-13 4.3940690905384912e-12 -4.7804632836100434e-14 2.2081378973664228e-12 -6.1886649229327122e-10 3.8375630599192011e-14 -7.7725334005121899e-09 -4.691794948724335e-10 -6.2618870452561281e-13 3.5019062789550674e-12 8.2869036018842203e-07 -0.00077680837692888918 1.9115623648533056e-12 -3.2069585951452682e-10 -0.00016257965445235837 -2.2697829255309661e-06 9.8668208852353618e-08 3.3045451862166508e-12 -1.2367326763551267e-12 8.6116891010152002e-10 -7.7951797781490435e-06 2.302320462638963e-06
leaf_weight=4734.9998416900635 94.599998772144318 87.299999177455902 146.19999802112579 279.99999678134918 168.89999896287918 111.29999911785126 93.299998939037323 2284.0999684929848 95.599998950958252 686.89999258518219 124.99999845027924 88.899998962879181 90.999998569488525 552.7999941110611 175.99999779462814 144.79999899864197 187.29999828338623 272.89999771118164 91.499999463558197 131.89999908208847 1432.6999819278717 989.19999009370804 127.09999912977219 99.899998903274536 464.89999657869339 801.69999992847443
leaf_count=3698 116 105 172 344 187 131 117 2871 114 837 152 109 118 656 218 144 219 305 105 147 1777 1158 147 113 475 773
internal_value=0.000227481 8.55209e-05 -0.000766341 0.000196573 9.46837e-06 -0.000294152 -0.00121312 0.000355201 -0.000155896 -0.000307406 -0.000187555 -0.0010801 5.79365e-05 0.000216585 -0.000218846 0.000421729 0.00026836 0.000316728 0.000386291 0.000274875 0.000357948 0.000395035 0.000107843 4.15946e-05 0.000437183 0.000299899
internal_weight=14560.8 8414.4 969.6 7444.8 3417.3 1572 204.6 4027.5 1367.4 1087.4 991.8 213.9 777.9 823.4 270.6 6146.4 1845.3 1676.4 3940.2 1656.1 1564.6 1303.6 314.4 372.8 6001.6 1266.6
internal_count=15308 10218 1162 9056 4051 1922 248 5005 1674 1330 1216 261 955 990 334 5090 2129 1942 4900 2029 1924 1524 366 418 4946 1248
is_linear=0
shrinkage=0.0103578


Tree=322
num_leaves=27
num_cat=0
split_feature=29 29 11 29 11 9 7 5 5 3 5 11 9 5 29 3 2 2 9 10 7 1 11 29 1 29
split_gain=2.97531 54.7957 1.07244 0.716564 1.82861 0.741639 2.14838 0.655743 2.58184 0.686424 1.58023 0.369367 0.298462 0.489403 0.293453 0.283036 0.237962 0.419853 0.221921 0.270276 0.418227 0.205514 0.199631 0.311619 0.191704 0.175561
threshold=35.633329391479499 35.626596450805671 12.793749809265138 40.405790328979499 16.670139312744144 247.91666412353518 0.22291666269302371 0.7459721863269807 0.76805487275123607 1.6435416340827944 0.34827888011932379 13.184027671813967 279.34028625488287 0.54234597086906444 39.221981048583991 1.907569468021393 -0.70243272185325611 1.1852225661277773 230.90972137451175 64.520832061767592 0.047916667535901077 4.3845238685607919 0.60069444775581371 36.441598892211921 22.075893402099613 39.747600555419929
decision_type=2 2 2 2 2 2 2 2 2 2 2 2 2 2 2 2 2 2 2 2 2 2 2 2 2 2
left_child=1 12 14 7 -5 16 -7 9 -9 10 -4 -11 -1 -14 21 -16 -6 24 -13 25 -21 -2 23 -23 -18 -20
right_child=2 -3 3 4 5 6 -8 8 -10 11 -12 18 13 -15 15 -17 17 -19 19 20 -22 22 -24 -25 -26 -27
leaf_value=7.1556097278298227e-12 -2.0624798678214071e-05 -9.6507362574073698e-11 -9.3781333932300883e-14 2.9320114733973435e-08 7.0082921202201483e-10 -1.0317387493453643e-09 -7.6920267729924345e-09 -3.9511696927918482e-14 4.3485560428178169e-12 -8.5838038344453352e-06 1.2337251965074636e-12 1.9787102349419342e-12 8.3977441720610714e-11 -8.7345640558366941e-10 -0.00076464860548551257 5.7029135107580557e-07 -3.1737414434410861e-10 2.3980550623453559e-10 3.2481215132142815e-12 -7.2017714096291935e-09 5.173525875938136e-13 1.8276484213945298e-12 1.5212303653022811e-11 -0.00014945526752826831 -8.5125186625536117e-09 -5.1139302361922883e-10
leaf_weight=1331.4999713301659 111.4999982714653 145.99999797344208 83.899998784065247 619.09999281167984 103.49999898672104 144.39999866485596 81.199999034404755 152.09999853372574 409.59999686479568 132.89999753236771 223.49999785423279 1581.5999859571457 293.99999308586121 104.59999811649323 89.399998068809509 1077.4999843239784 88.399998903274536 109.09999865293503 1654.0999851226807 77.999998867511749 304.09999620914459 259.79999661445618 4958.7998661994934 189.89999467134476 91.299998641014099 94.599999845027924
leaf_count=1345 141 170 97 737 117 170 98 175 456 139 267 1830 274 108 96 1241 100 125 1849 96 367 328 4576 163 107 98
internal_value=0.000249744 -0.00013497 0.00030689 0.000205573 -1.59803e-05 -0.000414743 -0.000887522 0.00026379 -6.76873e-05 0.000308731 -0.00016108 0.000346416 0.000379827 0.000129467 0.000396975 0.000246682 -0.000140902 -0.00029421 0.000365664 0.000295954 4.50498e-05 0.000428642 0.000437717 0.000226457 -0.000601839 0.000350504
internal_weight=14514.4 1876.1 12638.3 5951.4 1237 617.9 225.6 4714.4 561.7 4152.7 307.4 3845.3 1730.1 398.6 6686.9 1166.9 392.3 288.8 3712.4 2130.8 382.1 5520 5408.5 449.7 179.7 1748.7
internal_count=15270 1897 13373 6828 1454 717 268 5374 631 4743 364 4379 1727 382 6545 1337 449 332 4240 2410 463 5208 5067 491 207 1947
is_linear=0
shrinkage=0.0103578


Tree=323
num_leaves=27
num_cat=0
split_feature=29 29 30 4 10 29 0 29 6 2 29 7 6 1 29 1 12 2 2 30 11 11 2 30 5 12
split_gain=3.28091 58.5735 1.12873 0.859135 1.86357 1.18452 1.30746 0.766604 0.731983 0.890386 1.13667 1.77928 4.4312 0.546873 0.502389 1.74371 0.402531 0.357676 0.409411 0.34848 0.51955 0.218659 0.207308 0.166693 0.143873 0.1552
threshold=35.633329391479499 35.626596450805671 -120.45205307006835 2.4327082633972172 88.437500000000014 36.314949035644538 28.176388740539554 39.616733551025398 0.49791666865348821 -1.737241208553314 35.79699897766114 0.46041667461395269 1.1895833611488345 24.253273963928226 38.308649063110359 21.659225463867191 0.043750001117587096 -1.1267856955528257 -0.84663560986518849 -94.668254852294908 16.453472137451175 13.959027767181398 3.6577250957489018 -112.49425125122069 0.49187451601028448 -5.0812501907348624
decision_type=2 2 2 2 2 2 2 2 2 2 2 2 2 2 2 2 2 2 2 2 2 2 2 2 2 2
left_child=1 22 7 4 8 6 -5 -2 23 -10 11 12 -11 16 15 -7 -12 24 -19 21 -21 -20 -1 -4 -16 -26
right_child=2 -3 3 5 -6 14 -8 -9 9 10 13 -13 -14 -15 17 -17 -18 18 19 20 -22 -23 -24 -25 25 -27
leaf_value=8.2214191950971392e-12 0.0007156313832067723 -9.5507755124184462e-11 -0.0001180611288876075 2.1312593430956821e-12 -9.2809962240453795e-14 -0.00011746903781076237 -3.9102441244689161e-14 -0.00079048023532745 9.0318986785610385e-13 -7.0660469570271344e-14 -1.5136731957326617e-09 7.7392235416749945e-13 2.7937316123678282e-15 7.1581593599071146e-12 5.0279114100106274e-07 3.9911418051045896e-06 3.0575294106787289e-09 -6.0660093649585818e-06 3.7232485882293649e-06 2.7991983634756295e-08 -1.7714186475643427e-10 2.2363320704695004e-06 -8.6440928724070607e-10 7.8670045424294687e-11 -7.7544026583173187e-10 1.5324248430373617e-07
leaf_weight=1626.0999652147293 3562.5998798012733 159.29999780654907 91.89999794960022 3507.5999544262886 83.799999237060547 146.89999723434448 131.6999985575676 145.59999585151672 248.59999734163284 81.799998760223389 97.699999392032623 121.89999824762344 82.699999034404755 202.59999817609787 553.59999710321426 342.89999586343765 96.899998605251312 126.9999988079071 152.99999904632568 875.59998786449432 709.49999368190765 414.09999990463257 112.79999774694443 534.69999545812607 91.099999487400055 283.59999865293503
leaf_count=1603 2768 185 79 4366 100 147 153 136 292 104 109 153 101 218 592 351 109 134 146 1130 817 401 126 617 97 304
internal_value=0.000246792 -0.000154647 0.00030689 0.00024398 2.95597e-05 0.000291923 0.000424642 0.00045905 0.000110923 -7.27267e-05 -0.00026614 -0.000763007 -0.00146421 9.16438e-05 0.000161127 -0.000147211 -0.000298759 0.000208361 0.000138207 0.000172101 9.28505e-05 0.000392558 0.000396603 0.00038463 0.000379965 0.000220654
internal_weight=14585.6 1898.2 12687.4 8979.2 1642.6 7336.6 3639.3 3708.2 1558.8 932.2 683.6 286.4 164.5 397.2 3697.3 489.8 194.6 3207.5 2279.2 2152.2 1585.1 567.1 1738.9 626.6 928.3 374.7
internal_count=15338 1914 13424 10520 1882 8638 4519 2904 1782 1086 794 358 205 436 4119 498 218 3621 2628 2494 1947 547 1729 696 993 401
is_linear=0
shrinkage=0.0103578


Tree=324
num_leaves=27
num_cat=0
split_feature=29 29 30 29 4 4 10 29 29 4 10 29 11 30 30 11 29 29 30 29 11 11 11 30 11 6
split_gain=2.72683 48.5824 1.18813 0.780898 1.07354 1.46187 1.17304 0.57627 0.470191 0.732925 1.11761 0.433246 1.0371 3.93645 0.393834 0.53289 2.18167 1.00105 0.558005 0.521133 0.693304 1.32815 0.368453 0.309032 0.602853 1.07175
threshold=35.633329391479499 35.626596450805671 -120.45205307006835 36.314949035644538 2.7166665792465214 2.6564583778381352 88.437500000000014 39.747600555419929 35.79699897766114 2.2518750429153447 56.770833969116218 38.308649063110359 14.754166603088381 -119.26765060424803 -109.12405014038085 16.372917175292972 39.82715034484864 42.399999618530281 -80.461536407470689 39.79341125488282 13.959027767181398 11.4680552482605 21.478471755981449 -82.058330535888658 16.049304962158207 0.45208333432674414
decision_type=2 2 2 2 2 2 2 2 2 2 2 2 2 2 2 2 2 2 2 2 2 2 2 2 2 2
left_child=1 23 7 4 5 6 8 -2 9 10 -4 12 13 -5 -13 19 -17 18 -18 20 21 -16 -11 -1 25 -25
right_child=2 -3 3 11 -6 -7 -8 -9 -10 22 -12 14 -14 -15 15 16 17 -19 -20 -21 -22 -23 -24 24 -26 -27
leaf_value=4.1184512220595492e-05 0.0007082189905443316 -9.4518501444486673e-11 1.5878795646213012e-14 0.001422773785742452 2.1201227753608608e-12 -3.8697424564774753e-14 -9.1848651857442457e-14 -0.00076058056525024338 7.0840163180416249e-12 3.6208069458219431e-12 -2.1388357348712486e-14 -0.0049266847986153151 3.7341949671383715e-06 -0.00021365279041552922 7.2110574016587445e-06 2.125625183068187e-06 -1.3208913769757186e-09 -8.7730408529397015e-09 6.427554166825669e-11 1.7085083747720215e-07 2.319178340075039e-06 -1.6331289784127988e-05 -4.6168335031329261e-14 -1.1116203033399887e-08 3.30636136123656e-12 8.2010676193650033e-07
leaf_weight=946.79997253417969 3518.7998814582825 146.19999814033508 179.79999768733978 200.09999364614487 3066.7999595999718 131.09999847412109 88.399998724460602 132.29999601840973 578.7999941110611 410.99999457597733 165.59999799728394 101.89999890327454 319.29999816417694 139.09999883174896 150.69999885559082 794.79999893903732 261.3999981880188 98.399998545646667 430.39999568462372 1477.9999828934669 170.79999995231628 100.89999979734421 85.499999105930328 86.399998843669891 522.09999406337738 180.59999763965607
leaf_count=780 2732 170 222 157 3810 167 110 123 658 510 208 101 355 145 167 800 298 128 484 1794 172 105 103 106 623 220
internal_value=0.000257226 -0.000110333 0.000312149 0.0002478 0.00033974 0.000125431 0.000216906 0.00046976 0.000289282 0.000132221 -0.000233204 0.000145742 -9.79785e-05 -0.000496888 0.000190606 0.000209266 6.86532e-05 -0.000316319 -0.00017607 0.000326266 4.39208e-06 -0.000340077 0.000387259 0.00037313 0.000220549 -0.000178433
internal_weight=14486 1882.1 12603.9 8952.8 4707 1640.2 1509.1 3651.1 1420.7 841.9 345.4 4245.8 658.5 339.2 3587.3 3485.4 1585 790.2 691.8 1900.4 422.4 251.6 496.5 1735.9 789.1 267
internal_count=15248 1899 13349 10494 5788 1978 1811 2855 1701 1043 430 4706 657 302 4049 3948 1710 910 782 2238 444 272 613 1729 949 326
is_linear=0
shrinkage=0.0103578


Tree=325
num_leaves=27
num_cat=0
split_feature=30 29 29 29 29 11 4 30 10 7 29 11 29 30 30 29 30 7 2 29 2 29 2 11 7 4
split_gain=2.79955 5.4161 44.732 0.865469 1.15354 6.39092 0.954376 1.51527 2.38657 3.99117 0.767026 0.508851 2.65027 1.59216 1.50252 0.772617 0.689419 0.506309 0.367781 0.282756 0.235817 0.535334 0.821484 0.176674 0.166895 0.162495
threshold=-117.08349990844725 35.633329391479499 35.626596450805671 36.314949035644538 38.308649063110359 14.184027671813967 2.7166665792465214 -79.164138793945298 56.770833969116218 0.46041667461395269 39.747600555419929 16.049304962158207 41.191854476928718 -80.495098114013658 -75.049243927001939 39.79341125488282 -85.110637664794908 0.027083333581686023 3.6577250957489018 39.82715034484864 0.76903465390205394 35.79699897766114 1.6892727613449099 0.60069444775581371 0.33541667461395269 4.5097918510437021
decision_type=2 2 2 2 2 2 2 2 2 2 2 2 2 2 2 2 2 2 2 2 2 2 2 2 2 2
left_child=10 2 18 6 5 -5 7 8 -3 -10 23 15 19 16 -15 17 -14 -6 -2 -13 -9 22 -22 -1 -7 -19
right_child=1 3 -4 4 11 24 -8 20 9 -11 -12 12 13 14 -16 -17 -18 25 -20 -21 21 -23 -24 -25 -26 -27
leaf_value=0.00072528304958054601 4.2451760628202223e-12 3.6683108446689375e-12 -9.3539494292325034e-11 -0.00029178912978479455 -8.8648695951110583e-06 3.6955167874748734e-06 2.0981628910121003e-12 1.3913445622275999e-12 -4.5544566483104848e-14 1.1387477289740839e-12 -0.00075270259636800853 1.3742090888707633e-06 -1.3595269906030572e-08 1.8154747360678315e-09 -1.4986605722994731e-09 3.6799467982754106e-07 -3.6039198534968784e-09 -8.2265364800707682e-07 -7.4031606771297263e-10 6.4305397907369551e-11 -5.3405422766208052e-13 3.2622482337462208e-12 7.8554499020441552e-14 0.00070088790118221444 -1.4598242716581512e-06 6.9997919965767554e-06
leaf_weight=199.69999372959137 871.99999040365219 251.19999706745148 145.99999821186066 101.99999916553497 167.69999980926514 235.89999806880951 3046.9999602437019 673.29999244213104 152.2999981045723 132.49999821186066 151.39999586343765 862.19999879598618 95.999999344348907 243.79999804496765 115.4999982714653 1437.6999824643135 123.29999780654907 125.89999932050705 87.899998784065247 297.29999792575836 85.69999885559082 237.39999783039093 92.099999308586121 4345.2998549938202 91.999999642372131 109.89999949932098
leaf_count=159 1018 314 170 112 177 269 3800 811 193 165 142 874 110 280 137 1739 157 135 109 319 103 274 107 3377 98 113
internal_value=0.000256457 0.000156618 -0.000525765 0.000243629 0.000131791 -0.000374507 0.000339494 0.000136299 -0.000313869 -0.000962561 0.000464373 0.000192768 6.53184e-05 -0.000506643 -8.04281e-05 0.000312795 -0.00120103 -8.67543e-05 0.000287445 0.000351203 0.000358406 0.000162414 -0.000265344 0.000488568 0.000329666 0.000221268
internal_weight=14483 9786.6 1105.9 8680.7 4009.2 429.9 4671.5 1624.5 536 284.8 4696.4 3579.3 1738.1 578.6 359.3 1841.2 219.3 403.5 959.9 1159.5 1088.5 415.2 177.8 4545 327.9 235.8
internal_count=15262 11584 1297 10287 4520 479 5767 1967 672 358 3678 4041 1877 684 417 2164 267 425 1127 1193 1295 484 210 3536 367 248
is_linear=0
shrinkage=0.0103578


Tree=326
num_leaves=27
num_cat=0
split_feature=30 30 30 4 30 7 7 6 9 10 30 29 30 30 30 7 1 11 29 29 7 5 10 11 29 29
split_gain=3.26522 5.83452 52.7309 1.48066 1.68647 2.45542 9.00229 0.820717 0.528808 1.22586 1.86598 0.479277 0.436007 0.427953 1.31291 1.96589 0.424013 0.741149 2.06777 1.2746 0.41889 0.801866 0.332012 0.953811 0.399531 0.272967
threshold=-96.966995239257798 -79.298500061035142 -79.311107635498033 2.4327082633972172 -79.11110687255858 0.46041667461395269 0.20208333432674411 0.41458332538604742 249.53472137451175 65.451389312744155 -79.125286102294908 43.175634384155281 -75.049243927001939 -82.058330535888658 -80.748550415039048 0.50208333134651195 17.766667366027836 14.085416793823244 40.025205612182624 41.60673904418946 0.18541666865348819 0.36985105276107794 31.548610687255863 15.24722194671631 36.579669952392585 39.82715034484864
decision_type=2 2 2 2 2 2 2 2 2 2 2 2 2 2 2 2 2 2 2 2 2 2 2 2 2 2
left_child=11 2 13 4 5 6 7 -3 12 22 -11 -1 -5 16 15 -15 -2 18 -18 -19 -6 -22 23 -10 -24 -16
right_child=1 3 -4 8 20 -7 -8 -9 9 10 -12 -13 -14 14 25 -17 17 19 -20 -21 21 -23 24 -25 -26 -27
leaf_value=0.00030261802130163732 7.3646866374359932e-07 7.7817033750316672e-11 -9.5017677924555405e-11 2.0990036629980027e-12 6.1633859911192582e-12 1.3637555692527846e-12 -4.0158484789934637e-14 -6.9235299744552605e-14 4.7295851422411515e-12 -3.7824859823609767e-14 1.7989094993737148e-12 -0.00073286649668935131 -2.3311185023446828e-10 -1.6815213162129733e-10 -5.1709768153187203e-06 -5.4088089940266651e-08 -5.5899347468431484e-05 6.1723911268733017e-07 8.1078749128041203e-07 -7.3788319154743552e-09 -1.2315444329115827e-12 5.1543611337180888e-12 4.9508162324138202e-12 -7.3264799517611731e-10 -2.7088854437557955e-09 3.6258231675275043e-09
leaf_weight=5454.6998366713524 363.39999538660049 136.99999785423279 128.79999804496765 3356.0999569892883 444.99999582767487 173.59999793767929 77.799998760223389 105.2999986410141 210.5999972820282 81.89999908208847 136.19999873638153 138.59999865293503 152.89999830722809 159.29999756813049 132.89999854564667 78.599998652935028 90.899999380111694 817.2000008225441 95.099999308586121 157.99999767541885 146.49999856948853 257.19999825954437 1047.9999865889549 96.299999237060547 155.89999830722809 296.09999763965607
leaf_count=4419 478 178 154 4117 512 216 102 133 264 103 160 138 175 209 163 102 95 800 107 194 171 294 1298 111 181 361
internal_value=0.000236645 0.000113327 -0.000333131 0.000270833 -3.57817e-05 -0.000517075 -0.00105477 -6.58638e-05 0.00034949 0.000200659 -0.000523623 0.000432774 0.000422656 4.59963e-05 -0.000172474 -0.00078897 0.000141865 4.47505e-05 -0.000552924 0.000159432 0.000243855 1.13637e-06 0.000305652 1.46613e-07 0.000383146 0.000169011
internal_weight=14493.9 8900.6 2320.3 6580.3 1342.4 493.7 320.1 242.3 5237.9 1728.9 218.1 5593.3 3509 2191.5 666.9 237.9 1524.6 1161.2 186 975.2 848.7 403.7 1510.8 306.9 1203.9 429
internal_count=15235 10678 2663 8015 1606 629 413 311 6409 2117 263 4557 4292 2509 835 311 1674 1196 202 994 977 465 1854 375 1479 524
is_linear=0
shrinkage=0.0103578


Tree=327
num_leaves=27
num_cat=0
split_feature=30 30 30 4 30 5 3 9 5 6 9 0 4 30 30 13 10 30 11 9 30 30 11 11 8 3
split_gain=2.63319 3.05304 35.5465 1.53078 3.2865 4.2048 1.49286 0.49932 0.74585 1.62047 0.455581 0.412704 0.471702 0.565142 0.851257 0.548147 0.535998 0.409386 0.36743 0.352735 0.391794 0.31636 0.453791 0.312906 0.27664 0.222522
threshold=-117.08349990844725 -79.298500061035142 -79.311107635498033 2.2518750429153447 -79.125286102294908 0.40456041693687445 1.7206249833106997 249.53472137451175 0.70171749591827404 0.42708334326744085 279.67359924316412 17.611111640930179 3.2860417366027836 -97.084445953369126 -96.966995239257798 85.564582824707045 61.284723281860359 -94.668254852294908 0.60069444775581371 277.61805725097662 -78.577270507812486 -75.16158294677733 16.670139312744144 14.838194370269777 1.5000000000000002 2.5320138931274419
decision_type=2 2 2 2 2 2 2 2 2 2 2 2 2 2 2 2 2 2 2 2 2 2 2 2 2 2
left_child=18 2 11 4 5 -3 -7 21 10 -10 19 -2 -13 23 -15 16 -16 -17 25 20 24 -5 -23 -14 -9 -1
right_child=1 3 -4 7 -6 6 -8 8 9 -11 -12 12 13 14 15 17 -18 -19 -20 -21 -22 22 -24 -25 -26 -27
leaf_value=-0.0052455611178060602 3.641847929179333e-07 -2.9230810605460209e-14 -9.1586449995488398e-11 2.0236985608848514e-12 2.4663862443715184e-12 1.1872313300535349e-12 -4.7381940121735677e-14 -8.3453823991231435e-15 -4.641055600792259e-10 3.0997221878290956e-12 1.0372858040774173e-11 3.3148171758019444e-09 -1.5555148908693948e-05 -1.0384908932481e-06 -7.4472403403001345e-10 2.15677506368269e-06 -1.0952545513890837e-08 -7.3017287524862644e-09 0.00069049298375899724 -7.1272177621760331e-09 -5.1284037833951112e-09 9.3004825087625558e-07 -7.9545833206793981e-10 5.3695041814460846e-06 3.5974041797850395e-12 0.00071463621869845403
leaf_weight=123.29999631643295 694.79999071359634 83.499998509883881 131.5999983549118 3785.5999513864517 527.99999558925629 122.79999846220016 91.099998950958252 167.1999979019165 100.99999940395355 186.5999983549118 708.99999153614044 828.99999552965164 152.29999876022339 138.99999994039536 243.69999748468399 274.40000033378601 151.99999791383743 246.89999938011169 4437.899852335453 90.399998426437378 124.19999861717224 111.19999891519547 89.199998915195465 236.69999867677689 446.59999442100525 130.19999575614929
leaf_count=101 872 113 154 4644 602 156 113 210 118 222 870 874 147 136 291 266 186 267 3471 116 136 124 106 233 556 102
internal_value=0.000254747 0.000157536 -0.000110692 0.00028291 -0.000134047 -0.00100424 -0.000230098 0.000342214 0.00019977 -0.000283214 0.000290466 0.000123132 5.53708e-05 -5.73889e-05 -0.000181943 -6.67069e-05 -0.000357427 0.00015331 0.000456369 0.000124691 0.000199977 0.00040729 4.08979e-06 0.000279423 0.000307672 7.07063e-05
internal_weight=14428.2 9736.8 3100.4 6636.4 825.4 297.4 213.9 5811 1825 287.6 1537.4 2968.8 2274 1445 1056 917 395.7 521.3 4691.4 828.4 738 3986 200.4 389 613.8 253.5
internal_count=15186 11512 3426 8086 984 382 269 7102 2228 340 1888 3272 2400 1526 1146 1010 477 533 3674 1018 902 4874 230 380 766 203
is_linear=0
shrinkage=0.0103578


Tree=328
num_leaves=27
num_cat=0
split_feature=29 29 11 4 5 29 29 3 5 6 5 2 11 1 12 29 11 29 4 5 5 10 2 3 1 5
split_gain=2.64173 48.5316 1.47587 1.35793 3.87346 5.86946 1.44356 0.623479 0.496973 1.16676 0.706612 0.463377 0.364822 0.355242 0.338391 0.314879 0.294895 0.290328 0.330432 0.274668 0.974729 0.223983 0.277484 0.220536 0.21038 0.185794
threshold=35.633329391479499 35.626596450805671 12.694444179534914 2.2372916936874394 0.28378176689147955 35.901496887207038 39.046882629394538 3.3588889837265019 0.47532616555690771 0.97708335518836986 0.18910381942987445 3.6577250957489018 15.954166889190676 26.612201690673832 -1.1312500238418577 39.82715034484864 18.121527671813968 39.309597015380866 2.7437499761581425 0.7459721863269807 0.76475250720977794 72.215278625488295 2.4382505416870122 1.7411111593246462 4.9166665077209482 0.31110821664333349
decision_type=2 2 2 2 2 2 2 2 2 2 2 2 2 2 2 2 2 2 2 2 2 2 2 2 2 2
left_child=1 11 17 4 5 -4 19 12 10 -10 -9 -1 -8 23 15 -14 -17 24 -19 -5 -21 -20 -23 -6 -2 -16
right_child=2 -3 3 6 13 -7 7 8 9 -11 -12 -13 14 -15 25 16 -18 18 21 20 -22 22 -24 -25 -26 -27
leaf_value=8.015343220482359e-12 1.9608996900950418e-07 -9.0637812551851607e-11 -1.1809890675724061e-13 2.0809165798436365e-12 2.2221376605867493e-12 2.1868645190368949e-09 4.9575377849388704e-07 -7.4268455677004884e-08 -4.7615934216235687e-06 7.0152145323485772e-10 1.0622535672839342e-09 -7.2025221792548048e-10 4.8479611400242673e-07 -1.4728444677517332e-14 -9.155658254414701e-11 -4.8901909110252943e-09 -2.1972429463348684e-10 -0.00074344937331379945 6.4708582171161222e-07 -2.2372272290181854e-14 4.1950445907062685e-12 7.1830758414749845e-07 -3.7006178051125907e-08 -4.4166093946726569e-14 1.3950702799792977e-11 6.1563874149938307e-10
leaf_weight=1634.3999651074409 143.69999760389328 150.69999802112579 88.899998784065247 2988.7999676465988 378.79999709129333 102.19999837875366 370.19999641180038 163.79999887943268 132.39999860525131 93.199999332427979 222.09999787807465 105.39999806880951 108.69999980926514 116.89999884366989 146.89999884366989 133.4999988079071 153.89999830722809 184.09999698400497 692.29999071359634 88.399999558925629 248.89999759197235 186.7999969124794 84.999998688697815 140.29999911785126 5355.3998578190804 292.69999802112579
leaf_count=1606 181 175 113 3484 434 98 418 182 152 104 257 122 111 137 159 151 179 195 801 100 291 226 114 155 4990 319
internal_value=0.000241852 -0.000119044 0.00029596 0.000177609 -0.000211549 -0.00150257 0.000240286 5.29499e-06 -0.00026373 -0.000649376 -3.65664e-05 0.000369883 0.000142123 0.000176697 2.16052e-05 -0.00019726 -0.00037729 0.000402176 0.000251284 0.000368537 8.65849e-05 0.000328176 7.41319e-05 0.000293282 0.000433576 0.00021977
internal_weight=14508.4 1890.5 12617.9 5970.6 827.1 191.1 5143.5 1817.4 611.5 225.6 385.9 1739.8 1205.9 636 835.7 396.1 287.4 6647.3 1148.2 3326.1 337.3 964.1 271.8 519.1 5499.1 439.6
internal_count=15254 1903 13351 6844 937 211 5907 2032 695 256 439 1728 1337 726 919 441 330 6507 1336 3875 391 1141 340 589 5171 478
is_linear=0
shrinkage=0.0103578


Tree=329
num_leaves=27
num_cat=0
split_feature=29 29 11 4 29 7 12 29 29 11 11 6 29 3 9 12 30 29 29 30 7 30 9 5 29 3
split_gain=3.1632 54.0457 1.45067 1.27941 2.98945 3.22621 5.33974 1.3083 0.79871 1.09492 0.546741 0.516014 0.421121 0.552186 0.501199 0.348806 0.313408 0.766748 1.17601 3.04251 0.293882 0.366722 0.277526 0.412033 0.243782 0.223763
threshold=35.633329391479499 35.626596450805671 12.793749809265138 2.2372916936874394 35.741001129150398 0.46041667461395269 1.0979166626930239 39.002525329589851 39.309597015380866 17.487500190734867 15.954166889190676 1.3312500119209292 39.82715034484864 2.8921527862548833 203.93750000000003 -2.2437499761581416 -120.45205307006835 36.20991516113282 38.714012145996101 -118.89915084838866 0.66875001788139354 -82.058330535888658 279.34028625488287 0.57000273466110241 39.616733551025398 2.2858333587646489
decision_type=2 2 2 2 2 2 2 2 2 2 2 2 2 2 2 2 2 2 2 2 2 2 2 2 2 2
left_child=1 22 16 4 5 6 -4 25 9 -9 -10 -6 -12 15 -15 -14 24 -18 19 -19 -20 -22 -1 -24 -2 -5
right_child=2 -3 3 7 11 -7 -8 8 10 -11 12 -13 13 14 -16 -17 17 18 20 -21 21 -23 23 -25 -26 -27
leaf_value=6.6738081798773566e-12 0.00068334097044000076 -8.9699000939432358e-11 -4.3708628781747373e-14 1.3987900399374797e-12 8.2018451440866638e-12 1.1510912085948484e-12 -7.6545868018764668e-15 -9.4406318389596108e-06 8.3405923771801596e-08 -4.5108601793502873e-08 4.5307816194220364e-07 -7.3581267375854751e-13 -6.9124569978433431e-10 9.1099748045749638e-11 -3.7225174176476594e-09 7.3493784967563527e-10 2.0068413743843025e-12 0.0013901565530782239 6.4038341278810488e-07 -0.0002077486909613437 7.2555653816100559e-07 -5.6693567894799758e-08 7.4309166023678572e-11 -7.1279196345748646e-10 0.00047208986862404717 3.3570983582575645e-12
leaf_weight=1354.0999709963799 3420.4998854994774 157.39999777078629 77.799998700618744 1184.2999872565269 402.79999679327011 103.89999848604202 79.299998760223389 100.29999971389771 538.19999426603317 223.19999927282333 208.09999907016754 166.99999862909317 180.49999803304672 85.899999260902405 255.29999721050262 254.99999856948853 1713.6999754309654 222.39999347925186 956.99998992681503 140.49999892711639 81.299998760223389 77.399998962879181 298.69999361038208 101.29999804496765 146.79999536275864 2209.9999763965607
leaf_count=1377 2659 186 104 1403 428 131 101 103 630 222 203 186 207 97 307 286 2155 176 1128 155 103 94 277 105 132 2536
internal_value=0.000242937 -0.000149969 0.000301506 0.000185145 -0.000192107 -0.00110915 -0.00204338 0.000245044 2.29039e-05 -0.000443772 0.000122435 0.000227896 -2.22779e-05 -0.000133584 -0.000445489 0.000110079 0.000405936 0.00033081 0.000157481 -0.000353776 0.000324248 -8.61284e-05 0.00037227 0.000130824 0.000472984 0.00036574
internal_weight=14742.7 1911.5 12831.2 6071.6 830.8 261 157.1 5240.8 1846.5 323.5 1523 569.8 984.8 776.7 341.2 435.5 6759.6 3192.3 1478.6 362.9 1115.7 158.7 1754.1 400 3567.3 3394.3
internal_count=15491 1945 13546 6944 950 336 205 5994 2055 325 1730 614 1100 897 404 493 6602 3811 1656 331 1325 197 1759 382 2791 3939
is_linear=0
shrinkage=0.0103578


end of trees

feature_importances:
Column_29=2336
Column_30=2321
Column_11=808
Column_2=430
Column_1=366
Column_4=273
Column_6=267
Column_3=263
Column_7=251
Column_0=236
Column_10=233
Column_12=169
Column_13=164
Column_9=163
Column_5=150
Column_8=150

parameters:
[boosting: gbdt]
[objective: quantile]
[metric: quantile]
[tree_learner: serial]
[device_type: cpu]
[data_sample_strategy: bagging]
[data: ]
[valid: ]
[num_iterations: 330]
[learning_rate: 0.0103578]
[num_leaves: 27]
[num_threads: 0]
[seed: 42]
[deterministic: 1]
[force_col_wise: 0]
[force_row_wise: 0]
[histogram_pool_size: -1]
[max_depth: 9]
[min_data_in_leaf: 98]
[min_sum_hessian_in_leaf: 0.001]
[bagging_fraction: 0.649298]
[pos_bagging_fraction: 1]
[neg_bagging_fraction: 1]
[bagging_freq: 1]
[bagging_seed: 400]
[bagging_by_query: 0]
[feature_fraction: 0.908119]
[feature_fraction_bynode: 1]
[feature_fraction_seed: 30056]
[extra_trees: 0]
[extra_seed: 12879]
[early_stopping_round: 0]
[early_stopping_min_delta: 0]
[first_metric_only: 0]
[max_delta_step: 0]
[lambda_l1: 0.0406487]
[lambda_l2: 0.566973]
[linear_lambda: 0]
[min_gain_to_split: 0]
[drop_rate: 0.1]
[max_drop: 50]
[skip_drop: 0.5]
[xgboost_dart_mode: 0]
[uniform_drop: 0]
[drop_seed: 17869]
[top_rate: 0.2]
[other_rate: 0.1]
[min_data_per_group: 100]
[max_cat_threshold: 32]
[cat_l2: 10]
[cat_smooth: 10]
[max_cat_to_onehot: 4]
[top_k: 20]
[monotone_constraints: ]
[monotone_constraints_method: basic]
[monotone_penalty: 0]
[feature_contri: ]
[forcedsplits_filename: ]
[refit_decay_rate: 0.9]
[cegb_tradeoff: 1]
[cegb_penalty_split: 0]
[cegb_penalty_feature_lazy: ]
[cegb_penalty_feature_coupled: ]
[path_smooth: 0]
[interaction_constraints: ]
[verbosity: -1]
[saved_feature_importance_type: 0]
[use_quantized_grad: 0]
[num_grad_quant_bins: 4]
[quant_train_renew_leaf: 0]
[stochastic_rounding: 1]
[linear_tree: 0]
[max_bin: 255]
[max_bin_by_feature: ]
[min_data_in_bin: 3]
[bin_construct_sample_cnt: 200000]
[data_random_seed: 175]
[is_enable_sparse: 1]
[enable_bundle: 1]
[use_missing: 1]
[zero_as_missing: 0]
[feature_pre_filter: 1]
[pre_partition: 0]
[two_round: 0]
[header: 0]
[label_column: ]
[weight_column: ]
[group_column: ]
[ignore_column: ]
[categorical_feature: ]
[forcedbins_filename: ]
[precise_float_parser: 0]
[parser_config_file: ]
[objective_seed: 16083]
[num_class: 1]
[is_unbalance: 0]
[scale_pos_weight: 1]
[sigmoid: 1]
[boost_from_average: 1]
[reg_sqrt: 0]
[alpha: 0.05]
[fair_c: 1]
[poisson_max_delta_step: 0.7]
[tweedie_variance_power: 1.5]
[lambdarank_truncation_level: 30]
[lambdarank_norm: 1]
[label_gain: ]
[lambdarank_position_bias_regularization: 0]
[eval_at: ]
[multi_error_top_k: 1]
[auc_mu_weights: ]
[num_machines: 1]
[local_listen_port: 12400]
[time_out: 120]
[machine_list_filename: ]
[machines: ]
[gpu_platform_id: -1]
[gpu_device_id: -1]
[gpu_use_dp: 0]
[num_gpu: 1]

end of parameters

pandas_categorical:null
