tree
version=v4
num_class=1
num_tree_per_iteration=1
label_index=0
max_feature_idx=31
objective=quantile
feature_names=Column_0 Column_1 Column_2 Column_3 Column_4 Column_5 Column_6 Column_7 Column_8 Column_9 Column_10 Column_11 Column_12 Column_13 Column_14 Column_15 Column_16 Column_17 Column_18 Column_19 Column_20 Column_21 Column_22 Column_23 Column_24 Column_25 Column_26 Column_27 Column_28 Column_29 Column_30 Column_31
feature_infos=[-12.791666984558105:36.219444274902344] [-13.834524154663086:35.004165649414062] [-14.080745697021484:15.55561637878418] [0.90597224235534668:10.19041633605957] [1.0558333396911621:13.377083778381348] [0.0013458937173709273:0.99113506078720093] [0:10.295833587646484] [0:7.0250000953674316] [0:7] [15.527777671813965:384.38888549804688] [0:99.958335876464844] [-15.5:24.866666793823242] [-33.375:38.254165649414062] [0:175.02915954589844] [0:1] none none none none none none none none none none none none none none [26.389429092407227:48.973251342773438] [-124.17919921875:-67.698646545410156] none
tree_sizes=323 488 325 494 327 412 658 495 410 951 554 635 635 540 817 802 961 635 638 967 794 705 723 717 627 630 725 882 636 1573 1532 1496 2173 1968 1949 1510 1781 1926 1980 1245 2623 1718 1650 2087 2337 2155 1952 2055 1865 2461 2583 2301 2588 2204 3165 2367 3184 3216 3297 3296 2960 3319 3247 3262 3239 3208 3337 3321 3288 3325 3337 3355 3255 3324 3322 3334 3333 3293 3293 3304 3344 3353 3339 3358 3363 3358 3342 3330 3315 3387 3287 3343 3338 3359 3339 3342 3325 3254 3355 3383 3335 3338 3316 3378 3343 3397 3326 3378 3329 3381 3401 3427 3394 3416 3248 3382 3402 3370 3363 3391 3361 3334 3362 3330 3396 3335 3314 3375 3391 3385 3358 3376 3314 3390 3343 3351 3364 3414 3399 3285 3343 3388 3271 3294 3343 3308 3279 3309 3291 3320 3334 3352 3371 3382 3361 3368 3415 3373 3375 3408 3363 3387 3386 3417 3401 3404 3382 3386 3392 3342 3391 3409 3374 3366 3406 3373 3373 3368 3362 3235 3391 3418 3383 3389 3404 3425 3378 3386 3386 3371 3409 3387 3414 3342 3351 3397 3369 3382 3418

Tree=0
num_leaves=2
num_cat=0
split_feature=4
split_gain=1.42109e-14
threshold=2.2691665887832646
decision_type=2
left_child=-1
right_child=-2
leaf_value=1 1
leaf_weight=2705.3999446034431 15102.699739634991
leaf_count=2688 16057
internal_value=0.9975
internal_weight=17808.1
internal_count=18745
is_linear=0
shrinkage=1


Tree=1
num_leaves=4
num_cat=0
split_feature=0 2 2
split_gain=7.10543e-15 1.11022e-16 1.38778e-17
threshold=30.280554771423343 4.5953156948089608 5.4515011310577401
decision_type=2 2 2
left_child=-1 -2 -3
right_child=1 2 -4
leaf_value=0 0 0 0
leaf_weight=17624.499686658382 177.39999467134476 22.200000047683716 25.199999332427979
leaf_count=18589 144 22 20
internal_value=-0.0025 -0.0025 -0.0025
internal_weight=17849.3 224.8 47.4
internal_count=18775 186 42
is_linear=0
shrinkage=0.05


Tree=2
num_leaves=2
num_cat=0
split_feature=0
split_gain=7.10543e-15
threshold=32.082639694213874
decision_type=2
left_child=-1
right_child=-2
leaf_value=0 0
leaf_weight=17871.499681472778 80.399997711181641
leaf_count=18825 66
internal_value=-0.0025
internal_weight=17951.9
internal_count=18891
is_linear=0
shrinkage=0.05


Tree=3
num_leaves=4
num_cat=0
split_feature=0 2 1
split_gain=7.10543e-15 7.10543e-15 2.77556e-17
threshold=32.082639694213874 -3.0950828790664668 30.693155288696293
decision_type=2 2 2
left_child=1 -1 -2
right_child=2 -3 -4
leaf_value=0 0 0 0
leaf_weight=1946.8999680876732 32.099998950958252 15931.399713277817 51.099998593330383
leaf_count=2065 25 16762 43
internal_value=-0.0025 -0.0025 -0.0025
internal_weight=17961.5 17878.3 83.2
internal_count=18895 18827 68
is_linear=0
shrinkage=0.05


Tree=4
num_leaves=2
num_cat=0
split_feature=0
split_gain=7.10543e-15
threshold=25.454860687255863
decision_type=2
left_child=-1
right_child=-2
leaf_value=0 0
leaf_weight=14631.699726879597 3291.4999547600746
leaf_count=15377 3455
internal_value=-0.0025
internal_weight=17923.2
internal_count=18832
is_linear=0
shrinkage=0.05


Tree=5
num_leaves=3
num_cat=0
split_feature=0 0
split_gain=7.10543e-15 7.10543e-15
threshold=29.464583396911625 25.411110877990726
decision_type=2 2
left_child=1 -1
right_child=-2 -3
leaf_value=0 0 0
leaf_weight=14533.499727427959 371.89999133348465 3006.5999622941017
leaf_count=15317 321 3234
internal_value=-0.0025 -0.0025
internal_weight=17912 17540.1
internal_count=18872 18551
is_linear=0
shrinkage=0.05


Tree=6
num_leaves=6
num_cat=0
split_feature=0 0 0 2 10
split_gain=7.10543e-15 7.10543e-15 2.22045e-16 2.22045e-16 2.22045e-16
threshold=29.25555515289307 27.791666984558109 29.045833587646488 5.8905150890350351 27.180555343627933
decision_type=2 2 2 2 2
left_child=1 -1 4 -2 -3
right_child=3 2 -4 -5 -6
leaf_value=0 0 0 0 0 0
leaf_weight=16751.599699437618 404.5999915599823 137.3999959230423 66.899998962879181 31.799999177455902 511.89999538660049
leaf_count=17708 360 114 65 26 579
internal_value=-0.0025 -0.0025 -0.0025 -0.0025 -0.0025
internal_weight=17904.2 17467.8 716.2 436.4 649.3
internal_count=18852 18466 758 386 693
is_linear=0
shrinkage=0.05


Tree=7
num_leaves=4
num_cat=0
split_feature=0 1 1
split_gain=7.10543e-15 7.10543e-15 5.55112e-17
threshold=31.020138740539554 25.715179443359379 30.693155288696293
decision_type=2 2 2
left_child=1 -1 -2
right_child=2 -3 -4
leaf_value=0 0 0 0
leaf_weight=15100.399718225002 91.199997842311859 2688.9999645352364 60.899998307228088
leaf_count=15888 74 2852 51
internal_value=-0.0025 -0.0025 -0.0025
internal_weight=17941.5 17789.4 152.1
internal_count=18865 18740 125
is_linear=0
shrinkage=0.05


Tree=8
num_leaves=3
num_cat=0
split_feature=2 13
split_gain=7.10543e-15 8.88178e-16
threshold=-2.3456133604049678 103.00624847412111
decision_type=2 2
left_child=1 -1
right_child=-2 -3
leaf_value=0 0 0
leaf_weight=3011.9999492764473 14767.199734091759 100.7999981045723
leaf_count=3196 15518 88
internal_value=-0.0025 -0.0025
internal_weight=17880 3112.8
internal_count=18802 3284
is_linear=0
shrinkage=0.05


Tree=9
num_leaves=9
num_cat=0
split_feature=0 4 4 10 3 10 10 5
split_gain=7.10543e-15 7.10543e-15 8.88178e-16 8.88178e-16 1.11022e-16 1.11022e-16 5.55112e-17 2.77556e-17
threshold=29.464583396911625 4.9052083492279062 9.4195833206176776 91.673610687255874 4.7119443416595468 28.506944656372074 97.40277481079103 0.68819865584373485
decision_type=2 2 2 2 2 2 2 2
left_child=1 -1 3 -3 5 -2 -5 -4
right_child=4 2 7 6 -6 -7 -8 -9
leaf_value=0 0 0 -0.04613639818242591 0 0 0 0 -0.050000000000000003
leaf_weight=15241.999729275703 244.09999269247055 2062.1999632716179 68.299998879432678 103.09999740123749 32.100000023841858 105.89999836683273 25.199999332427979 22.399999618530273
leaf_count=16092 195 2148 95 103 31 103 26 32
internal_value=-0.0025 -0.0025 -0.0025 -0.0025 -0.0025 -0.0025 -0.0025 -0.0025
internal_weight=17905.3 17523.2 2281.2 2190.5 382.1 350 128.3 90.7
internal_count=18825 18496 2404 2277 329 298 129 127
is_linear=0
shrinkage=0.05


Tree=10
num_leaves=4
num_cat=0
split_feature=4 29 0
split_gain=0.385117 1.71506 2.77556e-17
threshold=9.4195833206176776 42.032781600952156 1.0000000180025095e-35
decision_type=2 2 2
left_child=-1 -2 -3
right_child=1 2 -4
leaf_value=0 0.0023068199091212938 -0.047500000000000001 -0.047500000000000001
leaf_weight=17762.699683785439 17.699999690055847 17.499999701976776 60.899998962879181
leaf_count=18633 21 25 87
internal_value=-0.00248292 0.000673777 -0.0025
internal_weight=17858.8 96.1 78.4
internal_count=18766 133 112
is_linear=0
shrinkage=0.05


Tree=11
num_leaves=5
num_cat=0
split_feature=4 13 0 0
split_gain=0.545961 2.18872 7.10543e-15 2.77556e-17
threshold=9.4195833206176776 38.279167175292976 25.779861450195316 3.6458333730697636
decision_type=2 2 2 2
left_child=2 3 -1 -2
right_child=1 -3 -4 -5
leaf_value=0 -0.045124999999999998 0.0021914789136652292 0 -0.045124999999999998
leaf_weight=14848.1997205019 51.799999117851257 17.899999797344208 2875.0999606251717 19.599999666213989
leaf_count=15602 74 21 2999 28
internal_value=-0.00248035 0.00141937 -0.0025 -0.0025
internal_weight=17812.6 89.3 17723.3 71.4
internal_count=18724 123 18601 102
is_linear=0
shrinkage=0.05


Tree=12
num_leaves=5
num_cat=0
split_feature=4 29 1 5
split_gain=0.508222 2.18136 7.10543e-15 2.77556e-17
threshold=9.4195833206176776 42.032781600952156 28.687500000000004 0.69600629806518566
decision_type=2 2 2 2
left_child=2 -2 -1 -3
right_child=1 3 -4 -5
leaf_value=0 0.0044477289136652274 -0.043061930090878713 0 -0.042868750000000004
leaf_weight=17431.099690437317 18.199999809265137 60.899998962879181 444.99999159574509 16.799999713897705
leaf_count=18355 22 87 402 24
internal_value=-0.00248053 0.00114963 -0.0025 -0.0025
internal_weight=17972 95.9 17876.1 77.7
internal_count=18890 133 18757 111
is_linear=0
shrinkage=0.05


Tree=13
num_leaves=4
num_cat=0
split_feature=4 29 1
split_gain=0.153408 0.602187 7.10543e-15
threshold=9.4195833206176776 42.151927947998054 26.325298309326175
decision_type=2 2 2
left_child=2 -2 -1
right_child=1 -3 -4
leaf_value=0 0.0042253424679819683 -0.040725312499999999 0
leaf_weight=15803.099708974361 18.099999666213989 70.699998795986176 2144.1999697685242
leaf_count=16613 23 101 2236
internal_value=-0.00248974 -0.000416667 -0.0025
internal_weight=18036.1 88.8 17947.3
internal_count=18973 124 18849
is_linear=0
shrinkage=0.05


Tree=14
num_leaves=7
num_cat=0
split_feature=4 1 7 1 2 2
split_gain=0.722859 2.03272 0.0996061 7.10543e-15 4.44089e-16 2.77556e-17
threshold=9.4195833206176776 15.436607360839846 0.99375000596046459 27.533332824707035 6.0533514022827157 2.4800595045089726
decision_type=2 2 2 2 2 2
left_child=3 2 5 -1 -5 -2
right_child=1 -3 -4 4 -6 -7
leaf_value=0 -0.038689046875000001 0.0016482513988996085 0.0040140753445828681 0 0 -0.038689046875000001
leaf_weight=16928.29969394207 32.899999439716339 17.899999797344208 13.899999737739561 944.49998533725739 26.099999606609344 30.099999487400055
leaf_count=17859 47 21 19 929 23 43
internal_value=-0.00247694 0.00187764 -0.00165475 -0.0025 -0.0025 -0.0025
internal_weight=17993.7 94.8 76.9 17898.9 970.6 63
internal_count=18941 130 109 18811 952 90
is_linear=0
shrinkage=0.05


Tree=15
num_leaves=7
num_cat=0
split_feature=4 29 0 0 9 0
split_gain=0.764173 2.99648 7.10543e-15 7.10543e-15 5.55112e-17 2.77556e-17
threshold=9.4195833206176776 42.032781600952156 31.020138740539554 26.609027862548832 302.35417175292974 5.3618054389953622
decision_type=2 2 2 2 2 2
left_child=2 -2 3 -1 -4 -3
right_child=1 5 4 -5 -6 -7
leaf_value=0 0.003813371577353725 -0.036754594531250004 0 0 0 -0.036938115617584776
leaf_weight=15822.899712085724 18.29999977350235 56.699999034404755 58.399998545646667 1906.8999733924866 101.29999768733978 14.69999974966049
leaf_count=16707 21 81 48 1995 83 21
internal_value=-0.00247692 0.00212653 -0.0025 -0.0025 -0.0025 -0.0025
internal_weight=17979.2 89.7 17889.5 17729.8 159.7 71.4
internal_count=18956 123 18833 18702 131 102
is_linear=0
shrinkage=0.05


Tree=16
num_leaves=9
num_cat=0
split_feature=4 29 0 0 1 0 1 2
split_gain=0.696975 3.16941 7.10543e-15 7.10543e-15 4.44089e-16 2.77556e-17 2.77556e-17 2.77556e-17
threshold=9.4195833206176776 41.947931289672859 32.082639694213874 28.268054962158207 26.880060195922855 2.9458333253860478 26.182440757751468 2.2474766969680791
decision_type=2 2 2 2 2 2 2 2
left_child=2 -2 3 -1 6 -3 -5 -4
right_child=1 5 7 4 -6 -7 -8 -9
leaf_value=0 0.0036227029984860384 -0.034916864804687503 0 0 0 -0.034916864804687503 0 0
leaf_weight=17013.699695467949 17.79999977350235 43.399999260902405 34.899998784065247 25.499999225139618 682.69998979568481 37.099999368190765 44.299998819828033 44.599999070167542
leaf_count=17935 20 62 27 21 663 53 39 38
internal_value=-0.00247687 0.00172177 -0.0025 -0.0025 -0.0025 -0.0025 -0.0025 -0.0025
internal_weight=17944 98.3 17845.7 17766.2 752.5 80.5 69.8 79.5
internal_count=18858 135 18723 18658 723 115 60 65
is_linear=0
shrinkage=0.05


Tree=17
num_leaves=5
num_cat=0
split_feature=4 5 0 0
split_gain=0.270347 1.27147 1.42109e-14 2.77556e-17
threshold=9.4195833206176776 0.1741714030504227 11.199305534362795 8.6187500953674334
decision_type=2 2 2 2
left_child=2 -2 -1 -3
right_child=1 3 -4 -5
leaf_value=0 0.0034415678485617386 -0.033171021564453132 0 -0.033345366596471165
leaf_weight=2702.6999414563179 16.199999690055847 60.899998962879181 15160.499738097191 14.899999737739561
leaf_count=2917 20 87 15845 21
internal_value=-0.00248608 0.000217391 -0.0025 -0.0025
internal_weight=17955.2 92 17863.2 75.8
internal_count=18890 128 18762 108
is_linear=0
shrinkage=0.05


Tree=18
num_leaves=5
num_cat=0
split_feature=4 13 9 2
split_gain=0.332795 1.54343 7.10543e-15 2.77556e-17
threshold=9.4195833206176776 38.279167175292976 122.52777481079103 4.1177020072937021
decision_type=2 2 2 2
left_child=2 3 -1 -2
right_child=1 -3 -4 -5
leaf_value=0 -0.031512470486230473 0.0028613034299862007 0 -0.031695991572565245
leaf_weight=2759.4999318122864 65.799998879432678 17.299999833106995 15111.299749314785 13.999999761581419
leaf_count=2749 94 21 16025 20
internal_value=-0.00248414 0.000435118 -0.0025 -0.0025
internal_weight=17967.9 97.1 17870.8 79.8
internal_count=18909 135 18774 114
is_linear=0
shrinkage=0.05


Tree=19
num_leaves=9
num_cat=0
split_feature=4 29 0 2 2 0 2 2
split_gain=0.534322 2.32689 7.10543e-15 7.10543e-15 8.88178e-16 2.22045e-16 2.77556e-17 2.77556e-17
threshold=9.4195833206176776 42.032781600952156 28.845139503479007 2.8296842575073247 7.2491588592529306 29.045833587646488 0.75199273228645336 0.93504139780998241
decision_type=2 2 2 2 2 2 2 2
left_child=2 -2 3 -1 -5 7 -3 -4
right_child=1 6 5 4 -6 -7 -8 -9
leaf_value=0 0.0048451129804451768 -0.030102474742336086 0 0 0 0 -0.029936846961918947 0
leaf_weight=14647.199742734432 18.099999725818634 17.499999701976776 27.299999535083771 2557.1999513506889 113.79999780654907 517.1999888420105 60.899998962879181 42.899999737739563
leaf_count=15352 21 25 25 2786 126 464 87 41
internal_value=-0.00248 0.00123057 -0.0025 -0.0025 -0.0025 -0.0025 -0.0025 -0.0025
internal_weight=18002.1 96.5 17905.6 17318.2 2671 587.4 78.4 70.2
internal_count=18927 133 18794 18264 2912 530 112 66
is_linear=0
shrinkage=0.05


Tree=20
num_leaves=7
num_cat=0
split_feature=4 5 0 7 0 0
split_gain=0.539383 1.71462 0.0717339 1.42109e-14 2.22045e-16 2.22045e-16
threshold=9.4195833206176776 0.1741714030504227 8.6187500953674334 1.7645833492279055 24.99930572509766 18.835416793823246
decision_type=2 2 2 2 2 2
left_child=3 -2 -3 -1 5 -5
right_child=1 2 -4 4 -6 -7
leaf_value=0 0.0046028573314229161 -0.028440004613823001 0.0024759826094646279 0 0 0
leaf_weight=17167.3996976614 16.599999725818634 65.099998891353607 13.899999797344206 518.69998389482498 24.099999666213989 219.29999822378159
leaf_count=18112 20 93 19 433 27 249
internal_value=-0.00248003 0.00126569 -0.0018038 -0.0025 -0.0025 -0.0025
internal_weight=18025.1 95.6 79 17929.5 762.1 738
internal_count=18953 132 112 18821 709 682
is_linear=0
shrinkage=0.05


Tree=21
num_leaves=6
num_cat=0
split_feature=4 29 0 6 1
split_gain=0.149841 0.636176 7.10543e-15 7.10543e-15 2.22045e-16
threshold=9.4195833206176776 42.151927947998054 29.25555515289307 0.33958333730697637 28.005356788635257
decision_type=2 2 2 2 2
left_child=2 -2 3 -1 -4
right_child=1 -3 4 -5 -6
leaf_value=0 0.004372714464851768 -0.027009722994110991 0 0 0
leaf_weight=6893.9998492598534 17.399999678134918 73.49999874830246 106.69999748468399 10472.69984215498 346.0999927520752
leaf_count=6638 22 105 93 11691 311
internal_value=-0.00248967 -0.000464797 -0.0025 -0.0025 -0.0025
internal_weight=17910.4 90.9 17819.5 17366.7 452.8
internal_count=18860 127 18733 18329 404
is_linear=0
shrinkage=0.05


Tree=22
num_leaves=6
num_cat=0
split_feature=4 29 0 1 0
split_gain=0.229319 1.02157 7.10543e-15 4.44089e-16 2.77556e-17
threshold=9.4195833206176776 42.032781600952156 27.149999618530277 29.511309623718265 13.108333110809328
decision_type=2 2 2 2 2
left_child=2 -2 -1 -4 -3
right_child=1 4 3 -5 -6
leaf_value=0 0.0021335477557488103 -0.025659236844405443 0 0 -0.027378945375007818
leaf_weight=16247.299706757069 16.899999797344208 60.899998962879181 1337.0999798178673 227.99999511241913 13.999999761581419
leaf_count=17115 21 87 1395 194 20
internal_value=-0.00248715 5.44598e-06 -0.0025 -0.0025 -0.0025
internal_weight=17904.2 91.8 17812.4 1565.1 74.9
internal_count=18832 128 18704 1589 107
is_linear=0
shrinkage=0.05


Tree=23
num_leaves=6
num_cat=0
split_feature=4 0 0 4 0
split_gain=0.143266 0.631368 7.10543e-15 1.11022e-16 2.77556e-17
threshold=9.4195833206176776 13.512499809265138 29.779860496521 3.7989583015441899 1.6583333015441897
decision_type=2 2 2 2 2
left_child=2 4 -1 -4 -2
right_child=1 -3 3 -5 -6
leaf_value=0 -0.024384556391206028 0.0020268703679613698 0 0 -0.024384556391206028
leaf_weight=17556.999687254429 32.199999451637268 15.799999773502348 201.89999389648438 117.39999824762344 37.099999368190765
leaf_count=18468 46 20 163 106 53
internal_value=-0.00249026 -0.000443596 -0.0025 -0.0025 -0.0025
internal_weight=17961.4 85.1 17876.3 319.3 69.3
internal_count=18856 119 18737 269 99
is_linear=0
shrinkage=0.05


Tree=24
num_leaves=5
num_cat=0
split_feature=4 7 1 1
split_gain=0.0600563 0.288714 7.10543e-15 8.88178e-16
threshold=9.4195833206176776 1.1979166865348818 11.617261886596681 1.0000000180025095e-35
decision_type=2 2 2 2
left_child=2 -2 3 -1
right_child=1 -3 -4 -5
leaf_value=0 -0.02315704718262487 0.0052666291733820432 0 0
leaf_weight=93.699998497962952 78.899998605251312 16.499999761581421 14992.599745929241 2759.3999354839325
leaf_count=127 111 21 15706 2902
internal_value=-0.00249331 -0.00124214 -0.0025 -0.0025
internal_weight=17941.1 95.4 17845.7 2853.1
internal_count=18867 132 18735 3029
is_linear=0
shrinkage=0.05


Tree=25
num_leaves=5
num_cat=0
split_feature=4 0 1 0
split_gain=0.252409 0.765392 0.0999289 7.10543e-15
threshold=9.4195833206176776 16.08124923706055 4.9166665077209482 29.779860496521
decision_type=2 2 2 2
left_child=3 2 -2 -1
right_child=1 -3 -4 -5
leaf_value=0 -0.022007476212514487 0.0016621953908942 0.0050032977147129402 0
leaf_weight=17475.799688756466 70.699998795986176 13.69999974966049 14.099999725818632 312.69999259710312
leaf_count=18416 101 17 19 263
internal_value=-0.00248602 3.80704e-05 -0.00173349 -0.0025
internal_weight=17887 98.5 84.8 17788.5
internal_count=18816 137 120 18679
is_linear=0
shrinkage=0.05


Tree=26
num_leaves=6
num_cat=0
split_feature=4 5 1 2 1
split_gain=0.146918 0.707944 7.10543e-15 1.77636e-15 5.55112e-17
threshold=9.4195833206176776 0.17185990512371066 26.325298309326175 -2.0290760993957515 0.48839284479618078
decision_type=2 2 2 2 2
left_child=2 -2 -1 -4 -3
right_child=1 4 3 -5 -6
leaf_value=0 0.0047531328289772915 -0.020898821012867903 0 0 -0.020907102401888762
leaf_weight=15718.399710834026 15.999999761581419 19.599999666213989 46.099998831748962 2091.099969625473 57.099999010562897
leaf_count=16502 20 28 37 2191 81
internal_value=-0.00248969 -0.000504316 -0.0025 -0.0025 -0.0025
internal_weight=17948.3 92.7 17855.6 2137.2 76.7
internal_count=18859 129 18730 2228 109
is_linear=0
shrinkage=0.05


Tree=27
num_leaves=8
num_cat=0
split_feature=4 29 0 0 1 3 3
split_gain=0.525546 2.10303 7.10543e-15 7.10543e-15 1.11022e-16 5.55112e-17 2.77556e-17
threshold=9.4195833206176776 42.032781600952156 30.280554771423343 12.8743052482605 28.909821510314945 2.4293055534362797 6.7430555820465097
decision_type=2 2 2 2 2 2 2
left_child=2 -2 3 -1 -4 -6 -3
right_child=1 6 4 -5 5 -7 -8
leaf_value=0 0.0045154761875284277 -0.019861747281794323 0 0 0 0 -0.019853465892773467
leaf_weight=3788.3999109268188 19.699999749660492 17.499999701976776 48.199998438358307 13789.399773895741 62.89999783039093 123.89999783039093 60.899998962879181
leaf_count=3938 23 25 38 14568 49 109 87
internal_value=-0.0024799 0.00116972 -0.0025 -0.0025 -0.0025 -0.0025 -0.0025
internal_weight=17910.9 98.1 17812.8 17577.8 235 186.8 78.4
internal_count=18837 135 18702 18506 196 158 112
is_linear=0
shrinkage=0.05


Tree=28
num_leaves=5
num_cat=0
split_feature=4 29 0 0
split_gain=0.241235 1.14543 7.10543e-15 2.77556e-17
threshold=9.4195833206176776 42.083349227905281 10.750694274902346 5.3618054389953622
decision_type=2 2 2 2
left_child=2 -2 -1 -3
right_child=1 3 -4 -5
leaf_value=0 0.0042897023781520048 -0.018861206667585836 0 -0.019034242964856951
leaf_weight=2445.3999467492104 16.599999785423279 60.899998962879181 15301.899736881256 17.499999701976776
leaf_count=2632 20 87 16003 25
internal_value=-0.00248655 2.63151e-05 -0.0025 -0.0025
internal_weight=17842.3 95 17747.3 78.4
internal_count=18767 132 18635 112
is_linear=0
shrinkage=0.05


Tree=29
num_leaves=15
num_cat=0
split_feature=3 0 6 30 0 7 11 0 3 2 9 0 5 6
split_gain=0.28661 0.655319 0.0290303 0.223783 0.00242841 0.0543785 0.0673623 7.10543e-15 8.88178e-16 2.22045e-16 2.22045e-16 5.55112e-17 5.55112e-17 5.55112e-17
threshold=8.2372221946716326 5.8770833015441903 4.6145834922790536 -77.440124511718736 5.8770833015441903 1.1979166865348818 -1.1576388478279112 27.253472328186039 1.8499305844306948 4.6555123329162607 191.36805725097659 22.727777481079105 0.61059850454330455 0.056250000372529037
decision_type=2 2 2 2 2 2 2 2 2 2 2 2 2 2
left_child=2 -2 4 11 5 9 -7 -6 13 10 -1 12 -4 -9
right_child=1 -3 3 -5 7 6 -8 8 -10 -11 -12 -13 -14 -15
leaf_value=0 -0.018100358685794401 0.00037666341106739058 0 0.0036053656309602555 0 -0.021657593279869762 0.0040752172592444071 0 0 -0.050000000000000003 -0.018101667420541319 0 0 0
leaf_weight=456.89999234676361 32.899999439716339 14.499999821186064 89.299997866153717 19.099999725818634 15543.799716770649 16.099999725818638 13.599999785423277 101.29999762773514 1291.8999798297882 16.099999725818634 166.89999717473984 24.799999535083771 30.199999392032623 92.699999451637268
leaf_count=573 47 17 85 21 16226 23 18 93 1315 23 237 30 32 105
internal_value=-0.0024799 0.00140295 -0.0024902 -0.00182681 -0.00249633 -0.00240293 -0.000311449 -0.0025 -0.0025 -0.0025 -0.0025 -0.0025 -0.0025 -0.0025
internal_weight=17910.1 47.4 17862.7 163.4 17699.3 669.6 29.7 17029.7 1485.9 639.9 623.8 144.3 119.5 194
internal_count=18845 64 18781 168 18613 874 41 17739 1513 833 810 147 117 198
is_linear=0
shrinkage=0.05


Tree=30
num_leaves=15
num_cat=0
split_feature=3 0 0 1 29 30 3 6 12 0 0 5 0 1
split_gain=0.313083 0.62724 0.03813 0.277405 0.58444 0.0866597 0.0364689 0.258372 7.10543e-15 2.22045e-16 5.55112e-17 5.55112e-17 2.77556e-17 1.38778e-17
threshold=8.2372221946716326 4.9256944656372079 5.8770833015441903 6.6476190090179452 38.240348815917976 -121.7485008239746 6.1716666221618661 2.497916698455811 12.268749713897707 4.2631943225860605 26.117361068725589 0.62561148405075084 19.889583587646488 2.4547618627548222
decision_type=2 2 2 2 2 2 2 2 2 2 2 2 2 2
left_child=2 13 3 5 -5 -1 8 10 -4 -7 12 -11 -8 -2
right_child=1 -3 6 4 -6 9 7 -9 -10 11 -12 -13 -14 -15
leaf_value=0.00090508337102706562 -0.017196649486251599 0.00035783024051402326 0 0 0.003871456396282186 0 0 0.0034250973494122428 0 0 0 0 0 -0.017020995719486638
leaf_weight=18.89999932050705 14.699999749660494 14.499999821186064 16830.699695110321 31.299999475479126 16.899999737739563 461.89999258518219 60.499998927116394 16.399999678134918 241.29999756813049 81.499998450279236 24.29999977350235 50.39999920129776 30.499999701976776 13.999999761581419
leaf_count=15 21 17 17479 39 19 615 75 18 289 103 25 66 37 20
internal_value=-0.00246901 0.00178241 -0.00247929 -0.0021066 0.00154564 -0.00239391 -0.00249361 -0.00166477 -0.0025 -0.0025 -0.0025 -0.0025 -0.0025 -0.0025
internal_weight=17907.8 43.2 17864.6 660.9 48.2 612.7 17203.7 131.7 17072 593.8 115.3 131.9 91 28.7
internal_count=18838 58 18780 857 58 799 17923 155 17768 784 137 169 112 41
is_linear=0
shrinkage=0.05


Tree=31
num_leaves=14
num_cat=0
split_feature=4 30 12 7 11 30 29 0 0 3 3 7 3
split_gain=0.163685 0.718073 0.0278583 0.0513342 0.0159228 0.0517507 0.231122 7.10543e-15 7.10543e-15 1.77636e-15 2.22045e-16 5.55112e-17 2.77556e-17
threshold=9.4195833206176776 -86.99761581420897 16.668750762939457 0.61458334326744091 -1.6576388478279112 -109.12405014038085 39.221981048583991 32.082639694213874 26.369443893432621 1.7411111593246462 4.0379166603088388 0.33541667461395269 7.13944435119629
decision_type=2 2 2 2 2 2 2 2 2 2 2 2 2
left_child=2 -2 4 -4 5 6 -1 8 -6 -10 -7 -12 -3
right_child=1 12 3 -5 7 10 -8 -9 9 -11 11 -13 -14
leaf_value=0 0.0036778835764680775 -0.01702051621329825 0 0.00071151055121295716 0 0 0.00070676699401642045 0 0 0 -0.00019357281981411401 -0.049094916628972939 -0.016169945933512307
leaf_weight=88.899997353553772 17.199999630451202 22.599999606609344 27.599999666213989 15.199999809265135 15019.399722993374 247.69999611377716 26.199999272823334 77.299997806549072 242.99999666213989 1949.499973654747 100.69999843835831 15.599999725818632 51.699999153614044
leaf_count=71 22 32 34 18 15728 319 22 63 258 2027 137 22 73
internal_value=-0.00247822 -0.000368853 -0.00248905 -0.00121495 -0.00249212 -0.00220779 -0.00128367 -0.0025 -0.0025 -0.0025 -0.0025 -0.0025 -0.0025
internal_weight=17902.6 91.5 17811.1 42.8 17768.3 479.1 115.1 17289.2 17211.9 2192.5 364 116.3 74.3
internal_count=18826 127 18699 52 18647 571 93 18076 18013 2285 478 159 105
is_linear=0
shrinkage=0.05


Tree=32
num_leaves=21
num_cat=0
split_feature=4 29 2 13 12 7 1 30 6 2 5 29 29 12 1 1 2 1 1 1
split_gain=0.343635 1.67258 0.0498222 0.281045 0.0293398 0.0534235 0.0200436 0.0755249 0.0842255 0.0219435 0.043559 0.00481555 0.0737263 7.10543e-15 2.22045e-16 1.11022e-16 1.11022e-16 5.55112e-17 2.77556e-17 2.77556e-17
threshold=9.4195833206176776 42.032781600952156 7.2491588592529306 17.685416221618656 16.668750762939457 0.53958335518836986 3.2607142925262456 -93.519866943359361 1.9604166746139529 -8.3707818984985334 0.65755069255828869 43.73194885253907 43.95331001281739 -5.8687500953674308 24.142559051513675 2.4547618627548222 3.3642209768295293 26.325298309326175 0.48839284479618078 22.702976226806644
decision_type=2 2 2 2 2 2 2 2 2 2 2 2 2 2 2 2 2 2 2 2
left_child=2 -2 4 -4 6 -6 7 -1 15 10 -8 13 -13 -11 -14 16 -9 19 -3 -5
right_child=1 18 3 17 5 -7 9 8 -10 11 -12 12 14 -15 -16 -17 -18 -19 -20 -21
leaf_value=0.00082449085277489518 0.0041048682926065451 -0.015536601104284262 9.6786409907068115e-06 0 0 0.00067593502365230766 0 0 9.6786409907068115e-06 0 9.6786409907068115e-06 0.00067617220151213744 0 0 0 -0.013780062674098537 -0.047500000000000001 0 -0.015535793668854735 0
leaf_weight=18.399999439716339 17.199999809265137 21.699999630451202 20.299999713897705 57.099998891353607 25.79999965429306 14.499999821186064 36.0999995470047 195.3999969959259 13.599999785423277 2417.4999604821205 18.399999797344208 28.599999487400055 407.2999951839447 14501.299733698368 19.099999845027924 28.499999582767487 17.499999701976776 30.599999189376831 60.19999897480011 22.099999666213989
leaf_count=18 20 31 27 67 32 17 39 266 18 2709 20 34 495 14879 21 39 25 26 86 21
internal_value=-0.00245938 0.00047679 -0.00247566 -0.00150077 -0.00248281 -0.00113524 -0.00248588 -0.00206108 -0.00228431 -0.00249254 -0.00149083 -0.00249568 -0.00233517 -0.0025 -0.0025 -0.0025 -0.0025 -0.0025 -0.0025 -0.0025
internal_weight=17971.2 99.1 17872.1 130.1 17742 40.3 17701.7 273.4 255 17428.3 54.5 17373.8 455 16918.8 426.4 241.4 212.9 109.8 81.9 79.2
internal_count=18890 137 18753 141 18612 49 18563 366 348 18197 59 18138 550 17588 516 330 291 114 117 88
is_linear=0
shrinkage=0.05


Tree=33
num_leaves=19
num_cat=0
split_feature=11 2 4 30 6 12 6 7 2 29 0 2 7 0 0 2 0 3
split_gain=0.0841758 0.363165 0.0881311 0.240281 0.0637682 0.0360169 0.0460854 0.0323091 0.0447239 0.0282404 0.130482 0.00425877 0.0558698 7.10543e-15 7.10543e-15 8.88178e-16 2.22045e-16 1.11022e-16
threshold=-1.1576388478279112 5.8905150890350351 9.4195833206176776 -79.408752441406236 2.5437500476837163 16.668750762939457 1.1729166507720949 0.81458333134651195 -8.3707818984985334 43.73194885253907 1.1034722328186037 -6.3630564212799063 1.0354166626930239 30.280554771423343 10.600694656372072 -0.73486027121543873 20.187500000000004 2.850972175598145
decision_type=2 2 2 2 2 2 2 2 2 2 2 2 2 2 2 2 2 2
left_child=1 4 5 -4 7 11 -7 8 -1 16 -11 12 -2 14 15 -13 -10 -15
right_child=2 -3 3 -5 -6 6 -8 -9 9 10 -12 13 -14 17 -16 -17 -18 -19
leaf_value=0 0 9.1947089411736904e-06 -0.0073987511072547739 0.0024784410601758678 9.1947089411736904e-06 0 0.00064213827246969448 -0.003418399399482604 0 -0.014759771049070048 0.00064236359143652895 0 0.00068900313370492408 0 0 0 0 0
leaf_weight=22.899999618530273 259.3999969959259 16.299999833106995 39.699999272823334 14.69999986886978 15.299999654293059 18.699999690055847 14.699999809265135 27.5999995470047 425.0999920964241 55.299999058246613 13.799999833106993 900.39997792243958 20.099999725818634 118.29999601840973 14881.199746131897 906.29998022317886 26.499999344348907 103.69999843835831
leaf_count=25 292 19 55 19 17 23 17 38 497 79 18 886 21 93 15612 1003 23 93
internal_value=-0.002467 -0.0018862 -0.00248727 -0.000477942 -0.00209079 -0.00249361 -0.000853294 -0.00217612 -0.00226085 -0.00235596 -0.00141462 -0.0024968 -0.00230322 -0.0025 -0.0025 -0.0025 -0.0025 -0.0025
internal_weight=17880 602.8 17277.2 54.4 586.5 17222.8 33.4 571.2 543.6 520.7 69.1 17189.4 279.5 16909.9 16687.9 1806.7 451.6 222
internal_count=18830 716 18114 74 697 18040 40 680 642 617 97 18000 313 17687 17501 1889 520 186
is_linear=0
shrinkage=0.05


Tree=34
num_leaves=19
num_cat=0
split_feature=4 0 11 2 30 7 1 13 1 7 0 9 0 3 0 6 0 0
split_gain=0.254044 0.668807 0.118637 0.332605 0.150622 0.0998399 0.0581017 0.278445 0.0530428 0.284862 0.00625189 0.0777059 1.42109e-14 2.22045e-16 1.11022e-16 1.11022e-16 5.55112e-17 2.77556e-17
threshold=9.4195833206176776 15.665972232818605 -1.6576388478279112 5.1153595447540292 -121.7485008239746 1.0270833373069765 8.4919643402099627 13.706250190734865 3.2607142925262456 0.889583319425583 5.8770833015441903 224.59027862548831 29.464583396911625 2.174444437026978 6.6402776241302499 0.69374999403953563 16.728471755981449 2.9458333253860478
decision_type=2 2 2 2 2 2 2 2 2 2 2 2 2 2 2 2 2 2
left_child=2 5 3 4 -1 -2 14 -8 9 17 11 15 -12 -14 -6 -10 -9 -4
right_child=1 -3 8 -5 6 -7 7 16 10 -11 12 -13 13 -15 -16 -17 -18 -19
leaf_value=3.191687509957799e-05 -0.014021782496616545 0.0037757028249674196 -0.046887011447546506 8.7349734941177825e-06 0 0.0036586835383770836 0.00061024541186470167 0 0 0.000654552977019679 0 0.00061003135884620809 0 0 0 0 0 0
leaf_weight=35.099998712539673 60.899998962879181 13.499999821186064 56.699999034404755 16.899999797344208 326.69999468326569 13.799999773502348 19.199999690055847 46.399998843669891 58.799999058246613 14.299999833106993 16738.799702346325 14.399999797344206 88.799997448921204 280.49999403953552 16.599999666213989 118.19999796152115 26.199999332427979 19.299999713897705
leaf_count=27 87 17 81 19 423 18 20 46 74 19 17504 20 74 245 20 154 22 27
internal_value=-0.00245575 0.000221088 -0.00246895 -0.00169934 -0.00194704 -0.00162985 -0.00220122 -0.00108388 -0.00249051 -0.00128184 -0.00249682 -0.00221264 -0.0025 -0.0025 -0.0025 -0.0025 -0.0025 -0.0025
internal_weight=17965.1 88.2 17876.9 487.1 470.2 74.7 435.1 91.8 17389.8 90.3 17299.5 191.4 17108.1 369.3 343.3 177 72.6 76
internal_count=18897 122 18775 577 558 105 531 88 18198 127 18071 248 17823 319 443 228 68 108
is_linear=0
shrinkage=0.05


Tree=35
num_leaves=14
num_cat=0
split_feature=4 29 1 30 13 9 2 11 29 1 1 1 4
split_gain=0.241054 1.12395 0.19534 0.635561 0.536722 0.0315408 0.0455148 0.0075607 0.132062 1.42109e-14 1.11022e-16 1.11022e-16 1.11022e-16
threshold=9.4195833206176776 42.032781600952156 3.9068452119827275 -95.704093933105455 0.24791666865348819 97.604167938232436 -5.1223990917205802 -1.6576388478279112 41.720960617065437 10.193154811859133 16.493452072143558 3.2607142925262456 2.648749947547913
decision_type=2 2 2 2 2 2 2 2 2 2 2 2 2
left_child=2 -2 3 -1 5 6 -5 8 10 -9 -4 12 -7
right_child=1 -3 7 4 -6 11 -8 9 -10 -11 -12 -13 -14
leaf_value=0.00078167046638116799 0.0035869176837190486 -0.013320693371785717 0 0 0.00062182532816869589 0 0.00085992310367905564 0 0.00057973314127146569 0 0 -0.010147738969645765 -0.044999334198577226
leaf_weight=17.699999451637268 16.79999977350235 76.299998700618744 239.69999486207962 18.999999821186066 18.29999977350235 23.999999701976776 14.899999797344206 1647.3999612927437 16.099999785423279 15504.499732196331 36.799999117851257 26.699999630451202 206.79999655485153
leaf_count=15 20 109 267 22 23 30 19 1708 21 16187 34 37 290
internal_value=-0.0024597 7.78726e-05 -0.00247299 -0.00126298 -0.00178964 -0.00231126 -0.000877582 -0.0024957 -0.00224368 -0.0025 -0.0025 -0.0025 -0.0025
internal_weight=17865 93.1 17771.9 327.4 309.7 291.4 33.9 17444.5 292.6 17151.9 276.5 257.5 230.8
internal_count=18782 129 18653 436 421 398 41 18217 322 17895 301 357 320
is_linear=0
shrinkage=0.05


Tree=36
num_leaves=17
num_cat=0
split_feature=4 7 1 29 0 12 6 0 29 0 0 2 0 2 0 10
split_gain=0.134344 0.60385 0.152805 0.458982 0.962136 0.0352286 0.0451828 0.00646667 0.108202 7.10543e-15 2.22045e-16 2.22045e-16 1.11022e-16 5.55112e-17 2.77556e-17 2.77556e-17
threshold=9.4195833206176776 1.1979166865348818 3.2607142925262456 36.579669952392585 2.2409722805023198 16.668750762939457 0.97708335518836986 5.8770833015441903 43.73194885253907 29.045833587646488 32.082639694213874 3.4854166507720952 3.3368055820465092 4.0432066917419442 4.2631943225860605 8.166666507720949
decision_type=2 2 2 2 2 2 2 2 2 2 2 2 2 2 2 2
left_child=2 14 3 4 -1 7 -7 8 11 -9 -11 -4 13 -5 -2 -12
right_child=1 -3 5 12 -6 6 -8 9 -10 10 15 -13 -14 -15 -16 -17
leaf_value=0 -0.012654658703196431 0.0032964034772722806 0 -4.2996155183949729e-05 0.0022499667099288635 0 0.00057952979090389876 0 0.00055074648420789238 0 0 -0.047500436748674706 0 -0.042125599346666751 -4.7392335036988702e-05 0
leaf_weight=43.099999368190765 51.799999117851257 16.499999821186066 307.59999448060989 173.29999703168869 27.599999725818634 19.099999785423279 14.999999761581419 16783.799701452255 19.599999666213989 417.89999163150787 47.999998450279236 13.999999761581419 18.499999701976776 14.69999974966049 20.099999606609344 28.499999403953552
leaf_count=57 74 21 382 235 34 23 18 17512 26 381 38 20 25 21 27 25
internal_value=-0.00246476 -0.000520363 -0.00247435 -0.00130952 0.00216761 -0.00249264 -0.000887097 -0.00249574 -0.00228019 -0.0025 -0.0025 -0.0025 -0.0025 -0.0025 -0.0025 -0.0025
internal_weight=18019.1 88.4 17930.7 277.2 70.7 17653.5 34.1 17619.4 341.2 17278.2 494.4 321.6 206.5 188 71.9 76.5
internal_count=18919 122 18797 372 91 18425 41 18384 428 17956 444 402 281 256 101 63
is_linear=0
shrinkage=0.05


Tree=37
num_leaves=18
num_cat=0
split_feature=1 30 29 11 4 6 3 4 0 1 6 0 9 0 1 3 0
split_gain=0.848209 2.55749 0.790674 1.26466 0.531214 0.597207 0.202743 0.0830175 0.0376659 0.241123 0.0389567 7.10543e-15 7.10543e-15 1.11022e-16 1.11022e-16 1.11022e-16 1.38778e-17
threshold=3.2607142925262456 -76.923053741455064 41.108394622802741 -2.6854166984558101 9.4195833206176776 1.5354166626930239 3.0122916698455815 3.5291665792465214 5.8770833015441903 7.6827380657196054 1.3770833611488345 32.082639694213874 107.25000000000001 1.1034722328186037 6.6476190090179452 5.5785417556762704 1.0000000180025095e-35
decision_type=2 2 2 2 2 2 2 2 2 2 2 2 2 2 2 2 2
left_child=1 2 3 7 8 -6 -5 16 9 10 14 12 -10 -4 15 -2 -1
right_child=4 -3 13 6 5 -7 -8 -9 11 -11 -12 -13 -14 -15 -16 -17 -18
leaf_value=0 0 2.1498077591997067e-06 -0.01275125923378969 0.0021369844423828888 -4.5022718285137048e-05 0.0034099414162849454 0.0021374683744324221 0.00074473675082130657 0 0.00047960830830489953 -4.9807120899300621e-05 0 0 -0.013207256144950301 0 -0.047527537324210396 -7.8158258198601788e-05
leaf_weight=23.999999582767487 262.69999539852142 14.899999916553496 113.7999981045723 16.699999809265137 20.899999618530273 18.699999809265137 17.599999845027924 15.199999690055845 1810.8999505639076 24.499999701976776 28.399999499320984 75.199998021125793 15346.199744343758 109.19999814033508 19.499999701976776 20.999999642372131 20.799999535083771
leaf_count=28 325 17 162 19 29 23 22 20 1691 29 36 62 16218 156 25 30 26
internal_value=-0.00242929 7.37501e-05 -0.000876931 0.00296129 -0.00247646 0.00330808 0.0106195 -0.00141667 -0.00248948 -0.00198048 -0.00233414 -0.0025 -0.0025 -0.0025 -0.0025 -0.0025 -0.0025
internal_weight=17960.2 332.2 317.3 94.3 17628 39.6 34.3 60 17588.4 356.1 331.6 17232.3 17157.1 223 303.2 283.7 44.8
internal_count=18918 450 433 115 18468 52 41 74 18416 445 416 17971 17909 318 380 355 54
is_linear=0
shrinkage=0.05


Tree=38
num_leaves=19
num_cat=0
split_feature=1 2 29 10 3 3 4 7 12 11 29 0 7 7 0 0 4 1
split_gain=0.708793 1.40938 1.29015 1.5816 0.452242 0.305562 0.162593 0.236364 0.0367446 0.00830084 0.129607 7.10543e-15 7.10543e-15 4.44089e-16 2.22045e-16 1.11022e-16 2.77556e-17 1.38778e-17
threshold=3.9068452119827275 -5.4933619499206534 36.020755767822273 68.798610687255874 3.0482639074325566 2.8384027481079106 9.4195833206176776 1.1645833253860476 16.668750762939457 -1.6576388478279112 41.60673904418946 31.020138740539554 1.2437499761581423 1.6270833611488345 3.6458333730697636 20.187500000000004 2.4110417366027836 3.2607142925262456
decision_type=2 2 2 2 2 2 2 2 2 2 2 2 2 2 2 2 2 2
left_child=1 2 4 -4 16 -3 8 -8 9 10 15 12 -11 -14 -7 -2 -1 -16
right_child=6 5 3 -5 -6 14 7 -9 -10 11 -12 -13 13 -15 17 -17 -18 -19
leaf_value=0 0 0.00070749991328024071 0.0020301352202637458 2.042317371242497e-06 0.0020305949557108019 -0.012353298692907522 -4.277158237088186e-05 0.0029610862325944232 0 0 0.00049922874458225295 0 0 0 -0.013310569582467818 0 -0.00018715728807694454 -3.0785298499647062e-05
leaf_weight=20.499999821186066 230.29999482631683 17.699999630451202 21.499999821186066 17.29999977350235 17.199999809265137 234.39999598264694 20.799999594688416 14.399999797344206 32.699999511241913 15529.599728941917 16.29999977350235 153.99999594688416 544.59999012947083 907.89997828006744 16.299999713897705 20.299999535083771 22.499999523162842 21.599999666213989
leaf_count=25 253 21 21 21 22 334 28 18 39 16306 21 126 576 857 23 19 29 28
internal_value=-0.00243869 -0.000327764 0.00482323 0.011933 0.000240863 -0.00208621 -0.00248569 0.00090909 -0.00249254 -0.00249569 -0.002219 -0.0025 -0.0025 -0.0025 -0.0025 -0.0025 -0.0025 -0.0025
internal_weight=17859.9 389 99 38.8 60.2 290 17470.9 35.2 17435.7 17403 266.9 17136.1 16982.1 1452.5 272.3 250.6 43 37.9
internal_count=18767 524 118 42 76 406 18243 46 18197 18158 293 17865 17739 1433 385 272 54 51
is_linear=0
shrinkage=0.05


Tree=39
num_leaves=11
num_cat=0
split_feature=1 29 12 12 4 29 29 0 30 1
split_gain=0.530979 0.993668 0.753989 1.59075 0.362804 0.392671 0.247567 7.10543e-15 1.11022e-16 5.55112e-17
threshold=3.9068452119827275 41.806915283203132 -8.3374996185302717 0.11874999850988389 9.4195833206176776 43.474496841430671 35.975336074829109 31.020138740539554 -79.408752441406236 29.511309623718265
decision_type=2 2 2 2 2 2 2 2 2 2
left_child=1 2 -1 -4 7 -6 -5 -2 -3 -9
right_child=4 8 3 6 5 -7 -8 9 -10 -11
leaf_value=-9.2833042897746188e-09 0 -0.011735633758262145 0.00089984195087962316 0.001730248773321691 0.0032415829245892426 -0.013695897414921433 -8.3194280885061118e-05 0 -0.011473605189576363 0
leaf_weight=45.999999403953552 17369.999690949917 226.49999618530273 35.099999606609344 25.199999630451202 16.199999809265137 17.499999701976776 33.799999237060547 40.399998724460602 27.199999570846558 116.19999724626541
leaf_count=60 18190 323 39 32 18 25 40 32 38 98
internal_value=-0.00244932 -0.000633571 0.00274625 0.00531084 -0.00249003 0.00269288 0.00029661 -0.0025 -0.0025 -0.0025
internal_weight=17954.1 393.8 140.1 94.1 17560.3 33.7 59 17526.6 253.7 156.6
internal_count=18895 532 171 111 18363 43 72 18320 361 130
is_linear=0
shrinkage=0.05


Tree=40
num_leaves=25
num_cat=0
split_feature=11 5 6 6 5 29 30 4 29 4 5 12 6 11 7 2 7 2 2 4 30 2 2 2
split_gain=0.590579 0.626608 0.458814 0.135385 0.45124 0.119554 0.616629 0.0939187 0.260033 0.0639567 0.0516931 0.0345575 0.0455942 0.0277061 0.281331 0.0044054 0.0531425 7.10543e-15 1.11022e-16 1.11022e-16 5.55112e-17 2.77556e-17 1.38778e-17 1.38778e-17
threshold=-1.6576388478279112 0.90791922807693493 2.3770833015441899 1.2854166626930239 0.39589247107505804 41.042871475219734 -89.672775268554673 9.4195833206176776 42.151927947998054 5.9193749427795419 0.80890768766403209 16.668750762939457 1.1729166507720949 -0.57430556416511525 0.65208330750465404 -6.3630564212799063 0.78125000000000011 8.1430253982543963 2.6775621175765996 5.6337499618530282 -121.22849655151366 2.7195651531219487 -0.92782089114189137 3.6577250957489018
decision_type=2 2 2 2 2 2 2 2 2 2 2 2 2 2 2 2 2 2 2 2 2 2 2 2
left_child=1 2 3 5 -5 10 -7 11 -9 -8 18 13 -13 14 20 16 19 -17 -1 -15 -2 -11 -6 -10
right_child=7 -3 -4 4 22 6 9 8 23 21 -12 12 -14 15 -16 17 -18 -19 -20 -21 -22 -23 -24 -25
leaf_value=0 0 4.6416521182202078e-10 0.0018836363617065754 0.001842552769259176 -0.045000790527036906 0.00062713282007224598 0.00047421581583687034 0.0026509527747352437 -0.011342446715144304 -0.01171871699206687 4.6416521182202078e-10 0 0.00052657288594346041 0 0.00053607966982729407 0 0.00022488764558750707 0 0 0 0 -0.010179916183788641 -0.01099636694024397 -0.010524400271663325
leaf_weight=257.99999421834946 23.399999141693115 22.099999785423279 17.899999737739563 26.79999965429306 26.199999511241913 18.799999713897705 15.999999940395353 16.199999809265137 30.099999487400055 70.199998795986176 21.699999690055847 19.499999761581421 14.999999761581419 225.99999725818634 18.599999666213989 16686.199700951576 20.999999582767487 59.399998903274536 17.79999977350235 23.299999892711639 161.19999712705612 17.499999701976776 18.399999678134918 13.999999761581419
leaf_count=282 18 27 21 32 36 22 20 20 43 100 25 23 18 258 24 17422 22 66 22 27 186 25 26 20
internal_value=-0.00242939 -0.000787543 -0.0011452 -0.00143162 0.000581232 -0.00177381 -0.000459184 -0.00247979 -0.000509951 -0.00196962 -0.00231513 -0.00248667 -0.000905798 -0.00248984 -0.00190945 -0.00249677 -0.00229652 -0.0025 -0.0025 -0.0025 -0.0025 -0.0025 -0.0025 -0.0025
internal_weight=17845.3 531.4 509.3 491.4 71.4 420 122.5 17313.9 60.3 103.7 297.5 17253.6 34.5 17219.1 203.2 17015.9 270.3 16745.6 275.8 249.3 184.6 87.7 44.6 44.1
internal_count=18785 638 611 590 94 496 167 18147 83 145 329 18064 41 18023 228 17795 307 17488 304 285 204 125 62 63
is_linear=0
shrinkage=0.05


Tree=41
num_leaves=16
num_cat=0
split_feature=1 2 9 5 29 0 4 0 0 1 3 0 0 0 30
split_gain=0.531856 0.998952 0.519604 0.489352 0.447087 0.0666327 0.0356182 0.0480159 0.0215625 0.244194 1.42109e-14 8.88178e-16 1.11022e-16 1.11022e-16 5.55112e-17
threshold=3.9068452119827275 -3.5644021034240718 123.86805343627931 0.41615864634513861 35.741001129150398 4.9256944656372079 9.4195833206176776 15.27847194671631 5.8770833015441903 7.6827380657196054 1.8934027552604678 28.845139503479007 3.6458333730697636 3.6458333730697636 -79.28594589233397
decision_type=2 2 2 2 2 2 2 2 2 2 2 2 2 2 2
left_child=1 2 3 -1 -4 13 8 -8 9 12 11 -10 -2 -3 -14
right_child=6 5 4 -5 -6 -7 7 -9 10 -11 -12 -13 14 -15 -16
leaf_value=0.00049774758215683586 0 -0.010446548593231771 0.0017504251307962184 -6.6762686833143903e-05 0.00026919662788474911 0.00052617901333483767 -0.00058867544088671015 0.0029469561396230195 0 0.00038999626193262217 0 0 0 -0.011491137079674106 0
leaf_weight=27.0999995470047 109.59999829530716 228.09999603033066 21.799999833106995 45.499999344348907 21.899999678134918 16.999999701976776 19.199999749660492 14.399999737739561 2572.899949669838 25.399999678134918 14589.499743044376 64.499998152256012 51.899998784065247 21.199999630451202 121.09999805688858
leaf_count=31 136 323 26 59 29 22 26 18 2577 30 15301 53 59 30 159
internal_value=-0.00244931 -0.000605071 0.00326096 0.000668043 0.00756865 -0.00229347 -0.00248947 -0.000863096 -0.00249259 -0.00207792 -0.0025 -0.0025 -0.0025 -0.0025 -0.0025
internal_weight=17951.1 382.6 116.3 72.6 43.7 266.3 17568.5 33.6 17534.9 308 17226.9 2637.4 282.6 249.3 173
internal_count=18879 520 145 90 55 375 18359 44 18315 384 17931 2630 354 353 218
is_linear=0
shrinkage=0.05


Tree=42
num_leaves=15
num_cat=0
split_feature=1 29 6 5 4 6 4 29 6 12 0 0 2 5
split_gain=1.14115 1.70581 2.36622 0.743691 0.472457 0.276753 0.166323 0.186418 0.0751345 0.0447453 7.10543e-15 4.44089e-16 2.22045e-16 1.11022e-16
threshold=3.9068452119827275 41.841104507446296 1.5812500119209292 0.45417924225330358 3.4577083587646489 1.0562499761581423 9.4195833206176776 43.598333358764656 1.0000000180025095e-35 16.668750762939457 9.1048607826232928 6.3083331584930429 -0.15117753297090528 0.3047557026147843
decision_type=2 2 2 2 2 2 2 2 2 2 2 2 2 2
left_child=1 2 3 4 -1 -6 9 -8 -3 10 11 12 -2 -10
right_child=6 8 -4 -5 5 -7 7 -9 13 -11 -12 -13 -14 -15
leaf_value=0.0016629038742564052 0 0.00049987006266809524 0.0021580729310958003 -6.3424552491486705e-05 -0.00020950166843850383 0.0011181036087302254 0.0027996083326418675 -0.012414546436373811 -0.011653518581030609 0 0 0 -3.971197333038792e-05 -0.010059402304930234
leaf_weight=19.79999977350235 268.69999480247498 15.099999785423277 22.099999606609344 53.699999213218689 27.499999523162842 17.399999678134918 16.299999713897705 18.199999690055847 45.499999225139618 26.999999701976776 16036.299718439579 964.89997732639313 97.399998366832733 181.49999690055847
leaf_count=22 317 21 25 69 35 20 19 26 65 32 16733 965 132 259
internal_value=-0.00243066 0.000270517 0.00465302 0.00184966 0.00545981 0.00262249 -0.00248996 0.00097826 -0.00227282 -0.00249684 -0.0025 -0.0025 -0.0025 -0.0025
internal_weight=17811.4 382.6 140.5 118.4 64.7 44.9 17428.8 34.5 242.1 17394.3 17367.3 1331 366.1 227
internal_count=18740 516 171 146 77 55 18224 45 345 18179 18147 1414 449 324
is_linear=0
shrinkage=0.05


Tree=43
num_leaves=20
num_cat=0
split_feature=1 29 29 6 3 30 0 1 30 3 0 6 3 6 0 0 0 1 1
split_gain=0.986531 1.43242 1.22391 1.36593 2.32988 0.297412 0.173604 0.344168 0.488685 0.278095 0.08329 0.0607329 0.0338742 0.264609 7.10543e-15 7.10543e-15 8.88178e-16 1.11022e-16 5.55112e-17
threshold=3.9068452119827275 41.841104507446296 36.020755767822273 0.44374999403953558 2.9809721708297734 -79.234470367431626 5.8770833015441903 6.3586308956146249 -79.203132629394517 3.0482639074325566 4.2631943225860605 0.10208333283662797 6.1716666221618661 2.4562499523162846 32.082639694213874 26.765277862548832 30.280554771423343 5.7788689136505136 29.160416603088382
decision_type=2 2 2 2 2 2 2 2 2 2 2 2 2 2 2 2 2 2 2
left_child=1 2 5 -4 -5 -1 7 11 9 -9 -3 -2 14 -14 15 -8 -17 -13 -18
right_child=6 10 3 4 -6 -7 12 8 -10 -11 -12 17 13 -15 -16 16 18 -19 -20
leaf_value=0.0015054628794118662 1.9855986665207047e-06 -0.00942125104832367 -6.0253324866910154e-05 0.0020501692845410094 0.00037648466067329858 -0.043659256206515923 0 0.00042341085325289796 -0.045306886742723151 0.0004807444285496565 0.00047487655953469267 0 0 0.0026596279160097771 0 0 0 0 0
leaf_weight=24.699999749660492 24.999999523162842 226.79999613761902 25.199999630451202 20.79999965429306 21.899999678134918 51.199999094009399 15147.799720585346 22.29999965429306 37.39999932050705 17.199999749660492 13.699999809265135 176.09999692440033 125.4999982714653 16.199999749660492 78.399997711181641 1622.6999790072441 36.699998795986176 44.999999046325684 106.29999774694443
leaf_count=29 28 324 30 20 27 68 15780 25 52 20 19 225 151 18 64 1707 29 52 91
internal_value=-0.00241676 8.91224e-05 0.00403686 0.00891384 0.0143618 -0.000326088 -0.00247193 -0.00132353 0.00159623 0.00547468 -0.00227131 -0.00223588 -0.00249358 -0.00172371 -0.0025 -0.0025 -0.0025 -0.0025 -0.0025
internal_weight=17840.9 384.3 143.8 67.9 42.7 75.9 17456.6 323 76.9 39.5 240.5 246.1 17133.6 141.7 16991.9 16913.5 1765.7 221.1 143
internal_count=18759 517 174 77 47 97 18242 402 97 45 343 305 17840 169 17671 17607 1827 277 120
is_linear=0
shrinkage=0.05


Tree=44
num_leaves=22
num_cat=0
split_feature=1 29 6 6 8 2 5 4 1 2 7 5 12 6 11 29 11 9 1 1 1
split_gain=1.61228 2.2679 1.71493 0.515709 0.823522 0.386044 0.488383 0.132873 0.20439 0.0790008 0.045987 0.0342438 0.0337869 0.0464859 0.00733231 0.120193 0.00187105 0.0820865 1.42109e-14 2.22045e-16 1.11022e-16
threshold=3.9068452119827275 41.841104507446296 1.5812500119209292 0.24374999850988391 3.5000000000000004 -5.7725932598114005 0.39589247107505804 9.4195833206176776 16.958631515502933 4.5089156627655038 0.67708334326744091 0.84548583626747142 16.668750762939457 0.97708335518836986 -1.6576388478279112 41.841104507446296 0.95208334922790538 97.604167938232436 10.845833301544191 14.902083396911623 19.031845092773441
decision_type=2 2 2 2 2 2 2 2 2 2 2 2 2 2 2 2 2 2 2 2 2
left_child=1 2 3 11 5 6 -5 12 -9 -3 -7 -1 14 -14 15 20 17 -16 -18 -19 -2
right_child=7 9 -4 4 -6 10 -8 8 -10 -11 -12 -13 13 -15 16 -17 18 19 -20 -21 -22
leaf_value=-5.7240658623569644e-05 0 -0.0092527115411927298 0.0019476608203139569 0.0015044855365729916 0.0021726746475130843 -0.044377643886972643 1.6724232303583221e-05 -0.00069922208547446019 0.0025266465202092858 0.0004511327315579572 0.00089911348637362616 0.0020986132223675068 0 0.00045670720712217563 0.0022238497072907927 0.0004022403105902517 0 0 0 0 0
leaf_weight=22.099999666213989 248.9999948143959 226.29999613761902 19.399999678134918 24.199999809265137 16.899999737739563 17.79999965429306 18.899999618530273 21.799999713897705 14.299999773502348 14.399999797344206 14.499999821186064 18.999999761581421 20.399999797344208 14.999999761581419 14.399999737739561 17.599999785423279 1659.6999577879906 483.99999105930328 14945.599746286869 124.89999705553055 27.59999942779541
leaf_count=27 276 323 22 28 19 24 23 30 17 20 19 24 24 18 18 22 1647 564 15642 109 26
internal_value=-0.00241244 0.000752858 0.00551701 0.003497 0.00557151 0.00333554 0.00643271 -0.00248323 0.000547091 -0.0022715 -0.000797214 -0.0011618 -0.00248946 -0.000946328 -0.00249258 -0.00224507 -0.00249681 -0.00241176 -0.0025 -0.0025 -0.0025
internal_weight=17987.8 393.5 152.8 133.4 92.3 75.4 43.1 17594.3 36.1 240.7 32.3 41.1 17558.2 35.4 17522.8 294.2 17228.6 623.3 16605.3 608.9 276.6
internal_count=18922 529 186 164 113 94 51 18393 47 343 43 51 18346 42 18304 324 17980 691 17289 673 302
is_linear=0
shrinkage=0.05


Tree=45
num_leaves=21
num_cat=0
split_feature=0 9 29 5 7 6 0 1 7 5 5 3 6 0 0 0 0 2 2 1
split_gain=0.482048 0.54083 0.638631 1.10201 0.163592 0.272401 0.236061 0.174997 0.553687 0.162017 0.0776027 0.0340216 0.286228 7.10543e-15 7.10543e-15 2.22045e-16 2.22045e-16 1.11022e-16 1.11022e-16 2.77556e-17
threshold=6.3083331584930429 85.055557250976577 36.020755767822273 0.45417924225330358 0.006250000325962902 1.2854166626930239 4.9256944656372079 6.6476190090179452 0.69374999403953563 0.39589247107505804 0.87541684508323681 6.1716666221618661 2.4562499523162846 29.25555515289307 26.51874923706055 2.9458333253860478 30.280554771423343 4.1177020072937021 5.0036361217498788 3.9068452119827275
decision_type=2 2 2 2 2 2 2 2 2 2 2 2 2 2 2 2 2 2 2 2
left_child=1 2 -1 -4 5 6 19 10 -9 -7 15 13 -13 14 -2 -6 -15 -17 -18 -3
right_child=11 4 3 -5 7 9 -8 8 -10 -11 -12 12 -14 16 -16 17 18 -19 -20 -21
leaf_value=-0.045679292790560065 0 -0.000264553393047251 0.00072686845489321032 0 -0.0083029492220209784 0.0014292612597443411 0.00042857609498005991 0 0.0024187823742569618 0.0014681995604294729 0.00085415781205494534 0 0.0024003141941988217 0 0 0 0 -0.0085243767973337721 0 0
leaf_weight=34.199999392032623 14995.499725341797 61.799998879432678 26.499999642372131 19.499999701976776 199.99999642372131 17.199999809265137 19.999999701976776 41.799999177455902 15.999999761581419 18.999999701976776 15.099999785423277 125.9999982714653 15.099999785423277 207.29999595880508 1684.6999792456627 242.19999557733536 204.59999454021454 20.999999642372131 31.699999570846558 29.099999368190765
leaf_count=46 15635 80 29 23 280 22 22 54 18 24 21 148 17 197 1781 304 170 30 27 31
internal_value=-0.00243926 -0.00120972 0.00267456 0.00652174 -0.00166569 -0.000188648 -0.00141794 -0.00207098 0.000527681 0.00357735 -0.00238501 -0.00249363 -0.00172041 -0.0025 -0.0025 -0.0025 -0.0025 -0.0025 -0.0025 -0.0025
internal_weight=18028.3 763.4 80.2 46 683.2 147.1 110.9 536.1 57.8 36.2 478.3 17264.9 141.1 17123.8 16680.2 463.2 443.6 263.2 236.3 90.9
internal_count=18959 984 98 52 886 179 133 707 72 46 635 17975 165 17810 17416 614 394 334 197 111
is_linear=0
shrinkage=0.05


Tree=46
num_leaves=18
num_cat=0
split_feature=0 29 2 4 3 4 0 0 1 6 4 0 0 2 2 0 4
split_gain=0.920716 1.58644 1.63215 0.387307 0.788337 0.096308 0.243067 0.0671378 0.417519 0.0812852 0.036506 7.10543e-15 1.11022e-16 1.11022e-16 1.11022e-16 1.38778e-17 1.38778e-17
threshold=2.9458333253860478 41.841104507446296 -4.0505821704864493 3.4706250429153447 2.2579860687255864 9.4195833206176776 16.08124923706055 5.8770833015441903 7.6827380657196054 1.9104166626930239 2.3781249523162846 30.280554771423343 2.2409722805023198 2.7582298517227177 -1.2053183317184446 4.9256944656372079 3.7893750667572026
decision_type=2 2 2 2 2 2 2 2 2 2 2 2 2 2 2 2 2
left_child=1 2 3 4 10 7 15 8 9 13 -1 -9 -3 -2 -13 -7 -5
right_child=5 12 -4 16 -6 6 -8 11 -10 -11 -12 14 -14 -15 -16 -17 -18
leaf_value=-5.4378625692386168e-05 0 -0.0082891687146132587 0.0011557844767231282 -0.041269603850284144 0.0013577981967571263 -0.008098157957467083 0.0022802984844888796 0 0.0003673665604611953 0.0013947895824080016 0.002006910230901493 0 -0.011034200650511188 -0.039504914971244857 0 -0.00066426098120073726 -5.3590751473431286e-05
leaf_weight=17.899999737739563 254.09999531507492 182.19999688863754 28.299999475479126 19.099999666213989 25.999999761581421 19.599999666213989 14.199999809265135 16995.999698102474 28.399999618530273 14.199999809265135 16.999999642372131 22.099999189376831 27.999999523162842 39.89999932050705 213.99999487400055 15.699999809265135 17.899999678134918
leaf_count=21 309 260 31 27 32 28 18 17746 34 16 20 17 40 57 178 21 23
internal_value=-0.00243066 0.000160523 0.00459192 0.00153473 0.00398604 -0.00248013 -0.000277778 -0.00248634 -0.00178699 -0.00232155 -0.000924069 -0.0025 -0.0025 -0.0025 -0.0025 -0.0025 -0.0025
internal_weight=17954.6 336.4 126.2 97.9 60.9 17618.2 49.5 17568.7 336.6 308.2 34.9 17232.1 210.2 294 236.1 35.3 37
internal_count=18878 454 154 123 73 18424 67 18357 416 382 41 17941 300 366 195 49 50
is_linear=0
shrinkage=0.05


Tree=47
num_leaves=20
num_cat=0
split_feature=0 9 4 6 0 6 2 30 9 2 4 0 0 0 2 9 0 3 2
split_gain=0.614675 1.54509 0.460448 0.257055 0.105102 0.109811 0.376025 0.172158 0.157994 0.0765736 0.0507701 7.10543e-15 8.88178e-16 2.22045e-16 2.22045e-16 1.11022e-16 5.55112e-17 5.55112e-17 1.38778e-17
threshold=1.6583333015441897 82.22916412353517 3.6793749332427983 0.13958333432674411 6.3083331584930429 1.0729166865348818 -5.4933619499206534 -79.08282089233397 97.604167938232436 4.4207816123962411 9.4195833206176776 26.117361068725589 26.842361450195316 26.679166793823246 3.6577250957489018 167.0138854980469 5.8770833015441903 3.2124304771423344 5.0036361217498788
decision_type=2 2 2 2 2 2 2 2 2 2 2 2 2 2 2 2 2 2 2
left_child=1 -1 3 -3 5 9 7 -7 -8 15 11 -6 13 14 -13 -2 -10 -15 -16
right_child=4 2 -4 -5 10 6 8 -9 16 -11 -12 12 -14 17 18 -17 -18 -19 -20
leaf_value=0.001631033263180775 0 -0.00024860679211027306 -0.0076579470220161372 0.0020093786749519394 0 0.0012899082869192724 0.00066760178564760045 0.0013250501032876006 -0.00025618221277698113 0.000407147290231058 -0.00065002058259048059 0 0 0 0 -0.00795894922639305 0 0 0
leaf_weight=25.099999785423279 241.39999520778656 22.499999701976776 161.79999721050262 17.599999666213989 14646.699728250504 16.29999977350235 25.899999678134918 18.099999785423279 108.2999981045723 15.099999785423277 23.79999965429306 492.09999465942383 1822.9999729394913 162.7999974489212 22.599999606609344 83.49999862909317 33.39999932050705 31.099999845027924 21.399999678134918
leaf_count=29 284 29 230 20 15253 19 31 23 147 21 30 535 1864 184 24 117 42 31 20
internal_value=-0.0024422 0.000143171 -0.00131129 0.00348504 -0.00247523 -0.00178967 -0.000866337 0.00389535 -0.00184368 -0.00233824 -0.00249681 -0.0025 -0.0025 -0.0025 -0.0025 -0.0025 -0.0025 -0.0025 -0.0025
internal_weight=17992.5 227 201.9 40.1 17765.5 542 202 34.4 167.6 340 17223.5 17199.7 2553 730 536.1 324.9 141.7 193.9 44
internal_count=18933 308 279 49 18625 684 262 42 220 422 17941 17911 2658 794 579 401 189 215 44
is_linear=0
shrinkage=0.05


Tree=48
num_leaves=17
num_cat=0
split_feature=0 3 6 2 0 29 5 5 4 2 5 0 12 3 0 1
split_gain=0.686529 0.495607 1.64004 0.451233 0.233933 0.529002 0.381139 0.206454 0.194097 0.113785 0.0679009 7.10543e-15 8.88178e-16 4.44089e-16 5.55112e-17 1.38778e-17
threshold=6.3083331584930429 2.5160416364669804 1.1020833253860476 -0.39662267267704004 5.3618054389953622 35.652334213256843 0.20345357805490497 0.84548583626747142 9.4195833206176776 1.9976060986518862 0.87541684508323681 26.304861068725589 3.3812500238418584 4.5970139503479013 1.6583333015441897 7.2830357551574716
decision_type=2 2 2 2 2 2 2 2 2 2 2 2 2 2 2 2
left_child=1 2 3 7 5 -3 -6 14 11 15 13 -2 -13 -7 -1 -8
right_child=8 4 -4 -5 6 10 9 -9 -10 -11 -12 12 -14 -15 -16 -17
leaf_value=-1.9705899438304809e-05 0 0.0021446237525328039 0.0016683806045941442 0.0015913118200567068 0.0022976762153217702 -7.3093795669802438e-06 -0.00013577454465686132 0.001918995058961931 0.00032065336960717707 0.000260600416759988 0.00077806983216981986 0 0 -0.0071879323802130817 0 -7.0209988558733724e-05
leaf_weight=21.199999630451202 14925.099725246429 19.29999977350235 23.499999582767487 19.29999965429306 21.899999558925629 251.39999598264694 26.799999475479126 19.79999977350235 24.899999678134918 27.399999618530273 17.199999749660492 1886.3999723792076 430.99999505281448 225.69999623298645 86.399998009204865 22.799999535083771
leaf_count=24 15563 25 25 23 23 332 34 24 31 36 24 1928 462 321 88 30
internal_value=-0.00242798 -0.000979622 0.00140717 -0.00055726 -0.00164286 -0.00207165 0.000583923 -0.00163658 -0.00249363 -0.00107143 -0.00238873 -0.0025 -0.0025 -0.0025 -0.0025 -0.0025
internal_weight=18050.1 782.7 170.2 146.7 612.5 513.6 98.9 127.4 17267.4 77 494.3 17242.5 2317.4 477.1 107.6 49.6
internal_count=18993 1009 184 159 825 702 123 136 17984 100 677 17953 2390 653 112 64
is_linear=0
shrinkage=0.05


Tree=49
num_leaves=23
num_cat=0
split_feature=0 2 29 29 2 5 13 29 7 4 9 6 0 5 9 29 1 0 1 3 0 6
split_gain=1.76138 1.13241 1.5612 1.6623 0.525177 0.876726 0.378853 0.339017 0.222192 0.214828 0.102184 0.102066 0.088518 0.206171 0.070909 0.0641124 0.0466697 1.42109e-14 4.44089e-16 2.77556e-17 1.38778e-17 1.38778e-17
threshold=6.3083331584930429 -0.28487318754196161 41.042871475219734 42.026338577270515 -6.3630564212799063 0.3454210907220841 0.87291666865348827 35.661382675170906 0.81458333134651195 9.4195833206176776 123.86805343627931 2.5874999761581425 5.3618054389953622 0.59338629245758068 163.97222137451175 35.789690017700202 5.6741073131561288 27.791666984558109 26.325298309326175 3.7070833444595341 3.3368055820465092 1.3437500000000002
decision_type=2 2 2 2 2 2 2 2 2 2 2 2 2 2 2 2 2 2 2 2 2 2
left_child=1 2 4 -4 5 -1 10 -6 14 17 16 12 -3 -14 -9 -12 20 -2 19 -19 -7 -15
right_child=9 11 3 -5 7 6 -8 8 -10 -11 15 -13 13 21 -16 -17 -18 18 -20 -21 -22 -23
leaf_value=3.6546897834721649e-07 0 -0.0076018856011364315 0.0015849615743644353 0.00064682361759124674 3.6546897834721649e-07 -0.0003155734275228306 0.00034725755126319705 0 0.00073916634056133139 0.00041485214578954998 0.001823045306013832 0.00010179909579372537 0.0019096815711100612 -0.00014034497290812408 0.00029695306556781764 0.0011753785678935093 3.6546897834721649e-07 0 0 0 -9.7923784852216317e-05 -0.049994503901905546
leaf_weight=25.999999463558197 15943.09971255064 308.69999474287033 24.399999856948853 23.199999570846558 22.099999725818634 20.799999535083771 16.499999701976776 153.59999698400497 20.599999606609344 22.499999701976776 16.299999833106995 13.899999737739561 15.699999809265135 14.699999749660494 15.49999964237213 21.29999965429306 17.599999725818634 58.59999805688858 1050.9999830722809 28.699999868869781 16.399999678134918 16.999999701976776
leaf_count=22 16635 435 26 30 29 26 19 182 24 29 19 19 21 19 17 27 22 48 1050 27 20 24
internal_value=-0.00238863 -4.02335e-05 0.00182412 0.0103151 0.00065835 0.00309674 0.00112718 -0.000894713 -0.00157749 -0.00249357 -0.000119048 -0.00202703 -0.0021911 -0.000179326 -0.00217475 0.0018883 -0.00149635 -0.0025 -0.0025 -0.0025 -0.0025 -0.0025
internal_weight=17868.2 764.3 394.3 47.6 346.7 134.9 108.9 211.8 189.7 17103.9 92.4 370 356.1 47.4 169.1 37.6 54.8 17081.4 1138.3 87.3 37.2 31.7
internal_count=18770 981 463 56 407 155 133 252 223 17789 114 518 499 64 199 46 68 17760 1125 75 46 43
is_linear=0
shrinkage=0.05


Tree=50
num_leaves=24
num_cat=0
split_feature=0 30 30 2 6 29 2 29 4 30 1 0 30 10 4 12 0 0 0 0 2 2 0
split_gain=1.39568 0.957394 1.413 0.55801 0.640308 0.545964 0.395968 0.384723 0.194097 0.186738 0.113832 0.192273 0.0770946 0.0389926 0.011828 0.0611859 1.42109e-14 8.88178e-16 1.11022e-16 5.55112e-17 5.55112e-17 2.77556e-17 1.38778e-17
threshold=6.3083331584930429 -95.45455169677733 -120.882999420166 -6.3630564212799063 0.97708335518836986 35.674556732177741 -4.0505821704864493 37.905473709106452 9.4195833206176776 -79.035778045654283 7.6827380657196054 5.8770833015441903 -75.317043304443345 51.965276718139656 3.5291665792465214 0.71875000000000011 11.98402786254883 11.834027767181398 3.3368055820465092 4.9256944656372079 -1.737241208553314 3.4854166507720952 3.6458333730697636
decision_type=2 2 2 2 2 2 2 2 2 2 2 2 2 2 2 2 2 2 2 2 2 2 2
left_child=1 2 7 4 9 6 -5 -1 16 22 12 -12 14 -11 15 20 17 -2 -16 21 -7 -20 -3
right_child=8 3 -4 5 -6 10 -8 -9 -10 13 11 -13 -14 -15 18 -17 -18 -19 19 -21 -22 -23 -24
leaf_value=0 0 -0.00042327847075354088 0.00028193244321106543 -0.041188711722041076 0.001095028917776832 -0.037471136356424656 0.0003740839156778919 0.0014324981503356538 0.00028387809383734165 0.0017541910598615651 0.001814197492554559 -0.0001568290082511803 0.00021870560326453514 3.4719552943207613e-07 -0.0072217913210796099 0.00070220802353326286 0 0 -0.010601650102701718 -0.041847441887489935 -0.0077867072984658062 -0.0069216038348060551 -0.0037752535475027772
leaf_weight=42.999998807907104 2459.7999404668808 15.999999761581419 29.399999499320984 16.199999690055847 31.29999965429306 41.89999920129776 27.999999701976776 24.999999225139618 24.899999678134918 15.999999761581419 14.499999821186064 19.699999690055847 14.299999952316282 16.199999809265137 249.99999570846558 15.999999701976774 14671.69975155592 83.399997770786285 51.999999105930328 57.999998986721039 25.899999558925629 19.599999666213989 23.699999630451202
leaf_count=34 2464 20 30 22 39 53 36 20 31 20 19 27 17 20 356 20 15377 80 72 82 33 28 31
internal_value=-0.00240137 -0.000299657 0.00432751 -0.00098324 0.00239341 -0.00160987 0.00372172 0.000367646 -0.00249362 -0.000205147 -0.00207023 0.000716374 -0.00226973 0.00262422 -0.00238131 -0.00184368 -0.0025 -0.0025 -0.0025 -0.0025 -0.0025 -0.0025 -0.0025
internal_weight=17996.5 756.7 97.4 659.3 103.2 556.1 44.2 68 17239.8 71.9 511.9 34.2 477.7 32.2 463.4 83.8 17214.9 2543.2 379.6 129.6 67.8 71.6 39.7
internal_count=18931 979 84 895 130 765 58 54 17952 91 707 46 661 40 644 106 17921 2544 538 182 86 100 51
is_linear=0
shrinkage=0.05


Tree=51
num_leaves=21
num_cat=0
split_feature=0 29 29 6 29 2 6 9 29 4 3 2 2 11 5 0 0 0 0 0
split_gain=1.59445 0.857126 0.900296 0.571144 0.691399 0.548521 0.422901 0.736745 0.556544 0.211999 0.128953 0.080865 0.121386 0.0574491 0.0535783 1.11022e-16 5.55112e-17 2.77556e-17 2.77556e-17 1.38778e-17
threshold=6.3083331584930429 41.799581527709968 41.042871475219734 0.093750000000000014 37.773715972900398 -7.8363096714019767 1.0437499880790713 97.604167938232436 35.667955398559577 9.4195833206176776 3.1165276765823369 -6.3630564212799063 -6.6497280597686759 1.4270833730697634 0.84548583626747142 4.2631943225860605 4.9256944656372079 3.6458333730697636 1.6583333015441897 3.6458333730697636
decision_type=2 2 2 2 2 2 2 2 2 2 2 2 2 2 2 2 2 2 2 2
left_child=1 2 3 4 -1 -5 11 -8 -9 -2 -3 12 14 17 19 -12 18 -10 -13 -7
right_child=9 10 -4 5 -6 6 7 8 13 -11 15 16 -14 -15 -16 -17 -18 -19 -20 -21
leaf_value=0.00038923608498995789 0 0.00060038581455112983 0.0012793728340060589 0.00031579805153948427 2.7644891907879778e-05 -1.8273448920691493e-08 0.0018735568178212315 0.00097227797375713527 -0.036800383568616798 0.00037074814050239353 -0.0064392950437738433 -4.0087315578862803e-05 3.2983575296019474e-07 0.0021052676437205708 0.0016664815068684891 -0.0095419353094924175 0 -0.00019286105577860909 0 -1.8273448920691493e-08
leaf_weight=17.599999785423279 17139.199695110321 16.499999761581421 31.199999630451202 24.59999942779541 20.499999642372131 29.199999332427979 30.899999558925629 24.199999749660492 35.099999368190765 22.799999713897705 249.79999577999115 16.499999701976776 20.999999761581421 17.199999690055847 16.699999749660492 37.299999356269836 60.599998772144318 41.499999165534973 68.999998509883881 18.199999570846558
leaf_count=20 17852 21 36 26 23 32 35 30 47 28 356 21 26 20 21 53 72 53 88 22
internal_value=-0.00239325 -0.000178756 0.00114979 0.000571363 0.00642388 2.03848e-05 -0.000447909 0.00163029 -0.000169492 -0.00249359 -0.00225297 -0.00178633 -0.000561105 -0.00191365 -0.00164197 -0.0025 -0.0025 -0.0025 -0.0025 -0.0025
internal_weight=17939.6 777.6 474 442.8 38.1 404.7 380.1 148.9 118 17162 303.6 231.2 85.1 93.8 64.1 287.1 146.1 76.6 85.5 47.4
internal_count=18882 1002 572 536 43 493 467 185 150 17880 430 282 101 120 75 409 181 100 109 54
is_linear=0
shrinkage=0.05


Tree=52
num_leaves=24
num_cat=0
split_feature=0 2 7 11 3 2 7 10 10 7 9 3 10 4 10 4 9 2 1 0 1 2 0
split_gain=2.26005 1.18634 0.618783 0.911899 0.596781 0.466106 0.331009 0.561305 1.35623 0.322069 0.618639 0.301582 0.247409 0.198894 0.171616 0.159146 0.0754903 0.0725823 0.000209131 7.10543e-15 1.11022e-16 1.11022e-16 1.38778e-17
threshold=6.3083331584930429 0.053545549511909492 0.006250000325962902 -2.6854166984558101 3.6889582872390752 -7.8363096714019767 0.21041666716337207 57.118055343627937 51.965276718139656 0.81458333134651195 106.02083206176759 2.4215972423553471 42.020833969116218 9.4195833206176776 45.576387405395515 3.3172917366027836 154.40277862548831 4.8051371574401864 5.3401784896850595 29.464583396911625 27.426190376281742 3.4212473630905156 1.6583333015441897
decision_type=2 2 2 2 2 2 2 2 2 2 2 2 2 2 2 2 2 2 2 2 2 2 2
left_child=1 2 3 4 14 -4 7 8 12 16 -11 -5 -7 19 -1 -3 -8 21 -14 -2 -21 -17 -9
right_child=13 15 5 11 -6 6 9 22 -10 10 -12 -13 18 -15 -16 17 -18 -19 -20 20 -22 -23 -24
leaf_value=-7.2109903229091404e-09 0 0.00020151159848361326 0.00030000814896251061 0.0029018773720408345 0.0022957518669461277 -7.1904089620256076e-05 -1.7359776471881363e-08 -5.1826639864116514e-05 0.0020206744614522988 0.0016739230799748374 -4.6457869217175768e-05 0.00092366407506928047 0.0017798789769301717 0.000280022195564396 0.001583157431525062 -0.0065731890173136688 0.00036967849712686297 0.00074127596964007061 0.0016630798574180927 0 0 -0.006253558890877059 0
leaf_weight=36.799999237060547 16712.999703526497 25.699999630451202 23.599999666213989 18.79999965429306 17.499999821186066 24.999999463558197 125.99999767541885 22.699999630451202 17.999999940395355 20.499999582767487 25.099999487400055 17.399999797344208 18.799999594688416 24.299999713897705 18.699999749660492 232.09999603033066 19.399999618530273 15.799999773502348 16.599999785423279 28.499998986721039 343.7999923825264 54.599999070167542 15.399999678134916
leaf_count=38 17458 33 28 18 21 32 154 29 20 23 31 22 22 31 25 329 24 22 20 23 300 78 20
internal_value=-0.00237443 0.000278139 0.00197422 0.00523809 0.00202055 0.000897764 0.000378048 0.00247854 0.00489796 -0.000903142 0.00276316 0.0117265 0.00130795 -0.00249357 -0.000518019 -0.00199726 -0.00205296 -0.00231818 0.00399717 -0.0025 -0.0025 -0.0025 -0.0025
internal_weight=17878.1 768.5 440.3 109.2 73 331.1 307.5 116.5 78.4 191 45.6 36.2 60.4 17109.6 55.5 328.2 145.4 302.5 35.4 17085.3 372.3 286.7 38.1
internal_count=18801 989 527 124 84 403 375 143 94 232 54 40 74 17812 63 462 178 429 42 17781 323 407 49
is_linear=0
shrinkage=0.05


Tree=53
num_leaves=20
num_cat=0
split_feature=0 30 30 30 1 2 12 8 9 6 8 11 3 4 4 0 0 1 0
split_gain=2.00619 2.39856 0.730012 0.650667 0.634363 0.470616 0.669197 1.19867 0.233024 0.300851 0.612145 0.258148 0.23135 0.0731766 0.0507697 7.10543e-15 1.11022e-16 5.55112e-17 2.77556e-17
threshold=6.3083331584930429 -112.49425125122069 -120.99900054931639 -75.317043304443345 5.7788689136505136 -6.3630564212799063 -4.4937500953674308 6.5000000000000009 115.04166412353517 1.0645833611488345 1.5000000000000002 0.72500002384185802 3.0482639074325566 4.3485417366027841 9.4195833206176776 29.25555515289307 1.0000000180025095e-35 3.9068452119827275 5.8770833015441903
decision_type=2 2 2 2 2 2 2 2 2 2 2 2 2 2 2 2 2 2 2
left_child=1 2 4 5 -1 6 7 -3 9 13 11 18 17 -7 15 -2 -10 -8 -11
right_child=14 3 -4 -5 -6 8 12 -9 16 10 -12 -13 -14 -15 -16 -17 -18 -19 -20
leaf_value=-4.5980386224090462e-06 0 0.0027567835034387925 0.0015902269259760961 0.0012418995394550326 8.6798882525940266e-10 -0.039537472101109555 -0.042169979932409681 -9.0375620384164099e-05 -0.0053422872130962354 -0.03492242162080194 0.0021809642735988234 0.00028484533529153834 0.00087748087131581673 0.0019196407383796855 -0.00070102725072599206 0 -0.0063935986383060299 -5.4419874158229135e-05 -0.047473698999127761
leaf_weight=28.699999153614044 16663.19970458746 16.699999928474426 24.299999535083771 14.39999997615814 30.999998927116394 103.2999981045723 15.999999701976774 23.899999797344208 74.199998736381531 26.299999535083771 17.199999809265137 26.599999666213989 16.29999977350235 14.499999821186064 23.79999965429306 437.09999054670334 267.69999533891678 41.499999344348907 19.099999666213989
leaf_count=23 17414 19 21 16 24 137 22 29 106 37 20 34 21 19 30 387 377 53 27
internal_value=-0.0023851 0.000125705 0.00809524 -0.000862108 0.00512144 -0.00109038 0.00182692 0.00698276 -0.0016984 -0.000374397 0.00181614 -0.000208334 -0.00100949 -0.00203311 -0.00249679 -0.0025 -0.0025 -0.0025 -0.0025
internal_weight=17885.8 761.7 84 677.7 59.7 663.3 114.4 40.6 548.9 207 89.2 72 73.8 117.8 17124.1 17100.3 341.9 57.5 45.4
internal_count=18816 985 68 917 47 901 144 48 757 274 118 98 96 156 17831 17801 483 75 64
is_linear=0
shrinkage=0.05


Tree=54
num_leaves=31
num_cat=0
split_feature=1 10 1 2 11 30 9 2 12 3 4 10 12 29 1 1 10 5 30 1 10 29 29 2 2 5 1 1 2 3
split_gain=1.92817 1.43658 1.08852 0.646658 0.352441 1.28738 0.894898 0.663502 0.48044 0.281903 0.247899 0.320528 0.218135 0.136571 0.0973198 0.0706367 0.175164 0.277371 0.0511226 0.0030613 0.0158606 0.0421158 5.03086e-05 7.10543e-15 4.44089e-16 4.44089e-16 2.22045e-16 1.11022e-16 1.11022e-16 1.11022e-16
threshold=6.8943452835083017 31.784722328186039 5.5369048118591317 -7.8363096714019767 2.1166666746139531 -106.62485122680663 107.25000000000001 -5.1223990917205802 0.71875000000000011 3.0039583444595341 3.3831250667572026 45.576387405395515 -4.3979167938232413 35.656698226928718 5.9821429252624521 8.0916666984558123 46.208332061767585 0.53486531972885143 -78.739860534667955 9.0982146263122576 21.458333015441898 35.865440368652351 35.646080017089851 4.321545124053956 6.5248706340789804 0.68233004212379467 5.6741073131561288 6.3586308956146249 3.0597437620162968 1.7528472542762759
decision_type=2 2 2 2 2 2 2 2 2 2 2 2 2 2 2 2 2 2 2 2 2 2 2 2 2 2 2 2 2 2
left_child=1 2 12 -3 5 -5 7 -7 9 10 11 -9 -1 22 -13 16 17 -2 29 20 21 -17 -8 -21 25 -25 -15 -6 -22 -18
right_child=15 3 -4 4 27 6 13 8 -10 -11 -12 14 -14 26 -16 19 18 -19 -20 23 28 -23 -24 24 -26 -27 -28 -29 -30 -31
leaf_value=0.0020719160599188824 2.3664311072279391e-05 0.00090245675008533515 8.2458938566176702e-10 0.0014245979782614316 0 -8.1373320033209171e-05 0.00083360682775002757 -0.046046844801713373 0.0043055373174557049 0.0019585174727898393 -0.042689141746756865 0.0022456141627233252 -6.1995700150338739e-05 -0.0057735958066379217 0.00028244797451739133 0.00013415222311214393 0 0 0.0015318713562724575 0 0 0 0.00083360682775002757 0 0 0 0 0 0 0
leaf_weight=18.799999713897705 26.299999415874481 33.29999977350235 26.89999920129776 33.399998903274536 235.49999558925629 58.099999308586121 15.999999821186064 17.399999618530273 21.499999761581421 21.599999785423279 28.699999451637268 20.999999701976776 32.39999932050705 330.89999437332153 19.699999749660492 19.799999594688416 18.899999380111694 29.999999523162842 21.699999630451202 14654.099745571613 297.59999221563339 43.899998843669891 16.599999904632568 1070.2999813556671 197.29999655485153 172.89999639987946 43.399999380111694 47.599998593330383 24.699999511241913 220.29999357461929
leaf_count=22 27 39 25 26 281 75 20 22 27 28 39 24 32 467 25 24 15 30 27 15213 294 43 20 1203 207 179 54 44 33 207
internal_value=-0.0023541 -0.000246383 0.00627081 -0.000785171 -0.00103522 -0.000375219 -0.000911498 0.00194149 0.00392802 0.0025738 0.00130184 0.00317986 0.00199219 -0.00222966 0.00560811 -0.00248244 -0.00174338 0.000785967 -0.00228919 -0.00249666 -0.00235751 -0.00163658 0.000874232 -0.0025 -0.0025 -0.0025 -0.0025 -0.0025 -0.0025 -0.0025
internal_weight=17820.6 1022.8 78.1 944.7 911.4 628.3 594.9 188 129.9 108.4 86.8 58.1 51.2 406.9 40.7 16797.8 317.2 56.3 260.9 16480.6 386 63.7 32.6 16094.6 1440.5 1243.2 374.3 283.1 322.3 239.2
internal_count=18772 1270 79 1191 1152 827 801 240 165 138 110 71 54 561 49 17502 306 57 249 17196 394 67 40 16802 1589 1382 521 325 327 222
is_linear=0
shrinkage=0.05


Tree=55
num_leaves=22
num_cat=0
split_feature=0 3 5 29 3 6 5 6 1 10 10 1 9 3 2 10 3 5 0 11 0
split_gain=3.20072 2.52284 3.59523 1.1727 1.30753 1.0885 0.365889 0.500709 0.634268 0.223522 0.280669 0.122696 0.528766 0.107053 0.156041 0.114438 0.207422 0.0415684 7.10543e-15 4.44089e-16 1.11022e-16
threshold=6.3083331584930429 2.5645139217376713 0.55039998888969432 35.661382675170906 3.0039583444595341 0.36875000596046453 0.21094501018524173 1.4812499880790713 5.9821429252624521 47.354166030883796 57.118055343627937 5.5369048118591317 168.31944274902347 2.8384027481079106 -5.7725932598114005 32.118055343627937 3.6889582872390752 0.73545852303504955 29.045833587646488 22.60624980926514 5.3618054389953622
decision_type=2 2 2 2 2 2 2 2 2 2 2 2 2 2 2 2 2 2 2 2 2
left_child=1 2 5 4 -3 -1 7 8 -5 -4 -11 12 -2 14 -8 16 -15 -12 -13 -20 -17
right_child=11 3 9 6 -6 -7 13 -9 -10 10 17 18 -14 15 -16 20 -18 -19 19 -21 -22
leaf_value=2.7592060858339095e-10 0 -0.03747112640151342 -7.0891112823652448e-05 -0.00015122640892135665 0.0018605915991503465 0.001712361431311782 -3.3760130906967946e-05 0.0018256052428085201 0.0014552777884588365 0.0017299744347185177 -4.3399439597635594e-11 0 0.00028867979033189717 -0.00032720459958128782 0.004090260451582917 -0.0054207546623143109 0.0019683202569229399 0.0018068649598509401 0 0 -0.00078705186163414162
leaf_weight=26.899999260902405 71.599998712539673 26.699999570846558 43.499999165534973 64.299998939037323 20.399999916553497 41.899998903274536 18.399999797344208 15.099999725818632 18.599999666213989 25.29999965429306 17.29999965429306 16585.499705314636 16.699999809265137 23.799999535083771 16.399999797344208 340.09999430179596 14.499999821186064 15.399999737739561 455.89998912811279 47.300000071525574 27.199999451637268
leaf_count=25 88 37 49 87 24 37 22 17 22 31 21 17303 21 32 22 477 17 20 403 51 36
internal_value=-0.00235027 0.000834215 0.00619055 -0.000723741 0.00684183 0.0150145 -0.00138559 0.00137755 -0.000147769 0.000209359 0.00224138 -0.00249039 -0.000631371 -0.00200045 0.000660919 -0.0022288 0.000372062 -0.000818043 -0.0025 -0.0025 -0.0025
internal_weight=17932.8 755.8 170.3 585.5 47.1 68.8 538.4 98 82.9 101.5 58 17177 88.3 440.4 34.8 405.6 38.3 32.7 17088.7 503.2 367.3
internal_count=18842 976 183 793 61 62 732 126 109 121 72 17866 109 606 44 562 49 41 17757 454 513
is_linear=0
shrinkage=0.05


Tree=56
num_leaves=31
num_cat=0
split_feature=13 2 12 5 9 11 12 29 9 12 2 6 4 11 29 13 12 11 13 6 3 3 5 13 13 2 2 2 2 9
split_gain=1.33591 0.977743 0.99537 1.04589 0.554434 1.05782 0.841148 0.533718 0.679663 0.367667 0.332606 0.260063 0.170477 0.1485 0.390928 0.214865 0.287349 0.64641 0.198006 0.0986349 0.0677903 0.0583591 0.0580313 0.0109445 0.0297245 7.10543e-15 4.44089e-16 2.22045e-16 2.22045e-16 2.22045e-16
threshold=0.24791666865348819 -5.4933619499206534 3.2312500476837163 0.39589247107505804 107.25000000000001 2.3243055343627934 -12.235416889190672 40.405790328979499 91.423610687255874 -7.3729166984558097 4.863936424255372 0.24374999850988391 9.4195833206176776 2.1166666746139531 42.743841171264656 2.4458333253860478 3.5729167461395268 0.72500002384185802 1.4395833015441897 1.0645833611488345 3.609027743339539 4.8157639503479013 0.37171608209609991 5.1291666030883798 4.6312499046325692 4.6555123329162607 6.0533514022827157 4.1177020072937021 8.1430253982543963 247.91666412353518
decision_type=2 2 2 2 2 2 2 2 2 2 2 2 2 2 2 2 2 2 2 2 2 2 2 2 2 2 2 2 2 2
left_child=1 2 9 -4 5 6 19 8 -8 11 27 -1 13 14 15 16 20 18 -18 22 -2 23 -3 24 -17 -15 -27 -6 29 -25
right_child=12 4 3 -5 10 -7 7 -9 -10 -11 -12 -13 -14 25 -16 21 17 -19 -20 -21 -22 -23 -24 28 -26 26 -28 -29 -30 -31
leaf_value=-1.4810654144076232e-10 0 0.001767562019192831 0.0013538676091986281 0.0010982551569183486 0 0 0.0020468347328512328 0.00058347801477015571 0.0019389170952692084 0 0.0008218802872312803 0.0018699042440767921 0.00013263252939427615 0 0.00071624884324331681 0 -8.5617288205674946e-05 0.00027424580081530372 0.00014265875968486053 0.0013888973405072336 0.0013825138990358921 0.00018703156810009891 -0.0435248931431493 0 -0.010251250123917005 0 0 -0.0049613905221701608 0 0
leaf_weight=21.999999761581421 108.19999802112579 14.799999773502348 24.899999618530273 19.299999594688416 413.49999177455902 142.79999536275864 21.399999558925629 19.399999678134918 30.799999594688416 48.799999177455902 14.099999845027922 21.499999940395355 27.79999965429306 14780.499742329121 17.399999856948853 68.599998414516449 42.199999094009399 16.99999988079071 19.799999713897705 21.499999582767487 15.599999666213987 19.29999965429306 36.199999272823334 463.8999907374382 28.699999511241913 818.39998483657837 244.09999603033066 26.5999995470047 19.999999582767487 230.1999945640564
leaf_count=28 138 20 27 25 527 122 18 26 38 56 19 25 36 15347 18 70 52 20 18 23 18 21 48 491 37 916 261 38 22 226
internal_value=-0.00235674 -0.00045465 0.00343407 0.00960407 -0.0011709 0.000549843 0.00357217 0.0074162 0.0100479 0.000479414 -0.00225782 0.00382184 -0.00245538 -0.00246182 -0.00188624 -0.00201137 -0.000552269 0.0018038 -0.000564517 -0.000224139 -0.00205574 -0.00236758 -0.00142157 -0.00243222 -0.00193474 -0.0025 -0.0025 -0.0025 -0.0025 -0.0025
internal_weight=17799.3 877.6 136.5 44.2 741.1 286.9 144.1 71.6 52.2 92.3 454.2 43.5 16921.7 16893.9 1050.9 1033.5 202.8 79 62 72.5 123.8 830.7 51 811.4 97.3 15843 1062.5 440.1 714.1 694.1
internal_count=18731 1040 161 52 879 295 173 82 56 109 584 53 17691 17655 1131 1113 246 90 70 91 156 867 68 846 107 16524 1177 565 739 717
is_linear=0
shrinkage=0.05


Tree=57
num_leaves=31
num_cat=0
split_feature=1 2 5 5 30 9 30 9 11 29 4 1 29 2 29 1 10 4 2 11 29 9 1 2 2 2 1 2 2 2
split_gain=1.50836 1.21656 0.756892 0.939016 0.797009 0.619111 0.342154 0.243442 0.288619 0.220439 0.216875 0.166622 0.970494 0.345777 0.327387 0.158579 0.118628 0.0867726 0.0602538 0.0577709 0.268394 0.0527511 7.10543e-15 7.10543e-15 4.44089e-16 4.44089e-16 2.22045e-16 2.22045e-16 2.22045e-16 1.11022e-16
threshold=5.6741073131561288 -3.3179736137390132 0.30074608325958258 0.37171608209609991 -78.759498596191392 127.08333206176759 -95.704093933105455 88.520832061767592 0.26666666567325598 35.791999816894538 9.4195833206176776 7.8875000476837167 41.60673904418946 1.9976060986518862 35.79699897766114 1.2401785850524905 14.590277671813967 3.4452083110809331 -4.4611153602600089 -1.6576388478279112 39.408555984497077 123.86805343627931 28.328273773193363 -3.0950828790664668 -3.2168607711791988 -6.1219849586486808 0.48839284479618078 0.053545549511909492 4.863936424255372 -7.5524585247039786
decision_type=2 2 2 2 2 2 2 2 2 2 2 2 2 2 2 2 2 2 2 2 2 2 2 2 2 2 2 2 2 2
left_child=1 2 18 -4 5 7 -3 8 9 -5 11 12 13 16 -15 -7 -2 -8 -1 20 -13 -9 23 24 25 29 -19 -18 -24 -21
right_child=10 6 3 4 -6 15 17 21 -10 -11 -12 19 -14 14 -16 -17 27 26 -20 22 -22 -23 28 -25 -26 -27 -28 -29 -30 -31
leaf_value=-8.0079799808764808e-05 2.2758541628881138e-05 0.00065621371468430132 0.0016791839182331903 0.001413010518987834 0.0017165217118583931 0.00063120352594507882 0.0015244016231036274 -7.1229898913072184e-05 -0.00012556733656545748 0.0013194524734818748 0.00040031723741625232 0 0.00052688071584980345 0.0037888015742403138 0 0.0023362352415014832 0 -0.0049297578818253635 0.00040723556295343413 0 0.00068043640108115264 0.001688401397820888 0 0 0 0 -0.0056299789759336229 0 0 0
leaf_weight=65.099998712539673 9.9999999403953534 30.999999403953552 31.399999737739563 16.499999701976776 19.599999785423279 16.599999785423279 18.499999761581421 63.599998712539673 19.099999785423279 19.699999749660492 26.0999995470047 95.499997496604919 24.499999642372131 19.199999809265137 16.299999713897705 16.199999868869781 438.29998910427094 93.099998414516449 16.099999725818634 112.29999893903732 20.699999690055847 17.899999797344208 458.49999117851257 14622.499739348888 74.499998569488525 1079.2999814748764 257.49999558925629 61.799998998641968 117.99999815225601 122.49999833106995
leaf_count=77 10 26 36 21 22 22 23 82 23 23 33 93 31 24 21 20 439 133 19 123 21 21 411 15307 71 1101 361 80 128 131
internal_value=-0.00236446 -9.22502e-05 0.00230451 0.00382366 0.00249471 0.00139151 -0.00190015 -8.77199e-05 0.00247287 0.00509668 -0.00245665 -0.00246353 -0.00162296 -0.00206012 0.00271127 0.00756097 -0.00239218 -0.0023239 -0.00182266 -0.00249222 -0.00138124 -0.00182515 -0.0025 -0.0025 -0.0025 -0.0025 -0.0025 -0.0025 -0.0025 -0.0025
internal_weight=18001.9 701.9 301.8 220.6 189.2 169.6 400.1 136.8 55.3 36.2 17300 17273.9 570.1 545.6 35.5 32.8 510.1 369.1 81.2 16703.8 116.2 81.5 16587.6 16011.1 1388.6 1314.1 350.6 500.1 576.5 234.8
internal_count=18933 909 366 270 234 212 543 170 67 44 18024 17991 605 574 45 42 529 517 96 17386 114 103 17272 16733 1426 1355 494 519 539 254
is_linear=0
shrinkage=0.05


Tree=58
num_leaves=31
num_cat=0
split_feature=0 2 5 6 3 29 29 29 5 5 10 29 4 3 29 7 7 30 7 6 12 11 2 13 13 30 0 13 3 0
split_gain=2.86335 1.52969 0.611734 1.40167 0.848442 0.786263 0.449849 0.436194 0.431619 0.292663 0.266053 0.245794 0.204267 0.199085 0.165133 0.222002 0.466821 0.111171 0.230168 0.0562791 0.02917 0.0409573 0.0217083 0.0502533 0.0113213 0.0394317 0.0941259 0.0486684 0.000835033 7.10543e-15
threshold=6.3083331584930429 -0.28487318754196161 0.52354729175567638 0.97708335518836986 3.2124304771423344 39.79341125488282 35.79699897766114 35.79699897766114 0.81675672531127941 0.90791922807693493 67.729167938232436 35.672292709350593 9.4195833206176776 2.3373612165451054 35.909603118896491 0.031250000931322582 0.26041665673255926 -78.719924926757798 0.22708333283662799 0.83124998211860668 -21.35625076293945 4.1604166030883798 8.1430253982543963 57.989582061767585 3.7208334207534794 -79.227611541748033 9.499305725097658 2.7437499761581425 3.8527778387069707 29.779860496521
decision_type=2 2 2 2 2 2 2 2 2 2 2 2 2 2 2 2 2 2 2 2 2 2 2 2 2 2 2 2 2 2
left_child=1 2 3 5 6 11 -5 -3 14 -10 -6 -1 20 -13 15 -4 -17 -9 -19 -15 21 -2 24 -24 25 -22 27 -27 -28 -26
right_child=12 7 8 4 10 -7 -8 17 9 -11 -12 13 -14 19 -16 16 -18 18 -20 -21 22 -23 23 -25 29 26 28 -29 -30 -31
leaf_value=0.0015952247223215311 3.5614949456530542e-06 0.0017540135098529346 -0.041635363874778446 0.00059964334964782715 0.0016924498359612906 0.0014204278537879836 0.0022194234794264077 -0.0046832699877340954 0.0019444929962086689 0.0014790634329531873 0.0016119673821547165 0.00011940666561891523 0.00031292551410917871 -0.00011251796195276478 -6.4443025402032697e-05 0.0013423599930384444 -0.034183485176463427 -0.0050782982671471882 0.0013133882040840983 0.00018138787812826962 0 0 0.00019985716866999237 0 0 0 0.00014372174869946576 0.00028149894879668237 0.00028149894879668237 0
leaf_weight=22.099999725818634 17.099999845027924 26.399999678134918 25.499999463558197 18.399999797344208 18.79999965429306 26.899999618530273 21.199999570846558 294.29999494552612 17.599999845027924 16.799999833106995 14.69999974966049 19.09999942779541 23.499999701976776 68.799998700618744 68.199998736381531 19.29999977350235 16.799999713897705 24.899999558925629 13.599999845027922 17.199999749660492 698.5999783873558 23.499999701976776 16.699999749660492 37.799999296665192 15827.299726009369 155.19999772310257 18.799999833106995 21.79999965429306 16.099999785423279 298.99999290704727
leaf_count=29 21 34 33 22 24 31 20 415 22 20 17 15 29 86 82 23 24 35 18 22 594 29 23 38 16605 194 22 30 21 252
internal_value=-0.0023453 0.000677457 0.00283981 0.00452025 0.0102223 0.00181538 0.0151768 -0.00167873 0.000514616 0.00549419 0.00436567 0.000172955 -0.00247756 -0.00083492 -0.000805085 0.00107143 0.00359418 -0.00216947 0.000357142 -0.00186047 -0.00248395 -0.00114532 -0.00248713 -0.00149083 -0.00249032 -0.00231878 -0.00172133 -0.00218927 0.000651862 -0.0025
internal_weight=17906 750.6 391.4 227.2 73.1 154.1 39.6 359.2 164.2 34.4 33.5 127.2 17155.4 105.1 129.8 61.6 36.1 332.8 38.5 86 17131.9 40.6 17091.3 54.5 17036.8 910.5 211.9 177 34.9 16126.3
internal_count=18830 972 470 266 83 183 42 502 204 42 41 152 17858 123 162 80 47 468 53 108 17829 50 17779 61 17718 861 267 224 43 16857
is_linear=0
shrinkage=0.05


Tree=59
num_leaves=31
num_cat=0
split_feature=0 3 9 2 3 1 4 30 7 30 30 4 1 9 9 2 9 0 13 29 9 11 7 0 0 9 0 4 0 0
split_gain=2.73867 4.03423 0.821115 1.21592 0.825473 0.458331 0.353757 0.3668 0.497191 0.678711 0.289951 0.214567 0.0874743 0.219613 0.0832752 0.0760775 0.0732345 0.0496494 0.0468116 0.0355241 0.0343908 0.0230165 0.0934322 7.10543e-15 2.22045e-16 2.22045e-16 1.11022e-16 1.11022e-16 5.55112e-17 2.77556e-17
threshold=6.3083331584930429 1.689027786254883 91.423610687255874 -3.3689570426940914 3.0122916698455815 8.4919643402099627 4.6856250762939462 -78.72967147827147 0.66875001788139354 -79.234470367431626 -79.074466705322251 9.4195833206176776 5.6741073131561288 149.20833587646487 216.15277862548831 4.8051371574401864 85.055557250976577 4.9256944656372079 3.1458333730697636 35.672292709350593 97.604167938232436 -2.2937500476837154 0.006250000325962902 29.25555515289307 32.082639694213874 142.53472137451175 29.464583396911625 5.1229166984558114 4.9256944656372079 8.6187500953674334
decision_type=2 2 2 2 2 2 2 2 2 2 2 2 2 2 2 2 2 2 2 2 2 2 2 2 2 2 2 2 2 2
left_child=1 -1 3 10 -5 6 7 8 14 -10 -3 12 13 18 19 25 -12 -11 29 -4 -21 22 -14 -23 26 -8 -25 -28 -22 -2
right_child=11 2 5 4 -6 -7 15 -9 9 17 16 -13 21 -15 -16 -17 -18 -19 -20 20 28 23 -24 24 -26 -27 27 -29 -30 -31
leaf_value=0.0015352035517300811 -3.281068573421919e-05 -0.0083715734451985709 -0.00067742850087026962 0.0018472683463982343 0.0012433769651760151 0.00057539318833769732 -0.00059006081243271409 0.0012336343872115145 0.0012383954452014876 -0.032474310917640255 0.00084654513950819252 0.00034600131963437032 0 0.00018986431023649276 0.00090751072401898392 0.00098213908652220469 0.0011863618501558593 0.0035116608200356503 0.00026742400135684741 -9.3937563308176138e-05 -7.3663451616301501e-05 0 0.00025173537912399072 0 0 -0.0044516580212330915 0 0 -8.7306757076333069e-05 -0.049718501051203318
leaf_weight=22.999999582767487 59.299999058246613 49.699999094009399 22.399999737739563 20.099999785423279 26.199999511241913 20.599999725818634 44.399999260902405 26.79999965429306 25.899999499320984 21.299999594688416 18.899999797344208 22.399999678134918 77.899997889995575 16.29999977350235 14.299999713897703 15.099999785423277 21.399999678134918 14.499999761581419 20.799999594688416 28.999999582767487 101.09999775886536 16545.399705767632 19.299999535083771 64.799999117851257 79.899997711181641 238.8999959230423 257.79999333620071 50.399999976158142 34.899999260902405 26.399999558925629
leaf_count=22 63 65 28 23 30 24 60 34 29 29 23 28 75 21 19 21 26 19 26 38 117 17284 19 66 65 339 222 48 43 36
internal_value=-0.00234952 0.000570917 -6.5393e-05 0.00344277 0.010027 -0.000850296 -0.00110686 0.000136112 -0.000430904 0.00349676 5.55549e-05 -0.0024797 -0.00248606 -0.00115635 -0.00163238 -0.00231568 0.0032072 -0.000963688 -0.00198357 -0.00191302 -0.00216667 -0.00249561 -0.0017284 -0.0025 -0.0025 -0.0025 -0.0025 -0.0025 -0.0025 -0.0025
internal_weight=18009.2 768.5 745.5 136.3 46.3 609.2 588.6 290.2 263.4 61.7 90 17240.7 17218.3 122.8 201.7 298.4 40.3 35.8 106.5 187.4 165 17095.5 97.2 16998.3 452.9 283.3 373 308.2 136 85.7
internal_count=18942 989 967 167 53 800 776 356 322 77 114 17953 17925 146 245 420 49 48 125 226 198 17779 94 17685 401 399 336 270 160 99
is_linear=0
shrinkage=0.05


Tree=60
num_leaves=27
num_cat=0
split_feature=0 29 6 30 29 13 2 30 5 9 5 5 30 4 30 9 1 6 0 6 2 0 0 0 13 2
split_gain=2.27949 0.982504 1.23846 0.658027 0.451828 0.591252 0.616507 0.493091 0.921167 0.296695 0.332763 0.413288 0.340886 0.205374 0.201138 0.313585 0.164204 0.167415 0.207227 0.157425 0.0565411 7.10543e-15 5.55112e-17 5.55112e-17 5.55112e-17 2.77556e-17
threshold=6.3083331584930429 41.806915283203132 2.3770833015441899 -91.673957824707017 35.661382675170906 0.63749998807907116 -3.3689570426940914 -78.72967147827147 0.49936333298683172 176.36111450195315 0.40456041693687445 0.50464126467704784 -79.056720733642564 9.4195833206176776 -79.114654541015611 91.423610687255874 5.6741073131561288 1.1812499761581423 9.499305725097658 1.0395833253860476 -0.12488354369997977 30.280554771423343 8.0041666030883807 5.8770833015441903 0.87291666865348827 -1.7780538797378538
decision_type=2 2 2 2 2 2 2 2 2 2 2 2 2 2 2 2 2 2 2 2 2 2 2 2 2 2
left_child=1 2 4 -3 5 6 19 9 -9 10 23 12 -12 16 25 -16 17 18 22 -1 -17 -18 -2 24 -6 -13
right_child=13 3 -4 -5 7 -7 -8 8 -10 -11 11 14 -14 -15 15 20 21 -19 -20 -21 -22 -23 -24 -25 -26 -27
leaf_value=0.0016938206656464507 -3.1170151447512674e-05 0.00093303213219609335 0.0007240933465980791 -0.0044124923170643579 -6.9980279035486426e-05 -0.043486361464042056 0.0017058755146389993 0.0015461456248026528 -0.0086130904468041444 0.00086213518781803617 0.00049563721968752257 -7.7728265786700102e-05 0.00017701536238726723 0.00028479173989508276 0.0011257164934836404 -0.032911396026698771 0 0.0024465088804238146 0.0001803710947246684 0.00060353260720895092 0.0033360777790338693 0 -3.1170151447512674e-05 -0.00020020803863645133 -7.3572066449035611e-05 -7.3538067545864125e-05
leaf_weight=17.499999821186066 34.099999368190765 21.499999642372131 22.099999606609344 286.2999951839447 57.299998819828033 19.499999642372131 16.099999904632568 17.499999821186066 26.499999582767487 22.199999690055847 17.499999701976776 43.599999070167542 17.099999785423279 23.399999737739563 26.999999582767487 28.799999475479126 16740.399702012539 19.999999582767487 19.199999690055847 16.599999785423279 14.299999773502348 229.09999448060989 54.599999070167542 22.999999463558197 50.099998891353607 17.599999666213989
leaf_count=21 37 27 23 407 71 27 19 19 35 28 17 52 23 30 32 40 17454 24 24 20 19 191 70 24 59 22
internal_value=-0.00236104 0.000314591 0.00179232 -0.00186647 0.00120199 0.00488881 0.00775896 0.000493103 0.00545454 -0.000192308 -0.000610024 0.000875527 0.00573699 -0.00248014 -0.00040556 0.00142297 -0.00248655 -0.000701721 -0.00148054 0.00395161 -0.0012239 -0.0025 -0.0025 -0.0025 -0.0025 -0.0025
internal_weight=17882.9 762.1 454.3 307.8 432.2 69.7 50.2 362.5 44 318.5 296.3 165.9 34.6 17120.8 131.3 70.1 17097.4 127.9 107.9 34.1 43.1 16969.5 88.7 130.4 107.4 61.2
internal_count=18815 985 551 434 528 87 60 441 54 387 359 205 40 17830 165 91 17800 155 131 41 59 17645 107 154 130 74
is_linear=0
shrinkage=0.05


Tree=61
num_leaves=31
num_cat=0
split_feature=0 9 6 1 9 6 10 0 9 29 7 11 6 2 11 6 10 30 1 13 29 3 11 9 0 0 3 6 0 1
split_gain=2.4787 1.18487 1.37182 0.653855 0.603617 0.736113 0.601624 0.500062 0.426524 0.641922 0.422216 0.944919 0.400714 0.254082 0.249672 0.248873 0.215748 0.143427 0.0756336 0.118304 0.0565314 0.0516093 0.0271738 0.0904952 7.10543e-15 1.11022e-16 1.11022e-16 5.55112e-17 2.77556e-17 2.77556e-17
threshold=6.3083331584930429 91.423610687255874 1.122916638851166 5.6741073131561288 77.923610687255874 0.69374999403953563 54.395833969116218 9.3583331108093279 222.7638854980469 41.042871475219734 0.006250000325962902 -2.6854166984558101 1.0645833611488345 -5.4933619499206534 1.5944444537162783 1.2020833492279055 25.944443702697757 -79.224052429199205 5.7788689136505136 0.63749998807907116 40.57173156738282 1.8134722113609316 -2.2937500476837154 273.31944274902349 30.280554771423343 3.6458333730697636 4.5970139503479013 1.2729166746139529 9.1048607826232928 0.48839284479618078
decision_type=2 2 2 2 2 2 2 2 2 2 2 2 2 2 2 2 2 2 2 2 2 2 2 2 2 2 2 2 2 2
left_child=1 2 4 7 20 -6 8 15 9 10 11 16 -7 -8 18 21 -3 -13 19 -12 -1 -2 23 -5 -24 27 -26 -15 -23 -10
right_child=3 6 -4 22 5 12 13 -9 29 -11 14 17 -14 25 -16 -17 -18 -19 -20 -21 -22 28 24 -25 26 -27 -28 -29 -30 -31
leaf_value=-0.00013234360980098097 0.0024671217819848715 -6.6481265083706561e-05 0.0014726991787399502 0 0.0016807211875448985 -0.039131130595490261 0.0010328231005474198 0.00015938958965405289 -0.0088866453803092046 0.00088638052558628888 -3.2034045143269906e-05 0.0005733559768485053 0.001070757932973887 -0.0040058989714325177 0.0031692738900821749 0.0023241834364026216 0.0010602711782123299 0.0020759308107060003 -7.9829585885729754e-05 8.3184561051502994e-05 0.00041923989312137033 -2.9611643875138151e-05 0 0.00023914861016778867 0 -0.0022642356665436114 0 -0.0044235661347318328 -0.047231017491070781 -0.0038920473156816016
leaf_weight=39.499999165534973 17.999999642372131 35.699999153614044 22.699999630451202 63.299998223781586 26.399999797344208 25.499999523162842 21.099999606609344 29.399999618530273 17.499999701976776 18.699999809265137 22.199999690055847 17.899999797344208 16.499999761581421 124.29999792575836 17.399999737739563 15.799999654293059 28.199999749660492 17.29999977350235 69.099998652935028 23.5999995470047 15.399999856948851 42.999999642372131 16728.399702072144 19.099999666213989 208.19999396800995 85.999998390674591 22.20000022649765 73.299998700618744 16.499999701976776 50.799999117851257
leaf_count=49 20 37 25 59 32 33 27 36 25 23 28 19 19 177 20 18 34 21 87 24 20 50 17448 21 170 116 22 103 23 72
internal_value=-0.00234498 0.000431998 0.0044863 -0.00246941 0.00240673 0.00554093 -0.000517975 0.00116748 0.00100188 0.00195822 0.00123812 0.00370585 0.00142857 -0.00210617 -0.000610356 -0.000624331 8.2159e-05 0.0102841 -0.00145561 0.000120087 -0.00149818 -0.00179032 -0.0024956 -0.00158981 -0.0025 -0.0025 -0.0025 -0.0025 -0.0025 -0.0025
internal_weight=17933 769.1 146 17163.9 123.3 68.4 623.1 122.7 318.4 250.1 231.4 99.1 42 304.7 132.3 93.3 63.9 35.2 114.9 45.8 54.9 77.5 17041.2 82.4 16958.8 283.6 230.4 197.6 59.5 68.3
internal_count=18858 991 178 17867 153 84 813 147 390 293 270 111 52 423 159 111 71 40 139 52 69 93 17720 80 17640 396 192 280 73 97
is_linear=0
shrinkage=0.05


Tree=62
num_leaves=31
num_cat=0
split_feature=1 30 3 6 11 29 5 3 2 30 29 7 11 3 10 30 11 29 30 30 3 6 5 1 30 1 3 1 1 2
split_gain=2.05649 1.07095 0.456684 0.628393 0.590041 0.476045 0.32753 0.417916 0.361217 0.325638 1.00511 0.298149 0.243295 0.228958 0.522291 0.171952 0.067421 0.361498 0.0551251 0.230467 0.035407 0.26278 0.00641568 0.00400389 0.0524652 1.42109e-14 2.22045e-16 1.11022e-16 1.11022e-16 1.11022e-16
threshold=6.8943452835083017 -76.660556793212876 5.1892361640930185 2.3770833015441899 2.1166666746139531 35.635671615600593 0.81675672531127941 2.2154166698455815 -7.8363096714019767 -104.80995178222655 37.413198471069343 0.027083333581686023 1.4270833730697634 3.4659028053283696 53.465276718139656 -78.72967147827147 -1.6576388478279112 39.747600555419929 -79.010993957519517 -78.902667999267564 6.1716666221618661 2.4812500476837163 0.51850673556327831 8.0916666984558123 -78.739860534667955 29.511309623718265 2.7408334016799931 1.2401785850524905 6.6476190090179452 -0.5098343789577483
decision_type=2 2 2 2 2 2 2 2 2 2 2 2 2 2 2 2 2 2 2 2 2 2 2 2 2 2 2 2 2 2
left_child=1 2 3 4 5 -1 8 -8 -7 10 -10 -6 15 14 22 18 17 -2 -11 -20 23 -22 -14 24 29 -25 -27 -4 -13 -18
right_child=16 -3 27 -5 11 6 7 -9 9 12 -12 28 13 -15 -16 -17 20 -19 19 -21 21 -23 -24 25 -26 26 -28 -29 -30 -31
leaf_value=0.0009396723378178811 0 0.0017713394101074816 -0.0034854208498391239 0.0022079742645824906 0.0023437656928856302 0.00017425499944482797 0.0031029960931245495 0.0017210695053745451 -6.3157201829522339e-05 -0.0307890328926087 0.00095068242126662586 0 0.0012537702337763468 -9.1459460859197653e-07 -0.039636556776803 -0.0025897756863938028 0 0.00045565289603169412 0.0010113800803495888 -0.038091083255761576 0 0.0020764948376427506 0.0030108101955780677 0 0.0010346077054439573 0 0 -0.0044189683620362635 0 0
leaf_weight=23.099999725818634 109.29999715089798 28.699999868869781 111.2999981045723 21.899999499320984 17.999999642372131 28.299999415874481 19.899999797344208 16.199999868869781 38.99999874830246 169.59999698400497 31.699999094009399 226.99999564886093 15.799999833106993 24.799999713897705 23.399999558925629 24.699999570846558 205.69999408721924 20.899999737739563 15.799999773502348 47.999999105930328 118.29999852180481 16.199999690055847 18.199999809265137 16064.399719357491 21.399999618530273 120.69999605417252 110.29999846220016 102.19999825954437 18.599999487400055 69.699998080730438
leaf_count=29 109 33 159 21 20 31 25 20 32 230 25 260 20 32 32 33 185 21 20 66 143 18 22 16782 28 95 99 146 20 67
internal_value=-0.00234902 -0.000175892 -0.000449875 0.000108418 -0.000131545 0.00088014 0.000539545 0.00511773 0.000163327 -0.000212896 0.00287482 -0.00204477 -0.000854394 0.0015146 0.00324913 -0.00160887 -0.00248131 -0.00134793 -0.00202871 -0.000775863 -0.00249014 -0.00168216 0.00720588 -0.00249669 -0.00231469 -0.0025 -0.0025 -0.0025 -0.0025 -0.0025
internal_weight=17883.1 1026.2 997.5 784 762.1 498.5 475.4 36.1 439.3 411 70.7 263.6 340.3 82.2 57.4 258.1 16856.9 130.2 233.4 63.8 16726.7 134.5 34 16592.2 296.8 16295.4 231 213.5 245.6 275.4
internal_count=18823 1276 1243 938 917 617 588 45 543 512 57 300 455 106 74 349 17547 130 316 86 17417 161 42 17256 280 16976 194 305 280 252
is_linear=0
shrinkage=0.05


Tree=63
num_leaves=31
num_cat=0
split_feature=0 2 30 4 2 5 12 12 0 1 11 4 12 5 10 0 5 30 29 30 30 11 0 11 2 0 0 0 5 0
split_gain=3.26832 2.10274 1.73145 0.885119 1.09794 0.875807 0.629524 1.91952 0.468306 0.268319 0.675582 0.185906 0.174855 0.280047 0.52343 0.152072 0.394092 0.0799455 0.0775189 0.0730229 0.166414 0.0496061 0.0368484 0.0242429 0.0992493 7.10543e-15 7.10543e-15 1.11022e-16 1.11022e-16 2.77556e-17
threshold=5.8770833015441903 -0.33421325683593744 -78.014999389648423 4.6006250381469735 -1.2705486416816709 0.41615864634513861 5.6020832061767587 6.8604166507720956 5.3618054389953622 6.8943452835083017 -1.6576388478279112 9.4195833206176776 -7.8187499046325675 0.63376975059509288 53.465276718139656 8.9152779579162615 0.44821386039257055 -89.672775268554673 37.413198471069343 -79.213623046874986 -79.26528167724608 -2.2937500476837154 6.3083331584930429 -2.2937500476837154 2.576281070709229 32.082639694213874 12.577083587646486 8.405555725097658 0.3047557026147843 15.78958320617676
decision_type=2 2 2 2 2 2 2 2 2 2 2 2 2 2 2 2 2 2 2 2 2 2 2 2 2 2 2 2 2 2
left_child=1 2 3 4 6 -5 12 -8 17 10 -2 22 13 14 -1 27 -17 -3 -9 20 -18 -15 -11 24 29 26 -25 -12 -19 -24
right_child=9 8 -4 5 -6 -7 7 18 -10 11 15 -13 -14 21 -16 16 19 28 -20 -21 -22 -23 23 25 -26 -27 -28 -29 -30 -31
leaf_value=0.0011910817220875281 0.0015394516446304352 7.9207579294332531e-05 0.0017633116148731609 0.0015453135689715959 0.0015285295697581693 0.00034637205154138136 0.0015090193017443243 -7.2113476514301669e-05 0.00097092089959898299 -6.549748849927109e-05 0 2.3711152199491078e-05 -0.00010666919725462495 -0.00093641147267592428 -0.037654728937962845 0.0022265774082413483 0 -0.0092263651546371298 7.9465665909594921e-05 -1.7807474728126493e-07 0.0027363610196980805 0.0025299158388206568 0 0 0.00020440853485781396 0 0 0 -0.0041942590911496274 0
leaf_weight=25.299999713897705 22.499999701976776 19.79999965429306 24.699999868869781 17.499999701976776 20.399999618530273 26.699999690055847 28.099999845027924 34.999999344348907 25.499999642372131 32.59999942779541 186.59999549388885 25.899999618530273 77.899998307228088 43.299999296665192 19.699999630451202 20.499999642372131 24.399999678134918 56.299998998641968 15.199999570846556 69.499999165534973 17.099999725818634 17.399999678134918 45.799998700618744 2560.0999357700348 18.199999690055847 79.899997770786285 14037.499768853188 23.899999439716339 236.3999959230423 28.299999177455902
leaf_count=31 27 26 27 19 22 33 33 44 33 40 188 33 93 57 27 25 32 79 14 89 21 22 44 2489 20 65 14759 27 336 23
internal_value=-0.00232133 0.00105485 0.00376424 0.00279862 0.00176851 0.00937783 0.000898243 0.00465198 -0.00176036 -0.00245667 -0.00111454 -0.00248574 -0.000702615 0.000622043 0.00361111 -0.00166667 -0.0003327 -0.002292 -0.00120518 -0.00150901 0.000150602 -0.00159391 -0.00249226 -0.00249553 -0.00168743 -0.0025 -0.0025 -0.0025 -0.0025 -0.0025
internal_weight=17882 689.2 351.2 326.5 282.3 44.2 261.9 78.3 338 17192.8 364.5 16828.3 183.6 105.7 45 342 131.5 312.5 50.2 111 41.5 60.7 16802.4 16769.8 92.3 16677.5 16597.6 210.5 292.7 74.1
internal_count=18778 896 422 395 343 52 321 91 474 17882 409 17473 230 137 58 382 167 441 58 142 53 79 17440 17400 87 17313 17248 215 415 67
is_linear=0
shrinkage=0.05


Tree=64
num_leaves=31
num_cat=0
split_feature=0 9 29 29 12 6 4 3 6 1 11 3 6 4 12 4 10 0 1 5 29 29 29 9 3 0 1 3 4 0
split_gain=3.20413 2.45296 1.4765 1.80475 0.89285 0.648677 0.599305 0.651244 0.598675 0.482958 2.25894 0.43742 0.356052 0.291793 0.252622 0.205668 0.0925842 0.118541 0.0831559 0.0506595 0.0361113 0.0277676 0.03956 0.024041 1.42109e-14 8.88178e-16 8.88178e-16 1.11022e-16 1.11022e-16 2.77556e-17
threshold=5.8770833015441903 107.25000000000001 36.33385086059571 41.806915283203132 2.4270832538604741 1.0645833611488345 4.1437499523162851 3.0482639074325566 0.41458332538604742 7.6827380657196054 -0.75486111640930165 3.0039583444595341 1.6479166746139529 3.4210417270660405 -21.35625076293945 9.4195833206176776 41.506944656372077 8.6187500953674334 7.6827380657196054 0.81675672531127941 35.697473526000984 35.680410385131843 35.652334213256843 95.770832061767592 1.8211805224418642 30.280554771423343 26.50863075256348 4.3270833492279062 4.9418752193450937 4.2631943225860605
decision_type=2 2 2 2 2 2 2 2 2 2 2 2 2 2 2 2 2 2 2 2 2 2 2 2 2 2 2 2 2 2
left_child=1 2 4 8 5 11 7 12 -4 10 -2 -1 13 19 20 24 17 -16 27 29 -12 22 -18 -7 25 26 -11 -8 -23 -3
right_child=9 6 3 -5 -6 23 18 -9 -10 15 14 -13 -14 -15 16 -17 21 -19 -20 -21 -22 28 -24 -25 -26 -27 -28 -29 -30 -31
leaf_value=-0.035761618213026349 0.0014977713032429286 -9.3203302049960708e-05 0.0017270435116629958 3.3843290791080174e-05 0.0014335683366571096 0.002497117594851256 -0.033184481529924696 0.0020086888575493013 0.0013697033142671844 0 8.9037373640632463e-09 0.001131527635983154 0.0018021814708371999 0.00035644377274220433 2.9887827262164991e-05 0.00016780826824018687 0 0 1.7064815353867723e-05 0.0015468504493621584 8.9037373640632463e-09 0 0.0025995429687131755 0.0016837456629799187 0 0 0 -0.0036240519968611324 0 -2.8758874770695721e-05
leaf_weight=81.699998438358307 33.099999606609344 48.599998891353607 19.099999904632568 20.999999701976776 28.799999713897705 21.099999725818634 53.199999034404755 17.599999785423279 20.399999678134918 1913.4999612569809 17.099999725818634 19.999999761581421 19.199999690055847 18.899999618530273 20.799999475479126 23.499999701976776 22.099999666213989 21.599999785423279 13.899999797344206 18.999999701976776 16.99999988079071 266.39999371767044 17.199999690055847 16.499999821186066 14527.49974578619 25.199999213218689 258.39999610185623 243.59999585151672 94.799997508525848 25.299999177455902
leaf_count=111 39 52 23 28 34 25 74 22 20 1911 21 26 24 23 18 29 25 26 17 24 20 274 22 21 15177 20 282 348 98 23
internal_value=-0.00231389 0.00103249 0.00526465 0.0119628 0.00285396 0.00119706 -0.00107392 0.00153768 0.0182595 -0.00244727 -0.000931681 -0.000877582 0.000324427 -0.000755815 -0.00180818 -0.00249343 -0.00212746 9.4339e-05 -0.00232298 -0.00190797 0.00233871 -0.00236267 -0.00110051 0.00680851 -0.0025 -0.0025 -0.0025 -0.0025 -0.0025 -0.0025
internal_weight=17946.1 687.9 228.6 60.5 168.1 139.3 459.3 148.6 39.5 17258.2 510.1 101.7 131 111.8 477 16748.1 442.9 42.4 310.7 92.9 34.1 400.5 39.3 37.6 16724.6 2197.1 2171.9 296.8 361.2 73.9
internal_count=18857 895 288 71 217 183 607 168 43 17962 543 137 146 122 504 17419 463 44 439 99 41 419 47 46 17390 2213 2193 422 372 75
is_linear=0
shrinkage=0.05


Tree=65
num_leaves=31
num_cat=0
split_feature=0 2 29 29 4 7 10 30 10 12 13 10 10 30 0 30 7 29 7 4 13 2 30 9 30 6 0 0 2 2
split_gain=2.08379 1.90969 1.42248 0.966078 0.750297 0.370758 1.04732 1.11823 0.47528 0.307447 0.24932 0.633126 0.656696 0.236692 0.18827 0.0858333 0.157385 0.0684961 0.051842 0.0439543 0.0260451 0.102429 0.0341073 0.0920682 0.154043 0.0555919 7.10543e-15 4.44089e-16 2.22045e-16 1.11022e-16
threshold=5.8770833015441903 -0.33421325683593744 39.747600555419929 41.806915283203132 4.6006250381469735 0.22708333283662799 46.548612594604499 -79.08282089233397 52.659723281860359 -21.35625076293945 0.24791666865348819 38.826387405395515 35.145833969116218 -78.769439697265611 8.405555725097658 -79.24431991577147 0.47291666269302374 35.680410385131843 0.44791665673255926 9.4195833206176776 5.1291666030883798 2.8867624998092656 -79.227611541748033 107.25000000000001 -79.178325653076158 0.73541668057441723 28.268054962158207 31.020138740539554 -0.7867106795310973 -0.31290113925933832
decision_type=2 2 2 2 2 2 2 2 2 2 2 2 2 2 2 2 2 2 2 2 2 2 2 2 2 2 2 2 2 2
left_child=1 2 4 -4 5 6 13 -8 -9 18 11 12 -11 -1 29 16 -7 -3 -2 20 21 22 28 24 -24 -26 -22 -28 -12 -13
right_child=9 17 3 -5 -6 15 7 8 -10 10 19 14 -14 -15 -16 -17 -18 -19 -20 -21 26 -23 23 -25 25 -27 27 -29 -30 -31
leaf_value=-5.3227938136779507e-05 8.4585504933620829e-09 0.0015995583798309233 0.0014194730064309221 0.00033862158410509214 0.0013766128734403703 -6.2512354512928413e-05 0.001365750915687114 0.0014695079268940482 -0.038189597738150817 0 0 0 0.001422882738080783 0.001712072397295339 0.0015169493118461781 -0.029292869747886325 0.0010749512541839978 -0.0036939052120118637 8.4585504933620829e-09 -0.00078416838275946824 0 0.00011929954295277768 0.0024695658202775195 0 0.0021152485378292786 0 0 0 0 0
leaf_weight=74.399998307228088 16.099999904632568 16.79999977350235 33.0999995470047 26.399999618530273 23.499999642372131 22.599999368190765 25.399999797344208 21.799999713897705 25.0999995470047 31.199999451637268 344.4999892115593 215.79999345541 21.799999713897705 16.699999749660492 27.499999284744263 71.49999874830246 19.599999606609344 326.19999432563782 18.599999725818634 27.099999606609344 15175.699738502502 19.29999965429306 17.699999809265137 151.7999981045723 15.999999761581419 44.39999920129776 682.09998935461044 153.69999635219574 246.79999250173569 28.599999308586121
leaf_count=84 19 22 35 34 27 20 30 26 33 34 279 188 26 21 27 99 24 462 24 35 15957 23 23 192 20 58 665 127 212 30
internal_value=-0.00233781 0.000330322 0.00287351 0.00993697 0.00147538 0.000747924 0.00227356 0.00676694 0.00219083 -0.00244663 -0.00245612 -0.00108418 0.00391509 -0.00129254 -0.00205866 -0.00144459 0.000343601 -0.00233965 0.00225504 -0.00248252 -0.00248576 -0.00221446 -0.00229908 -0.0017823 -0.000387325 -0.0015894 -0.0025 -0.0025 -0.0025 -0.0025
internal_weight=17941.8 703.1 360.1 59.5 300.6 277.1 163.4 72.3 46.9 17238.7 17204 324.9 53 91.1 271.9 113.7 42.2 343 34.7 16879.1 16852 840.5 821.2 229.9 78.1 60.4 16011.5 835.8 591.3 244.4
internal_count=18856 917 433 69 364 337 194 89 59 17939 17896 305 60 105 245 143 44 484 43 17591 17556 807 784 293 101 78 16749 792 491 218
is_linear=0
shrinkage=0.05


Tree=66
num_leaves=31
num_cat=0
split_feature=0 3 6 30 0 10 10 5 3 30 1 7 4 9 6 8 13 4 1 4 4 1 6 30 2 30 0 0 1 0
split_gain=3.79001 2.0018 1.29649 1.03465 1.93922 0.786694 1.81598 1.00822 0.948769 0.558467 0.440105 1.04109 0.425108 0.54658 0.290475 0.553944 0.247694 0.241714 0.156874 0.15184 0.151192 0.116406 0.0928206 0.0405595 0.0306738 0.0416899 7.10543e-15 1.11022e-16 1.11022e-16 5.55112e-17
threshold=6.3083331584930429 4.4347918033599862 2.3770833015441899 -78.014999389648423 1.6583333015441897 55.812500000000007 48.131944656372077 0.37171608209609991 2.8035416603088383 -79.298500061035142 6.8943452835083017 1.0000000180025095e-35 4.6654167175292978 106.02083206176759 1.0562499761581423 3.5000000000000004 7.4354166984558114 9.4195833206176776 4.9166665077209482 3.6793749332427983 3.2318749427795415 5.9821429252624521 0.027083333581686023 -79.206604003906236 1.1468426585197451 -79.203132629394517 26.250694274902347 4.2631943225860605 4.3845238685607919 1.1034722328186037
decision_type=2 2 2 2 2 2 2 2 2 2 2 2 2 2 2 2 2 2 2 2 2 2 2 2 2 2 2 2 2 2
left_child=1 2 3 5 -5 6 14 -8 -9 -10 11 -2 29 -14 18 -16 22 26 20 23 -1 27 -13 -11 28 -26 -12 -3 -24 -7
right_child=10 21 -4 4 -6 12 7 8 9 19 17 16 13 -15 15 -17 -18 -19 -20 -21 -22 -23 24 -25 25 -27 -28 -29 -30 -31
leaf_value=-0.00022673497781459562 0.0013337716314420513 -0.0029221570531608072 0.0016264687774305731 0.0015697176857582984 0.0007943786431275357 -0.027828226260492007 0.0012936023740398985 0.0013919495237253252 0.0013202822930140413 0.0018399668688874771 0 0.0020094861109378136 0.00099417065604984201 -0.00052133707889617797 -0.0002481306046121068 0.003058441323347233 8.0356229670286442e-09 0.0020023025438766109 -6.0265943117132045e-05 -0.033822827279869211 0.00064266623084997538 0.0011369486109056638 -3.619842324863454e-05 0.0047844998120711302 0.0023460875292636409 -0.0001375443347163441 0 -0.0065399683886871347 0 -0.00025514070785998721
leaf_weight=32.799999475479126 33.199999511241913 232.29999601840973 19.999999642372131 15.799999892711638 19.799999713897705 16.299999713897705 19.899999856948853 27.299999713897705 18.299999833106995 15.599999785423281 14467.799732685089 11.399999797344206 19.099999725818634 18.599999725818634 17.099999666213989 18.399999737739563 32.999999642372131 19.999999701976776 79.499998033046722 23.5999995470047 15.699999690055845 13.799999773502348 19.499999701976776 15.399999797344206 15.69999974966049 18.499999701976776 2414.2999662160873 32.899999439716339 203.39999550580978 101.39999794960022
leaf_count=38 34 331 20 16 26 23 23 31 23 20 15052 14 23 26 23 22 40 26 87 32 19 16 25 20 21 25 2497 47 218 132
internal_value=-0.00230428 0.00111944 0.00302972 0.00250421 0.0107022 0.00183941 0.00340621 0.00807452 0.00603293 0.00305555 -0.00245794 -0.000662534 -0.00101995 0.0036008 -2.29364e-05 0.00397887 -0.00158789 -0.00249349 -0.00113281 0.000521977 0.00110825 -0.00226703 -0.00209032 0.00282258 -0.00228608 -0.000891813 -0.0025 -0.0025 -0.0025 -0.0025
internal_weight=18010.4 773.6 494.6 474.6 35.6 439 283.6 120.1 100.2 72.9 17236.8 334.7 155.4 37.7 163.5 35.5 301.5 16902.1 128 54.6 48.5 279 268.5 31 257.1 34.2 16882.1 265.2 222.9 117.7
internal_count=18950 998 604 584 42 542 338 149 126 95 17952 377 204 49 189 45 343 17575 144 72 57 394 303 40 289 46 17549 378 243 155
is_linear=0
shrinkage=0.05


Tree=67
num_leaves=31
num_cat=0
split_feature=1 6 9 7 30 4 29 2 30 4 30 29 11 30 29 9 6 4 12 11 7 9 1 11 29 11 9 6 13 29
split_gain=3.21135 1.31922 1.11679 1.70899 0.769004 0.913388 1.13322 0.605292 0.455257 0.451138 0.382954 0.368996 0.331606 0.326108 0.265582 0.622774 0.28789 0.188914 0.182958 0.115868 0.339338 0.106083 0.167365 0.064525 0.445526 0.00828343 0.0732352 0.0109355 0.0287306 0.000642965
threshold=6.8943452835083017 3.0187499523162846 141.19444274902347 0.22708333283662799 -78.014999389648423 3.2252084016799931 35.909603118896491 -1.3465450406074522 -79.022460937499986 4.5097918510437021 -79.025478363037095 35.79699897766114 1.4270833730697634 -95.704093933105455 35.659040451049812 91.423610687255874 1.1104166507720949 9.4195833206176776 5.3437500000000009 1.8944444656372073 1.0354166626930239 97.604167938232436 3.9068452119827275 -1.6576388478279112 39.82715034484864 0.95208334922790538 104.75694656372072 1.3145833611488345 5.1291666030883798 35.725976943969734
decision_type=2 2 2 2 2 2 2 2 2 2 2 2 2 2 2 2 2 2 2 2 2 2 2 2 2 2 2 2 2 2
left_child=1 2 3 4 5 7 10 8 -1 -8 18 12 -5 -4 16 -16 -14 23 -7 20 21 22 -13 24 -2 26 -25 -28 -29 -17
right_child=17 -3 13 11 -6 6 9 -9 -10 -11 -12 19 14 -15 15 29 -18 -19 -20 -21 -22 -23 -24 25 -26 -27 27 28 -30 -31
leaf_value=-5.3162622269108749e-05 0 0.0019103992153489846 0.00061053291930747715 -0.02643681494746741 0.0014912318014703831 0.0022291888425777229 -0.037333551855004664 0.00122786589371649 0.0020415835392541765 0.002905519257179873 0.0012497577787606241 0.0013523387131778421 -4.4446372812488609e-10 -0.0026209751366510986 0.00095652357277280502 0.0022287831528004566 0.0014275821173950045 1.6039017314504675e-05 0.0017479685254431056 0 0.0010801011803603822 -5.6481099236538573e-05 -0.032533583232867938 0.00094446212324734719 0.00025701038619784232 0 0 -2.6776069167233633e-06 0 0.0045452748214675712
leaf_weight=79.699998259544373 119.09999704360962 14.599999547004698 16.79999965429306 38.599999308586121 21.799999892711639 17.199999749660492 28.499999463558197 21.499999523162842 30.699999570846558 15.599999845027922 19.199999749660492 15.099999845027925 32.499999523162842 327.09999465942383 23.699999809265137 15.499999821186064 15.799999773502348 25.399999678134918 21.699999928474426 165.29999655485153 13.799999713897703 71.199998438358307 16.499999701976776 15.199999690055845 17.599999785423279 16182.099712312222 457.29999035596848 28.899999439716339 63.199999094009399 17.699999749660492
leaf_count=87 119 14 18 54 24 20 39 23 37 20 24 19 41 459 29 21 20 32 25 179 18 80 23 18 18 16799 475 35 80 23
internal_value=-0.00231225 0.000384337 0.000171867 0.0013439 0.00457307 0.00373665 0.00728474 0.00098749 -0.000507247 0.0012415 0.0118718 -0.000597252 0.00146384 -0.00215106 0.00291825 0.00523286 0.000191511 -0.00247812 0.0147236 -0.00164863 -0.000441682 -0.00142996 0.000981012 -0.0024846 -0.00140271 -0.00249343 -0.00230517 -0.00239989 -0.00190282 0.000813252
internal_weight=17948.9 1040.1 1025.5 681.6 255.9 234.1 102.2 131.9 110.4 44.1 58.1 425.7 143.8 343.9 105.2 56.9 48.3 16908.8 38.9 281.9 116.6 102.8 31.6 16883.4 136.7 16746.7 564.6 549.4 92.1 33.2
internal_count=18873 1297 1283 806 299 275 128 147 124 59 69 507 188 477 134 73 61 17576 45 319 140 122 42 17544 137 17407 608 590 115 44
is_linear=0
shrinkage=0.05


Tree=68
num_leaves=31
num_cat=0
split_feature=1 10 29 12 29 10 30 29 5 6 0 8 10 2 0 29 7 10 30 12 7 5 30 29 6 30 0 10 0 0
split_gain=2.63322 1.31204 1.16546 1.44996 0.991478 0.938854 1.16906 0.899052 0.310859 0.310554 0.304184 0.36748 0.218524 0.287521 0.202279 0.289936 0.247369 0.46108 0.137332 0.0772022 0.0759869 0.255068 0.0605107 0.0452991 0.0314714 0.198718 7.10543e-15 2.22045e-16 1.11022e-16 5.55112e-17
threshold=6.8943452835083017 55.812500000000007 35.975336074829109 0.31041666865348821 35.882707595825202 53.715276718139656 -121.72649765014647 35.648420333862312 0.59897175431251537 0.83124998211860668 6.3083331584930429 3.5000000000000004 45.576387405395515 -5.0095753669738761 9.499305725097658 35.680410385131843 0.056250000372529037 78.715278625488295 -79.00915145874022 6.6395833492279062 1.122916638851166 0.37171608209609991 -78.739860534667955 35.725976943969734 4.6145834922790536 -78.695117950439439 29.25555515289307 55.812500000000007 9.1048607826232928 7.5770833492279062
decision_type=2 2 2 2 2 2 2 2 2 2 2 2 2 2 2 2 2 2 2 2 2 2 2 2 2 2 2 2 2 2
left_child=1 2 3 12 7 6 -4 -5 9 -9 11 22 -1 -14 16 -16 17 18 -3 -11 28 -22 -2 -15 26 -26 -12 -28 -18 -8
right_child=10 14 5 4 -6 -7 29 8 -10 19 24 -13 13 23 15 -17 20 -19 -20 -21 21 -23 -24 -25 25 -27 27 -29 -30 -31
leaf_value=-0.00021440351218176003 -0.00046534167725846548 -0.0040982524153059547 0.001351188631581679 0.0011976515933324829 0.0031164353715108562 0.0011664725990306658 -5.8813563144121993e-05 0.0011382983366317379 0.0043180110803941905 -0.0065808069280422939 0 0.00024415986688794969 0.0021060832784975995 0.00090869739413416701 2.2223184403813437e-11 -4.7818544796818242e-05 0 0.0013827208604241137 0.0006564198299839159 -0.036388294085014282 0.0010260961213423626 0 0.00089723901708497762 -0.030906904071224539 0 0.001901385465817057 0 0 -1.704409054559264e-07 -0.045496852339054969
leaf_weight=39.89999932050705 39.499999225139618 50.89999908208847 20.799999237060547 18.599999904632568 20.999999940395355 17.099999785423279 164.89999669790268 16.399999737739563 17.799999892711639 25.399999618530273 16272.89971023798 20.999999821186066 24.79999965429306 14.599999785423277 22.199999690055847 19.699999690055847 321.49999380111694 16.199999749660492 27.299999594688416 17.29999965429306 19.499999403953552 54.299998760223389 14.599999785423277 17.599999666213989 131.39999705553055 20.999999642372131 373.39999115467072 57.499999344348907 37.699999511241913 20.799999594688416
leaf_count=49 51 69 16 22 24 21 205 20 22 34 16995 22 30 20 28 25 413 18 35 23 17 63 20 24 134 24 320 61 47 28
internal_value=-0.00233164 0.000153284 0.00221396 0.00485708 0.00861588 -0.000308587 -0.00124092 0.00645288 0.00406697 0.00232233 -0.00247933 0.000695738 0.000337977 0.00232456 -0.00142851 0.00191527 -0.00169416 0.000624999 -0.000965474 7.61118e-05 -0.00219977 -0.000738483 -0.00148336 -0.000791926 -0.00249347 -0.00177822 -0.0025 -0.0025 -0.0025 -0.0025
internal_weight=17937.6 1006.3 437 213.4 116.5 223.6 206.5 95.5 76.9 59.1 16931.3 75.1 96.9 57 569.3 41.9 527.4 94.4 78.2 42.7 433 73.8 54.1 32.2 16856.2 152.4 16703.8 430.9 359.2 185.7
internal_count=18880 1253 538 268 145 270 249 121 99 77 17627 93 123 74 715 53 662 122 104 57 540 80 71 44 17534 158 17376 381 460 233
is_linear=0
shrinkage=0.05


Tree=69
num_leaves=31
num_cat=0
split_feature=0 3 13 5 6 11 9 5 5 5 29 2 7 10 10 11 13 4 10 8 2 9 13 29 0 3 11 29 11 2
split_gain=3.41176 1.66176 0.772964 0.813053 1.11242 1.38645 0.629205 0.714429 0.413551 0.556244 0.397347 0.571096 0.340799 0.295136 0.320576 0.291705 1.44272 0.249315 0.245635 0.489907 0.102261 0.0968355 0.085814 0.605786 0.901056 0.0564103 0.0549541 0.0261466 0.048573 0.00761999
threshold=6.3083331584930429 4.4347918033599862 0.24791666865348819 0.49187451601028448 1.3770833611488345 -5.8222222328186026 100.23611068725587 0.68819865584373485 0.20830789953470233 0.32418450713157659 35.674556732177741 -0.12488354369997977 0.031250000931322582 51.638889312744148 46.548612594604499 -0.75486111640930165 0.24791666865348819 9.4195833206176776 52.256944656372077 1.5000000000000002 4.7683618068695077 100.23611068725587 2.7437499761581425 35.674556732177741 9.499305725097658 3.8220138549804692 0.44513888657093054 35.79699897766114 3.3625000715255742 -5.9878363609313956
decision_type=2 2 2 2 2 2 2 2 2 2 2 2 2 2 2 2 2 2 2 2 2 2 2 2 2 2 2 2 2 2
left_child=1 2 3 4 5 -1 7 12 -7 -10 -11 -12 -5 14 -8 16 -2 22 26 25 -18 -3 23 24 -17 -20 -4 28 -25 -24
right_child=15 21 18 6 -6 8 13 -9 9 10 11 -13 -14 -15 -16 17 20 -19 19 -21 -22 -23 29 27 -26 -27 -28 -29 -30 -31
leaf_value=0.0012836292000025951 0.0025794729205890544 0.00097479131527524192 -5.5292160317052533e-05 -0.00023415314483754557 0.002763183972478084 -5.2916725143002136e-05 -0.00014994330248902388 0.0013475341683756581 0.00098570206049020679 0.00086326252442746061 -0.00068155403420514492 0.00068704277531226883 0.0016827660750928612 -0.024795282457677564 0.0011396708979352079 0 0 0.001806316192526203 -0.035119025158133386 0.0013117260014530825 0.00010048404649524724 -0.0029350581096444679 0 -2.2588955168071703e-05 0.00038083182469622449 0.00085237706623073062 0.00020533751342688978 0 0.0017741116369290211 0
leaf_weight=18.899999558925629 26.599999666213989 16.399999618530273 77.799998342990875 20.999999523162842 18.499999582767487 26.299999356269836 35.09999942779541 20.799999892711639 19.499999821186066 19.399999797344208 41.599999308586121 15.599999785423277 25.599999606609344 70.099998652935028 27.299999713897705 39.799998998641968 177.99999552965164 19.199999809265137 28.599999487400055 24.699999630451202 19.799999713897705 255.59999567270279 289.99999713897705 27.399999678134918 30.699999630451202 14.299999773502348 17.899999678134918 606.39998263120651 15.799999773502348 15940.39971858263
leaf_count=21 32 20 92 26 17 27 39 24 23 24 54 20 30 95 35 42 164 24 40 31 24 364 320 34 37 19 21 540 20 16676
internal_value=-0.00229349 0.000908804 0.00255736 0.00385252 0.00651126 0.00500177 0.00172711 0.00566024 0.00305555 0.00457596 0.00265666 0.00055944 0.00222103 -0.000273586 0.00222756 -0.00244155 -0.000650624 -0.00246523 -0.000295469 0.00201183 -0.00212083 -0.00226103 -0.00247168 -0.00193758 0.00246454 -0.00121795 -0.00192529 -0.00241533 -0.00122685 -0.00249538
internal_weight=17989.1 795 523 359.7 159.8 141.3 199.9 67.4 122.4 96.1 76.6 57.2 46.6 132.5 62.4 17194.1 224.4 16969.7 163.3 67.6 197.8 272 16950.5 720.1 70.5 42.9 95.7 649.6 43.2 16230.4
internal_count=18935 1022 638 435 186 169 249 80 148 121 98 74 56 169 74 17913 220 17693 203 90 188 384 17669 673 79 59 113 594 54 16996
is_linear=0
shrinkage=0.05


Tree=70
num_leaves=31
num_cat=0
split_feature=1 6 2 12 12 5 1 10 5 30 2 3 0 10 0 13 0 6 0 5 3 30 29 4 0 3 1 5 0 2
split_gain=2.30183 2.06748 0.981642 0.577033 1.57367 1.08295 0.741458 0.511214 0.310536 0.49855 0.259875 0.292631 0.555561 0.53198 0.189502 0.244084 0.165787 0.151869 0.078004 0.406912 0.0643895 0.178025 0.0506043 0.0491171 0.0277803 0.0391218 0.0204314 0.0972343 7.10543e-15 2.22045e-16
threshold=6.8943452835083017 3.1416666507720952 -3.4380823373794551 3.5229166746139531 6.8604166507720956 0.37650379538536077 5.6741073131561288 30.208333015441898 0.67896661162376415 -79.022460937499986 5.0036361217498788 2.8384027481079106 5.8770833015441903 51.965276718139656 5.8770833015441903 5.8125000000000009 9.3583331108093279 1.0562499761581423 7.226388931274415 0.098787460476160063 2.4691666364669804 -79.074466705322251 35.670007705688484 9.4195833206176776 6.3083331584930429 3.2309027910232548 7.6827380657196054 0.23817030340433124 32.082639694213874 1.1308876872062685
decision_type=2 2 2 2 2 2 2 2 2 2 2 2 2 2 2 2 2 2 2 2 2 2 2 2 2 2 2 2 2 2
left_child=1 2 3 7 5 -5 -7 -1 16 -10 11 12 13 17 15 -2 20 -4 19 -16 21 -9 -13 26 25 -21 27 -20 -28 -24
right_child=14 -3 10 4 -6 6 -8 8 9 -11 -12 22 -14 -15 18 -17 -18 -19 23 24 -22 -23 29 -25 -26 -27 28 -29 -30 -31
leaf_value=0.001420523297581753 0.00016636557347089466 0.0018148792545815363 -5.0279019120691441e-06 0.001008795367636406 -4.8543874304455561e-05 -2.9266394447113878e-06 0.0011257607595566359 -0.00011979309881908609 -8.9808929155613633e-05 0.0025908188063956785 0.0036007524177675333 -0.00077542156780535112 0 0.0053418746492583605 1.1294477584022911e-06 -6.8158959235575797e-05 -1.9232599069343886e-08 0.0010833189126087828 9.5459844170486818e-05 0.00019507063775554557 -2.3500138032503703e-05 0.0019282869327693132 -5.1215717673136661e-05 -0.00090878797948048824 0 -0.00078191369955020744 0 0 0 -0.0030285964555293353
leaf_weight=25.09999942779541 15.499999761581419 15.99999952316284 17.899999678134918 18.699999809265137 52.499998867511749 28.299999594688416 35.099999606609344 34.499999225139618 30.699999451637268 17.899999856948853 14.799999833106993 22.699999630451202 72.799998044967651 17.199999690055847 22.599999725818634 19.699999690055847 26.699999809265137 18.599999725818634 19.0999995470047 16.699999809265137 120.59999811649323 17.899999678134918 181.89999639987946 24.499999642372131 181.59999662637711 19.599999606609344 16449.099707305431 90.299997508525848 67.399998307228088 243.59999585151672
leaf_count=25 19 16 19 21 61 33 43 41 37 21 20 29 70 20 26 25 31 24 19 19 152 21 231 31 204 26 17105 83 56 344
internal_value=-0.00233305 -1.85009e-05 -0.000304512 0.00158088 0.00426077 0.00858404 0.0054653 0.000261521 -0.000425897 0.00315844 -0.00160942 -0.00177788 0.000345849 0.00420391 -0.00247164 0.00119318 -0.0012982 0.000787671 -0.00247928 -0.00158524 -0.00186416 -0.000400764 -0.00237729 -0.00249219 -0.00224759 -0.000984849 -0.00249549 -0.00181444 -0.0025 -0.0025
internal_weight=17939.6 1013.5 997.5 408 134.6 82.1 63.4 273.4 248.3 48.6 589.5 574.7 126.5 53.7 16926.1 35.2 199.7 36.5 16890.9 240.5 173 52.4 448.2 16650.4 217.9 36.3 16625.9 109.4 16516.5 425.5
internal_count=18872 1259 1243 486 158 97 76 328 303 58 757 737 133 63 17613 44 245 43 17569 275 214 62 604 17294 249 45 17263 102 17161 575
is_linear=0
shrinkage=0.05


Tree=71
num_leaves=31
num_cat=0
split_feature=1 30 2 1 30 5 5 3 6 0 13 9 30 13 6 1 9 11 9 5 4 7 30 2 6 6 0 5 0 11
split_gain=4.13893 3.72676 0.941432 0.599613 0.556909 0.452105 0.984231 0.506905 0.427742 0.403583 0.397854 0.315433 0.454633 0.386519 0.300731 0.327915 0.270324 0.419323 0.588381 0.23366 0.195215 0.131945 0.110767 0.0711733 0.172848 0.0553144 0.0467025 0.187323 0.0313598 0.0285274
threshold=6.8943452835083017 -121.7485008239746 -2.2108436822891231 6.6476190090179452 -77.440124511718736 0.30074608325958258 0.36073566973209387 3.4994443655014043 0.022916667163372043 5.8770833015441903 5.8125000000000009 97.604167938232436 -79.237697601318345 0.24791666865348819 1.0645833611488345 5.6741073131561288 107.25000000000001 3.5951389074325566 106.02083206176759 0.61059850454330455 9.4195833206176776 0.006250000325962902 -79.269531249999986 -4.3448758125305167 0.76874998211860668 1.2854166626930239 7.226388931274415 0.054203655570745475 6.3083331584930429 -2.2937500476837154
decision_type=2 2 2 2 2 2 2 2 2 2 2 2 2 2 2 2 2 2 2 2 2 2 2 2 2 2 2 2 2 2
left_child=1 -1 3 4 5 23 -7 11 -4 10 -2 12 13 -8 15 -14 17 18 19 -10 26 22 -13 -3 -25 -24 27 -11 -29 -28
right_child=9 2 8 -5 -6 6 7 -9 16 20 -12 21 14 -15 -16 -17 -18 -19 -20 -21 -22 -23 25 24 -26 -27 29 28 -30 -31
leaf_value=0.001118027303552354 0.00080143993424564583 -4.3815695915116359e-05 0.0007736785281974301 0.00093270106730327762 0.0011166671686643427 0.0025539986089750891 0.0017241352918524579 0.00031761063392651015 0.0010108591831006098 1.0729753704807888e-06 -6.4751011273800338e-05 -2.7803074724719323e-06 -0.00012648505192537353 8.2360028741401695e-09 0.001831872586130845 2.2608789223102989e-06 -0.0030470697911840336 0 0.0022497322255909283 -0.0029822832839722299 -7.8748028231768769e-05 -8.3872457917160719e-05 0.002461277866075895 0.0015889917084441043 -4.8744020183466578e-05 0.0019465936513239246 0 -5.9429427469087955e-05 0 0
leaf_weight=32.599998831748962 16.999999761581421 77.399998486042023 32.599999666213989 32.099999308586121 19.99999988079071 17.999999761581421 20.099999785423279 27.899999618530273 16.499999761581421 21.099999666213989 16.599999725818634 16.79999977350235 64.999998986721039 18.199999749660492 18.699999749660492 24.199999868869781 315.89999449253082 75.199998080730438 20.999999761581421 33.39999932050705 24.599999666213989 76.299998641014099 17.799999713897705 19.899999618530273 29.499999344348907 15.299999833106993 78.499997973442078 32.499999463558197 173.59999662637711 16587.199703633785
leaf_count=26 20 92 38 33 22 20 25 33 21 25 22 18 84 20 23 28 447 78 26 44 32 99 24 21 29 19 75 39 194 17232
internal_value=-0.00228193 0.000804373 0.000257612 0.00179405 0.00133788 0.000971129 0.00197691 0.0012962 -0.0012869 -0.00246844 0.00300595 0.000638766 0.00221956 0.00689948 0.000558387 -0.000650225 -0.00167749 0.000100958 0.00285966 -9.5191e-05 -0.00247931 -0.00119255 0.000806613 -0.00155363 -7.08509e-05 0.00248489 -0.00248579 -0.00177377 -0.00223314 -0.0024955
internal_weight=17975.5 1024.4 991.8 497.2 465.1 445.1 318.3 300.3 494.6 16951.1 33.6 272.4 146.2 38.3 107.9 89.2 462 146.1 70.9 49.9 16917.5 126.2 49.9 126.8 49.4 33.1 16892.9 227.2 206.1 16665.7
internal_count=18909 1270 1244 590 557 535 393 373 654 17639 42 340 180 45 135 112 616 169 91 65 17597 160 61 142 50 43 17565 258 233 17307
is_linear=0
shrinkage=0.05


Tree=72
num_leaves=31
num_cat=0
split_feature=13 11 9 12 12 30 10 9 10 9 29 12 5 13 7 2 10 6 30 30 12 3 29 2 29 5 6 3 9 13
split_gain=2.11582 1.34663 1.41215 0.816176 1.90946 0.66634 0.707129 0.549738 0.768963 0.413734 0.380817 0.379399 0.336267 0.286662 0.420963 0.300705 0.23286 0.16508 0.0966164 0.0800064 0.077428 0.0722765 0.083648 0.144738 0.0632498 0.0560892 0.0398157 0.232637 0.0380339 0.0239259
threshold=3.1458333730697636 1.8944444656372073 133.00000000000003 5.0062499046325692 7.0187501907348642 -78.72967147827147 55.812500000000007 91.423610687255874 48.131944656372077 130.52777862548831 37.413198471069343 -21.35625076293945 0.048986589536070831 1.1916666626930239 0.15208333730697635 4.6905150413513192 52.902778625488288 1.1104166507720949 -79.181884765624986 -121.22849655151366 0.60625001788139354 1.1999999880790713 35.79699897766114 1.0916795730590823 35.667955398559577 0.84548583626747142 4.6145834922790536 4.5407638549804696 37.694442749023445 5.1291666030883798
decision_type=2 2 2 2 2 2 2 2 2 2 2 2 2 2 2 2 2 2 2 2 2 2 2 2 2 2 2 2 2 2
left_child=1 2 3 5 9 6 7 8 -1 -5 12 18 -9 15 -15 19 -6 25 -2 -4 -8 -3 23 -23 -21 -14 29 -28 -24 -13
right_child=11 21 13 4 16 -7 20 10 -10 -11 -12 26 17 14 -16 -17 -18 -19 -20 24 -22 22 28 -25 -26 -27 27 -29 -30 -31
leaf_value=0.0016156472836079796 1.003794727116869e-06 0.00096031622394557878 0.00013669604911791257 0.0028427853233128301 -4.3353028640622605e-05 0.00095838592783860995 -4.2051906706386927e-05 1.0193266019586922e-06 0.00088474967217360724 0.00091172054588942175 0.0010925202099457576 0 0 0 0.00028539047278415493 0.0033820308704692829 0.00066926190184329328 0.0012851481574327084 2.2864787655008103e-06 0.0018492639687577306 0.00087806957624010922 0 0 0.00015447970529765495 -7.3422226376906454e-05 0.002338213972772102 0 0.0017653771832855049 0 0
leaf_weight=20.599999606609344 16.199999749660492 18.699999570846558 17.999999403953552 19.299999892711639 27.099999368190765 30.999999642372131 98.799997925758362 18.199999868869781 28.699999809265137 17.999999761581421 18.499999523162842 277.69999277591705 63.199998497962952 24.599999368190765 26.399999678134918 13.999999821186064 17.599999606609344 18.599999785423279 19.599999785423279 17.999999761581421 18.399999558925629 55.599998652935028 41.399998545646667 42.599999368190765 286.59999489784241 16.999999821186066 100.89999830722809 17.699999690055847 564.89998418092728 15935.699727535248
leaf_count=26 20 15 14 21 27 36 120 22 35 22 15 267 76 24 32 18 22 24 24 20 22 60 32 56 394 20 113 17 527 16703
internal_value=-0.00230803 -0.000527265 0.000882755 0.00290964 0.00737805 0.00180931 0.00109271 0.00301948 0.00754057 0.0157306 0.00137454 -0.00247403 0.000320512 -0.00128741 0.00220588 -0.0018167 0.000408277 -0.00082996 0.0026676 -0.00212802 -0.00194539 -0.00209209 -0.00217353 -0.000819756 -0.00231944 -0.00181422 -0.00248531 -0.00157251 -0.00239279 -0.00249198
internal_weight=17893.6 1525.8 802.6 415 82 333 302 184.8 49.3 37.3 135.5 16367.8 117 387.6 51 336.6 44.7 98.8 35.8 322.6 117.2 723.2 704.5 98.2 304.6 80.2 16332 118.6 606.3 16213.4
internal_count=18824 1680 990 488 92 396 360 218 61 43 157 17144 142 502 56 446 49 120 44 428 142 690 675 116 414 96 17100 130 559 16970
is_linear=0
shrinkage=0.05


Tree=73
num_leaves=31
num_cat=0
split_feature=1 11 0 30 3 4 12 10 5 9 10 2 1 29 10 3 29 4 30 12 11 2 1 6 29 2 0 4 29 1
split_gain=4.06754 1.88502 3.24118 2.52184 1.57407 0.975524 0.925266 1.59477 2.01207 0.675209 0.758029 0.666214 0.555528 0.515587 0.405995 0.839299 0.683583 0.54902 0.276552 0.220279 0.360919 0.0743264 0.0717628 0.363091 0.143037 0.164149 0.0695446 0.0552549 0.0291021 0.0257767
threshold=8.6630954742431658 1.8944444656372073 7.226388931274415 -119.49000167846678 3.0122916698455815 4.9052083492279062 5.0062499046325692 35.145833969116218 0.36985105276107794 90.347221374511733 79.576389312744155 -7.5524585247039786 8.4919643402099627 35.725976943969734 45.576387405395515 2.5022916793823247 35.661382675170906 2.8429166078567509 -104.80995178222655 -21.35625076293945 4.1604166030883798 -1.2314052581787107 6.8943452835083017 2.1062500476837163 35.79699897766114 1.0916795730590823 6.3083331584930429 9.4195833206176776 35.670007705688484 8.9360117912292498
decision_type=2 2 2 2 2 2 2 2 2 2 2 2 2 2 2 2 2 2 2 2 2 2 2 2 2 2 2 2 2 2
left_child=1 2 4 -4 6 -5 11 -8 -9 10 -6 -1 18 -10 21 17 -17 -16 -11 20 -3 -13 23 24 25 -21 -2 29 -27 -28
right_child=26 19 3 5 9 -7 7 8 13 12 -12 14 -14 -15 15 16 -18 -19 -20 22 -22 -23 -24 -25 -26 28 27 -29 -30 -31
leaf_value=0.0010457630402125619 0.00018828857724121907 9.536049907610256e-07 3.6711113188425683e-06 -7.7324774122269031e-06 0.00088959564640552771 0.00035770822726682985 -4.1363498907224293e-05 0.0026428656373750584 0.00080390065513323843 0.00062856265780638081 -6.7715687599823052e-05 -0.0001461318073561535 9.6836027185798201e-07 0.0011405161730366042 0.0022213032741334958 0.00072842622839505158 -0.00060593023436579063 0.0016960414732156261 -0.0012543013722030483 -8.670494860054668e-05 -4.236553362568785e-08 1.3499686837892268e-06 0 0.0016379285272598355 0 1.2005523002589503e-05 0 0.0016771083241212293 0.0052161710957291663 0
leaf_weight=24.699999630451202 17.299999713897705 16.699999809265137 34.69999885559082 27.899999558925629 19.799999713897705 25.999999761581421 28.299999177455902 18.699999928474426 21.5999995470047 19.799999415874481 16.999999761581421 72.999998390674591 17.599999785423279 25.999999582767487 20.699999690055847 24.999999701976776 71.799998760223389 20.099999785423279 381.39999383687973 27.699999630451202 20.699999690055847 18.199999690055847 361.29998928308487 15.099999606609343 201.29999554157257 14.89999979734421 65.299998342990875 21.79999965429306 16.299999833106995 16202.899713516235
leaf_count=25 21 21 27 33 22 32 27 19 28 16 22 80 22 30 27 32 96 23 528 35 25 20 321 15 229 19 65 28 21 16895
internal_value=-0.00225551 0.000178286 0.00168581 0.0107619 0.000685267 0.00399351 0.00321675 0.00743657 0.011678 -0.0012489 0.00524456 0.00164201 -0.00181948 0.00621849 0.000799825 0.00251453 -2.06618e-05 0.00852941 -0.0022009 -0.00181751 0.00191176 -0.00178728 -0.0020366 -0.00142844 -0.00186587 0.000301358 -0.00248927 -0.00249263 0.00278846 -0.00249601
internal_weight=17873.6 1566.3 892.3 88.6 803.7 53.9 348.1 94.6 66.3 455.6 36.8 253.5 418.8 47.6 228.8 137.6 96.8 40.8 401.2 674 37.4 91.2 636.6 275.3 260.2 58.9 16307.3 16290 31.2 16268.2
internal_count=18804 1795 1109 92 1017 65 407 104 77 610 44 303 566 58 278 178 128 50 544 686 46 100 640 319 304 75 17009 16988 40 16960
is_linear=0
shrinkage=0.05


Tree=74
num_leaves=31
num_cat=0
split_feature=1 11 1 5 12 7 29 11 29 29 9 12 7 5 1 3 29 3 29 1 8 30 12 30 4 29 2 2 1 11
split_gain=4.4803 2.12064 3.13475 1.4316 1.3212 1.7025 0.99536 0.704857 1.40811 0.512479 0.477846 0.90728 0.682151 0.384851 0.353633 0.330192 0.388937 0.29613 0.261412 0.260285 0.231187 0.407269 0.204398 0.158435 0.115687 0.087029 0.245524 0.0836457 0.081338 0.0818217
threshold=8.6630954742431658 1.8944444656372073 6.6476190090179452 0.60600417852401745 1.0062500238418581 0.69374999403953563 41.992553710937507 -5.8222222328186026 38.785099029541023 37.436548233032234 102.79166793823244 2.4270832538604741 0.21458333730697635 0.36544454097747808 7.6827380657196054 3.4994443655014043 39.002525329589851 3.0039583444595341 35.68836975097657 7.8875000476837167 5.5000000000000009 -79.114654541015611 -21.35625076293945 -79.188957214355455 1.4585416316986086 35.79699897766114 1.0916795730590823 4.8051371574401864 3.2607142925262456 -2.6854166984558101
decision_type=2 2 2 2 2 2 2 2 2 2 2 2 2 2 2 2 2 2 2 2 2 2 2 2 2 2 2 2 2 2
left_child=1 2 6 4 14 13 7 8 23 18 11 17 -13 19 -4 28 -17 20 -5 -6 -9 -22 -3 -1 -24 26 -26 -8 29 -12
right_child=-2 22 3 9 5 -7 27 10 -10 -11 15 12 -14 -15 -16 16 -18 -19 -20 -21 21 -23 24 -25 25 -27 -28 -29 -30 -31
leaf_value=-6.4575488772133929e-05 0 5.4774921973159855e-07 -7.692314428767722e-05 6.2715068610152971e-05 0.0007339912367262003 6.2715068610152971e-05 -0.0022616431581303198 -0.02928829961575484 0.0010222481716188282 3.4875557529012726e-06 -0.034516252382721734 0.0010970997622541112 0.00071603787228848861 0.000763705622376576 0.00066896885882115626 0.0015665373022517666 -0.0010204203532453216 0.00064871458362744812 -0.00013882521698834748 4.8826384307489121e-05 -0.00016113576955967268 0.0014001835656311744 0.00091230041274830147 0.0021102381104268209 0 0 0.0011933278909939454 0.00012934358902165767 -4.1699680883645969e-05 0.0010056292174837299
leaf_weight=16.599999725818634 16294.899712622166 39.699999511241913 20.09999942779541 30.299999475479126 24.499999701976776 31.199999451637268 245.09999579191208 54.899999022483826 18.299999535083771 14.299999594688414 18.29999965429306 18.899999797344208 17.399999856948853 22.499999523162842 19.5999995470047 31.199999630451202 20.899999618530273 27.299999713897705 41.599999189376831 26.899999678134918 22.399999499320984 23.299999713897705 12.399999737739561 15.699999809265135 62.699998676776886 537.19998532533646 29.999999642372131 13.699999809265135 115.69999748468399 24.999999642372131
leaf_count=20 16983 49 21 37 25 32 349 75 17 13 25 23 20 27 20 40 29 35 54 31 28 27 10 21 71 520 38 19 123 30
internal_value=-0.00224151 0.000285253 0.00185732 0.00689394 0.00993094 0.0128663 0.000158098 0.00164416 0.00718379 0.00179234 0.000897282 0.00292022 0.00989669 0.00873139 0.00215995 -0.00067622 0.00277831 0.000940187 7.30175e-05 0.0111187 -0.000313122 0.002314 -0.00182551 0.000905572 -0.00204071 -0.00213486 -0.000720065 -0.00228748 -0.00180818 4.04151e-05
internal_weight=17892.6 1597.7 915.7 231 144.8 105.1 684.7 425.9 50.6 86.2 375.3 164.2 36.3 73.9 39.7 211.1 52.1 127.9 71.9 51.4 100.6 45.7 682 32.3 642.3 629.9 92.7 258.8 159 43.3
internal_count=18812 1829 1141 260 156 115 881 513 58 104 455 208 43 83 41 247 69 165 91 56 130 55 688 41 639 629 109 368 178 55
is_linear=0
shrinkage=0.05


Tree=75
num_leaves=31
num_cat=0
split_feature=1 11 1 13 12 3 1 12 12 30 1 7 3 10 13 5 5 10 3 30 30 6 13 6 6 29 4 4 4 5
split_gain=3.96068 2.09964 3.46147 1.94933 1.58835 0.988663 0.52091 0.481743 0.897134 1.131 0.871053 0.651633 0.359249 0.252632 0.211156 0.188887 0.260004 0.269996 0.409355 0.415144 0.407617 0.156077 0.103331 0.0962834 0.0694981 0.0587663 0.0483266 0.0373726 0.196444 0.0435259
threshold=8.4919643402099627 1.8944444656372073 7.2830357551574716 0.24791666865348819 7.8645834922790536 4.9754166603088388 8.2797617912292498 6.8604166507720956 3.5229166746139531 -78.014999389648423 5.5369048118591317 0.13541667163372043 4.1923611164093026 67.729167938232436 0.87291666865348827 0.30074608325958258 0.37171608209609991 45.576387405395515 2.8384027481079106 -78.970527648925767 -79.114654541015611 1.2854166626930239 7.4354166984558114 1.2937499880790713 4.6145834922790536 35.789690017700202 9.4195833206176776 3.4085416793823247 3.1341665983200078 0.12830014526844027
decision_type=2 2 2 2 2 2 2 2 2 2 2 2 2 2 2 2 2 2 2 2 2 2 2 2 2 2 2 2 2 2
left_child=1 2 5 -4 6 7 13 8 9 12 21 -12 15 -5 -2 -1 -17 -18 19 20 -19 -10 24 -9 27 -20 -16 28 29 -3
right_child=14 22 3 4 -6 -7 -8 23 10 -11 11 -13 -14 -15 26 16 17 18 25 -21 -22 -23 -24 -25 -26 -27 -28 -29 -30 -31
leaf_value=-8.473639518611854e-05 2.8380503499914836e-06 0 1.0428816602320312e-05 -5.5764529827506965e-05 5.9579315179647545e-05 -0.0019532805575752958 5.9899323064782869e-05 -4.1139844244341943e-05 -9.6193943166478232e-05 0.00087659812012350058 0.00071303457701487564 0.00047234512712510785 0.0031167170504698863 0.0006355204158800976 0 0.00236276758563197 -0.00013188395613893402 0.00013053806348188352 0.00079026087597254275 -0.032790439763585651 0.001521449425011894 0.0017692343780558119 2.8259425851831633e-07 0.0001595442786812562 0.0015560321008968427 -0.025504936664625791 -0.00094853676303243708 0 0.00014223194625096407 0
leaf_weight=64.899998426437378 31.899998962879181 24.199999511241913 19.199999451637268 33.799999237060547 30.499999701976776 200.09999656677246 30.799999594688416 72.199998438358307 18.899999618530273 24.299999892711639 33.499999403953552 23.79999977350235 16.599999845027924 15.599999725818632 16449.399709165096 20.899999678134918 69.99999862909317 28.399999499320984 15.499999761581419 18.699999630451202 24.699999749660492 18.599999725818634 34.099999606609344 14.599999666213987 19.499999284744263 47.199999153614044 24.999999642372131 375.09999114274979 23.199999392032623 162.69999551773071
leaf_count=73 27 28 16 42 33 285 36 86 23 29 39 28 22 18 17160 27 78 34 21 25 29 22 41 18 15 64 32 397 22 149
internal_value=-0.00226651 0.000209908 0.0018486 0.00935527 0.00680443 0.000480782 0.00311097 0.00164392 0.00233568 0.00110809 0.00662447 0.0105017 0.000285923 -7.08509e-05 -0.00248879 -0.000123149 0.000561224 1.83368e-05 0.001329 0.00390668 0.0061629 0.000699999 -0.0019521 -0.00175115 -0.00210311 -0.00162281 -0.00249666 -0.00220096 -0.00166706 -0.00220573
internal_weight=17987.9 1481.6 842.8 129.9 110.7 712.9 80.2 512.8 426 331.2 94.8 57.3 306.9 49.4 16506.3 290.3 225.4 204.5 134.5 71.8 53.1 37.5 638.8 86.8 604.7 62.7 16474.4 585.2 210.1 186.9
internal_count=18919 1700 1048 145 129 903 96 618 514 402 112 67 373 60 17219 351 278 251 173 88 63 45 652 104 611 85 17192 596 199 177
is_linear=0
shrinkage=0.05


Tree=76
num_leaves=31
num_cat=0
split_feature=1 11 29 30 12 9 0 13 9 13 10 7 12 3 6 29 2 30 30 13 2 9 2 0 6 29 0 29 29 6
split_gain=3.47727 1.59301 1.99271 1.17987 0.747212 0.9837 2.00545 1.62651 0.815189 0.537732 0.995405 0.451787 0.39514 0.323956 0.268651 0.223166 0.214697 0.305187 0.213534 0.205972 0.0996618 0.0633142 0.154066 0.0599149 0.0592337 0.0521153 0.0464859 0.0445189 0.038782 0.0348752
threshold=8.4919643402099627 1.8944444656372073 41.947931289672859 -121.7485008239746 3.0270833969116215 100.23611068725587 6.3083331584930429 0.63749998807907116 91.423610687255874 1.0000000180025095e-35 48.131944656372077 0.064583335071802153 -21.35625076293945 3.4994443655014043 0.17291666567325595 35.791999816894538 -5.4933619499206534 -78.769439697265611 -79.248573303222642 0.87291666865348827 -1.3876682519912718 139.32639312744143 -3.9098213911056514 4.9256944656372079 4.4395833015441903 35.68836975097657 4.2631943225860605 35.684564590454109 35.789690017700202 0.4812499880790711
decision_type=2 2 2 2 2 2 2 2 2 2 2 2 2 2 2 2 2 2 2 2 2 2 2 2 2 2 2 2 2 2
left_child=1 2 3 -1 8 7 21 -6 9 10 -5 14 15 -13 -8 -3 17 28 -12 -2 -4 -7 -23 -20 29 -15 -11 -18 -10 -14
right_child=19 12 20 4 5 6 11 -9 16 26 18 13 24 25 -16 -17 27 -19 23 -21 -22 22 -24 -25 -26 -27 -28 -29 -30 -31
leaf_value=0.00080122185382537994 2.583190545217873e-06 -3.0429780534660132e-06 3.5925370732436956e-06 -0.033942583493051119 0.0025651480040263966 -3.7683302833358784e-05 0.0024383710648192506 0.0010186275177851479 0.0019286537336548892 -0.00011120549204146624 0.0011693918795657066 4.0332056153673135e-05 0 0.00019314527419722063 0.00066163994603914427 2.1327559299899603e-06 -0.00012709682554898227 0.0022446292063503736 0.0016338631580198994 0 -0.0023819336108306666 0.0016807726591530237 -0.0052670626014463904 0.00129515896393268 0.001478230495852001 0.00024781947088033384 0.00060374439508609212 -1.9220428449918223e-05 -0.00016567592841770784 0
leaf_weight=29.899998903274536 32.69999885559082 23.899999678134918 15.899999737739561 22.499999523162842 18.999999761581421 64.399998605251312 18.099999666213989 16.599999725818634 16.799999833106995 20.399999678134918 20.999999582767487 28.299999535083771 127.99999701976776 17.899999797344208 27.399999618530273 16.799999892711639 22.79999965429306 17.199999868869781 17.599999845027924 16472.199707567692 239.09999597072601 18.499999821186066 26.499999523162842 19.99999988079071 23.399999141693115 16.799999833106995 14.999999701976774 118.69999724626541 19.599999606609344 440.89998924732208
leaf_count=23 27 29 21 29 20 72 21 22 20 28 24 35 130 23 30 20 30 20 20 17160 341 23 35 24 18 20 16 141 26 453
internal_value=-0.00228041 3.87721e-05 0.00145294 0.00303781 0.00252566 0.00454142 0.00328247 0.0122472 0.00088575 0.00419528 0.00643958 0.00809908 -0.00186019 0.00535714 0.0118956 0.0029054 -0.00109047 0.00160448 0.00987201 -0.00248879 -0.0022451 -0.00149452 -5.55562e-05 0.0121277 -0.00218766 0.0085951 -0.000946328 -0.00211131 -0.000989012 -0.00228907
internal_weight=17987.9 1483 850 595 565.1 253.5 217.9 35.6 311.6 116.5 81.1 108.5 633 63 45.5 40.7 195.1 53.6 58.6 16504.9 255 109.4 45 37.6 592.3 34.7 35.4 141.5 36.4 568.9
internal_count=18901 1714 1064 702 679 301 259 42 378 141 97 129 650 78 51 49 237 66 68 17187 362 130 58 44 601 43 44 171 46 583
is_linear=0
shrinkage=0.05


Tree=77
num_leaves=31
num_cat=0
split_feature=1 10 11 7 2 9 12 12 1 6 10 7 30 9 12 6 6 2 11 0 9 1 12 10 9 1 11 10 8 4
split_gain=3.60884 1.15273 1.01955 1.20463 2.07478 0.769184 0.612203 1.07081 1.01278 0.600701 0.473744 0.698011 0.748824 0.679974 0.600997 0.467592 0.76514 0.94412 0.564519 0.38505 0.20788 0.197821 0.235554 0.131482 0.119603 0.062253 0.131986 0.274151 0.0587479 0.058663
threshold=8.4919643402099627 56.395833969116218 1.8944444656372073 0.76874998211860668 -3.3689570426940914 224.59027862548831 6.8604166507720956 3.9312499761581425 5.5369048118591317 4.9354166984558114 45.576387405395515 0.022916667163372043 -79.227611541748033 191.36805725097659 -4.8812499046325675 0.4812499880790711 0.36875000596046453 -1.3876682519912718 4.1604166030883798 6.3083331584930429 88.520832061767592 3.2607142925262456 3.8895833492279057 52.902778625488288 82.22916412353517 9.0982146263122576 1.7451388835906985 49.006944656372077 3.5000000000000004 9.4195833206176776
decision_type=2 2 2 2 2 2 2 2 2 2 2 2 2 2 2 2 2 2 2 2 2 2 2 2 2 2 2 2 2 2
left_child=1 2 3 5 -5 6 7 10 -9 15 13 14 23 21 -12 16 24 18 -18 -10 -14 -1 -23 -13 -3 26 27 -2 -17 -27
right_child=25 9 -4 4 -6 -7 -8 8 19 -11 11 12 20 -15 -16 28 17 -19 -20 -21 -22 22 -24 -25 -26 29 -28 -29 -30 -31
leaf_value=0.0010126838741656874 -4.0375078655034959e-07 0.00047579384585606218 0 4.4209375876647085e-05 -2.186241315405013e-06 -0.0062628940278484941 -3.2701504023030578e-05 0.0015967340261953734 0.00060213777639769482 0.0014043189710593986 0.0018322210469721434 0.00081790055855494599 0.0030011103708872003 0.00015710889364394781 0.0029618422193688878 0 0.00018707291713213615 0 6.8976771775741664e-08 0.00065374659924274372 -0.026547676780313306 -6.7906803646384638e-05 5.4567746218719962e-05 0.00069227823819563168 -0.00013221692241825804 0 0 8.5892385740360406e-06 0.00086668539211088864 0.0016406797460667866
leaf_weight=18.699999749660492 54.899998962879181 30.899999380111694 143.0999967455864 19.799999594688416 14.799999713897703 79.299998581409454 46.899998962879181 21.099999666213989 22.399999737739563 19.499999284744263 16.599999785423279 16.099999785423282 16.999999701976776 28.099999606609344 16.399999916553497 571.29998743534088 24.899999678134918 28.799999237060547 22.599999606609344 24.79999965429306 45.999999165534973 105.09999752044678 17.599999785423279 15.099999904632567 99.799998164176941 16132.799716949463 145.29999595880508 15.099999725818632 22.199999630451202 20.599999725818634
leaf_count=21 67 35 145 20 20 111 49 25 24 15 22 21 20 35 18 659 27 30 26 28 62 117 22 19 132 16804 141 17 28 26
internal_value=-0.00227097 8.5801e-05 0.00162618 0.00264454 0.0116618 0.00200936 0.00287752 0.00356849 0.00921303 -0.00117073 0.00226913 0.00457547 0.00238323 0.000538347 0.0108333 -0.00138195 0.000664251 0.00464286 0.00897368 0.0132839 -0.000753969 -0.000873409 -0.00160351 0.00871795 -0.00165838 -0.00248534 -0.00164073 0.000142856 -0.00209562 -0.0024966
internal_weight=17857.6 1488.9 668.9 525.8 34.6 491.2 411.9 365 68.3 820 296.7 127.2 94.2 169.5 33 800.5 207 76.3 47.5 47.2 63 141.4 122.7 31.2 130.7 16368.7 215.3 70 593.5 16153.4
internal_count=18786 1731 779 634 40 594 483 434 77 952 357 162 122 195 40 937 250 83 53 52 82 160 139 40 167 17055 225 84 687 16830
is_linear=0
shrinkage=0.05


Tree=78
num_leaves=31
num_cat=0
split_feature=1 2 4 30 13 30 10 10 0 30 3 30 9 3 10 30 9 0 29 9 4 29 1 12 29 2 1 9 12 4
split_gain=3.7832 1.51098 1.46149 1.21436 1.60834 1.12877 1.03266 0.91536 0.682051 0.626004 0.534435 0.451916 0.52527 0.379478 0.364289 0.624764 0.420121 0.530117 1.19569 0.313796 0.256381 0.239066 0.384675 0.19283 0.107332 0.0972476 0.0889056 0.0611368 0.178303 0.0586634
threshold=8.9360117912292498 -6.3630564212799063 3.4452083110809331 -78.970527648925767 0.63749998807907116 -79.196075439453111 38.465276718139656 35.895833969116218 8.9152779579162615 -78.769439697265611 1.4375000000000002 -77.440124511718736 93.895832061767592 3.2738194465637211 65.034721374511733 -121.6495018005371 91.423610687255874 6.8756945133209237 35.898796081542976 115.04166412353517 1.8752083182334902 35.697473526000984 5.7788689136505136 -14.577083110809324 35.670007705688484 1.5789467096328738 0.48839284479618078 104.75694656372072 0.60625001788139354 9.4195833206176776
decision_type=2 2 2 2 2 2 2 2 2 2 2 2 2 2 2 2 2 2 2 2 2 2 2 2 2 2 2 2 2 2
left_child=1 2 9 4 -4 -6 7 8 13 26 -8 14 -13 20 15 -12 17 18 23 -15 -3 22 -18 -17 -19 -14 -1 28 -23 -2
right_child=29 6 3 -5 5 -7 10 -9 -10 -11 11 12 25 19 -16 16 21 24 -20 -21 -22 27 -24 -25 -26 -27 -28 -29 -30 -31
leaf_value=0.0004057535622732969 0 0.00016276042764235555 0.0013280153894324857 -6.3385537447163695e-05 -1.1634795521353604e-06 0.00049554309897054366 0.00056311669764448386 0.000624099285142904 0.00024223983668553717 0.00096204968045740524 3.4284176620397329e-05 0.00048290692021882298 -0.00093657638975933066 0.0021357930862151765 0 -0.032288763009503479 0.00019414615269438157 6.693563322501817e-08 0.0012334090735773295 7.8281792906415023e-05 -3.5886581446098464e-05 0 0 0.00062042334596436885 0 0.00031318561709379192 -4.7729922085237853e-06 0 0.0048885845490804665 0.0015586457587634496
leaf_weight=35.199999570846558 16232.19971293211 15.799999773502348 23.399999678134918 26.899999737739563 19.499999582767487 25.299999713897705 34.299998998641968 22.999999761581421 20.699999392032623 20.599999845027924 28.599998950958252 19.599999785423279 21.999999701976776 18.999999821186066 557.89998686313629 21.699999511241909 26.999999701976776 16.199999749660492 14.999999761581419 20.599999606609344 81.099998235702515 46.399998962879181 58.699999094009399 25.799999654293064 55.099998712539673 14.099999785423277 64.399998486042023 317.19999361038208 19.199999690055847 20.599999666213989
leaf_count=44 16926 14 24 33 25 29 27 26 17 24 22 22 30 24 629 27 34 20 16 26 93 54 71 34 59 19 68 390 24 26
internal_value=-0.00226349 -4.48587e-07 0.00390966 0.00854101 0.0120894 0.00654018 -0.000577451 0.00296615 0.00160305 0.000245424 -0.00107679 -0.00124649 0.0031553 0.000320512 -0.00145273 -0.000629657 -0.000972523 0.0014985 0.00486 0.00444444 -0.00136481 -0.00167823 0.000708868 0.000973684 -0.00144811 -0.000422438 -0.00139558 -0.00221264 -0.000823171 -0.00249662
internal_weight=17927.1 1674.3 215.3 95.1 68.2 44.8 1459 180.2 157.2 120.2 1278.8 1244.5 55.7 136.5 1188.8 630.9 602.3 133.8 62.5 39.6 96.9 468.5 85.7 47.5 71.3 36.1 99.6 382.8 65.6 16252.8
internal_count=18877 1925 247 111 78 54 1678 200 174 136 1478 1451 71 157 1380 751 729 156 77 50 107 573 105 61 79 49 112 468 78 16952
is_linear=0
shrinkage=0.05


Tree=79
num_leaves=31
num_cat=0
split_feature=1 2 11 1 30 29 29 10 2 4 7 30 30 29 30 6 3 10 10 7 30 3 30 6 7 29 4 1 5 29
split_gain=3.81561 1.55052 1.23325 1.81551 1.17019 0.91536 1.05033 0.864058 0.620653 0.535965 0.944755 2.15641 0.462415 0.391043 0.399506 0.303125 0.217427 0.162387 0.201877 0.104798 0.235459 0.328641 0.186315 0.110671 0.0892314 0.0543583 0.0504481 0.0496338 0.0465223 0.0436657
threshold=8.2797617912292498 -2.7961827516555782 0.26666666567325598 6.6476190090179452 -78.014999389648423 35.97705268859864 35.68836975097657 42.020833969116218 5.0036361217498788 3.4452083110809331 0.22708333283662799 -79.010993957519517 -121.6495018005371 35.86003494262696 -79.022460937499986 1.5229166746139529 3.0039583444595341 45.576387405395515 53.965276718139656 0.47291666269302374 -79.240810394287095 2.8384027481079106 -78.72967147827147 1.9937499761581423 0.52291664481163036 35.791999816894538 9.4195833206176776 4.3845238685607919 0.1670242175459862 35.680410385131843
decision_type=2 2 2 2 2 2 2 2 2 2 2 2 2 2 2 2 2 2 2 2 2 2 2 2 2 2 2 2 2 2
left_child=1 2 3 4 9 6 -5 -4 12 17 11 -11 -3 14 16 -12 -9 -1 -19 23 24 -22 25 -14 -21 -23 -2 -15 -26 -20
right_child=26 8 7 5 -6 -7 -8 13 -10 10 15 -13 19 27 -16 -17 -18 18 29 20 21 22 -24 -25 28 -27 -28 -29 -30 -31
leaf_value=-3.46623367171554e-05 0 0.0001369354026231656 0.00010668038193796747 0.00059289432088575629 0.00072715129429691279 0.00023012784485125783 0.00049605564912602932 -5.1162183943193816e-05 0.0028137501084004425 0.0023403829455335644 -8.3649652209873523e-05 -0.041191473202789097 0 0.0011546466004078105 4.397750922579102e-05 0.00026521824766094769 0.00017192539269098505 0.0017103479544423083 0.0014966096467719349 7.0978467350590882e-05 0.0046441553216264421 0.0017993393720756258 0.00057355717533178472 6.1111351868925472e-07 0 -0.036646565647160158 -0.0010484277976923731 0 0 -0.034625411889361205
leaf_weight=65.199998497962952 16500.899706125259 42.899998426437378 35.699999153614044 18.499999761581421 21.899999916553497 15.299999713897703 24.799999833106995 42.999999165534973 17.599999785423279 17.499999940395355 38.399999260902405 22.899999618530273 378.79999262094498 21.699999690055847 23.399999737739563 15.799999654293059 34.799999475479126 22.399999678134918 16.199999809265137 15.399999558925627 16.799999833106995 16.399999797344208 15.799999773502348 14.699999690055845 31.299998998641968 45.899999141693115 23.79999965429306 175.79999548196793 194.89999520778656 22.799999594688416
leaf_count=66 17173 33 35 23 23 19 26 54 22 19 50 31 484 27 26 20 42 28 20 16 22 22 20 17 27 63 30 176 213 32
internal_value=-0.00227523 0.000205733 0.00204331 0.00436112 0.00245681 0.0122611 0.0159757 -4.78475e-05 -0.00127293 0.00136528 0.00421247 0.01 -0.00148435 -0.000926515 0.00160079 -0.000101477 -0.000122109 -0.000762244 0.00108306 -0.00178082 -0.00113299 0.000977344 -0.000387325 -0.00233482 -0.00196192 -0.00161718 -0.00248941 -0.00222152 -0.00221264 -0.00108974
internal_weight=17951.3 1426.6 636.1 301.7 243.1 58.6 43.3 334.4 790.5 221.2 94.6 40.4 772.9 298.7 101.2 54.2 77.8 126.6 61.4 730 336.5 94.9 78.1 393.5 241.6 62.3 16524.7 197.5 226.2 39
internal_count=18859 1656 717 357 289 68 49 360 939 266 120 50 917 325 122 70 96 146 80 884 383 127 105 501 256 85 17203 203 240 52
is_linear=0
shrinkage=0.05


Tree=80
num_leaves=31
num_cat=0
split_feature=0 30 2 30 2 13 1 30 10 10 6 3 1 9 10 3 30 5 1 9 8 30 7 30 30 2 3 3 0 0
split_gain=2.69155 1.44156 1.14176 0.965123 0.797482 0.362479 0.772234 0.972683 0.370202 0.754051 0.364899 0.305629 0.258297 0.631494 0.201798 0.126167 0.230166 0.0983933 0.347381 0.0537928 0.0478137 0.0477808 0.04372 0.018572 0.0372537 0.0112914 0.117945 0.0589099 7.10543e-15 7.10543e-15
threshold=6.8756945133209237 -121.73250198364256 -0.70243272185325611 -78.014999389648423 -1.2705486416816709 0.63749998807907116 6.6476190090179452 -120.55100250244139 53.965276718139656 47.354166030883796 1.1020833253860476 2.8921527862548833 5.7788689136505136 195.45833587646487 84.840278625488295 2.8111805915832524 -79.298500061035142 0.40456041693687445 7.6827380657196054 72.111110687255874 6.5000000000000009 -79.203132629394517 0.014583333861082794 -79.224052429199205 -79.125286102294908 -5.0095753669738761 1.5018055438995364 5.0747916698455819 32.082639694213874 27.370138168334964
decision_type=2 2 2 2 2 2 2 2 2 2 2 2 2 2 2 2 2 2 2 2 2 2 2 2 2 2 2 2 2 2
left_child=1 -1 3 4 5 6 8 -8 9 10 -3 -11 13 20 22 16 -4 -7 -19 -17 21 -2 -10 -20 -25 26 -14 -28 29 -27
right_child=12 2 15 -5 -6 17 7 -9 14 11 -12 -13 25 -15 -16 19 -18 18 23 -21 -22 -23 -24 24 -26 28 27 -29 -30 -31
leaf_value=0.00053447932375813828 0.0017093724034718428 -0.00020265379590435063 0.00015462240626023529 0.00061102188449581882 0.00079519528762311831 -2.9754776245953854e-05 0.00057224511517554031 0.00056162102269878989 -0.00043012609642323341 0.0015799464275490006 0.0040885770920438772 0.00050962401171095737 2.5581091971593751e-06 0.00015842899834271103 0.0010969142703874224 0.00054487931656519437 -0.040302401333461774 2.3922753488422629e-05 0 -0.0022854860907479454 0.0014878888026978343 -5.2747260116013752e-05 -2.2858146268666084e-05 0.00017889433591848915 -7.5810303220236191e-06 0 0 0.0015331348607098951 0 0
leaf_weight=27.999998986721039 21.0999995470047 55.399998903274536 17.499999821186066 26.29999977350235 16.999999642372131 79.699998378753662 23.199999213218689 23.499999642372131 22.299999713897705 24.199999630451202 21.499999701976776 17.799999892711639 13.299999654293059 22.499999761581421 17.699999749660492 21.199999809265137 25.799999535083771 22.299999594688416 39.899999380111694 347.3999941945076 16.79999965429306 105.3999987244606 92.499998152256012 16.799999713897705 17.999999701976776 14893.59972769022 462.09999406337738 19.699999749660492 82.399997711181641 1339.1999800205231
leaf_count=22 21 64 19 29 18 97 18 25 29 30 27 22 11 29 21 26 36 27 45 488 18 136 111 22 22 15504 491 17 66 1366
internal_value=-0.00232798 0.000250521 -8.60221e-05 0.00147607 0.000977023 0.00059604 0.00165968 0.00756424 0.000562847 0.00258831 -0.000354357 0.00797619 -0.00247349 -0.000509651 -0.00125472 -0.00205086 0.000502309 -0.00119836 -0.000128867 -0.00235079 -0.00173238 -0.00206522 -0.00202091 -0.00176372 -0.000919541 -0.00249286 -0.00225763 -0.00238585 -0.0025 -0.0025
internal_weight=17934.1 958 930 518.1 491.8 474.8 298.1 46.7 251.4 118.9 76.9 42 16976.1 165.8 132.5 411.9 43.3 176.7 97 368.6 143.3 126.5 114.8 74.7 34.8 16810.3 495.1 481.8 16315.2 16232.8
internal_count=18857 1198 1176 607 578 560 347 43 304 143 91 52 17659 204 161 569 55 213 116 514 175 157 140 89 44 17455 519 508 16936 16870
is_linear=0
shrinkage=0.05


Tree=81
num_leaves=31
num_cat=0
split_feature=0 9 30 30 9 30 3 4 1 7 11 30 1 1 30 12 12 9 3 6 3 5 4 1 5 9 9 7 3 1
split_gain=4.27651 2.2524 1.80126 1.4741 1.1128 1.33373 0.659007 0.906061 0.608184 0.755689 0.315471 0.24631 0.217003 0.199715 0.275779 0.38994 0.198262 0.174312 0.284758 0.117058 0.0716427 0.0567187 0.0480159 0.0439269 0.373243 0.353251 0.0350364 0.0809549 0.133513 0.0254863
threshold=6.8756945133209237 100.23611068725587 -121.7485008239746 -77.440124511718736 66.604167938232436 -95.165119171142564 2.8301388025283818 3.2568750381469731 5.5369048118591317 0.22291666269302371 0.72500002384185802 -104.80995178222655 6.3586308956146249 5.7788689136505136 -79.213623046874986 -5.7437500953674308 -7.5437498092651358 88.520832061767592 2.388541698455811 0.20624999701976779 2.7808333635330205 0.53911054134368908 1.8454166650772097 8.9360117912292498 0.035153899341821677 243.02082824707034 115.04166412353517 0.17708332836627963 3.2738194465637211 8.6630954742431658
decision_type=2 2 2 2 2 2 2 2 2 2 2 2 2 2 2 2 2 2 2 2 2 2 2 2 2 2 2 2 2 2
left_child=1 3 -3 4 21 -6 7 16 17 -10 -11 -8 -9 14 15 -2 -4 18 -7 -14 -16 -1 -18 24 -15 29 27 28 -13 -26
right_child=13 2 6 -5 5 8 11 12 9 10 -12 26 19 23 20 -17 22 -19 -20 -21 -22 -23 -24 -25 25 -27 -28 -29 -30 -31
leaf_value=-9.2233023166872035e-05 -0.00010240532597642904 0.00051512803065083951 0.00049783687291420184 0.00062629328438452709 0.00051697728964692088 -0.030615755021109997 8.2966015970431525e-05 1.881039361539827e-06 0.0025300874327203074 -0.039592912593696024 0.00051763535073693354 -0.00015195524297847431 0.00053516854885299564 4.4629944026675085e-05 0.0014134943625629449 0.0015717063039343616 0.00014689128594722601 -0.025219150033984207 0.0010357331563075635 0.0024523471893842558 -5.8758956256538616e-05 0.00084886696302695081 -3.0799642246340502e-05 0 0 0.00021862145260869716 -0.0018297799217289442 -8.7771679964432362e-06 0.0038841482374416814 0
leaf_weight=47.999999046325684 20.399999558925629 26.099999070167542 31.199999630451202 19.499999940395355 27.999999046325684 16.099999666213989 23.799999356269836 17.399999618530273 21.899999856948853 23.799999594688416 20.399999797344208 19.599999725818634 21.999999701976776 3.0999999642372122 14.69999974966049 24.5999995470047 16.199999511241913 25.699999570846558 25.999999761581421 29.499999523162842 98.699998676776886 15.999999582767485 113.39999759197235 16197.999718308449 510.59998601675034 20.699999630451202 346.09999418258667 67.599999010562897 18.599999725818634 59.399998366832733
leaf_count=60 20 21 38 19 22 21 20 18 25 32 26 26 26 3 19 28 14 35 30 35 127 16 132 16898 478 25 487 88 24 58
internal_value=-0.00228245 0.000934332 -0.000456255 0.00507946 0.0039409 0.00614731 -0.000933514 0.00126578 0.00407207 0.00748487 0.00372172 -0.00199548 0.00606313 -0.00246785 -0.000700758 0.00261111 -0.000789802 0.000744837 0.00272565 0.00769417 -0.00201499 -0.00164063 -0.00165124 -0.00248452 -0.00206214 -0.00215295 -0.00225658 -0.0014603 0.000379581 -0.00238597
internal_weight=17927.1 976.9 731.5 245.4 225.9 161.9 705.4 229.7 133.9 66.1 44.2 475.7 68.9 16950.2 158.4 45 160.8 67.8 42.1 51.5 113.4 64 129.6 16791.8 593.8 590.7 451.9 105.8 38.2 570
internal_count=18871 1215 929 286 267 191 908 263 169 83 58 645 79 17656 194 48 184 86 51 61 146 76 146 17462 564 561 625 138 50 536
is_linear=0
shrinkage=0.05


Tree=82
num_leaves=31
num_cat=0
split_feature=0 30 9 11 9 4 4 11 1 12 0 30 11 0 2 2 1 11 8 2 2 7 30 2 0 3 4 4 3 13
split_gain=3.1292 1.51916 1.07937 1.07658 0.820022 0.793768 0.767276 0.686143 0.528195 0.406857 0.563472 0.282242 0.304267 0.677835 0.254307 0.25308 0.157335 0.699683 0.160491 0.324264 0.332974 0.148062 0.265495 0.121643 0.0695675 0.314055 0.0530565 0.0511078 0.0375491 0.0360855
threshold=6.8756945133209237 -121.96850204467772 91.423610687255874 -2.6854166984558101 87.138889312744155 3.6093750000000004 3.4577083587646489 -1.6576388478279112 8.6630954742431658 -9.1541666984558088 3.3368055820465092 -120.72000122070311 0.60069444775581371 5.8770833015441903 -3.3689570426940914 -2.6198757886886592 8.2797617912292498 1.0000000180025095e-35 1.5000000000000002 -4.1986544132232657 -5.9878363609313956 0.006250000325962902 -79.022460937499986 1.9976060986518862 5.3618054389953622 3.8527778387069707 9.4195833206176776 5.1229166984558114 3.4994443655014043 0.87291666865348827
decision_type=2 2 2 2 2 2 2 2 2 2 2 2 2 2 2 2 2 2 2 2 2 2 2 2 2 2 2 2 2 2
left_child=1 -1 3 -3 9 6 11 -8 24 10 -5 -4 13 21 -6 -15 17 -2 -19 20 -20 22 -13 -14 -7 -26 29 -11 -22 -18
right_child=16 2 5 4 14 8 7 -9 -10 27 -12 12 23 15 -16 -17 26 18 19 -21 28 -23 -24 -25 25 -27 -28 -29 -30 -31
leaf_value=0.00048975968870700883 0.0025200828476488139 0.00059497862016529848 -2.5945062640210398e-05 -0.029131671301341734 0.0028002512551347672 -0.0013539217106671433 0.0028446852489564913 0.0011353808595372607 7.4236627256870711e-05 -4.5274549646564334e-05 0.00097022459018028865 -0.00031713079551562998 -0.00049445766029602176 0.00048018145989602305 0.00048764872766984889 0.00013954672164986359 0 0 -8.3551059258286673e-05 0 0.0013428196444347951 -0.0017031776772309382 0.0015309157537645947 0.0021960762071053701 -1.5805129172081748e-05 3.9365643411549835e-05 -0.00022998277874617138 0.00049175358320008853 0.00020754822381818805 0
leaf_weight=13.099999547004698 18.899999618530273 15.89999997615814 59.899998068809509 17.899999618530273 18.899999678134918 361.29999387264252 20.999999701976776 17.199999690055847 22.699999690055847 62.299998700618744 24.399999678134918 30.299999594688416 48.299998998641968 18.499999761581421 30.699999511241913 16.099999845027924 46.699998497962952 390.99998968839645 22.599999725818634 87.499997794628143 19.399999618530273 27.09999942779541 17.199999809265137 25.899999618530273 91.199998497962952 26.799999594688416 22.699999749660492 18.299999833106995 17.599999845027924 16367.49970972538
leaf_count=11 19 17 47 23 23 507 24 22 27 69 28 39 63 21 33 21 39 388 30 87 20 35 20 33 112 34 29 21 22 17041
internal_value=-0.00230588 0.00043401 0.000206039 0.00360403 0.00245652 -0.000611041 0.00151421 0.00810209 -0.00180279 0.000266476 0.00423759 0.00047986 0.00145311 0.00313187 0.00788306 0.00891618 -0.00246469 -0.00163824 -0.00197036 -0.000562543 0.00228188 0.000449061 0.00213158 -0.00101752 -0.00215575 -0.0011017 -0.0024927 -0.00181762 0.0052027 -0.00249604
internal_weight=17978.9 985 971.9 188.4 172.5 783.5 281.5 38.2 502 122.9 42.3 243.3 183.4 109.2 49.6 34.6 16993.9 557 538.1 147.1 59.6 74.6 47.5 74.2 479.3 118 16436.9 80.6 37 16414.2
internal_count=18905 1230 1219 214 197 1005 325 46 680 141 51 279 232 136 56 42 17675 566 547 159 72 94 59 96 653 146 17109 90 42 17080
is_linear=0
shrinkage=0.05


Tree=83
num_leaves=31
num_cat=0
split_feature=1 10 1 11 9 10 11 2 10 11 4 29 3 9 2 30 30 4 1 29 9 30 3 10 11 13 1 4 29 29
split_gain=2.26871 0.942428 0.83376 0.947523 0.671857 0.664502 0.649165 0.539001 1.55419 0.477419 0.38903 0.345909 0.256823 0.95501 0.278562 0.195523 0.164408 0.183344 0.124916 0.339472 0.598538 0.12986 0.345955 0.098551 0.141492 0.0591727 0.0550089 0.049774 0.0238937 0.047698
threshold=6.8943452835083017 55.812500000000007 6.6476190090179452 -1.1576388478279112 97.604167938232436 45.576387405395515 1.1972222328186037 -6.3630564212799063 86.597225189208999 -5.8222222328186026 3.1856249570846562 35.68836975097657 3.4994443655014043 196.11110687255862 1.1852225661277773 -79.188957214355455 -77.440124511718736 1.8174999952316286 9.4163694381713885 41.60673904418946 197.55554962158206 -79.002838134765611 3.8527778387069707 18.173610687255863 1.0000000180025095e-35 5.8125000000000009 6.6476190090179452 9.4195833206176776 35.676872253417976 35.652334213256843
decision_type=2 2 2 2 2 2 2 2 2 2 2 2 2 2 2 2 2 2 2 2 2 2 2 2 2 2 2 2 2 2
left_child=1 2 4 -4 5 -1 -7 8 -3 10 -6 -8 14 15 -11 -14 17 -9 19 21 -21 23 25 24 -2 -23 28 -20 29 -19
right_child=18 7 3 -5 9 6 11 16 -10 12 -12 -13 13 -15 -16 -17 -18 26 27 20 -22 22 -24 -25 -26 -27 -28 -29 -30 -31
leaf_value=-0.027675087736274646 0.00013256938556737154 -0.00033780144132350008 0.00045617238690122132 0.0042938006902580378 -9.5514669848845426e-05 0.0025736340912809698 0.0003266961069672614 0.00063042156739125154 0.0011036483176644963 -3.7676813493403448e-05 0.00046527170427165809 -5.2936902586675499e-06 0.00024189444059670719 -0.0022377242426724828 0.0025597044274758064 0.0037576369111029574 -0.00014970848347926283 -9.0926015789061373e-05 0 -0.0022002004382482457 7.9607971630513147e-05 -4.2967335287594984e-06 0.0004671659040400844 0 0 2.7750603939419305e-05 -3.5170055519080378e-05 -0.0002710928845009071 -2.3272405125825777e-05 0.0015453184681015364
leaf_weight=23.399999499320984 19.599999666213989 32.099999487400055 22.799999713897705 19.699999570846558 27.499999582767487 33.699999690055847 16.299999833106995 26.599999248981476 15.199999809265135 171.39999705553055 13.599999666213987 17.499999701976776 16.599999785423279 58.799998998641968 15.899999797344206 16.29999977350235 26.699999630451202 29.299999594688416 16031.899720311165 23.499999642372131 16.499999821186066 71.599998831748962 21.399999737739563 655.99998170137405 26.299999177455902 16.599999725818634 26.299999177455902 24.199999690055847 412.49999231100082 16.299999713897705
leaf_count=30 20 41 26 21 33 39 21 24 18 196 16 23 20 84 21 21 35 37 16721 31 19 90 28 618 21 22 25 30 529 21
internal_value=-0.00232252 -5.41653e-05 0.00165656 0.00832353 0.000967153 0.00476073 0.00727778 -0.00138034 0.00373679 -0.000110122 0.00492092 0.00238166 -0.000851255 0.00131679 -0.00191271 0.0081383 -0.00183048 -0.00203033 -0.00246185 -0.0018717 0.002625 -0.00209335 -0.000492701 -0.00234328 -0.000103486 -0.00187642 -0.00225227 -0.00249315 -0.00237994 -0.00129386
internal_weight=17946.1 1038.5 453.5 42.5 411 90.9 67.5 585 47.3 320.1 41.1 33.8 279 91.7 187.3 32.9 537.7 511 16907.6 851.5 40 811.5 109.6 701.9 45.9 88.2 484.4 16056.1 458.1 45.6
internal_count=18881 1281 551 47 504 113 83 730 59 391 49 44 342 125 217 41 671 636 17600 849 50 799 140 659 41 112 612 16751 587 58
is_linear=0
shrinkage=0.05


Tree=84
num_leaves=31
num_cat=0
split_feature=1 4 6 2 11 29 29 1 29 5 29 4 2 1 11 3 3 11 30 13 9 7 30 30 9 11 4 4 11 3
split_gain=3.51553 2.03574 5.03301 0.920776 0.836677 0.740443 2.21147 0.617828 0.762962 0.982471 0.626317 0.443859 0.23942 0.223135 0.270156 0.187714 0.303889 0.134794 1.01043 0.172405 0.235002 0.40807 0.133732 0.079737 0.075862 0.17154 0.0574529 0.0554276 0.0515922 0.049621
threshold=6.8943452835083017 2.0322916507720952 0.52291664481163036 -2.7961827516555782 1.8944444656372073 39.16569900512696 41.00056457519532 5.5369048118591317 35.909603118896491 0.37171608209609991 35.684564590454109 4.6006250381469735 5.0036361217498788 6.3586308956146249 2.6749999523162846 2.4362500905990605 2.3104165792465214 2.8986110687255864 -77.269069671630845 2.7437499761581425 162.15972137451175 0.022916667163372043 -119.26765060424803 -79.203132629394517 107.25000000000001 0.95208334922790538 7.1310417652130136 9.4195833206176776 4.4062500000000009 4.2971527576446542
decision_type=2 2 2 2 2 2 2 2 2 2 2 2 2 2 2 2 2 2 2 2 2 2 2 2 2 2 2 2 2 2
left_child=1 2 22 4 5 7 -7 11 9 -9 -11 15 13 24 23 16 -3 18 19 20 29 -22 -1 -15 25 -5 -21 -19 -6 -2
right_child=17 3 -4 12 28 6 -8 8 -10 10 -12 -13 -14 14 -16 -17 -18 27 -20 26 21 -23 -24 -25 -26 -27 -28 -29 -30 -31
leaf_value=-3.5070001737091964e-05 0 -0.0010216361609912195 0.00073517470988820335 0.00094993011199635 -2.9518999576539058e-05 0.00070272996948336222 -2.4691126019755562e-05 0.00039646299398334923 -2.4990245569315374e-05 -4.3525368858443607e-05 0.0023609478489113739 0.0035697550655478085 0.0023819839832365354 0.002431719206102018 -4.5143198917996236e-05 -0.00021954979772161851 0.00068674297566273523 0 7.9247808955323906e-05 0 -2.0421299577026367e-06 6.6641519171667382e-05 0.0012441575838434916 0.004079110655745133 -0.0013685381093313468 -2.0331281253201663e-05 1.684927515143153e-05 0.0014815319008367523 9.8741408990909996e-07 0.00044380760883808157
leaf_weight=29.499999046325684 88.299997627735138 43.89999920129776 23.299999237060547 18.699999749660492 99.699998557567596 17.099999606609344 26.79999965429306 28.599999845027924 42.299998760223389 33.899999499320984 23.199999690055847 15.999999821186064 15.499999821186064 20.699999690055847 29.899999141693115 84.499998509883881 20.199999630451202 15688.499723315239 20.999999821186066 965.69997906684875 36.999999165534973 18.399999797344208 21.099999725818634 14.999999761581419 328.09999430179596 89.299998342990875 19.799999713897705 21.799999713897705 19.599999606609344 19.899999499320984
leaf_count=23 87 55 19 25 117 17 32 34 41 45 28 18 21 25 29 113 22 16335 26 983 36 20 25 20 461 105 22 28 22 19
internal_value=-0.00228357 0.000527987 0.00852842 -7.96512e-05 0.0015588 0.00283432 0.00888952 0.00192584 0.00453125 0.00724329 0.00345447 -0.000100244 -0.00152359 -0.00171268 0.0010061 -0.000952221 0.00108814 -0.00245794 -0.00194022 -0.00213885 -0.000635697 0.00201263 -0.000326088 0.00394258 -0.00212165 -0.000972223 -0.00238838 -0.0024965 -0.00203898 -0.00199168
internal_weight=17927.3 1046.9 73.9 973 455.8 336.5 43.9 292.6 128 85.7 57.1 164.6 517.2 501.7 65.6 148.6 64.1 16880.4 1170.1 1149.1 163.6 55.4 50.6 35.7 436.1 108 985.5 15710.3 119.3 108.2
internal_count=18853 1297 67 1230 544 405 49 356 148 107 73 208 686 665 74 190 77 17556 1193 1167 162 56 48 45 591 130 1005 16363 139 106
is_linear=0
shrinkage=0.05


Tree=85
num_leaves=31
num_cat=0
split_feature=1 11 2 29 10 2 10 2 3 6 7 10 3 29 2 3 6 2 4 1 6 29 3 11 12 2 3 3 29 1
split_gain=1.84612 0.774824 0.7768 0.684639 1.13631 0.69556 0.51096 0.40727 0.376817 0.860287 0.312434 0.811076 0.72138 1.14972 0.16891 0.153684 0.148635 0.108594 0.103504 0.0794182 0.15415 0.0815025 0.0778971 0.348487 0.0629536 0.243032 0.056776 0.0621822 0.133723 0.0431342
threshold=9.4163694381713885 3.0208332538604741 -0.33421325683593744 39.747600555419929 58.201387405395515 -8.3707818984985334 84.840278625488295 5.1153595447540292 2.388541698455811 0.20624999701976779 0.59375000000000011 48.131944656372077 2.8667360544204716 35.672292709350593 -2.2559653520584102 2.850972175598145 0.16458333283662799 2.2474766969680791 1.3491666913032534 3.2607142925262456 0.13958333432674411 35.680410385131843 6.1716666221618661 10.086805343627931 -6.5520834922790518 0.95458075404167186 3.4994443655014043 2.4362500905990605 35.682256698608406 5.9821429252624521
decision_type=2 2 2 2 2 2 2 2 2 2 2 2 2 2 2 2 2 2 2 2 2 2 2 2 2 2 2 2 2 2
left_child=1 2 3 5 -5 -1 -6 15 19 16 11 26 -13 -14 -12 17 -10 -4 -3 20 -7 -21 -2 -24 25 -17 27 28 -11 -20
right_child=22 18 7 4 6 8 -8 -9 9 10 14 12 13 -15 -16 24 -18 -19 29 21 -22 -23 23 -25 -26 -27 -28 -29 -30 -31
leaf_value=0.00078017298833244495 0 0.00063692440851215735 0.0010989552529274919 0.00014215182838667892 -2.3648074091450983e-05 -0.0011358779922610585 0.00066759347100919244 0.002262884784074709 1.0210649788455762e-07 -7.5276164497158237e-06 -3.9809883249118069e-07 0.0024175063999383409 0.0015634923356774855 -1.9437440852165812e-05 0.00030029602554555349 0.0004216172283961761 0.0020421238801401399 -0.00016671799147167655 -1.7297072462850276e-05 1.0210649788455762e-07 0.00066277947605848935 -4.9448558262266683e-07 7.5285418507559101e-05 0 -0.0017911823509731226 -0.00086950967520504636 1.1409056202020628e-05 -5.176899783896833e-05 0.00014748052824008486 0
leaf_weight=11.599999785423277 16011.999719083309 13.899999618530272 34.199999511241913 32.399999558925629 36.699999392032623 19.699999690055847 15.099999904632567 13.999999821186064 17.799999535083771 24.699999630451202 104.89999777078629 26.099999725818634 18.099999904632568 39.899999380111694 27.099999308586121 15.199999809265135 21.099999725818634 17.699999690055847 174.09999698400497 18.29999965429306 16.899999737739563 137.4999965429306 25.499999642372131 113.09999865293503 324.99999451637268 48.999999165534973 31.799999535083771 60.299998939037323 19.999999701976776 544.39998424053192
leaf_count=12 16674 11 40 32 45 25 19 16 18 31 119 29 21 53 27 20 25 23 209 19 21 133 23 139 452 70 38 73 26 508
internal_value=-0.00231768 -0.000829318 -1.12331e-05 0.00105882 0.0052791 0.000462403 0.000685328 -0.00161009 0.00022167 0.00111154 0.000333663 0.0014837 0.0053478 0.00224138 -0.00159091 -0.00187656 0.00816838 0.00067919 -0.00209722 -0.00159044 0.000505464 -0.0020828 -0.00248978 -0.00130952 -0.00221737 -0.000786605 -0.000891813 -0.00145238 -3.91505e-05 -0.00217989
internal_weight=18018.1 1867.5 1135.1 680 84.2 595.8 51.8 455.1 584.2 391.8 352.9 220.9 84.1 58 132 441.1 38.9 51.9 732.4 192.4 36.6 155.8 16150.6 138.6 389.2 64.2 136.8 105 44.7 718.5
internal_count=18951 2115 1387 766 96 670 64 621 658 460 417 271 103 74 146 605 43 63 728 198 46 152 16836 162 542 90 168 130 57 717
is_linear=0
shrinkage=0.05


Tree=86
num_leaves=31
num_cat=0
split_feature=1 10 11 30 4 3 2 10 2 9 10 6 7 3 6 0 2 12 11 13 9 6 0 1 10 7 0 4 2 30
split_gain=3.43622 1.44197 1.06803 2.28054 4.8887 1.52623 0.84155 0.961381 1.16049 0.668951 0.600164 0.370505 1.14378 0.260712 0.552703 0.255482 0.236679 0.564833 0.212089 0.174968 0.165927 0.131535 0.102951 0.136687 0.0920765 0.0640599 0.0611662 0.0562036 0.0557749 0.0554214
threshold=9.4163694381713885 57.423612594604499 3.0208332538604741 -95.165119171142564 3.4577083587646489 3.2597916126251225 -2.9630951881408687 41.006944656372077 -5.7725932598114005 186.3263854980469 46.548612594604499 0.87291666865348827 0.26041665673255926 1.9410416483879092 0.71458330750465404 6.8756945133209237 -6.1219849586486808 -9.8854165077209455 1.4270833730697634 1.9020833373069765 91.423610687255874 0.36041666567325598 6.8756945133209237 8.4919643402099627 54.187500000000007 0.58541664481163036 9.7784724235534686 9.4195833206176776 -2.0713120698928829 -76.660556793212876
decision_type=2 2 2 2 2 2 2 2 2 2 2 2 2 2 2 2 2 2 2 2 2 2 2 2 2 2 2 2 2 2
left_child=1 2 3 4 9 -6 7 8 -5 21 26 12 -12 14 19 -2 17 -15 22 -3 -14 28 -8 -24 -13 -19 -9 -17 -1 -18
right_child=15 13 -4 6 5 -7 18 10 -10 -11 11 24 20 16 -16 27 29 25 -20 -21 -22 -23 23 -25 -26 -27 -28 -29 -30 -31
leaf_value=1.2398540797969871e-05 7.1521147582181985e-05 -1.9761551601308601e-05 0 0.00062964050225556298 0.00036786297116728206 8.583855844682928e-05 -0.00034112483493005147 -1.0143745806795781e-05 0.0014958581829958737 7.457864617648747e-05 0.0023348465695021306 -1.8465568809555857e-05 0.00021236353513586216 0.00074116433891582292 0.00056108330141682703 0 0 -4.3195059216571964e-06 0.0017070097698784169 2.2537126949847169e-08 -0.023879234367411004 -2.9359747050939651e-06 -4.5427624230098833e-07 8.8057928130869104e-05 0.0014853177188936086 0.0010492813846999184 5.3218156371764859e-05 0.0014036910348695364 -2.452688707119677e-05 0.00015030079399919183
leaf_weight=23.89999920129776 18.899999797344208 68.499998152256012 155.39999562501907 21.399999737739563 23.499999284744263 33.999999105930328 222.39999628067017 76.299998819828033 27.999999761581421 22.699999511241913 21.399999916553497 34.799999415874481 15.699999809265135 21.799999833106995 27.89999908208847 16016.499719560146 756.99998247623444 52.599998950958252 34.0999995470047 24.299999237060547 18.29999965429306 46.49999862909317 17.099999785423279 17.499999761581421 18.499999821186066 19.299999475479126 16.299999833106995 21.499999761581421 26.199999511241913 17.299999833106995
leaf_count=19 21 63 152 26 19 30 302 93 32 21 26 44 21 26 23 16681 868 62 43 19 25 37 21 23 23 17 21 27 22 21
internal_value=-0.0022539 -0.000221051 0.00125858 0.00207139 0.00700226 0.0189783 0.000462347 0.00258576 0.00883603 0.00123009 0.00105191 0.00357176 0.00643502 -0.00152903 0.000648301 -0.00248972 -0.0018318 0.000541622 -0.00136637 -0.0012069 0.000735293 -0.000584887 -0.00185798 0.00067919 0.000595684 -0.00159597 -0.00190605 -0.00249657 0.00119261 -0.00211901
internal_weight=17919.6 1862.7 874 718.6 176.8 57.5 541.8 250.7 49.4 119.3 201.3 108.7 55.4 988.7 120.7 16056.9 868 93.7 291.1 92.8 34 96.6 257 34.6 53.3 71.9 92.6 16038 50.1 774.3
internal_count=18828 2099 1000 848 148 49 700 311 58 99 253 139 72 1099 105 16729 994 105 389 82 46 78 346 44 67 79 114 16708 41 889
is_linear=0
shrinkage=0.05


Tree=87
num_leaves=31
num_cat=0
split_feature=1 8 13 29 12 9 4 9 30 3 0 1 30 5 29 29 11 30 30 29 0 9 4 9 4 0 4 13 29 29
split_gain=2.08288 0.824114 0.771313 0.774845 0.921707 0.439653 0.895935 0.478807 0.392398 0.509474 0.348482 0.816552 0.444688 0.488987 0.283353 0.522338 0.336561 0.270764 0.230721 0.229789 0.195652 0.127767 0.227358 0.0691808 0.056204 0.0489626 0.137329 0.0787056 0.151066 0.058553
threshold=9.4163694381713885 2.5000000000000004 1.4395833015441897 37.436548233032234 -2.4604166746139522 133.00000000000003 3.2568750381469731 111.5902786254883 -79.114654541015611 2.2616666555404668 5.8770833015441903 5.5369048118591317 -79.224052429199205 0.37430366873741155 35.865440368652351 35.725976943969734 0.60069444775581371 -79.00915145874022 -79.035778045654283 35.893484115600593 7.226388931274415 72.111110687255874 3.6793749332427983 129.18055725097659 1.9399999976158144 8.0041666030883807 1.8752083182334902 0.24791666865348819 37.277601242065437 35.680410385131843
decision_type=2 2 2 2 2 2 2 2 2 2 2 2 2 2 2 2 2 2 2 2 2 2 2 2 2 2 2 2 2 2
left_child=1 10 5 14 -5 6 8 -8 -3 17 11 21 13 -13 15 16 -4 -10 -14 -20 -2 -1 -23 -16 -7 -12 -27 28 -28 -29
right_child=20 2 3 4 -6 24 7 -9 9 -11 25 12 18 -15 23 -17 -18 -19 19 -21 -22 22 -24 -25 -26 26 27 29 -30 -31
leaf_value=6.6813580555729479e-05 5.9606359010409947e-05 -6.0467971494064177e-08 5.7596916221585467e-05 1.0753169207149366e-07 7.2155666994570038e-05 7.232160449407444e-05 4.3121197108092485e-05 0.0012106937950665197 0.0021088746461351282 -0.013536303266918549 0 0.00035855929974450422 -0.009786874341158559 0.0011676904404852926 0.00057702402301570976 0.0011828134314181172 -1.6106622980763853e-07 0.00059815847714278503 0.0037348568718175825 0.00040053636697636732 0 0.00059092541166134039 -0.0017016232334244666 0 -0.00011244431631576625 9.8807758006636006e-07 -1.8373243616742754e-05 -1.55339535787464e-07 0.00099681731546492078 0
leaf_weight=26.699999630451202 24.699999690055847 109.79999709129333 29.999999582767487 31.699999213218689 37.39999920129776 19.399999558925629 18.29999965429306 31.499999463558197 16.199999868869781 30.399999439716339 360.89999079704285 19.199999630451202 28.0999995470047 22.099999666213989 17.499999701976776 16.199999868869781 32.699999213218689 21.799999713897705 15.499999821186064 20.999999642372131 16121.699719786644 22.999999403953552 226.5999960899353 44.199998915195465 176.79999685287476 9.7999996542930585 28.499999284744263 58.899999141693115 24.199999153614044 342.09999203681946
leaf_count=35 29 104 36 29 34 18 21 37 20 38 363 20 37 27 19 20 39 26 19 28 16805 22 320 50 232 8 33 73 20 355
internal_value=-0.00231153 -0.000717876 0.000741836 0.00322246 0.00755789 -0.000484442 0.00100877 0.00693775 -0.000648149 0.00232456 -0.00148475 -0.000236788 0.00349622 0.00754843 0.00109175 0.00307668 0.00100877 0.00618421 0.000905572 0.0035274 -0.00249319 -0.00166757 -0.00201923 -0.00144652 -0.00221967 -0.00206332 -0.0017233 -0.00184979 -3.32075e-05 -0.00208853
internal_weight=17986.9 1840.5 633.9 209.7 69.1 424.2 228 49.8 178.2 68.4 1206.6 382.2 105.9 41.3 140.6 78.9 62.7 38 64.6 36.5 16146.4 276.3 249.6 61.7 196.2 824.4 463.5 453.7 52.7 401
internal_count=18917 2083 723 227 63 496 246 58 188 84 1360 508 131 47 164 95 75 46 84 47 16834 377 342 69 250 852 489 481 53 428
is_linear=0
shrinkage=0.05


Tree=88
num_leaves=31
num_cat=0
split_feature=11 2 9 9 6 10 6 3 9 10 29 29 5 10 3 11 3 2 2 30 30 30 29 4 4 2 4 10 29 4
split_gain=1.93247 1.24028 0.848653 0.569481 0.462381 0.371352 0.337819 0.512934 0.274619 0.471197 2.10883 0.377003 0.494309 0.331044 0.418759 0.220068 0.316452 1.10006 2.75006 0.194049 0.10988 0.0859052 0.0847931 0.08148 0.072106 0.0593533 0.056333 0.0520578 0.0492445 0.048549
threshold=1.5944444537162783 -8.3707818984985334 100.23611068725587 95.770832061767592 4.0916666984558114 1.798611104488373 1.0645833611488345 3.0039583444595341 200.84722137451175 55.812500000000007 39.79341125488282 35.791999816894538 0.3454210907220841 46.548612594604499 2.8596527576446538 4.9743053913116464 1.9793750047683718 0.20681935548782351 1.1120212078094485 -76.80580902099608 -79.290195465087876 -121.5439987182617 33.398300170898445 4.6006250381469735 1.7327083349227907 -8.3707818984985334 8.9279165267944354 93.965278625488295 35.514999389648445 9.4195833206176776
decision_type=2 2 2 2 2 2 2 2 2 2 2 2 2 2 2 2 2 2 2 2 2 2 2 2 2 2 2 2 2 2
left_child=1 -1 3 6 5 -4 7 -3 9 10 11 12 -7 20 -15 16 17 28 -19 22 -14 -10 -18 24 -13 -24 27 -27 -2 -17
right_child=15 2 4 -5 -6 8 -8 -9 21 -11 -12 23 13 14 -16 29 19 18 -20 -21 -22 -23 25 -25 -26 26 -28 -29 -30 -31
leaf_value=0.00035084996332228877 1.8881781820689892e-06 -8.9127335040168395e-05 6.9567601981640473e-05 0.0016454257770323209 0.0005858677760935127 0.00014967393645127136 0.00157025141129909 0.00018381739339184413 6.9298535022166435e-05 0 4.6519049721555072e-05 6.8705524269369048e-05 5.3449499463490673e-06 0.0021114504726323646 -2.2634315476267561e-06 0 8.0533114898972968e-09 3.0233985759409168e-09 0 6.4669464146113024e-05 -0.0010785738819590884 0 0.0007891872836412573 0.00065509814612934106 0 0 -7.6669704233553994e-05 2.1483667643762417e-07 0 -0.00041979778222282451
leaf_weight=29.899999558925629 21.699999332427979 68.99999862909317 28.499999165534973 28.399999678134918 23.599999606609344 28.099999666213989 33.999999523162842 27.099999725818634 18.89999932050705 272.79999500513077 20.99999988079071 13.999999701976774 31.099999308586121 18.399999856948853 26.099999666213989 14742.999747157097 17.499999463558197 23.899999439716339 40.999998807907104 22.099999845027924 74.699998676776886 462.19999122619629 17.899999797344208 37.299999058246613 234.39999496936798 1325.5999684929848 26.399999439716339 21.299999713897705 163.99999517202377 24.699999690055847
leaf_count=31 17 86 25 34 26 33 40 35 15 348 22 12 31 24 33 15466 17 21 34 27 95 538 21 35 244 1340 32 27 136 31
internal_value=-0.00227076 -0.000539879 -0.000747793 0.00270505 -0.00117168 -0.00130079 0.00130476 -0.000210719 -0.00143059 -0.000837512 9.7402e-05 -0.000603858 0.00119955 6.1543e-05 0.00367977 -0.00242644 -0.00188444 -0.000245412 0.00535824 -0.00217151 -0.0014603 -0.00236489 -0.00224445 -0.00172996 -0.00205717 -0.00228795 -0.00232524 -0.00237007 -0.00220382 -0.00248815
internal_weight=17928.6 1479.5 1449.6 158.5 1291.1 1267.5 130.1 96.1 1239 757.9 485.1 464.1 178.4 150.3 44.5 16449.1 1681.4 250.6 64.9 1430.8 105.8 481.1 1408.7 285.7 248.4 1391.2 1373.3 1346.9 185.7 14767.7
internal_count=18876 1707 1676 195 1481 1455 161 121 1430 877 529 507 216 183 57 17169 1672 208 55 1464 126 553 1437 291 256 1420 1399 1367 153 15497
is_linear=0
shrinkage=0.05


Tree=89
num_leaves=31
num_cat=0
split_feature=1 8 30 2 4 3 30 11 8 6 6 30 30 30 6 0 13 1 12 4 11 30 1 5 11 3 10 10 2 12
split_gain=3.00518 1.56851 1.05271 3.09393 2.56503 0.641011 1.79955 0.397435 0.612912 0.506031 0.317369 0.316506 0.291008 1.19094 0.267217 0.204428 0.189934 0.31306 0.124963 0.139275 0.148571 0.194078 0.120413 0.0994717 0.0680379 0.0642499 0.0634386 0.0617638 0.0573469 0.0428429
threshold=9.4163694381713885 1.5000000000000002 -109.12405014038085 0.053545549511909492 3.5291665792465214 2.9809721708297734 -78.014999389648423 0.60069444775581371 2.5000000000000004 1.0645833611488345 0.2937499880790711 -120.72000122070311 -79.256778717041001 -79.224052429199205 1.1895833611488345 7.226388931274415 1.9020833373069765 8.4919643402099627 3.5729167461395268 5.7022917270660409 0.44513888657093054 -79.196075439453111 3.9068452119827275 0.36073566973209387 5.558333396911622 2.0495139360427861 71.006942749023452 93.965278625488295 -2.6611930131912227 3.5229166746139531
decision_type=2 2 2 2 2 2 2 2 2 2 2 2 2 2 2 2 2 2 2 2 2 2 2 2 2 2 2 2 2 2
left_child=1 10 3 4 11 6 7 8 -4 23 26 16 -12 14 -14 -2 -3 -18 19 20 21 -7 -15 -10 -9 -25 -1 -24 -11 -22
right_child=15 2 5 -5 -6 18 -8 24 9 28 12 -13 13 22 -16 -17 17 -19 -20 -21 29 -23 27 25 -26 -27 -28 -29 -30 -31
leaf_value=7.7669767895027771e-09 5.7024985387938694e-05 -5.6077299580369825e-06 0.0015461972650553319 0.00055657438728883848 0.00021576804553717426 -0.029352172028459789 0.00049127487729957455 -0.012852350179537909 0.00012517599836274772 0.0011230857293861353 0 6.0870266221699143e-07 0.0014699417293590534 -0.00244961889986038 2.6450907114056178e-05 0 0.00054817282186492289 -2.1670591682750738e-11 -0.00089100222623578705 -0.00045692154990084301 -6.8360285014479333e-05 5.6793881105750315e-05 -3.2823131353333308e-05 0.0012392628228179382 0.0011236727598472108 -0.023485052358346484 0.00058462403181556717 2.0409484261518786e-07 8.8481752904268074e-06 5.0565015529968615e-05
leaf_weight=17.699999630451202 23.599999725818634 92.799997091293335 28.999999701976776 24.599999248981476 29.499999105930328 28.699999511241913 16.799999952316284 73.399998724460602 25.699999630451202 22.29999965429306 612.0999830365181 36.599999010562897 19.199999868869781 27.5999995470047 18.599999725818634 16041.399720489979 24.999999403953552 26.499999105930328 145.19999760389328 56.299999117851257 32.29999965429306 28.399999737739563 291.89999532699585 15.199999809265135 14.799999773502348 63.599998831748962 14.799999713897703 14.999999821186064 18.099999725818634 18.099999845027924
leaf_count=23 28 74 36 20 23 39 18 96 33 25 611 30 24 36 24 16722 20 21 198 79 41 36 381 20 18 82 18 18 23 23
internal_value=-0.00226989 -0.000355746 0.00126716 0.00409574 0.00213403 0.000136502 0.00187433 0.000857497 0.00224411 0.000916148 -0.00166904 -9.53572e-05 -0.00182954 -0.000727237 0.00768518 -0.00248911 -0.00114865 0.00128641 -0.00143204 -0.000485349 0.000569767 0.00231611 -0.00167788 -0.000921053 -0.00187642 -0.00180203 0.00319231 -0.00196237 0.00566832 -0.00140873
internal_weight=17904.8 1839.8 822.9 235 210.4 587.9 278.9 262.1 173.9 144.9 1016.9 180.9 984.4 372.3 37.8 16065 144.3 51.5 309 163.8 107.5 57.1 334.5 104.5 88.2 78.8 32.5 306.9 40.4 50.4
internal_count=18840 2090 955 188 168 767 351 333 219 183 1135 145 1094 483 48 16750 115 41 416 218 139 75 435 135 114 102 41 399 48 64
is_linear=0
shrinkage=0.05


Tree=90
num_leaves=31
num_cat=0
split_feature=1 10 11 2 30 6 3 29 29 2 6 29 7 12 1 9 13 30 2 10 29 7 9 3 3 30 2 12 10 30
split_gain=3.24496 1.93001 1.3043 1.0844 1.20454 0.812359 0.709354 0.997364 0.653924 0.638134 0.70172 0.533399 0.446434 1.04386 0.416578 0.299453 0.263135 0.318978 0.213862 0.169118 0.17655 0.129111 0.388203 0.100943 0.0761326 0.517738 0.0709324 0.048005 0.105731 0.330646
threshold=9.4163694381713885 55.395833969116218 0.60069444775581371 0.40239389240741735 -121.73250198364256 1.3187500238418581 3.7509721517562871 35.975336074829109 35.635671615600593 -7.5524585247039786 1.0854166746139529 35.656698226928718 0.17291666567325595 7.0187501907348642 7.2830357551574716 91.423610687255874 1.9020833373069765 -79.203132629394517 -5.0095753669738761 13.923611164093019 35.633329391479499 0.71458330750465404 115.04166412353517 1.1999999880790713 6.1716666221618661 -76.80580902099608 3.5825181007385258 1.0395833253860476 91.673610687255874 -80.495098114013658
decision_type=2 2 2 2 2 2 2 2 2 2 2 2 2 2 2 2 2 2 2 2 2 2 2 2 2 2 2 2 2 2
left_child=1 2 3 4 -1 6 7 8 -6 10 -3 -10 16 -14 -9 -4 17 -13 -19 -17 -21 -22 -23 -11 -2 -26 -5 28 -25 -30
right_child=24 9 15 26 5 -7 -8 14 11 23 -12 12 13 -15 -16 19 -18 18 -20 20 21 22 -24 27 25 -27 -28 -29 29 -31
leaf_value=0.00026060423241262013 0 0.0003614885040613688 0.00028049530666918263 -0.0063702856269843098 -8.6259703864111092e-06 -0.00017844427776221139 5.530081960570255e-05 -4.2376864003113028e-05 0.00016236432820616599 0.00052076418077167677 -2.4623740579099444e-06 -0.025061037451377995 0.0015649783233005735 3.477542764657249e-05 6.1827961599171535e-05 0.00053847702315753534 0.0015409000905136751 0.001730471012041949 0.00090078778198907517 -7.7779180464083888e-08 -1.038748146638722e-08 0.0035497551847943677 0 0 0 0.0013544963722371961 0.0035859245268809459 0 0 0.0010099768463185498
leaf_weight=20.799999237060547 15922.699720263481 32.29999965429306 35.299999356269836 67.19999885559082 19.499999582767487 43.799999117851257 17.199999749660492 61.299998760223389 27.399999856948853 13.499999761581419 27.799999415874481 21.5999995470047 25.599999904632568 24.499999582767487 23.699999570846558 20.899999439716339 18.699999809265137 26.399999678134918 28.699999630451202 22.299999594688416 231.19999498128891 18.79999977350235 38.199998915195465 575.19998610019684 122.49999803304672 18.299999952316284 14.099999845027922 359.29999130964279 39.69999885559082 21.399999797344208
leaf_count=16 16581 37 37 96 23 56 20 63 32 11 32 28 30 29 25 17 23 32 35 23 256 24 38 626 141 21 19 413 39 26
internal_value=-0.00225585 -0.000288319 0.00155723 0.00339103 0.00457127 0.00385343 0.00479803 0.00418709 0.00617983 -0.00168163 0.00332363 0.00715876 0.00595361 0.00977545 -0.00032353 -0.000645624 0.00394654 0.00264993 0.00466878 -0.00111195 -0.00140499 -0.00173664 0.000394736 -0.00197974 -0.00248568 -0.00132813 -0.00182349 -0.00203797 -0.00177707 0.00020049
internal_weight=17939.9 1876.4 807.2 440.5 359.2 338.4 294.6 277.4 192.4 1069.2 60.1 172.9 145.5 50.1 85 366.7 95.4 76.7 55.1 331.4 310.5 288.2 57 1009.1 16063.5 140.8 81.3 995.6 636.3 61.1
internal_count=18849 2106 922 527 412 396 340 320 232 1184 69 209 177 59 88 395 118 95 67 358 341 318 62 1115 16743 162 115 1104 691 65
is_linear=0
shrinkage=0.05


Tree=91
num_leaves=31
num_cat=0
split_feature=1 10 30 5 2 10 2 9 12 29 29 2 12 10 8 4 10 10 3 30 5 1 2 5 30 29 1 9 30 29
split_gain=3.40112 2.14382 1.06145 0.819003 1.10654 0.950019 0.607192 0.557456 1.18687 0.460434 0.433976 0.464719 0.308941 0.321518 0.253088 0.81412 0.137242 0.290637 0.131369 0.11749 0.117788 0.10718 0.427594 0.106279 0.199083 0.169117 0.100833 0.0705292 0.0634012 0.0589676
threshold=9.4163694381713885 55.395833969116218 -121.7485008239746 0.80890768766403209 -0.84663560986518849 6.0069444179534921 -8.3707818984985334 100.23611068725587 -0.89374998211860646 35.725976943969734 35.79699897766114 1.0769022107124331 5.2729167938232431 46.548612594604499 6.5000000000000009 4.0729167461395273 45.576387405395515 53.159723281860359 1.4009027481079104 -79.213623046874986 0.59694164991378795 3.9068452119827275 -4.6113355159759513 0.1741714030504227 -79.042778015136705 38.240348815917976 9.0982146263122576 88.520832061767592 -75.70598983764647 35.868141174316413
decision_type=2 2 2 2 2 2 2 2 2 2 2 2 2 2 2 2 2 2 2 2 2 2 2 2 2 2 2 2 2 2
left_child=1 2 -1 5 9 -4 -3 8 16 -5 11 12 19 -14 21 -16 -7 27 -8 20 26 22 -12 24 25 -20 -9 -18 -25 -26
right_child=-2 6 3 4 -6 7 18 10 -10 -11 14 -13 13 -15 15 -17 17 -19 23 -21 -22 -23 -24 28 29 -27 -28 -29 -30 -31
leaf_value=0.00019224114557167424 0 0.00034819785174655432 0.00049068865220907264 0.00014148921364587897 -3.1086306473721638e-05 -0.0033875114353548704 0.00026960831490110114 4.5374931245712497e-05 0.0013284620036520789 0.0010907761310749442 0.003228696873083553 0.001546251644474214 0.0011710279820311199 0.0014532191152435816 -1.2141907593310464e-05 0.0034066283005368958 0.00283289255318398 -1.4024765333464639e-05 0 -6.5587686260593661e-05 -4.9939077048577476e-05 -1.5519714514536963e-06 -0.0011745284620719308 0 0.0010674891218548476 0.000263647993550339 -8.1946718670899983e-06 8.710467192084016e-05 0.00018341344969951547 0.00030363813463026306
leaf_weight=36.399998664855957 16122.399716854095 29.199999868869781 22.999999463558197 18.699999630451202 32.299999296665192 25.599999487400055 37.399998962879181 23.999999761581421 31.199999690055847 20.599999785423279 18.399999797344208 27.799999713897705 19.999999761581421 20.899999678134918 61.299998641014099 21.199999809265137 17.699999690055847 23.999999463558197 132.4999960064888 47.39999932050705 19.799999713897705 245.9999948143959 47.899999141693115 790.79998159408569 17.199999570846558 28.099999606609344 23.999999582767487 21.699999570846558 17.099999785423279 18.799999713897705
leaf_count=28 16828 34 22 19 39 32 30 30 36 22 22 34 24 27 61 26 19 30 121 62 24 270 67 904 18 35 30 25 21 24
internal_value=-0.00225671 -0.000256445 0.0016511 0.00126812 0.00636871 0.000762224 -0.00173443 0.00043318 0.00353161 0.0120038 -0.000210386 0.00179581 0.000735105 0.00446821 -0.00114488 0.00131818 0.000589887 0.00183754 -0.00193373 -0.000590278 0.000744837 -0.00179555 -1.13128e-05 -0.00204206 -0.000999492 -0.0017528 0.00208333 0.00447969 -0.00229577 0.00236111
internal_weight=18023.4 1901 829.9 793.5 71.6 721.9 1071.1 698.9 120.2 39.3 578.7 183.9 156.1 40.9 394.8 82.5 89 63.4 1041.9 115.2 67.8 312.3 66.3 1004.5 196.6 160.6 48 39.4 807.9 36
internal_count=18964 2136 949 921 80 841 1187 819 142 41 677 231 197 51 446 87 106 74 1153 146 84 359 89 1123 198 156 60 44 925 42
is_linear=0
shrinkage=0.05


Tree=92
num_leaves=31
num_cat=0
split_feature=1 10 3 3 10 6 13 13 29 29 3 3 9 2 10 1 5 9 29 3 2 7 9 13 29 6 6 7 0 9
split_gain=2.48686 1.83712 0.900843 1.2072 1.1238 0.548809 0.700875 0.611815 0.59121 0.931359 0.481296 0.464236 0.432389 0.420726 0.667799 0.306954 0.280433 0.532437 0.410901 0.288804 0.258098 0.17631 0.295967 0.171022 0.074616 0.136129 0.0468758 0.0455999 0.125062 0.475543
threshold=9.4163694381713885 53.159723281860359 2.2009028196334843 1.9924305081367495 44.701387405395515 0.027083333581686023 1.9020833373069765 0.87291666865348827 41.556880950927741 37.560050964355476 2.3104165792465214 1.4009027481079104 135.569450378418 -7.8363096714019767 84.840278625488295 9.0982146263122576 0.37430366873741155 115.04166412353517 35.97705268859864 2.7944444417953496 -2.6198757886886592 0.027083333581686023 93.895832061767592 0.24791666865348819 35.680410385131843 1.0187500119209292 1.2854166626930239 0.81458333134651195 5.8770833015441903 109.52777481079103
decision_type=2 2 2 2 2 2 2 2 2 2 2 2 2 2 2 2 2 2 2 2 2 2 2 2 2 2 2 2 2 2
left_child=1 2 3 11 -5 6 -4 8 9 10 -7 -1 16 14 -3 24 17 -12 19 -18 -17 22 23 -15 25 -9 -24 -23 29 -29
right_child=-2 13 5 4 -6 7 -8 15 -10 -11 12 -13 -14 21 -16 20 18 -19 -20 -21 -22 27 26 -25 -26 -27 -28 28 -30 -31
leaf_value=6.3630239746997441e-05 0 -0.00011092523245909493 -1.2607909423290043e-05 0.00023796196351340561 7.7598572573167609e-08 -0.00017238262761917376 0.0004870187393892056 0.001461586339425708 -0.00097851660486966458 0.00020562080244150295 0.0030672620294293742 -8.5670364537080294e-07 -1.6366102584486343e-06 0.00048613509587750462 0.0008367245466618157 -6.8566864098474599e-06 0.0014978476339649017 0.001753469496784993 -2.5351031443066055e-05 0.0012062585605320001 1.565582910656449e-06 0 -1.9845572157130645e-05 0.0010141146657621058 -3.2246417668803395e-05 -5.0623600554244863e-05 0.0013805581594814043 0.00058255990145952288 0 -0.0022218839561972104
leaf_weight=24.699999451637268 16114.599716842175 22.399999797344208 22.399999618530273 21.599999487400055 20.499999463558197 39.999999105930328 20.699999511241913 20.999999761581421 56.199999034404755 14.399999618530272 19.799999892711639 49.299998819828033 23.499999344348907 20.199999690055847 17.699999749660492 30.499999403953552 23.29999965429306 20.999999761581421 22.699999451637268 33.199999511241913 20.399999558925629 555.89998835325241 65.199998438358307 18.699999630451202 193.99999678134918 30.299999594688416 19.79999977350235 18.399999678134918 365.89998918771744 45.999999165534973
leaf_count=21 16786 26 26 20 23 46 19 26 80 14 24 41 25 20 21 37 27 26 27 42 24 669 74 21 234 39 26 22 339 64
internal_value=-0.00229276 -0.000561516 0.00143939 0.00546727 0.0122268 0.000651331 0.00608469 0.000225785 0.00202578 0.00331101 0.00235014 0.00162162 0.00370209 -0.00179578 0.00323566 -0.00131837 0.00491667 0.00828431 0.00318182 0.0054646 0.00221513 -0.00197753 -0.000199758 0.0034126 -0.00205157 -0.000355751 -0.00185294 -0.00220087 -0.00181443 0.000217391
internal_weight=17974.3 1859.7 709.5 116.1 42.1 593.4 43.1 550.3 254.1 197.9 183.5 74 143.5 1150.2 40.1 296.2 120 40.8 79.2 56.5 50.9 1110.1 123.9 38.9 245.3 51.3 85 986.2 430.3 64.4
internal_count=18889 2103 821 105 43 716 45 671 311 231 217 62 171 1282 47 360 146 50 96 69 61 1235 141 41 299 65 100 1094 425 86
is_linear=0
shrinkage=0.05


Tree=93
num_leaves=31
num_cat=0
split_feature=1 3 11 30 29 10 29 6 30 4 10 29 29 6 8 10 4 9 4 8 7 29 29 30 1 13 13 4 10 6
split_gain=1.87884 1.11159 1.6264 1.52014 0.777456 0.722328 0.708827 0.532665 0.6776 0.279707 0.225434 0.369795 1.82089 0.222871 0.200537 0.142252 0.45791 0.130259 0.111388 0.0794731 0.0775023 0.0651528 0.190028 0.0679403 0.0632881 0.057123 0.0539567 0.0527629 0.0502658 0.0474321
threshold=9.4163694381713885 2.9459028244018559 0.60069444775581371 -121.7485008239746 35.914943695068366 52.902778625488288 35.882707595825202 0.93541666865348827 -79.256778717041001 3.0664583444595341 61.284723281860359 36.579669952392585 36.314949035644538 0.047916667535901077 6.5000000000000009 23.784722328186039 5.0241665840148935 130.52777862548831 1.4585416316986086 1.0000000180025095e-35 0.67708334326744091 35.680410385131843 35.670007705688484 -75.317043304443345 5.3401784896850595 1.0000000180025095e-35 5.5062499046325692 9.4195833206176776 55.812500000000007 1.1020833253860476
decision_type=2 2 2 2 2 2 2 2 2 2 2 2 2 2 2 2 2 2 2 2 2 2 2 2 2 2 2 2 2 2
left_child=1 2 3 -1 5 6 7 8 -5 -9 11 12 14 -6 19 16 -3 -10 -12 -4 -7 22 25 -23 -20 -17 -21 -2 -13 -15
right_child=27 15 10 4 13 20 -8 9 17 -11 18 28 -14 29 -16 21 -18 -19 24 26 -22 23 -24 -25 -26 -27 -28 -29 -30 -31
leaf_value=0.00051526525217934218 0 -4.8247879001248254e-05 0.00010254213376431031 0.00012552506191201851 0.00020321249146983025 -0.028953583083501433 0.0026163555438265375 0.0016492150099137793 0.0014471573920326053 -0.023629990875660395 0.00043053982269993798 -1.5547797455273128e-06 0.00046182834108363102 -3.7604496752510614e-05 0.00046266780241974729 0.0013115302515073314 0.00019533976231942974 0.0010375842012313174 0.00094697644969167223 -8.2541014330995695e-05 6.6382221779148773e-05 0 0.0013964446428910982 0.00017424277721453941 0 -1.8052236081374647e-05 0.00061994307875007934 -0.00040309362929459922 0 0.00036820276843123058
leaf_weight=20.199999272823334 15990.299720168114 48.999999046325684 30.499999523162842 17.79999977350235 28.699999630451202 25.799999535083771 17.699999868869781 20.699999749660492 16.199999809265137 23.499999523162842 13.099999725818632 102.99999666213989 17.699999868869781 64.999998569488525 16.399999618530273 16.999999940395355 22.699999511241913 16.699999690055847 24.299999475479126 68.49999874830246 14.099999725818632 842.29998302459717 17.199999749660492 15.499999940395353 245.69999277591705 69.099998891353607 17.79999965429306 22.899999678134918 26.699999034404755 19.599999606609344
leaf_count=16 16665 62 39 18 31 36 19 25 20 31 11 82 17 68 18 20 25 21 29 91 19 1009 22 19 227 85 22 29 21 22
internal_value=-0.00232091 -0.000826694 0.000512827 0.00358392 0.00257901 0.00490984 0.00695826 0.00524499 0.0087426 0.00123303 -0.00104533 -4.09842e-05 0.00164182 -0.000558253 -0.000360361 -0.00192874 0.000219665 0.00449088 -0.0020408 -0.00108733 -0.000870928 -0.00208901 -0.000902711 -0.00223187 -0.00225926 -0.00186121 -0.00186269 -0.00249657 -0.00199884 -0.00184988
internal_weight=17895.7 1882.5 849.7 286 265.8 152.5 112.6 94.9 50.7 44.2 563.7 280.6 150.9 113.3 133.2 1032.8 71.7 32.9 283.1 116.8 39.9 961.1 103.3 857.8 270 86.1 86.3 16013.2 129.7 84.6
internal_count=18819 2125 883 326 310 189 134 115 59 56 557 290 187 121 170 1242 87 41 267 152 55 1155 127 1028 256 105 113 16694 103 90
is_linear=0
shrinkage=0.05


Tree=94
num_leaves=31
num_cat=0
split_feature=13 29 3 5 1 10 2 4 2 3 29 4 10 10 29 1 10 4 30 29 1 2 4 5 0 8 1 11 0 4
split_gain=2.18526 0.958234 1.29852 1.05986 0.834931 0.579242 0.450375 0.723917 0.394287 0.262933 0.222735 0.242769 0.337234 0.342163 0.241922 0.148784 0.297216 0.218655 0.113945 0.10543 0.658794 0.438742 0.193943 0.104518 0.100267 0.163541 0.0683881 0.158835 0.0579152 0.0542511
threshold=2.1354167461395268 36.658319473266609 4.2971527576446542 0.78307628631591808 5.9821429252624521 40.090276718139656 -2.704878449440002 3.5127083063125615 -8.3707818984985334 1.4009027481079104 36.314949035644538 3.6793749332427983 55.548612594604499 45.576387405395515 35.789690017700202 9.4163694381713885 12.354166507720949 1.8174999952316286 -79.010993957519517 41.806915283203132 5.5369048118591317 -3.0338768959045406 4.6654167175292978 0.048986589536070831 7.226388931274415 1.0000000180025095e-35 9.2747025489807147 2.3243055343627934 8.405555725097658 9.4195833206176776
decision_type=2 2 2 2 2 2 2 2 2 2 2 2 2 2 2 2 2 2 2 2 2 2 2 2 2 2 2 2 2 2
left_child=1 2 3 5 -5 6 7 -1 -3 -10 11 12 13 -7 -15 16 -2 -18 -16 20 21 -11 -23 -19 25 -22 -25 -28 -14 -17
right_child=15 8 -4 4 -6 10 -8 -9 9 19 -12 -13 28 14 18 29 17 23 -20 -21 24 22 -24 26 -26 -27 27 -29 -30 -31
leaf_value=0.0015349782447544149 0.00097959794021838516 0.00025266393163754004 0.0002593282328257729 0.00052775796111326928 1.5145763122004221e-07 -0.0041313691549997424 -1.9033893646025481e-05 0.00066237699362384727 0.00026240677315583278 0.00089962762720708917 2.3668698063122885e-05 -7.4069961435062096e-05 -7.0779739151694666e-05 0.00033831384638266266 0.0032295148086161243 0 8.9795121711988568e-05 0.0013186847903098654 0.0031747873831591946 -0.0014601937344919695 7.7738987275255411e-08 -3.64136563605344e-06 0.0032369272809812111 0 0 -2.0439891090007252e-05 4.5161117457788257e-05 0 0.00096340893247400254 -0.00035826819413547226
leaf_weight=20.699999868869781 15.799999594688414 23.29999965429306 18.799999535083771 27.199999809265137 21.59999942779541 25.899999558925629 17.699999570846558 28.799999535083771 36.599999010562897 20.899999499320984 26.5999995470047 155.99999797344208 77.099998414516449 30.699999570846558 17.599999785423279 16029.099720776081 21.499999403953552 9.9999998807907087 16.399999737739563 307.9999948143959 50.499998331069946 22.599999487400055 14.999999821186064 451.79999154806137 296.39999002218246 59.999998092651367 23.199999749660492 41.199998795986176 17.099999666213989 22.199999690055847
leaf_count=21 14 25 20 32 22 33 21 36 30 19 26 204 95 39 20 16739 17 10 20 438 41 22 20 530 236 52 28 36 21 28
internal_value=-0.00230808 -0.000362225 0.001363 0.000861605 0.00784836 7.70817e-05 0.00434524 0.00679293 -0.00140196 -0.00158642 -0.000703593 -0.00104754 0.000178571 0.00235651 0.00430062 -0.00246449 -0.00166593 -0.00186096 0.00720588 -0.00178239 -0.00130748 0.00365385 0.000425531 -0.0020629 -0.00202077 -0.000735295 -0.00216098 -0.000636647 -0.00191614 -0.00249252
internal_weight=17950.3 1335.5 502.2 483.4 48.8 434.6 67.2 49.5 833.3 810 367.4 340.8 184.8 90.6 64.7 16614.8 563.5 547.7 34 773.4 465.4 58.5 37.6 526.2 406.9 110.5 516.2 64.4 94.2 16051.3
internal_count=18895 1493 610 590 54 536 78 57 883 858 458 432 228 112 79 17402 635 621 40 828 390 61 42 604 329 93 594 64 116 16767
is_linear=0
shrinkage=0.05


Tree=95
num_leaves=31
num_cat=0
split_feature=13 5 10 2 10 8 30 0 9 12 0 9 3 4 30 7 1 0 9 1 9 3 30 30 8 30 2 4 5 9
split_gain=1.81528 0.851891 1.67568 1.03889 0.955909 0.945236 0.258482 0.236652 0.335405 0.229892 0.538417 0.521627 0.30423 0.842046 0.298972 0.13872 0.134711 0.215845 0.389858 0.0941114 0.186433 0.165707 0.330005 0.0929788 0.0680252 0.168545 0.0680099 0.0539417 0.0504002 0.0419651
threshold=2.4458333253860478 0.76011967658996593 56.104166030883796 -0.84663560986518849 11.756944656372072 6.5000000000000009 -78.762928009033189 7.226388931274415 155.3263854980469 -0.3104166686534881 3.6458333730697636 97.604167938232436 3.6889582872390752 6.3256249427795419 -79.08282089233397 0.31041666865348821 5.6741073131561288 8.9152779579162615 109.52777481079103 9.4163694381713885 214.04166412353518 2.4215972423553471 -119.7314987182617 -104.80995178222655 5.5000000000000009 -79.022460937499986 2.0921583175659184 9.4195833206176776 0.091312047094106688 139.32639312744143
decision_type=2 2 2 2 2 2 2 2 2 2 2 2 2 2 2 2 2 2 2 2 2 2 2 2 2 2 2 2 2 2
left_child=1 4 3 5 -1 -3 -4 8 9 12 29 -12 24 -14 15 -13 17 -9 -19 20 21 22 -2 -10 -6 -26 -17 -21 -23 -11
right_child=19 2 6 -5 7 -7 -8 16 23 10 11 14 13 -15 -16 26 -18 18 -20 27 -22 28 -24 -25 25 -27 -28 -29 -30 -31
leaf_value=0.00031582196756352923 -1.0267945138154934e-06 0.00052892423316850963 -2.1633978584224244e-05 -2.2766778185107639e-05 -2.6275993429991652e-05 0.00041234902597378498 0.00027726861691690363 -0.00010631865589953993 0.0004763816509125829 -4.2976138755084574e-05 0.001019598237730883 0.00046404751697763061 0.00084515239189212579 -1.5964342623377378e-05 -0.00019058473018739266 7.2675280239231646e-05 0 0.001326622410746542 -4.831329699281906e-05 0 4.8455705462713274e-05 0 8.4758582427629377e-05 -0.0019932389076067814 -0.00048674396133982696 0.0023267983974772479 0.0016687218805033711 -0.0011115885949297779 0 0.0012290380466128349
leaf_weight=27.899999439716339 36.299998939037323 20.799999594688416 89.499997854232788 24.099999487400055 141.19999706745148 29.899999618530273 15.899999797344206 43.999999225139618 16.899999439716339 64.499998867511749 31.899999380111694 34.39999920129776 22.29999977350235 36.499999165534973 32.499999523162842 18.399999499320984 409.29998743534088 15.999999761581419 16.599999725818634 15864.199724733829 23.999999523162842 22.699999630451202 22.799999535083771 223.79999613761902 33.499999165534973 18.499999761581421 18.999999761581421 22.399999678134918 393.99999278783798 21.599999725818634
leaf_count=27 29 18 103 27 164 33 21 50 15 71 33 38 27 45 41 18 363 20 22 16578 28 23 26 318 39 21 24 28 472 28
internal_value=-0.0023272 -0.00060504 0.00260544 0.00832888 -0.00107585 0.0123915 -0.00145636 -0.00128841 -0.000709791 6.16692e-05 0.00123369 0.00319016 -0.000972223 0.00217687 0.00147891 0.00327994 -0.00213984 -0.000215405 0.0028681 -0.00247528 -0.00179972 -0.0020166 0.000461082 -0.00222995 -0.00193064 -0.000384616 0.0053877 -0.00249654 -0.00236801 -0.00186121
internal_weight=17795.4 1409 180.2 74.8 1228.8 50.7 105.4 1200.9 715 474.3 222.3 136.2 252 58.8 104.3 71.8 485.9 76.6 32.6 16386.4 499.8 475.8 59.1 240.7 193.2 52 37.4 15886.6 416.7 86.1
internal_count=18750 1566 202 78 1364 51 124 1337 882 549 253 154 296 72 121 80 455 92 42 17184 578 550 55 333 224 60 42 16606 495 99
is_linear=0
shrinkage=0.05


Tree=96
num_leaves=31
num_cat=0
split_feature=13 2 1 12 29 2 29 4 12 29 29 10 3 1 2 0 30 10 30 7 13 1 1 6 9 4 30 12 2 1
split_gain=2.23193 0.9092 0.849328 1.20117 0.8087 0.605877 0.534651 0.289061 0.58667 0.535044 0.396381 0.415403 0.300263 0.267531 0.194329 0.475047 0.320641 0.163389 0.156493 0.0819955 0.320137 0.0769521 0.291947 0.357461 0.0605975 0.0487349 0.045236 0.0391476 0.0281805 0.019496
threshold=2.7437499761581425 -6.3630564212799063 3.9068452119827275 0.11874999850988389 36.046298980712898 -6.6497280597686759 35.514999389648445 3.5291665792465214 7.6270833015441903 35.975336074829109 35.791999816894538 55.812500000000007 2.7188194990158085 9.4163694381713885 -1.2705486416816709 6.3083331584930429 -121.69250106811522 28.506944656372074 -79.256778717041001 0.027083333581686023 1.0000000180025095e-35 9.4163694381713885 9.2747025489807147 0.95624998211860668 214.04166412353518 9.4195833206176776 -79.294250488281236 15.002083301544191 3.4212473630905156 5.5369048118591317
decision_type=2 2 2 2 2 2 2 2 2 2 2 2 2 2 2 2 2 2 2 2 2 2 2 2 2 2 2 2 2 2
left_child=1 2 3 4 -1 -4 -3 8 9 10 12 -12 -8 17 -11 -16 -17 -9 -5 20 28 22 24 -24 -2 -23 -25 29 -19 -21
right_child=21 6 5 18 -6 -7 7 13 -10 14 11 -13 -14 -15 15 16 -18 19 -20 27 -22 25 23 26 -26 -27 -28 -29 -30 -31
leaf_value=6.9235052337962574e-05 0 0.00017942011939907633 -6.0169620872696604e-05 0.0011675861442821955 0.00074766986161248217 0.0012055432552067879 -8.7378973672864804e-05 8.9135939758236093e-05 0.0004448479518783498 0 0.0020765201187890703 0.0008489073653129731 0.00087520891655842924 1.0816989292117275e-06 0.0003796011871827994 1.0816989292117275e-06 0 -0.0069780084221156662 -0.00071750578047014013 -0.00085544274899232756 0.0012224504744916625 0 6.6030982684117675e-05 0 9.9522897758497217e-07 -0.00037288519080554377 0.00058244993981830257 -7.4225799398761679e-05 -0.00096782920939491039 0
leaf_weight=26.399999678134918 372.99999296665192 18.499999582767487 80.199998438358307 19.999999642372131 21.499999821186066 26.29999965429306 41.89999920129776 25.999999403953552 23.899999558925629 196.09999430179596 25.799999713897705 18.499999642372131 25.399999618530273 16.999999523162842 27.699999570846558 17.999999403953552 105.09999686479568 69.399998843669891 23.799999535083771 293.09999489784241 23.499999761581421 16057.299719035625 21.699999332427979 28.999999344348907 18.999999701976776 24.699999690055847 16.899999797344208 22.899999737739563 14.399999797344206 330.19999104738235
leaf_count=32 442 17 90 22 23 29 53 30 23 173 30 23 32 14 33 14 91 96 32 409 27 16727 19 28 22 31 21 31 20 318
internal_value=-0.00230707 -0.000457342 0.00269677 0.0062241 0.0116962 -0.000340376 -0.000939187 -0.00106126 -9.53572e-05 -0.000493458 0.00251792 0.00619074 0.000100297 -0.00164627 -0.00146224 -0.000112733 -0.00144395 -0.00178159 0.000239725 -0.00191606 -0.000636068 -0.00247431 -0.00183638 0.00119822 -0.00235969 -0.00249254 -0.00130174 -0.0021286 -0.00208234 -0.00220319
internal_weight=18037.2 1495.6 198.2 91.7 47.9 106.5 1297.4 1278.9 482.4 458.5 111.6 44.3 67.3 796.5 346.9 150.8 123.1 779.5 43.8 753.5 107.3 16541.6 459.6 67.6 392 16082 45.9 646.2 83.8 623.3
internal_count=18952 1662 228 109 55 119 1434 1417 472 449 138 53 85 945 311 138 105 931 54 901 143 17290 532 68 464 16758 49 758 116 727
is_linear=0
shrinkage=0.05


Tree=97
num_leaves=31
num_cat=0
split_feature=13 2 3 3 9 30 10 12 1 4 10 3 10 10 4 2 30 2 13 4 5 11 13 2 5 6 1 9 1 13
split_gain=1.24012 0.926776 0.756565 0.371431 0.504498 0.581306 0.964198 1.02247 0.268255 0.261254 0.315687 0.0853053 0.0675301 0.115074 0.062869 0.143607 0.0693169 0.0689497 0.0540211 0.051205 0.192775 0.043322 0.106059 0.160401 0.0591695 0.0185742 0.00567938 0.0718104 7.10543e-15 7.10543e-15
threshold=2.4458333253860478 -8.3707818984985334 2.3373612165451054 2.8301388025283818 208.06944274902347 -79.273685455322251 57.118055343627937 5.0062499046325692 8.6630954742431658 3.0664583444595341 48.131944656372077 1.3724305629730227 82.236110687255874 88.437500000000014 3.5752083063125615 -5.7725932598114005 -76.80580902099608 4.8051371574401864 2.1354167461395268 9.4195833206176776 0.3454210907220841 -0.3763888925313949 4.6312499046325692 -0.5098343789577483 0.714703530073166 0.67708334326744091 8.6630954742431658 182.40972137451175 30.693155288696293 14.589582920074465
decision_type=2 2 2 2 2 2 2 2 2 2 2 2 2 2 2 2 2 2 2 2 2 2 2 2 2 2 2 2 2 2
left_child=1 2 -1 4 5 11 7 9 14 25 -11 -3 -13 -14 15 -5 17 18 19 -16 -21 22 23 -2 -24 -7 27 -23 29 -28
right_child=21 3 -4 8 -6 6 -8 -9 -10 10 -12 12 13 -15 16 -17 -18 -19 -20 20 -22 26 24 -25 -26 -27 28 -29 -30 -31
leaf_value=0.00022602169299043573 0 -9.5263465811564894e-06 0.00071028636853185951 0.002904790939354346 0.00011002998421030807 0.00037275151531595554 -3.0402776990764857e-05 0.0012047853212309775 1.0276139827514186e-06 -0.02221321672737675 0.0020991990187836369 0 7.5094836565789503e-07 0 0 -1.6219809834328027e-05 4.1987921597541613e-06 0.0030150967321168234 0.0012602912902092145 0.00025117062638255753 -0.00025235848943839617 0 0 0.001191628027069791 1.1317157738166551e-07 0.0011851125931739649 0 9.4546752870683379e-07 0 0
leaf_weight=18.499999582767487 20.999999463558197 42.599998831748962 20.999999821186066 20.099999785423279 28.399999439716339 17.79999977350235 84.699998259544373 24.599999785423279 17.999999403953552 39.39999920129776 22.099999666213989 228.59999334812164 32.999998867511749 42.299998641014099 594.59998726844788 29.699999451637268 14.499999821186064 15.099999785423277 19.499999582767487 15.999999701976774 53.89999908208847 194.69999665021896 240.99999439716339 18.899999737739563 25.799999594688416 15.899999797344206 1280.5999665260315 15.599999666213987 79.39999783039093 14713.399758219719
leaf_count=19 22 34 24 25 32 22 105 28 14 52 27 194 26 33 714 35 19 21 21 22 77 233 248 21 28 19 1234 16 66 15486
internal_value=-0.00236493 -0.00093605 0.00661392 -0.0011552 -0.000195893 -0.000530854 0.00158313 0.00446995 -0.00186652 0.00212185 0.000182926 -0.0017785 -0.00207223 -0.000773573 -0.00200878 -0.000291165 -0.00212864 -0.00219961 -0.00227339 -0.00234951 -0.00106939 -0.00248553 -0.00189681 0.000507518 -0.00225637 0.00566024 -0.00249662 -0.00223847 -0.0025 -0.0025
internal_weight=17990.7 1400.3 39.5 1360.8 579.4 551 204.5 119.8 781.4 95.2 61.5 346.5 303.9 75.3 763.4 49.8 713.6 699.1 684 664.5 69.9 16590.4 306.7 39.9 266.8 33.7 16283.7 210.3 16073.4 15994
internal_count=18917 1563 43 1520 572 540 253 148 948 120 79 287 253 59 934 60 874 855 834 813 99 17354 319 43 276 41 17035 249 16786 16720
is_linear=0
shrinkage=0.05


Tree=98
num_leaves=31
num_cat=0
split_feature=13 29 30 8 2 0 30 30 29 30 0 9 7 2 30 1 1 30 10 7 6 4 6 13 29 30 6 4 4 7
split_gain=1.59019 0.489429 0.495511 0.616685 0.559649 0.548618 0.44322 0.469255 0.400616 0.335884 0.592619 0.216619 0.351422 0.409642 0.189199 0.183475 0.166512 0.0988642 0.17259 0.0818773 0.164413 0.0625206 0.0602236 0.0508578 0.0769472 0.412793 0.0402309 0.0384194 0.0227975 0.0913502
threshold=2.4458333253860478 35.016698837280281 -81.127079010009751 3.5000000000000004 -1.2053183317184446 1.6583333015441897 -79.203132629394517 -78.934486389160142 36.020755767822273 -121.73250198364256 6.3083331584930429 107.25000000000001 0.21041666716337207 -2.2559653520584102 -79.203132629394517 9.6083335876464862 5.5369048118591317 -79.256778717041001 57.576387405395515 0.31874999403953558 0.87291666865348827 1.3491666913032534 4.7312500476837167 5.1291666030883798 36.658319473266609 -118.89915084838866 0.95624998211860668 3.3831250667572026 9.4195833206176776 0.90208330750465404
decision_type=2 2 2 2 2 2 2 2 2 2 2 2 2 2 2 2 2 2 2 2 2 2 2 2 2 2 2 2 2 2
left_child=1 -1 9 11 5 -5 -7 16 -9 10 -3 12 -4 19 -15 21 -8 18 -13 20 -14 -11 28 24 25 -2 -27 -12 -23 -30
right_child=23 2 3 4 -6 6 7 8 -10 15 27 17 13 14 -16 -17 -18 -19 -20 -21 -22 22 -24 -25 -26 26 -28 -29 29 -31
leaf_value=0.00016494761421860795 2.7192588034447521e-06 0.00042481867156252129 0.0027595513923866278 0.0006897360977090772 -0.031751715319382895 -0.021102555891007915 0.0020016725207247454 -0.028627821572591812 0.0028340656616941962 0.00032640883899052179 9.9006656446576362e-07 0.00096396729010037041 0.0011863874894034066 0.0014365653897110975 -0.0079034982727109581 8.3730758567421483e-07 0.0012709616846668049 -0.00011207209134335936 -0.0028190157505729855 -5.9536578590363141e-05 -0.036863479078178295 0 0.00072800041513078069 0 0 -9.4408909101506572e-08 -4.5467442202149711e-05 0 -0.00036712762609030793 0.00023861209506342851
leaf_weight=18.999999523162842 25.599999189376831 25.39999908208847 16.899999856948853 24.499999761581421 40.499999284744263 29.999999403953552 21.099999725818634 28.999999403953552 17.099999904632568 21.499999403953552 25.199999153614044 16.399999916553497 17.099999845027924 14.999999880790709 27.399999558925629 25.699999332427979 20.099999785423279 164.99999749660492 23.099999606609344 90.899998426437378 23.699999570846558 604.99998331069946 23.399999141693115 16108.799716830254 257.39999210834503 25.099999487400055 126.59999799728394 33.799998760223389 41.999999284744263 13.899999737739561
leaf_count=16 20 20 21 27 57 38 25 38 19 17 20 20 21 18 36 21 23 220 33 117 31 606 18 16900 212 29 164 26 60 19
internal_value=-0.00234407 -0.000733879 -0.000842542 0.000277777 0.00268376 0.00416432 0.00274297 0.00454467 0.00107918 -0.00163592 0.00135071 -0.000831227 0.000379581 -0.000288628 0.00398585 -0.00198052 0.00842233 -0.0019621 0.00028481 -0.00166477 0.000196078 -0.00213162 -0.00221504 -0.00248156 -0.0019479 -0.00114636 -0.00213744 -0.00139831 -0.0023033 -0.00133721
internal_weight=17956.2 1412.7 1393.7 577.8 182.3 141.8 117.3 87.3 46.1 815.9 84.4 395.5 191 174.1 42.4 731.5 41.2 204.5 39.5 131.7 40.8 705.8 684.3 16543.5 434.7 177.3 151.7 59 660.9 55.9
internal_count=18892 1567 1551 744 227 170 143 105 57 807 66 517 244 223 54 741 48 273 53 169 52 720 703 17325 425 213 193 46 685 79
is_linear=0
shrinkage=0.05


Tree=99
num_leaves=31
num_cat=0
split_feature=13 8 2 8 29 30 4 1 3 30 2 2 3 5 10 30 4 4 2 2 0 13 3 3 4 3 4 4 1 11
split_gain=2.38695 0.990172 1.62728 2.33155 0.852902 0.672027 0.647593 0.532425 0.440598 0.292754 0.261226 0.979987 1.02131 0.232964 0.110419 0.162732 0.108558 0.416202 0.188056 0.121374 0.0934799 0.188706 0.0779833 0.0727018 0.0610615 0.056178 0.0389544 0.0311763 0.0870224 0.0308036
threshold=2.4458333253860478 3.5000000000000004 -2.7638716697692867 4.5000000000000009 35.648420333862312 -79.16057968139647 2.648749947547913 9.4163694381713885 1.3724305629730227 -78.934486389160142 -6.3630564212799063 -6.6497280597686759 2.9120832681655888 0.77739989757537853 59.951387405395515 -78.719924926757798 4.834583282470704 4.8570833206176767 2.1220626831054692 -2.9038690328598018 7.226388931274415 4.2395834922790536 2.4611805677413945 3.4994443655014043 5.2410416603088388 2.4215972423553471 4.3485417366027841 9.4195833206176776 3.2607142925262456 -5.8222222328186026
decision_type=2 2 2 2 2 2 2 2 2 2 2 2 2 2 2 2 2 2 2 2 2 2 2 2 2 2 2 2 2 2
left_child=1 7 3 -3 -5 22 -7 10 -4 -8 11 24 -13 29 16 27 18 -18 23 -19 21 26 -6 -12 -1 -23 -2 -16 -29 -10
right_child=20 2 8 4 5 6 9 -9 13 -11 14 12 -14 -15 15 -17 17 19 -20 -21 -22 25 -24 -25 -26 -27 -28 28 -30 -31
leaf_value=-2.8959491828621685e-05 8.0931473564832546e-05 0.0006644480381325712 0.00031008839704099733 0.0009612904399068867 -5.7303547754236076e-05 0.00086028409236844081 0.001194881796624282 9.4056323624025495e-07 -0.0059986868048922497 -5.1886002445278305e-05 -5.7191634914577349e-06 0.0026215738227672982 -1.9682140699560674e-05 0.00029056585531682112 0 0.00024019845878589597 0.0011254484562131962 1.8843103277632265e-07 0.0013647371202255454 -1.5106367623175783e-05 0 0.00055332744282738939 0.00076183596951686641 6.9041516227269514e-05 0.00023288211403371673 -4.7321280461564823e-05 0.0011320513461617555 -0.00055517066655993725 0.00022668149031025432 -2.8877326874099851e-07
leaf_weight=89.499997854232788 20.399999678134918 24.099999666213989 22.599999308586121 17.099999845027924 56.099998831748962 16.899999856948853 23.899999737739563 19.599999487400055 14.69999974966049 30.399999439716339 160.39999610185623 18.599999845027924 22.499999701976776 36.299999296665192 450.4999880194664 26.499999701976776 16.099999845027924 30.0999995470047 20.199999749660492 52.19999897480011 16350.099713265896 18.999999701976776 16.699999630451202 20.59999942779541 16.699999868869781 142.19999784231186 18.799999833106995 34.999999403953552 13.899999737739561 178.99999570846558
leaf_count=101 20 25 18 17 63 19 27 16 21 38 176 22 27 37 469 35 19 37 26 70 17061 24 21 20 21 182 22 50 19 202
internal_value=-0.00230618 -0.000346456 0.00163431 0.00519438 0.00302452 0.00177083 0.00522472 -0.00122027 -0.000975852 0.00256446 -0.00138466 0.000554989 0.0071107 -0.00163044 -0.00173077 -0.00216724 -0.00096462 0.000396341 -0.00163022 -0.00104192 -0.00247553 -0.0014022 -0.00160714 -0.00214088 -0.00198211 -0.00215881 0.00170918 -0.00236984 -0.00117076 -0.00231931
internal_weight=17980.7 1430.2 437.8 185.2 161.1 144 71.2 992.4 252.6 54.3 972.8 147.3 41.1 230 825.5 525.9 299.6 98.4 201.2 82.3 16550.5 200.4 72.8 181 106.2 161.2 39.2 499.4 48.9 193.7
internal_count=18905 1596 488 210 185 168 84 1108 278 65 1092 171 49 260 921 573 348 126 222 107 17309 248 84 196 122 206 42 538 69 223
is_linear=0
shrinkage=0.05


Tree=100
num_leaves=31
num_cat=0
split_feature=13 29 0 29 29 12 9 29 29 4 30 10 5 5 30 2 5 5 1 0 10 10 0 6 9 5 4 1 29 30
split_gain=1.59298 0.54795 0.550588 0.837437 0.9086 0.362989 1.03478 0.767925 0.500877 0.333687 0.468319 0.241473 0.161474 0.265141 0.541161 0.159152 0.132275 0.353352 0.127175 0.223605 0.0802873 0.1826 0.0691813 0.0670766 0.181554 0.0661794 0.0367524 0.0476123 0.00321781 0.0599737
threshold=4.2395834922790536 35.016698837280281 6.6402776241302499 41.806915283203132 40.93249702453614 -0.94374999403953541 97.604167938232436 37.876699447631843 35.672292709350593 3.0664583444595341 -79.114654541015611 12.354166507720949 0.41615864634513861 0.27777157723903662 -79.08282089233397 -0.055395962670445435 0.24162441492080691 0.1828102841973305 5.5369048118591317 8.9152779579162615 44.215276718139656 43.284723281860359 7.226388931274415 1.0645833611488345 88.520832061767592 0.84548583626747142 8.9279165267944354 17.766667366027836 34.40844917297364 -118.89915084838866
decision_type=2 2 2 2 2 2 2 2 2 2 2 2 2 2 2 2 2 2 2 2 2 2 2 2 2 2 2 2 2 2
left_child=1 -1 3 4 5 9 7 -7 -8 10 -3 -4 13 -10 -15 -6 17 -5 19 -13 21 22 -20 -11 -25 -22 28 -28 29 -2
right_child=26 2 11 16 15 6 8 -9 12 23 -12 18 -14 14 -16 -17 -18 -19 20 -21 25 -23 -24 24 -26 -27 27 -29 -30 -31
leaf_value=5.1730507381956241e-05 0 -2.4947755095061642e-05 3.3053623824307427e-05 -0.0049509076209982008 0.00067951913956537657 0.002490495131628934 0.00091522995931858024 0.00021534741579474215 -5.9365191668679698e-05 -0.0002626679870579798 0.0006475196046755588 -4.5396671950084743e-05 -5.8801290118407246e-05 0.0015410377845937575 -0.00021764326849407214 0.00040357773798439523 -0.0015934212780880459 6.5589440415908534e-05 0.00072374417104102424 0.00062503673712997667 0 0.0010754487788536659 0 0.0018418448048572956 -0.00021893992953040737 8.8733974251686831e-07 -7.3665721581384075e-05 0.0013990633340836057 0 0
leaf_weight=30.099999129772186 26.699999213218689 23.399999380111694 38.599999010562897 32.299999475479126 18.49999988079071 16.899999916553497 31.499999701976776 20.799999475479126 31.299999237060547 113.79999804496765 28.899999618530273 37.89999932050705 67.699998557567596 20.29999965429306 18.499999701976776 15.099999785423277 255.09999567270279 14.299999773502348 19.799999535083771 30.399999558925629 646.09998089075089 20.899999678134918 84.699997901916504 17.399999678134918 32.699999332427979 24.599999248981476 18.399999737739563 14.299999833106993 15681.499731481075 481.99998867511749
leaf_count=25 21 22 36 45 21 19 39 22 27 148 35 47 75 23 25 19 363 19 20 38 589 23 79 20 41 22 24 17 16537 434
internal_value=-0.00234035 -0.000880232 -0.00100135 -8.24058e-06 0.00134194 0.00071361 0.00221014 0.00970159 0.000541937 -0.000719242 0.00275813 -0.00183555 -0.000758346 0.00092368 0.00368557 0.00925595 -0.00205254 0.000396995 -0.00200833 6.22248e-05 -0.00218597 -0.00102472 -0.00187799 -0.00182886 -0.000304392 -0.00240309 -0.0024926 -0.000818043 -0.00249599 -0.00237222
internal_weight=17914.5 1691.6 1661.5 758.5 456.8 423.2 207 37.7 169.3 216.2 52.3 903 137.8 70.1 38.8 33.6 301.7 46.6 864.4 68.3 796.1 125.4 104.5 163.9 50.1 670.7 16222.9 32.7 16190.2 508.7
internal_count=18875 1842 1817 963 536 496 230 41 189 266 57 854 150 75 48 40 427 64 818 85 733 122 99 209 61 611 17033 41 16992 455
is_linear=0
shrinkage=0.05


Tree=101
num_leaves=31
num_cat=0
split_feature=13 5 0 9 11 0 0 11 12 4 5 8 6 5 12 9 29 1 11 5 29 2 8 7 6 1 29 0 0 0
split_gain=1.36181 0.481444 1.13016 0.453901 0.924357 0.422844 0.638848 0.609403 0.937909 1.39323 1.30231 0.242808 0.306614 0.454351 0.177335 0.0784508 0.176657 0.0776038 0.193212 0.0579855 0.0492321 0.0394548 0.0382137 0.249911 0.107719 0.0143528 0.113679 0.0541466 7.10543e-15 4.44089e-16
threshold=3.1458333730697636 0.76805487275123607 8.405555725097658 100.23611068725587 2.8986110687255864 6.6402776241302499 3.3368055820465092 -0.3763888925313949 7.0187501907348642 3.2568750381469731 0.4086491614580155 1.0000000180025095e-35 1.2729166746139529 0.68233004212379467 7.6270833015441903 91.423610687255874 36.33385086059571 5.5369048118591317 5.1069443225860605 0.045622861012816436 35.661382675170906 -4.8566122055053702 3.5000000000000004 0.052083333954215057 0.52291664481163036 9.4163694381713885 35.61804389953614 12.089582920074465 28.102083206176761 31.020138740539554
decision_type=2 2 2 2 2 2 2 2 2 2 2 2 2 2 2 2 2 2 2 2 2 2 2 2 2 2 2 2 2 2
left_child=1 5 3 4 -3 6 20 8 9 -8 -11 12 13 -9 17 16 -13 18 -7 -19 -1 -5 -22 -24 -25 26 -2 -28 -27 -30
right_child=25 2 -4 21 -6 14 7 11 -10 10 -12 15 -14 -15 -16 -17 -18 19 -20 -21 22 -23 23 24 -26 28 27 -29 29 -31
leaf_value=0.00087099153466440042 1.3593880650308865e-06 0.00024366158231720059 6.047217701313779e-05 -7.8376864529225382e-06 -2.6130768433063612e-05 -5.0911354539369848e-05 -9.4959599018366875e-05 0.0032671832841320914 -6.4134433341204574e-05 0.0019641770177868793 1.4013268950108238e-05 -0.00015873389437506445 -0.00012120345058723725 -0.0039834616526675803 2.2326727902288108e-07 -7.5956198291826023e-05 0.00063003404957942544 0.001021676339910982 0.00063363246838570313 0 -0.00030880364880638879 -4.0978824998429069e-05 -0.0001902376276198825 -0.031744900848301442 0.0017497525646144318 0 0 8.9819415227121455e-07 0 0
leaf_weight=16.899999797344208 13.499999701976774 18.099999785423279 26.599999308586121 23.599999666213989 22.399999380111694 41.599999248981476 33.199999213218689 21.899999678134918 37.299999237060547 31.799999713897705 17.099999606609344 28.499999701976776 25.099999308586121 24.799999594688416 27.699999570846558 89.899998307228088 19.399999558925629 20.199999690055847 20.099999666213989 611.4999828338623 178.69999688863754 78.79999840259552 110.49999797344208 15.599999725818636 14.599999725818632 15003.399737119675 357.09999305009842 21.099999666213989 791.6999876499176 160.79999619722366
leaf_count=21 15 19 22 28 22 52 38 25 41 34 21 35 25 32 25 115 22 24 25 573 245 98 145 22 18 15746 409 27 783 132
internal_value=-0.00235813 -0.000944631 0.0015708 -0.000190693 0.00429012 -0.00125216 -0.000343079 0.0012234 0.00407454 0.00706151 0.0124284 -0.000400764 0.00195682 0.00435225 -0.0020909 -0.00162917 5.21853e-06 -0.00224762 -0.000555106 -0.00241293 -0.00187556 -0.00196289 -0.00201472 -0.00139837 0.00263245 -0.00249266 -0.00219364 -0.00235457 -0.0025 -0.0025
internal_weight=17903.5 1555.9 169.5 142.9 40.5 1386.4 665.3 329 119.4 82.1 48.9 209.6 71.8 46.7 721.1 137.8 47.9 693.4 61.7 631.7 336.3 102.4 319.4 140.7 30.2 16347.6 391.7 378.2 15955.9 952.5
internal_count=18839 1727 189 167 41 1538 839 388 134 93 55 254 82 57 699 172 57 674 77 597 451 126 430 185 40 17112 451 436 16661 915
is_linear=0
shrinkage=0.05


Tree=102
num_leaves=31
num_cat=0
split_feature=0 9 5 6 10 10 6 0 29 1 29 11 11 10 10 4 5 29 9 0 6 1 10 29 29 2 11 5 0 0
split_gain=1.13098 1.19923 0.795985 0.739908 0.563049 0.572084 0.444558 0.260493 0.495241 0.189423 0.507817 0.337802 0.352865 0.0906191 0.0604361 0.0593541 0.0532512 0.115528 0.107013 0.0464832 0.0320884 0.0388336 0.0861939 0.261392 0.0114441 0.05088 0.00847827 0.0718931 7.10543e-15 4.44089e-16
threshold=5.8770833015441903 107.25000000000001 0.76805487275123607 0.77708330750465404 45.576387405395515 51.493055343627937 2.8229167461395268 3.6458333730697636 35.725976943969734 9.4163694381713885 35.016698837280281 -0.75486111640930165 -1.920138895511627 6.5763890743255624 84.409721374511733 9.4195833206176776 0.3787550032138825 36.046298980712898 237.25694274902347 12.089582920074465 4.9354166984558114 9.0982146263122576 49.479166030883796 35.79699897766114 35.674556732177741 1.0916795730590823 -0.57430556416511525 0.70171749591827404 27.450694084167484 29.25555515289307
decision_type=2 2 2 2 2 2 2 2 2 2 2 2 2 2 2 2 2 2 2 2 2 2 2 2 2 2 2 2 2 2
left_child=1 2 3 14 -5 -6 16 -7 -9 10 -2 12 -12 -13 -1 26 17 -3 -19 20 21 24 23 -23 25 -15 27 -11 -28 -30
right_child=9 6 -4 4 5 7 -8 8 -10 15 11 13 -14 19 -16 -17 -18 18 -20 -21 -22 22 -24 -25 -26 -27 28 -29 29 -31
leaf_value=-0.00010683999680305423 0.00012089130623195167 0.00044201257412887062 0.00023147850320134335 -0.0044141755932118115 0.0016622649363837118 -0.000112635303030705 0.00039883903352549435 -2.4730089234532502e-05 0.0019820116893343952 0 -1.6850030298121155e-05 0.0022646668153705088 0.00073954696269523884 -6.7000189145262985e-05 0.00059853234710045562 0.001329110167379427 -0.00019949116529871365 -5.4721479717298051e-05 -0.030607617257268752 8.5328444465737618e-07 0 -9.1613791213653831e-05 0 0.00052566107068601766 0 0.0010691760334025358 0 1.0751299851508023e-07 0 0
leaf_weight=71.399998903274536 23.09999942779541 26.599999666213989 18.299999892711639 25.899999558925629 21.199999809265137 25.499999523162842 13.599999666213987 29.199999570846558 26.499999642372131 175.8999952673912 25.499999463558197 11.69999974966049 29.999999463558197 75.49999862909317 16.299999713897705 20.299999713897705 304.79999482631683 116.99999749660492 16.099999725818634 21.199999690055847 40.29999852180481 27.899999558925629 73.599997878074646 14.499999701976774 795.09998065233231 18.999999701976776 14590.599746406078 20.999999701976776 905.09998822212219 438.99999040365219
leaf_count=94 21 34 23 33 24 31 16 38 31 163 29 11 36 93 21 25 416 140 23 26 31 35 64 15 813 24 15278 20 957 390
internal_value=-0.00236794 -0.000415498 0.00251494 0.00166667 0.00408613 0.00575195 -0.0018516 0.00384236 0.00575853 -0.00244829 -0.0018304 -0.00197986 0.00182432 -0.00217557 -0.00187286 -0.00249257 -0.00211249 -0.00137289 -0.00197408 -0.00222355 -0.00227053 -0.00232598 -0.00146552 0.000330188 -0.00243818 -0.00191799 -0.00249597 -0.00216988 -0.0025 -0.0025
internal_weight=18021.7 712.4 234.3 216 128.3 102.4 478.1 81.2 55.7 17309.3 1157.4 1134.3 55.5 1078.8 87.7 16151.9 464.5 159.7 133.1 1067.1 1045.9 1005.6 116 42.4 889.6 94.5 16131.6 196.9 15934.7 1344.1
internal_count=18955 924 295 272 157 124 629 100 69 18031 1198 1177 65 1112 115 16833 613 197 163 1101 1075 1044 114 50 930 117 16808 183 16625 1347
is_linear=0
shrinkage=0.05


Tree=103
num_leaves=31
num_cat=0
split_feature=13 30 29 6 6 4 6 12 1 6 2 7 0 11 2 13 4 4 30 4 6 2 30 10 6 1 11 1 9 4
split_gain=1.41666 0.798009 0.712122 0.926733 1.00777 1.25191 0.565383 0.298661 0.706219 0.270451 0.269949 0.0976906 0.138865 0.358794 0.10401 0.12505 0.0714186 0.0738652 0.150945 0.0534104 0.0516635 0.047246 0.0513118 0.243747 0.025411 0.0242765 0.0468221 0.0102684 0.0495511 0.0206814
threshold=2.7437499761581425 -76.660556793212876 36.361949920654304 0.45208333432674414 0.16458333283662799 3.5127083063125615 0.027083333581686023 6.6395833492279062 4.9166665077209482 4.7312500476837167 1.9976060986518862 0.21041666716337207 3.3368055820465092 -0.24305555224418637 0.025129399262368683 2.4458333253860478 1.3491666913032534 9.4195833206176776 -86.771537780761705 9.4195833206176776 0.11458333209156991 4.5953156948089608 -81.127079010009751 87.048610687255874 0.97708335518836986 9.2747025489807147 3.7333333492279057 9.4163694381713885 214.04166412353518 2.8297916650772099
decision_type=2 2 2 2 2 2 2 2 2 2 2 2 2 2 2 2 2 2 2 2 2 2 2 2 2 2 2 2 2 2
left_child=1 2 3 4 6 -6 -1 10 -9 16 11 12 -5 -14 -13 -16 -4 21 -19 27 -8 22 25 -24 -20 -18 -27 28 29 -2
right_child=19 -3 9 7 5 -7 20 8 -10 -11 -12 14 13 -15 15 -17 17 18 24 -21 -22 -23 23 -25 -26 26 -28 -29 -30 -31
leaf_value=0.00047344426932950754 -2.6388250762496561e-06 0.0001005833950793278 3.9456933661807803e-05 -0.0010380144167022266 0.00097325127199812678 0.00065057961435420757 -2.3801772583187388e-05 -0.00016175956973562002 0.0012826637976555422 0.00049758824296009527 0.0012176543501369256 -4.1249281052702667e-05 0.001863697762370583 -6.946372653415869e-05 0.0010157172317324104 -9.2108480001151802e-05 0 9.6148874468464113e-05 -4.8398393449331119e-05 -0.00041675839637171316 0.00079526035010382137 0.0027785608089032189 -0.0099001977572752784 0.00066068682911963889 -0.00074620851137625639 2.7479481062298031e-07 -2.7426715853984265e-08 0 8.106202224245074e-07 0
leaf_weight=29.399999618530273 51.599998772144318 27.199999868869781 18.099999487400055 38.499999344348907 17.399999916553497 22.29999965429306 43.799999177455902 20.599999606609344 15.599999845027922 20.799999237060547 26.79999965429306 213.4999965429306 27.599999666213989 28.899999499320984 19.499999761581421 19.799999713897705 646.79998171329498 15.999999701976774 13.999999761581419 22.499999642372131 16.899999678134918 20.899999678134918 59.299998939037323 15.699999809265135 37.099999368190765 22.999999344348907 40.399998903274536 15968.199720203876 21.099999666213989 385.49999266862869
leaf_count=34 50 32 15 47 18 27 52 28 18 16 34 271 34 35 25 26 628 22 20 29 21 27 81 21 53 20 32 16660 25 455
internal_value=-0.00235666 -0.000874891 -0.00103377 0.00040418 0.00408706 0.0107242 0.0011626 -0.000759494 0.00357735 -0.00188603 -0.00117859 -0.00155118 -0.000184211 0.0013938 -0.00206487 0.000298982 -0.00201756 -0.002082 -0.000488078 -0.00248997 -0.00159391 -0.00221468 -0.00227713 -0.00103333 -0.00181507 -0.00240848 -0.00147476 -0.0024933 -0.00225993 -0.00237417
internal_weight=17928.8 1479.9 1452.7 540.6 129.8 39.7 90.1 410.8 36.2 912.1 374.6 347.8 95 56.5 252.8 39.3 891.3 873.2 67.1 16448.9 60.7 806.1 785.2 75 51.1 710.2 63.4 16426.4 458.2 437.1
internal_count=18856 1637 1605 670 152 45 107 518 46 935 472 438 116 69 322 51 919 904 95 17219 73 809 782 102 73 680 52 17190 530 505
is_linear=0
shrinkage=0.05


Tree=104
num_leaves=31
num_cat=0
split_feature=13 30 8 10 29 1 30 6 9 8 5 6 6 5 30 13 30 5 30 12 0 30 9 29 1 3 13 9 6 12
split_gain=1.41303 0.611153 0.685704 0.531335 0.429785 0.410475 1.23081 0.302076 0.273473 0.610576 0.333449 0.245132 0.243658 0.185287 0.166181 0.0971211 0.23235 0.0626607 0.0543079 0.0502069 0.0300134 0.144228 0.0553458 0.0251892 0.0217183 0.0576056 0.201244 0.0563277 0.0137034 0.0540214
threshold=2.4458333253860478 -79.28594589233397 3.5000000000000004 64.520832061767592 35.61804389953614 5.5369048118591317 -79.039272308349595 1.0645833611488345 107.25000000000001 1.5000000000000002 0.44604733586311346 4.7312500476837167 1.0562499761581423 0.41093026101589208 -79.002838134765611 1.1916666626930239 -120.93849945068358 0.84548583626747142 -79.234470367431626 6.8604166507720956 5.8770833015441903 -120.85049819946288 97.604167938232436 48.108736038208015 9.4163694381713885 2.4215972423553471 4.6312499046325692 214.04166412353518 4.7312500476837167 -8.9770836830139142
decision_type=2 2 2 2 2 2 2 2 2 2 2 2 2 2 2 2 2 2 2 2 2 2 2 2 2 2 2 2 2 2
left_child=1 4 8 5 -1 7 -7 17 9 10 -3 15 14 -8 -12 20 19 -4 -10 -17 21 -6 -23 -24 25 26 -2 -27 -26 -30
right_child=24 2 3 -5 11 6 13 -9 18 -11 12 -13 -14 -15 -16 16 -18 -19 -20 -21 -22 22 23 -25 28 27 -28 -29 29 -31
leaf_value=6.618417732044968e-05 -2.9344537136936037e-06 -8.5491231506985483e-05 -0.019749308137840212 0.00057827863149994554 6.3223464236190764e-05 0.00092458870839822187 -0.00021446216422307265 0.0024565926054650579 0.00085724205005984768 0.0012185306077727666 0.0029438408179519207 0.00047270883081209085 0.00096493137014578851 0.00065873461828295328 -0.00031585182662358102 0 2.3827575356141684e-05 0.00075549733259863141 -0.00014051921079109099 2.6105507009432929e-07 0 9.27993900637858e-05 -0.00071219709073057922 -0.0016179844672495882 0 0 0.0004995099584055307 7.700892113049474e-07 0.0012834925788290374 0
leaf_weight=25.399999260902405 52.899998486042023 91.499998331069946 52.19999897480011 17.199999749660492 35.399998843669891 18.099999845027924 21.299999713897705 21.699999630451202 19.699999809265137 27.599999785423279 16.79999977350235 22.099999189376831 16.499999821186066 26.299999713897705 22.899999737739563 78.099997282028198 31.699999153614044 14.999999880790709 150.399997651577 25.399999260902405 367.99998807907104 18.799999713897705 264.39999544620514 18.199999690055847 15977.199720978737 428.19999217987061 20.599999606609344 20.499999642372131 17.799999892711639 68.899998962879181
leaf_count=20 45 119 68 20 28 21 27 25 25 34 22 17 21 33 29 61 29 18 200 20 302 26 372 26 16648 506 24 25 20 77
internal_value=-0.00235326 -0.000830605 0.000535576 0.003117 -0.00162676 0.00218952 0.00518645 -2.53099e-05 -0.000748408 0.000637478 -0.000638118 -0.00181563 0.00239324 0.000966386 0.00027078 -0.00195238 -0.000724853 -0.00168155 -0.00217666 -0.00187198 -0.00218786 -0.00184679 -0.00220139 -0.00237615 -0.00248221 -0.00216488 -0.000867348 -0.00237742 -0.00249253 -0.00186563
internal_weight=17990.8 1404.7 517.2 171.8 887.5 154.6 65.7 88.9 345.4 175.3 147.7 862.1 56.2 47.6 39.7 840 135.2 67.2 170.1 103.5 704.8 336.8 301.4 282.6 16586.1 522.2 73.5 448.7 16063.9 86.7
internal_count=18908 1563 662 212 901 192 81 111 450 225 191 881 72 60 51 864 110 86 225 81 754 452 424 398 17345 600 69 531 16745 97
is_linear=0
shrinkage=0.05


Tree=105
num_leaves=31
num_cat=0
split_feature=0 9 29 29 30 10 29 9 13 11 30 30 4 12 29 6 30 4 10 6 7 7 11 30 5 4 4 6 0 11
split_gain=1.48042 1.47096 1.64822 0.787392 0.600115 1.97376 0.842339 0.342824 0.262822 0.259047 0.241569 0.205008 0.118021 0.116151 0.100823 0.0963709 0.094432 0.121238 0.135181 0.0654155 0.0619196 0.0870307 0.0613012 0.0491762 0.140388 0.0488457 0.0287779 0.105854 0.00829303 0.0674143
threshold=5.8770833015441903 107.25000000000001 35.906902313232429 42.026338577270515 -78.83605575561522 83.173610687255874 38.768741607666023 95.770832061767592 2.7437499761581425 -0.57430556416511525 -97.264274597167955 -79.03228378295897 3.3831250667572026 7.6270833015441903 35.741001129150398 2.8770833015441899 -120.45205307006835 1.9399999976158144 81.270832061767592 1.0645833611488345 1.0562499761581423 1.0895833373069765 8.6298608779907244 -78.72967147827147 0.38140359520912176 9.4195833206176776 9.4195833206176776 0.97708335518836986 6.8756945133209237 1.1972222328186037
decision_type=2 2 2 2 2 2 2 2 2 2 2 2 2 2 2 2 2 2 2 2 2 2 2 2 2 2 2 2 2 2
left_child=1 2 7 4 5 -4 -6 19 9 10 -2 12 -9 16 -3 23 22 -18 20 -1 -19 -22 -11 26 -25 28 -16 -28 29 -10
right_child=8 14 3 -5 6 -7 -8 11 25 13 -12 -13 -14 -15 15 -17 17 18 -20 -21 21 -23 -24 24 -26 -27 27 -29 -30 -31
leaf_value=-0.015379473746770842 -1.3739740534202128e-08 0.00036403631669270806 0.001157604077384128 -0.032160312656135205 -0.035751289935184748 0.00037794917948777391 0.00042089076439716936 0.0013420190673293143 -4.6656276096515864e-05 0 0.00078416064765793932 0.0027966487770543225 -0.00028130796646302914 1.3436806215674426e-07 -0.00010730574597536314 0.00033038222816061393 4.5851794332699191e-05 -5.2818133449182201e-05 8.7299871999109203e-07 0.0015082227801263893 -0.00016154377814878293 -0.0045503422690876373 -4.4534806958099728e-14 0.00212677878436661 -0.0063972579425769678 -0.0011029777476024036 -1.0368619240335597e-05 -0.000616326143860516 0 0.00047453446048525418
leaf_weight=83.999998569488525 18.899999499320984 31.999999642372131 17.399999916553497 14.69999974966049 23.999999582767487 22.799999713897705 16.899999976158142 18.099999785423279 123.39999794960022 430.89998584985733 30.599999666213989 15.999999821186064 14.299999773502348 33.399999260902405 307.69999402761459 14.199999630451201 26.399999380111694 150.9999977350235 28.599999487400055 15.599999725818632 28.099999606609344 28.699999451637268 25.999999046325684 15.499999761581419 31.699999451637268 24.499999642372131 13.999999761581419 43.399999260902405 16238.399716258049 15.89999997615814
leaf_count=112 17 40 18 21 32 28 17 23 158 337 38 20 19 32 403 16 26 186 32 18 37 39 20 21 43 31 20 62 16976 17
internal_value=-0.0023509 -0.000100741 0.00303732 0.00814718 0.0100771 0.0144154 0.00581296 -0.000270271 -0.00244275 -0.00155931 0.00194444 0.00318182 0.000895061 -0.0017896 -0.00176936 -0.00197245 -0.00192337 -0.00116819 -0.00152707 -0.00194779 -0.00197065 -0.000563381 -0.00235774 -0.00211193 -0.000593221 -0.00248598 -0.00230827 -0.00128049 -0.00248932 -0.00210517
internal_weight=17907.1 702.3 243.8 95.8 81.1 40.2 40.9 148 17204.8 802.6 49.5 48.4 32.4 753.1 458.5 426.5 719.7 262.8 236.4 99.6 207.8 56.8 456.9 412.3 47.2 16402.2 365.1 57.4 16377.7 139.3
internal_count=18859 913 308 116 95 46 49 192 17946 764 55 62 42 709 605 565 677 320 294 130 262 76 357 549 64 17182 485 82 17151 175
is_linear=0
shrinkage=0.05


Tree=106
num_leaves=31
num_cat=0
split_feature=1 29 2 29 0 6 5 29 5 6 29 29 11 0 9 10 29 11 9 5 5 29 29 4 29 1 5 1 1 3
split_gain=1.84211 1.15162 0.427569 1.16215 0.948031 1.23085 0.265417 0.993636 0.609725 0.388109 0.803182 0.384799 0.351471 0.163186 0.750803 1.03277 0.431699 0.219385 0.424379 0.133383 0.142754 0.0796521 0.161277 0.0465126 0.0364486 0.0350721 0.0407188 0.0187677 0.0543472 0.182154
threshold=8.6630954742431658 34.967180252075202 -2.7961827516555782 40.186811447143562 5.8770833015441903 0.44374999403953558 0.37171608209609991 36.33385086059571 0.30074608325958258 1.1645833253860476 35.882707595825202 35.789690017700202 5.558333396911622 6.5298612117767343 97.604167938232436 79.576389312744155 35.79699897766114 -5.8222222328186026 213.22222137451175 0.67896661162376415 0.72780910134315502 35.680410385131843 35.661382675170906 9.4195833206176776 35.868141174316413 0.48839284479618078 0.41615864634513861 9.4163694381713885 9.2747025489807147 2.4215972423553471
decision_type=2 2 2 2 2 2 2 2 2 2 2 2 2 2 2 2 2 2 2 2 2 2 2 2 2 2 2 2 2 2
left_child=1 -1 3 6 5 -5 7 8 9 10 -3 -10 19 14 15 -4 -16 18 -18 25 -21 22 -15 27 -22 26 -8 28 -2 -30
right_child=23 2 13 4 -6 -7 12 -9 11 -11 -12 -13 -14 21 16 -17 17 -19 -20 20 24 -23 -24 -25 -26 -27 -28 -29 29 -31
leaf_value=0.00061023839078676041 0 -7.0710268821437962e-05 9.4020354487249732e-05 2.3727414717898232e-05 -2.6348895434158417e-05 0.0011393563525151252 0.00079617813172221943 0 0.00067381271600361337 -3.6027605331367625e-05 0.0004385282821992853 0.001098539398263379 5.8859302405160534e-07 -6.5278509402181645e-05 0.0026568163382016067 -0.00022087027532387006 -0.00017737870167712597 -0.00031710333133123936 0.00030403700134391392 0.002094817811818256 0.00069952065013406672 0 0.00092476199054594146 -0.00043752240346841875 -5.4332053168848489e-06 -1.0657241650809018e-05 -0.023385041952131116 0 1.812663044283285e-08 0
leaf_weight=16.899999618530273 217.39999490976334 30.199999392032623 23.199999570846558 22.499999761581421 20.0999995470047 21.79999977350235 15.099999845027925 120.19999635219574 15.499999940395353 34.799999356269836 19.099999785423279 22.099999785423279 26.299999177455902 34.099999368190765 20.79999977350235 22.199999511241913 25.899999558925629 333.69999402761459 15.899999678134916 16.099999725818634 18.599999845027924 380.59999024868011 19.199999809265137 25.699999690055847 23.699999272823334 247.99999570846558 15.599999725818632 16071.599719882011 22.499999284744263 55.499998688697815
leaf_count=17 232 38 24 29 25 22 19 98 19 44 23 27 21 41 26 26 37 455 21 19 22 382 24 33 23 288 22 16748 19 55
internal_value=-0.00232902 -0.000688453 -0.000830422 0.000120576 0.00650621 0.0105925 -0.000558814 0.000724472 0.0039092 0.00154281 0.00439655 0.00920213 -0.00141304 -0.00155779 -0.000881255 0.00520925 -0.00157898 -0.00196738 0.00144737 -0.00184738 0.000325342 -0.00224649 -0.000436211 -0.00248536 -0.00119976 -0.00230266 -0.00070847 -0.0024887 -0.00209377 -0.000961539
internal_weight=17954.9 1562.2 1545.3 669.7 64.4 44.3 605.3 241.9 121.7 84.1 49.3 37.6 363.4 875.6 441.7 45.4 396.3 375.5 41.8 337.1 58.4 433.9 53.3 16392.7 42.3 278.7 30.7 16367 295.4 78
internal_count=18879 1792 1775 739 76 51 663 249 151 105 61 46 414 1036 589 50 539 513 58 393 64 447 65 17087 45 329 41 17054 306 74
is_linear=0
shrinkage=0.05


Tree=107
num_leaves=31
num_cat=0
split_feature=1 11 9 11 11 1 12 11 4 30 9 6 7 2 6 12 4 5 2 2 1 4 1 2 30 5 6 9 2 29
split_gain=1.77422 0.504426 1.2399 1.24404 1.15125 0.331813 0.550534 0.614392 0.266746 0.228226 0.185056 0.453267 0.152403 0.367989 0.143268 0.141797 0.113655 0.0745865 0.0683362 0.0672719 0.0550468 0.0490883 0.0486543 0.113613 0.383324 0.0398354 0.167348 0.0307018 0.0288724 0.122454
threshold=8.0916666984558123 1.5944444537162783 91.423610687255874 -2.6854166984558101 0.72500002384185802 6.6476190090179452 3.9937499761581425 -0.3763888925313949 3.5291665792465214 -121.7485008239746 107.25000000000001 0.97708335518836986 0.031250000931322582 -2.7638716697692867 3.7166665792465214 -7.8187499046325675 10.154375076293947 0.66561833024024974 -8.3707818984985334 4.8051371574401864 5.9821429252624521 9.4195833206176776 8.6630954742431658 -3.0950828790664668 -120.76050186157225 0.38140359520912176 1.2854166626930239 241.56250000000003 1.1468426585197451 35.79699897766114
decision_type=2 2 2 2 2 2 2 2 2 2 2 2 2 2 2 2 2 2 2 2 2 2 2 2 2 2 2 2 2 2
left_child=1 2 3 -1 15 9 -7 8 -8 -4 11 20 13 -3 18 17 19 -5 -14 25 -11 22 23 24 -2 26 27 -12 -20 -30
right_child=21 12 5 4 -6 6 7 -9 -10 10 16 -13 14 -15 -16 -17 -18 -19 28 -21 -22 -23 -24 -25 -26 -27 -28 -29 29 -31
leaf_value=0.0010823885348893671 0 0.00055060762364938511 0.00029866126668538496 0.0014333445032026105 0.00064012208020343137 -0.00017239048325979451 0.00078422427068224336 0.0019900769212273408 -7.7881414972902363e-05 -0.021744223199955132 -6.4380512972733739e-05 0.0010447969036017524 0.00037052011123827613 -2.6133776123471455e-05 5.8805001941071961e-05 -0.00064896092284624741 3.1051908140622894e-05 -0.017992336181527117 0 0.0026004247360751579 0.00050730412225761243 -0.00037099073292826829 0 -2.0795555012905854e-08 7.3510821413635968e-05 -0.00020195958140152489 0.0021724970660603029 -0.029020406086003449 0.00045432839006710122 -0.00059705425764520342
leaf_weight=17.899999976158142 52.499998331069946 19.999999701976776 19.499999284744263 15.899999737739561 27.299999713897705 40.39999908208847 21.79999965429306 17.999999940395355 19.699999690055847 42.799999177455902 99.999997973442078 24.299999713897705 14.399999916553496 30.099999189376831 34.899998784065247 38.39999920129776 27.299999535083771 22.499999582767487 431.39998930692673 14.099999845027922 15.999999880790709 24.299999713897705 16356.099712193012 170.3999959230423 22.399999499320984 242.79999572038651 21.499999701976776 13.999999761581419 28.399999618530273 72.499998807907104
leaf_count=19 41 22 15 19 31 46 28 20 21 58 124 29 16 29 27 50 39 29 442 19 20 31 17037 180 20 328 27 20 36 99
internal_value=-0.00233946 -0.000613962 0.000268072 0.00487705 0.00278338 -0.000635648 0.0020045 0.00506302 0.00171687 -0.00114063 -0.00134646 0.000809265 -0.00165308 0.000993013 -0.00188102 -0.000351563 -0.00177329 0.00179687 -0.00207929 -0.00199032 -0.00156463 -0.00248226 -0.00248554 -0.00178659 -0.000163552 -0.00211671 -0.00142989 -0.00219298 -0.00217124 -0.00140981
internal_weight=18001.6 1375.9 744.2 122 104.1 622.2 99.9 59.5 41.5 522.3 502.8 83.1 631.7 50.1 581.6 76.8 419.7 38.4 546.7 392.4 58.8 16625.7 16601.4 245.3 74.9 378.3 135.5 114 532.3 100.9
internal_count=18922 1613 942 148 129 794 115 69 49 679 664 107 671 51 620 98 557 48 593 518 78 17309 17278 241 61 499 171 144 577 135
is_linear=0
shrinkage=0.05


Tree=108
num_leaves=31
num_cat=0
split_feature=1 29 9 0 0 1 3 2 7 12 6 11 29 3 29 2 1 3 1 10 4 6 2 12 4 10 1 10 1 1
split_gain=1.85999 0.71639 0.373131 0.954228 0.476818 0.844074 0.879456 0.432336 0.415318 0.344935 0.976711 0.313803 0.273783 0.660117 0.600143 0.190918 0.149533 0.107246 0.156818 0.0891157 0.0731862 0.0642021 0.062963 0.0532171 0.0523285 0.0449477 0.120249 0.0504348 0.0439862 0.127885
threshold=8.6630954742431658 34.941200256347663 102.79166793823244 1.1034722328186037 5.8770833015441903 5.5369048118591317 2.8921527862548833 0.51050722599029552 0.21458333730697635 0.77708330750465404 0.83124998211860668 6.1576390266418466 35.791999816894538 2.8193750381469731 35.640089035034187 -7.1034290790557852 5.6741073131561288 8.2372221946716326 2.4547618627548222 46.548612594604499 7.5889582633972177 1.5062500238418581 5.1153595447540292 16.668750762939457 9.4195833206176776 42.354166030883796 3.9068452119827275 9.0138888359069842 9.4163694381713885 9.2747025489807147
decision_type=2 2 2 2 2 2 2 2 2 2 2 2 2 2 2 2 2 2 2 2 2 2 2 2 2 2 2 2 2 2
left_child=1 -1 3 -3 5 15 8 9 -7 20 -11 12 13 14 -4 -5 -15 22 -19 -16 -6 -12 23 25 28 26 -14 -28 29 -2
right_child=24 2 11 4 7 6 -8 -9 -10 10 21 -13 17 16 19 -17 -18 18 -20 -21 -22 -23 -24 -25 -26 -27 27 -29 -30 -31
leaf_value=0.00052560704450295155 0 0.001028269108144897 -6.0433276631766121e-05 0.00035199410567636203 0 0.0013291935289524231 0.00099255705842166706 1.0397777527870744e-09 -0.0307460920089857 0.00033255669106334296 1.0397777527870744e-09 1.0397777527870744e-09 7.6321855582348408e-05 0.00031081158144437228 0.00052527634018449958 -0.00053866318262620614 -9.1967230975220648e-05 2.9499312733591749e-05 -0.0014803157910574447 0.0010898374518726829 8.6470907808222641e-05 0 0.0024704034992714011 0.00032429832016301897 -0.00030459596293127455 -2.6103864780651586e-05 0.0018905730751659746 -1.3087735157580984e-05 0 0
leaf_weight=14.299999713897703 222.49999457597733 16.599999845027924 18.399999678134918 17.399999856948853 290.39999216794968 24.399999737739563 29.799999713897705 22.799999535083771 26.799999475479126 25.199999451637268 19.799999415874481 16.399999618530273 32.799999296665192 26.199999690055847 19.699999809265137 90.899998426437378 111.29999846220016 14.699999749660494 16.099999725818634 15.799999892711638 21.499999225139618 60.099997937679291 15.499999821186064 18.499999761581421 22.799999713897705 490.39999037981033 20.899999618530273 141.29999667406082 16090.799720048904 78.999998033046722
leaf_count=15 235 18 20 20 268 30 36 26 36 26 20 18 38 34 23 119 145 21 23 20 17 47 19 25 28 628 21 141 16752 76
internal_value=-0.00232199 -0.000704574 -0.000803923 0.000125057 -0.000187173 0.00191099 0.0057716 -0.00109027 0.00179687 -0.00145684 0.00102046 -0.00143006 -0.00154949 0.000138453 0.00482839 -0.000976455 -0.0017 -0.00198014 0.00090909 0.00862676 -0.0022916 -0.00168648 -0.00210384 -0.00217325 -0.00248142 -0.00224468 -0.00160256 -0.00216091 -0.00248475 -0.0018864
internal_weight=18033.1 1618 1603.7 645.7 629.1 189.3 81 439.8 51.2 417 105.1 958 941.6 191.4 53.9 108.3 137.5 750.2 30.8 35.5 311.9 79.9 719.4 703.9 16415.1 685.4 195 162.2 16392.3 301.5
internal_count=18945 1854 1839 663 645 241 102 404 66 378 93 1176 1158 242 63 139 179 916 44 43 285 67 872 853 17091 828 200 162 17063 311
is_linear=0
shrinkage=0.05


Tree=109
num_leaves=31
num_cat=0
split_feature=1 30 6 2 7 5 30 9 30 30 6 5 29 3 3 10 5 30 29 2 3 1 2 30 4 7 1 1 29 29
split_gain=1.69451 0.644552 0.900146 0.465345 0.574051 0.784253 0.827152 0.475297 0.30369 0.742727 0.299688 0.204992 0.191648 0.160157 0.883396 0.198867 0.140702 0.133987 0.0982286 0.146152 0.109298 0.171429 0.0711346 0.0688846 0.049846 0.0493679 0.0463033 0.115062 0.191297 0.0413516
threshold=8.6630954742431658 -121.73250198364256 1.0562499761581423 -2.7961827516555782 0.22708333283662799 0.35019473731517797 -80.495098114013658 100.23611068725587 -79.022460937499986 -78.929180145263658 3.0187499523162846 0.69199478626251232 40.068038940429695 3.0213888883590703 3.0039583444595341 84.409721374511733 0.38378396630287176 -121.56400299072264 35.79699897766114 1.1468426585197451 8.2372221946716326 2.4547618627548222 5.0036361217498788 -76.589794158935533 9.4195833206176776 0.010416666977107527 9.4163694381713885 9.2747025489807147 38.16259956359864 36.020755767822273
decision_type=2 2 2 2 2 2 2 2 2 2 2 2 2 2 2 2 2 2 2 2 2 2 2 2 2 2 2 2 2 2
left_child=1 2 -1 4 5 6 -3 -8 16 -10 18 -11 13 14 15 17 -7 -6 19 25 22 -22 23 -20 26 -5 27 -2 29 -29
right_child=24 3 -4 10 12 8 7 -9 9 11 -12 -13 -14 -15 -16 -17 -18 -19 20 -21 21 -23 -24 -25 -26 -27 -28 28 -30 -31
leaf_value=-1.350654001228573e-05 0 -4.1235289123964239e-05 6.6365100545037715e-05 0.00083840984326857826 6.4697273789438019e-07 0.00032133955313918996 0.00094292920550058119 0.0006806401731839259 0.0028960014279642179 -0.00039610958875053174 9.8778886736816678e-10 0.0017960444214076777 0.0003080834041548686 -3.3752358718740945e-06 0.00055848812327217166 0.00044662235132097441 -3.1280298609139476e-05 -2.1430119977726437e-05 -4.0170442080117045e-07 0.00090411075971264486 2.8024347096912164e-05 -0.0014063000015045724 0.0023468833243078303 2.0420968591133851e-05 -0.00032764235108493056 -8.4410467740925459e-05 0 0.00045080683112946884 2.4128391348243742e-07 0
leaf_weight=31.19999885559082 205.99999511241913 18.899999618530273 40.199998617172241 18.79999965429306 11.699999570846556 30.099999487400055 22.29999977350235 27.799999713897705 20.899999797344208 37.299999535083771 38.699998795986176 16.399999856948853 16.799999713897705 178.5999967455864 18.399999797344208 21.899999380111694 83.599998235702515 149.89999669790268 627.99998646974564 36.799999535083771 14.69999974966049 19.599999666213989 15.799999773502348 17.099999725818634 23.999999701976776 61.89999908208847 16035.29971832037 20.099999725818634 20.199999451637268 44.099998533725739
leaf_count=24 220 21 32 20 9 35 25 34 25 47 35 20 20 190 22 21 94 175 752 48 21 28 20 23 30 81 16719 25 20 35
internal_value=-0.00233433 -0.000769305 0.00387255 -0.000989376 1.29844e-05 0.00185289 0.00641304 0.00977545 0.00018189 0.00266086 -0.00176004 -0.000451583 -0.00117858 -0.00140933 -0.000444528 -0.00149183 -0.00144459 -0.00209777 -0.00196475 -0.00062766 -0.00219074 0.000561224 -0.00233356 -0.00241474 -0.00248532 -0.00181846 -0.00248867 -0.00186295 -0.000308058 -0.0016433
internal_weight=17927.1 1577.4 71.4 1506 654.6 257.3 69 50.1 188.3 74.6 851.4 53.7 397.3 380.5 201.9 183.5 113.7 161.6 812.7 117.5 695.2 34.3 660.9 645.1 16349.7 80.7 16325.7 290.4 84.4 64.2
internal_count=18871 1822 56 1766 738 301 80 59 221 92 1028 67 437 417 227 205 129 184 993 149 844 49 795 775 17049 101 17019 300 80 60
is_linear=0
shrinkage=0.05


Tree=110
num_leaves=31
num_cat=0
split_feature=1 9 10 1 9 10 11 3 5 30 12 30 11 9 7 10 10 10 9 1 7 3 13 1 3 29 5 13 29 0
split_gain=4.63764 6.8564 4.7269 6.20067 1.23785 1.04098 2.90491 0.669245 0.460572 0.442609 0.387384 0.230534 0.489679 0.624469 0.341985 0.260129 0.407813 0.260477 0.207553 0.165897 0.121025 0.0680895 0.110231 0.0564257 0.0552216 0.07 0.0503344 0.0498136 0.185727 0.0369188
threshold=8.6630954742431658 55.576389312744148 89.520832061767592 6.8943452835083017 91.423610687255874 63.062500000000007 4.0534722805023202 3.0039583444595341 0.098787460476160063 -78.719924926757798 -0.53124999999999989 -79.28594589233397 -0.75486111640930165 100.23611068725587 0.006250000325962902 25.944443702697757 38.243055343627937 46.548612594604499 58.729166030883796 8.0916666984558123 0.010416666977107527 4.1184027194976816 2.4458333253860478 4.3845238685607919 8.2372221946716326 45.061439514160163 0.67896661162376415 2.7437499761581425 38.240348815917976 7.788888931274415
decision_type=2 2 2 2 2 2 2 2 2 2 2 2 2 2 2 2 2 2 2 2 2 2 2 2 2 2 2 2 2 2
left_child=1 2 3 -1 5 6 7 26 -7 18 -4 24 13 -13 15 -15 -17 -18 -10 23 -14 -22 -23 -20 29 -26 -3 28 -2 -6
right_child=27 4 10 -5 11 8 -8 -9 9 -11 -12 12 20 14 -16 16 17 -19 19 -21 21 22 -24 -25 25 -27 -28 -29 -30 -31
leaf_value=1.6764144720250907e-05 -2.6578470532446108e-08 -0.00018653508484358245 0.00039446789913357707 1.0611641973474226e-06 -2.9240089634605712e-05 8.2147313028368984e-05 2.0085221041910017e-08 0.00053056371710856205 2.0085221041910017e-08 0.001887455510683328 -1.2253241436660984e-05 0.0017943709840573176 0.00053799705257581406 -0.0010397654753562025 -0.0038983252625691628 0.0020260241113189748 -0.00012816622193400075 0.00061613681510391816 0.00031206328282649688 -4.1409603274354118e-08 -6.8884597034056253e-05 -0.00021119002373408692 -0.010066432688911399 -2.9402994864979881e-06 -0.0016201024312043407 -5.4100315930188588e-06 0.0012739069549492776 0 1.1386903642555272e-07 -2.318194272965535e-06
leaf_weight=27.89999920129776 104.89999651908875 37.999999165534973 21.799999356269836 42.599998593330383 418.09999090433121 19.199999451637268 23.39999932050705 25.399999558925629 21.09999942779541 20.099999904632568 35.099998891353607 23.799999833106995 28.099999785423279 19.399999678134918 61.299998939037323 16.49999988079071 20.299999713897705 20.699999749660492 18.999999701976776 29.599999129772186 281.79999560117722 23.399999678134918 26.699999570846558 147.69999635219574 13.999999761581423 13.999999761581419 16.699999809265137 16275.499715983868 28.599999248981476 120.99999690055847
leaf_count=27 83 46 20 34 501 16 20 26 21 21 33 28 33 26 85 19 25 27 26 28 360 32 35 143 20 20 21 17005 24 112
internal_value=-0.00223924 0.00035089 0.0114717 0.0201241 -0.000626682 0.00191421 0.00614734 0.00161985 0.00020744 -0.000394738 0.000751317 -0.00146704 -0.000708813 0.00157407 0.000285817 0.0025065 0.00419565 0.00152439 -0.00105106 -0.00155757 -0.00173611 -0.00200286 -0.000304392 -0.00217007 -0.00216496 -6.51926e-10 -0.00149452 -0.00248812 -0.00152622 -0.00227741
internal_weight=17985.7 1576.7 127.4 70.5 1449.3 360.2 103.5 80.1 256.7 237.5 56.9 1089.1 522 162 138.2 76.9 57.5 41 217.4 196.3 360 331.9 50.1 166.7 567.1 28 54.7 16409 133.5 539.1
internal_count=18917 1805 114 61 1691 368 113 93 255 239 53 1323 670 210 182 97 71 52 218 197 460 427 67 169 653 40 67 17112 107 613
is_linear=0
shrinkage=0.05


Tree=111
num_leaves=31
num_cat=0
split_feature=1 6 7 5 3 3 13 5 12 12 0 10 12 30 11 30 10 12 11 10 5 5 3 4 12 10 4 12 13 8
split_gain=2.74114 1.35847 1.75715 2.08177 0.457389 0.812124 1.10943 0.778257 0.865589 1.4446 0.737168 0.487444 0.416031 0.487411 0.350447 0.329237 0.0816097 0.0808931 0.19588 0.1764 0.118896 0.125823 0.199553 0.0568258 0.0559902 0.0540092 0.0463235 0.0317993 0.0275188 0.0453641
threshold=8.6630954742431658 3.0187499523162846 3.1875000000000004 0.28827627003192907 3.0122916698455815 2.2500694990158085 0.63749998807907116 0.68233004212379467 -10.870833396911619 -8.9770836830139142 3.6458333730697636 53.465276718139656 -1.0000000180025095e-35 -79.08282089233397 5.558333396911622 -76.923053741455064 51.965276718139656 3.1770832538604741 -3.3381944894790645 67.423610687255874 0.77739989757537853 0.23817030340433124 4.1923611164093026 3.0664583444595341 15.002083301544191 44.215276718139656 9.4195833206176776 6.777083396911622 1.9020833373069765 1.5000000000000002
decision_type=2 2 2 2 2 2 2 2 2 2 2 2 2 2 2 2 2 2 2 2 2 2 2 2 2 2 2 2 2 2
left_child=1 4 3 -3 5 14 7 8 11 -10 -11 -7 -12 -14 23 17 -9 18 19 -6 21 22 25 -1 -19 -20 28 -8 29 -2
right_child=26 2 -4 -5 15 6 27 16 9 10 12 -13 13 -15 -16 -17 -18 24 20 -21 -22 -23 -24 -25 -26 -27 -28 -29 -30 -31
leaf_value=-1.6038129286773271e-05 1.3289235267777144e-09 7.8039947376951088e-05 -2.7932845121703135e-06 0.00019171692703510385 0.0019247229057530236 0.00050403553125313307 -2.4833956256125144e-05 1.8711488472310931e-05 0.00029646011868517119 0.00080606419602268777 -1.8466458295840483e-08 -0.00011024357130011267 0.00040504068212806319 -0.00045609365821833473 0.00022032029531183673 0.00032125586674761845 -7.0728037382359148e-05 -6.1448865421560761e-05 0.00076958949847635849 -2.2210469453224201e-05 8.902992368201186e-06 -3.2972988828205989e-08 0.0011424900707653555 -5.9576702071311555e-05 0.00029414123842885222 -4.3142539917293343e-05 -0.00037186419311306814 -5.2407055225200472e-05 0 -3.1089957762686639e-07
leaf_weight=244.29999339580536 23.099999189376831 23.399999141693115 41.399998545646667 34.399998903274536 17.29999977350235 25.099999725818634 98.099998295307159 31.999999463558197 15.49999952316284 26.999999582767487 22.199999392032623 43.099999129772186 36.599999129772186 23.299999713897705 29.099999248981476 24.79999977350235 37.499999284744263 289.19999498128891 16.399999797344208 21.699999630451202 26.599999606609344 292.99999445676804 22.699999630451202 26.799999356269836 20.199999690055847 44.799998998641968 25.899999618530273 29.299999356269836 16334.499712049961 37.699998795986176
leaf_count=229 19 18 32 32 23 31 121 38 13 28 22 55 34 29 29 32 45 374 20 31 36 364 29 32 28 50 33 31 17033 31
internal_value=-0.00229874 -0.000299847 0.0053629 0.0109948 -0.000682873 0.000254022 0.00175969 0.00361895 0.00525415 0.00773274 0.00570348 0.000725806 0.00334653 0.00551335 -0.00170053 -0.00151506 -0.000917267 -0.00170202 -0.00126836 0.00211538 -0.00159542 -0.00182343 -0.00011621 -0.00226024 -0.00232224 -0.00160131 -0.00248934 -0.00206829 -0.00249268 -0.00143092
internal_weight=17987 1565.8 99.2 57.8 1466.6 689.9 389.7 262.3 192.8 124.6 109.1 68.2 82.1 59.9 300.2 776.7 69.5 751.9 442.5 39 403.5 376.9 83.9 271.1 309.4 61.2 16421.2 127.4 16395.3 60.8
internal_count=18922 1806 82 50 1724 737 447 295 212 126 113 86 85 63 290 987 83 955 553 54 499 463 99 261 402 70 17116 152 17083 50
is_linear=0
shrinkage=0.05


Tree=112
num_leaves=31
num_cat=0
split_feature=13 9 30 5 10 10 7 3 29 0 9 1 30 3 29 0 3 3 6 13 29 4 6 6 30 1 1 3 3 29
split_gain=1.37684 0.33209 0.717741 0.361682 0.311922 0.620501 0.707554 0.276135 0.212741 0.399083 0.287427 0.146084 0.128683 0.104451 0.171818 0.0932548 0.221907 0.535859 0.0784888 0.0633469 0.0543609 0.048052 0.0469054 0.230665 0.0543777 0.0455558 0.0293807 0.280232 0.023244 0.244165
threshold=3.1458333730697636 107.25000000000001 -77.440124511718736 0.09523369744420053 53.715276718139656 48.131944656372077 0.22708333283662799 4.0379166603088388 35.791999816894538 6.8756945133209237 129.18055725097659 9.2747025489807147 -79.261032104492173 8.2372221946716326 44.164724349975593 8.405555725097658 2.7808333635330205 1.9586111307144167 2.7729166746139531 2.7437499761581425 35.674556732177741 9.4195833206176776 0.45208333432674414 0.38958333432674414 -78.882755279541001 5.7788689136505136 8.2797617912292498 4.1421527862548837 3.6889582872390752 41.720960617065437
decision_type=2 2 2 2 2 2 2 2 2 2 2 2 2 2 2 2 2 2 2 2 2 2 2 2 2 2 2 2 2 2
left_child=1 2 3 7 5 -5 -7 -1 9 10 -3 15 -8 18 -15 22 17 -17 19 28 -14 26 23 -6 -24 -18 27 -2 -10 -30
right_child=21 8 -4 4 11 6 12 -9 13 -11 -12 -13 20 14 -16 16 25 -19 -20 -21 -22 -23 24 -25 -26 -27 -28 -29 29 -31
leaf_value=0 -6.9129891156805137e-05 -0.00012095600437296296 0.00088711821326981641 -6.3176896252971105e-08 -2.1240728411133521e-05 0.0015788377603394366 -9.4096438998603218e-06 7.2549981495841645e-05 -1.2459099485902891e-06 -1.5449754022699571e-05 0.00040292961680868356 1.1986329968384135e-07 0.00099264869672150433 -0.0018162788754926024 2.8004154794378705e-05 -5.7730637869419061e-06 0.00080562250429357942 0.00041386718016715452 0.0002735912996928658 4.068460440043165e-07 0.0024836076698041888 -0.00032137416312490066 -2.6536202865634628e-06 0.00028163711275090985 0.0017359582316108903 -2.9787214826646743e-08 0 0.00033089069170473833 0.00068077908373064401 -0.0016174074866229082
leaf_weight=23.599999248981476 145.59999775886536 27.29999965429306 20.899999856948853 60.899998486042023 54.299998700618744 30.199999749660492 20.0999995470047 25.399999260902405 372.29999107122421 60.899998903274536 31.599999666213989 27.399999380111694 15.099999845027922 16.799999713897709 13.999999761581419 29.599999010562897 20.799999713897705 25.199999153614044 17.299999475479126 21.59999942779541 17.299999713897705 24.899999678134918 239.89999330043793 18.599999487400055 20.499999761581421 75.099997699260712 16208.199718356133 15.599999725818632 38.299999296665192 232.79999607801437
leaf_count=20 182 35 23 69 59 34 23 20 387 69 38 22 19 24 20 26 28 20 17 18 23 31 235 16 27 71 16936 16 47 332
internal_value=-0.00235099 -0.000930479 -0.000147952 -0.000419035 -0.000729008 0.00133008 0.00415054 0.00372449 -0.00161154 0.000338063 0.0032725 -0.0013072 0.000642857 -0.00193907 0.00090909 -0.00150827 -0.000476112 0.00206204 -0.00206764 -0.00215414 0.00259259 -0.00248597 -0.00197495 -0.00085391 -0.00228879 -0.00192649 -0.00248931 -0.00181762 -0.00224355 -0.00189137
internal_weight=17952.1 1557.8 724.9 704 655 143.6 82.7 49 832.9 119.8 58.9 511.4 52.5 713.1 30.8 484 150.7 54.8 682.3 665 32.4 16394.3 333.3 72.9 260.4 95.9 16369.4 161.2 643.4 271.1
internal_count=18887 1722 735 712 672 168 99 40 987 142 73 504 65 845 44 482 145 46 801 784 42 17165 337 75 262 99 17134 198 766 379
is_linear=0
shrinkage=0.05


Tree=113
num_leaves=31
num_cat=0
split_feature=13 0 12 5 8 9 12 0 5 9 30 2 2 5 30 9 4 12 13 29 3 12 3 29 30 29 13 11 4 2
split_gain=2.01773 0.717937 1.23643 0.284612 0.365465 0.601122 0.55259 0.442376 0.370074 0.310655 0.256875 0.237466 0.225405 0.174335 0.144197 0.237526 0.461465 0.191442 0.389635 0.134904 0.119015 0.116772 0.469156 0.104424 0.300141 0.0895001 0.0615136 0.0553541 0.0534791 0.0439359
threshold=3.1458333730697636 10.440277576446535 0.26041665673255926 0.47135105729103094 3.5000000000000004 135.569450378418 -0.14791666716337201 6.6402776241302499 0.45042283833026892 50.444444656372077 -121.22849655151366 -8.3707818984985334 4.1947462558746347 0.26524883508682257 -120.45205307006835 91.423610687255874 4.0449998378753671 6.5395832061767587 1.0000000180025095e-35 34.941200256347663 6.4727084636688241 7.6270833015441903 2.8667360544204716 35.79699897766114 -79.022460937499986 36.020755767822273 2.1354167461395268 6.6430556774139413 9.4195833206176776 2.1669125556945805
decision_type=2 2 2 2 2 2 2 2 2 2 2 2 2 2 2 2 2 2 2 2 2 2 2 2 2 2 2 2 2 2
left_child=1 3 -3 4 8 6 -6 -8 11 -5 -7 -1 19 -9 27 16 -16 26 -19 -11 -12 23 -23 24 29 -18 -17 -13 -2 -21
right_child=28 2 -4 9 5 10 7 13 -10 12 20 14 -14 -15 15 17 25 18 -20 21 -22 22 -24 -25 -26 -27 -28 -29 -30 -31
leaf_value=0.00026755525711336662 0 -2.0342302198272934e-08 1.2069165892247823e-07 1.0135667494193257e-07 -1.3681201631943198e-05 0.00010335258111880409 0.00058650538405186537 0.00026428702925127803 5.995936264386662e-07 4.5933444214329991e-07 -0.00011177362091188276 -3.8928101651858304e-08 0.0021951709640011421 0.00041761381586579718 -0.0005111230959811237 -4.3843188328536793e-05 0.00042920131985439984 -0.0011643590068711519 0.000686819098204583 -0.00011366831217335524 -0.00014179134753888436 0.0016820249959671907 -0.0011721136529003297 -1.759196069472946e-06 0.0010867145176998245 0.0016491603200303462 0.00073188251125367318 -4.3222105878862331e-10 -0.00022981862384780541 -0.0016180450917897549
leaf_weight=13.899999737739561 16484.999711155891 25.199999213218689 24.799999296665192 34.299998819828033 19.899999558925629 17.799999475479126 22.299999833106995 25.499999463558197 19.399999558925629 10.199999690055845 79.399998724460602 186.09999394416809 21.199999630451202 20.299999415874481 27.899999618530273 141.09999769926071 17.699999749660492 32.899999499320984 27.199999690055847 94.899998486042023 13.999999761581419 21.0999995470047 55.099999010562897 478.6999883055687 25.599999785423279 16.29999965429306 17.499999761581421 26.699999213218689 22.399999678134918 22.29999965429306
leaf_count=15 17246 20 20 29 21 14 25 27 20 8 104 145 28 19 37 181 23 45 34 119 20 23 77 519 32 19 23 21 28 29
internal_value=-0.00232462 -0.00059329 0.0053 -0.000791144 -8.23123e-05 0.00174197 0.00482954 0.00697136 -0.000772262 -0.00146516 -0.00070144 -0.00103144 -0.00168393 0.00415939 -0.00121301 -0.000468639 0.00226575 -0.00124257 0.00116057 -0.00183607 -0.00175054 -0.00191952 -7.21792e-05 -0.00214602 -0.000959384 0.00617647 -0.00215322 -0.00219455 -0.00248607 -0.00203072
internal_weight=18046.7 1539.3 50 1489.3 725.9 199.2 88 68.1 526.7 763.4 111.2 507.3 729.1 45.8 493.4 280.6 61.9 218.7 60.1 707.9 93.4 697.7 76.2 621.5 142.8 34 158.6 212.8 16507.4 117.2
internal_count=18971 1697 40 1657 793 230 92 71 563 864 138 543 835 46 528 362 79 283 79 807 124 799 100 699 180 42 204 166 17274 148
is_linear=0
shrinkage=0.05


Tree=114
num_leaves=31
num_cat=0
split_feature=0 9 12 0 5 30 7 2 30 7 5 7 9 30 29 9 7 29 30 0 30 3 0 12 4 4 2 29 0 11
split_gain=2.14312 0.716859 2.11025 0.678554 2.00303 1.16956 1.57901 0.33479 0.406142 0.758333 0.397363 0.408585 0.651915 1.33942 0.488929 0.43429 0.225235 0.152726 0.142886 0.139977 0.144305 0.110027 0.119318 0.0617011 0.0590493 0.0577314 0.0572076 0.0591605 0.101997 0.185927
threshold=10.750694274902346 44.020833969116218 -0.74791666865348805 10.188889026641847 0.12537468224763873 -120.93849945068358 0.15208333730697635 -3.2168607711791988 -121.73250198364256 0.20208333432674411 0.47135105729103094 0.38541665673255926 115.04166412353517 -79.178325653076158 35.697473526000984 95.770832061767592 1.9854166507720949 35.661382675170906 -121.69250106811522 3.6458333730697636 -79.022460937499986 8.2372221946716326 2.9458333253860478 0.26041665673255926 9.4195833206176776 4.2822916507720956 5.535067319869996 36.028999328613288 5.8770833015441903 0.72500002384185802
decision_type=2 2 2 2 2 2 2 2 2 2 2 2 2 2 2 2 2 2 2 2 2 2 2 2 2 2 2 2 2 2
left_child=1 2 -1 7 -5 6 -6 10 9 -9 11 12 13 -3 -14 -15 17 -13 -8 20 23 26 -23 -12 -2 -4 27 28 29 -10
right_child=24 3 25 4 5 -7 18 8 21 -11 19 16 14 15 -16 -17 -18 -19 -20 -21 -22 22 -24 -25 -26 -27 -28 -29 -30 -31
leaf_value=4.5282587925153534e-06 0 -1.2540628213727193e-05 6.1715666010986323e-08 4.4537084498141867e-08 6.7617501275929473e-08 0 7.5661490797466679e-08 7.3648618287876081e-05 -0.029969879824852105 0 -0.00018669104985738049 0.00036693996172342642 0.00036985280497496705 0.00042878609925393212 0 0.0025494416622487471 0.00031071580515728008 -1.9097163485306777e-06 0 0 0.00075255963130541482 2.6573967373337838e-05 -0.00098442068109776712 0.00029916152132609676 0.0013926572587926456 0 0.0020854124158010859 0 0 0.0013693262311506157
leaf_weight=29.499999046325684 15364.699735701084 41.599998950958252 20.499999403953552 10.199999690055845 46.199998736381531 149.79999703168869 27.999999165534973 32.499998807907104 31.499999463558197 45.499998331069946 48.799999177455902 23.79999965429306 28.799999594688416 23.099999725818634 96.999998450279236 19.599999964237213 20.199999272823334 163.89999634027481 40.599998950958252 231.89999586343765 33.599999666213989 16.799999713897709 13.999999761581419 14.999999701976774 20.399999737739563 47.899998307228088 16.699999868869781 797.2999804019928 433.79999285936356 29.999999582767487
leaf_count=23 16075 46 19 8 38 162 22 25 43 35 62 30 36 27 108 22 16 177 32 243 40 24 20 18 26 39 21 851 548 38
internal_value=-0.00227013 -0.000924019 0.00327119 -0.00109233 0.00124818 0.000410052 0.00420732 -0.00138935 -0.00184067 0.00166667 -0.000532919 0.00049043 0.00204545 0.0054478 -0.0002345 0.0116686 -0.00108105 -0.00162094 -0.000604957 -0.00183192 -0.000241274 -0.00204481 0.00090909 -0.00163793 -0.0024922 -0.00154971 -0.0021143 -0.00215187 -0.00172269 0.000182926
internal_weight=17923.2 2538.1 97.9 2440.2 274.8 264.6 114.8 2165.4 1418.1 78 747.3 418 210.1 84.3 125.8 42.7 207.9 187.7 68.6 329.3 97.4 1340.1 30.8 63.8 15385.1 68.4 1309.3 1292.6 495.3 61.5
internal_count=18874 2773 81 2692 262 254 92 2430 1605 60 825 462 239 95 144 49 223 207 54 363 120 1545 44 80 16101 58 1501 1480 629 81
is_linear=0
shrinkage=0.05


Tree=115
num_leaves=31
num_cat=0
split_feature=13 1 1 29 6 4 3 12 29 6 6 1 7 8 0 1 2 2 3 3 13 12 0 4 0 30 30 4 29 4
split_gain=1.6211 4.93207 0.641924 0.260744 0.310297 0.562557 0.235208 0.210279 0.2365 0.177031 0.17381 0.15047 0.389123 0.0883934 0.224453 0.632675 0.155139 0.0797963 0.0779037 0.163585 0.0643404 0.166417 0.264173 0.0697065 0.0582343 0.176705 0.108384 0.133055 0.0541519 0.0505802
threshold=3.1458333730697636 9.9619050025939959 9.4163694381713885 36.03450012207032 0.66875001788139354 4.0989584922790536 4.2971527576446542 2.2437499761581425 35.909603118896491 0.18958333134651187 4.9354166984558114 8.6630954742431658 0.31041666865348821 3.5000000000000004 1.1034722328186037 1.0000000180025095e-35 3.3642209768295293 -8.3707818984985334 3.5725693702697758 3.8220138549804692 0.24791666865348819 0.71875000000000011 3.3368055820465092 2.9818749427795415 10.188889026641847 -76.923053741455064 -121.73250198364256 3.7087500095367436 41.947931289672859 9.4195833206176776
decision_type=2 2 2 2 2 2 2 2 2 2 2 2 2 2 2 2 2 2 2 2 2 2 2 2 2 2 2 2 2 2
left_child=1 2 3 4 5 7 18 -1 9 -9 11 13 -13 17 15 -15 -16 -5 20 -20 21 23 -23 -6 25 26 27 -2 -28 -26
right_child=24 -3 -4 10 6 -7 -8 8 -10 -11 -12 12 -14 14 16 -17 -18 -19 19 -21 -22 22 -24 -25 29 -27 28 -29 -30 -31
leaf_value=-5.8959058205870614e-05 6.270314106882058e-07 6.4236626212688108e-08 6.8152491240973682e-08 0.00023273818929500092 0.0011190529650607073 0.00038939425577551036 0.0014982359924712975 -7.4477517760729309e-05 0.0015979237461688335 0.00037824048482376085 0.00015072340121320205 -4.1998923228869783e-06 1.3517411642183231e-06 -0.0035152229318742355 -1.524518370321637e-05 0.00071766496936467286 0.0013564277707570219 -2.5189928671509599e-06 0.0016676597832479935 -0.00019013836832415784 -0.00013218012695004333 -0.00039319451213147842 0.0022366252488714602 -0.00041228614027890925 0 7.6021378542459749e-08 0 0 9.5485817425133853e-08 -0.00099182474173067523
leaf_weight=61.399998962879181 25.599999070167542 24.299999237060547 44.699998795986176 14.799999713897703 14.999999701976774 17.599999845027924 16.799999594688416 21.499999582767487 16.099999845027924 17.799999713897705 28.599998950958252 43.699998497962952 24.899999141693115 32.09999942779541 179.99999582767487 17.899999737739563 18.899999737739563 602.39998418092728 15.299999833106993 45.39999932050705 144.69999784231186 18.299999713897705 19.799999713897705 95.399998426437378 15612.899730861187 27.299999833106995 717.39998602867126 25.999999046325684 20.499999761581421 23.79999965429306
leaf_count=74 20 19 37 16 16 22 18 27 19 22 22 35 21 45 184 21 25 636 19 60 191 23 24 124 16297 31 798 20 23 30
internal_value=-0.00232575 -0.000773059 -0.00113195 -0.00131163 -0.000391507 0.00166667 -0.00113771 0.000410958 0.0026444 0.000553434 -0.00179409 -0.00191158 0.000342565 -0.00209012 -0.0012947 0.0017 -0.00204751 -0.00241089 -0.00141212 0.000218286 -0.00174966 -0.00101852 0.00183071 -0.00200181 -0.00247083 -0.00205926 -0.00219601 1.93792e-05 -0.00235093 -0.00249233
internal_weight=17990.9 1537.4 1513.1 1468.4 505.1 134.4 370.7 116.8 55.4 39.3 963.3 934.7 68.6 866.1 248.9 50 198.9 617.2 353.9 60.7 293.2 148.5 38.1 110.4 16453.5 816.8 789.5 51.6 737.9 15636.7
internal_count=18919 1700 1681 1644 639 164 475 142 68 49 1005 983 56 927 275 66 209 652 457 79 378 187 47 140 17219 892 861 40 821 16327
is_linear=0
shrinkage=0.05


Tree=116
num_leaves=31
num_cat=0
split_feature=13 1 11 2 8 2 5 10 7 1 1 1 7 12 12 7 5 11 10 29 1 29 12 10 10 7 12 2 8 10
split_gain=3.24007 3.88353 1.28086 2.18951 3.91359 0.375678 0.415128 0.557 0.405335 0.336733 0.30909 0.771748 0.649377 0.402142 0.464301 0.186507 0.20291 0.144181 0.370806 0.167024 0.159012 0.366467 0.0841262 0.0861773 0.14103 0.0789653 0.167322 0.0685396 0.129299 0.0595913
threshold=3.1458333730697636 9.9619050025939959 6.2701389789581308 -1.1267856955528257 1.0000000180025095e-35 -3.2168607711791988 0.47135105729103094 84.409721374511733 0.77291664481163036 9.4163694381713885 5.5369048118591317 5.6741073131561288 0.54791668057441723 5.0062499046325692 7.0187501907348642 0.039583334699273116 0.33463250100612646 -5.8222222328186026 62.750000000000007 36.33385086059571 7.8875000476837167 35.88811111450196 -10.870833396911619 45.576387405395515 71.006942749023452 0.76041665673255932 0.31041666865348821 3.4212473630905156 4.5000000000000009 82.006942749023452
decision_type=2 2 2 2 2 2 2 2 2 2 2 2 2 2 2 2 2 2 2 2 2 2 2 2 2 2 2 2 2 2
left_child=1 2 5 29 -5 6 7 8 10 17 15 -12 13 -13 -15 16 -1 18 -7 20 25 -22 23 -8 -25 -19 -27 -21 -29 -4
right_child=-2 -3 3 4 -6 9 22 -9 -10 -11 11 12 -14 14 -16 -17 -18 19 -20 27 21 -23 -24 24 -26 26 -28 28 -30 -31
leaf_value=0.001584276794085593 0 6.1024794900665921e-08 4.3296009547555416e-07 1.0991747978472688e-07 -1.9218447033786391e-08 0.00014828838767639999 -9.6942283142487098e-05 0.000336801927248509 -7.2040667896599029e-06 4.9524897937207465e-08 0.00041317479773834157 -6.158558698590525e-05 0.00021127570287143296 0.0012656340437594621 -3.0001798595524765e-05 -0.0001153798583359458 -5.264948930673962e-05 -7.5220340339376976e-05 -5.404134754481982e-05 -5.8821416917287733e-06 -9.7253533050083198e-05 0.001518027558860391 -2.0370325173147848e-05 0.00082103233405562363 -1.9187937382370013e-05 -0.00056052255398983831 0.0012725580108665147 -0.00045199661302597062 0.0016455855771349407 -2.0611617996990701e-06
leaf_weight=20.299999713897705 16290.099715411663 22.599999308586121 19.799999475479126 28.69999897480011 24.599999368190765 17.999999642372131 29.399999499320984 20.399999558925629 74.299997925758362 29.399999022483826 23.699999749660492 62.599998533725739 18.999999642372131 27.899999678134918 18.499999642372131 52.499999046325684 31.799999475479126 82.099998533725739 28.499999463558197 475.69998794794083 37.799999356269836 16.999999701976776 115.09999758005142 29.599999606609344 18.399999678134918 56.599999070167542 16.399999856948853 62.199998915195465 16.099999785423279 45.79999840259552
leaf_count=25 17063 18 20 23 20 24 36 22 69 24 27 68 20 33 21 65 38 103 39 505 48 18 125 36 24 76 20 88 21 38
internal_value=-0.00226761 -6.36156e-05 -0.00037312 0.00460681 0.0121341 -0.000801164 0.00022309 0.00124644 0.000751663 -0.00146404 0.0016943 0.00313612 0.00160156 0.000114678 0.00364224 -0.00039675 0.00172265 -0.00165474 0.00104839 -0.00181928 -0.000618152 0.00169708 -0.00164286 -0.000368218 0.000937499 -0.00143617 -0.000239727 -0.00227437 -0.000903577 -0.00150915
internal_weight=17814.9 1524.8 1502.2 118.9 53.3 1383.3 543.5 351 330.6 839.8 256.3 151.7 128 109 46.4 104.6 52.1 810.4 46.5 763.9 209.9 54.8 192.5 77.4 48 155.1 73 554 78.3 65.6
internal_count=18757 1694 1676 101 43 1575 609 388 366 966 297 169 142 122 54 128 63 942 63 879 265 66 221 96 60 199 96 614 109 58
is_linear=0
shrinkage=0.05


Tree=117
num_leaves=31
num_cat=0
split_feature=13 1 9 2 11 11 11 29 1 29 1 30 13 2 3 30 30 29 29 12 2 7 4 0 30 29 12 11 29 11
split_gain=2.66842 2.41976 2.17756 3.31717 0.956449 0.578645 0.38081 0.621434 0.792284 0.40475 0.390475 0.226383 0.182893 0.143815 0.132268 0.172512 0.128757 0.0999116 0.431232 0.0601362 0.0614919 0.0543796 0.0504531 0.0417859 0.216534 0.104296 0.207847 0.0196726 0.0424188 0.0107597
threshold=3.1458333730697636 9.9619050025939959 55.576389312744148 -0.92782089114189137 6.7743055820465097 5.2618055343627939 -0.75486111640930165 35.975336074829109 5.5369048118591317 35.791999816894538 9.4163694381713885 -121.7485008239746 0.24791666865348819 3.5825181007385258 3.0333334207534794 -79.022460937499986 -77.269069671630845 35.661382675170906 35.652334213256843 12.91458320617676 -8.3707818984985334 1.8520833253860476 9.4195833206176776 10.188889026641847 -76.923053741455064 38.365810394287116 -1.0687500238418577 5.558333396911622 36.731100082397468 -0.57430556416511525
decision_type=2 2 2 2 2 2 2 2 2 2 2 2 2 2 2 2 2 2 2 2 2 2 2 2 2 2 2 2 2 2
left_child=1 2 3 5 6 -1 7 8 14 12 17 -9 -10 16 15 -4 -13 18 -8 20 -19 -7 23 24 25 -2 -27 -22 -29 -25
right_child=22 -3 4 -5 -6 21 10 11 9 -11 -12 13 -14 -15 -16 -17 -18 19 -20 -21 27 -23 -24 29 -26 26 -28 28 -30 -31
leaf_value=0.00023540742114485895 0 5.7949991207389638e-08 -0.012216906347522913 2.8993262951582111e-07 1.0442160579549055e-07 2.9436448834019302e-08 -8.2615148869670803e-05 0.00015717746455098935 0.00029604675839460249 0.0010110593457834764 4.6284862547843436e-08 -6.0776890034377371e-05 0.0014899176268740933 0.0018310411276164342 0.00063027344694609471 0.0010910161239874982 0.00037138713405732876 0.00020426118346782431 0.00091243861138800013 0.00020071191772786379 -1.1098714515721706e-05 -6.4787779605651135e-06 -0.00026920059926263104 0 8.6175932968956096e-08 2.9852524065640305e-07 0 0.0001205164896140365 -3.6957906221601891e-06 0
leaf_weight=25.39999932050705 651.09998667240143 26.499999165534973 62.499998807907104 32.499998986721039 33.39999920129776 21.199999332427979 60.899998903274536 22.099999189376831 17.699999749660492 22.399999856948853 29.89999908208847 244.49999541044235 19.29999965429306 18.29999977350235 18.299999833106995 20.999999701976776 22.999999821186066 18.299999892711639 19.199999749660492 17.899999737739563 702.79998338222504 45.499998331069946 23.499999701976776 155.49999594688416 23.499999821186066 37.299999713897705 64.299998760223389 18.999999582767487 37.899998784065247 15425.599732518196
leaf_count=26 705 21 81 27 28 20 71 17 21 26 25 319 23 25 23 26 28 21 24 25 756 35 29 141 27 39 77 20 33 16122
internal_value=-0.00228651 -0.000310196 -0.000569146 0.00576645 -0.00112965 0.000920195 -0.00133273 -0.000176402 0.00233871 0.00692761 -0.00193151 -0.00149318 0.00371622 -0.00187019 -0.0003389 -0.00118264 -0.00216355 -0.00212329 -0.000440076 -0.00229269 -0.00235861 -0.00152549 -0.00247467 -0.00247799 -0.00211994 -0.0022675 -0.00077756 -0.0024276 -0.00153339 -0.00249583
internal_weight=17940.3 1559.5 1533 124.6 1408.4 92.1 1375 469.1 161.2 59.4 905.9 307.9 37 285.8 101.8 83.5 267.5 876 80.1 795.9 778 66.7 16380.8 16357.3 776.2 752.7 101.6 759.7 56.9 15581.1
internal_count=18861 1721 1700 108 1592 81 1564 589 200 70 975 389 44 372 130 107 347 950 95 855 830 55 17140 17111 848 821 116 809 53 16263
is_linear=0
shrinkage=0.05


Tree=118
num_leaves=31
num_cat=0
split_feature=13 1 7 2 2 29 29 13 13 12 29 5 10 30 29 30 1 1 2 5 30 13 12 4 13 3 7 2 13 30
split_gain=3.16803 3.38017 1.34653 6.69166 2.72955 0.767855 1.31548 0.43522 0.335739 0.480668 0.718731 0.314672 0.214654 0.32905 0.226148 0.178793 0.433435 0.188659 0.242201 0.135955 0.126114 0.158676 0.0712571 0.0516549 0.0381973 0.072189 0.161788 0.0372599 0.113895 0.0347596
threshold=3.1458333730697636 9.9619050025939959 1.5354166626930239 -0.92782089114189137 -0.33421325683593744 35.975336074829109 35.906902313232429 2.7437499761581425 0.87291666865348827 0.71875000000000011 35.659040451049812 0.38140359520912176 53.465276718139656 -79.022460937499986 35.665693283081062 -80.495098114013658 7.6827380657196054 3.9068452119827275 -3.4380823373794551 0.41615864634513861 -79.217182159423814 2.1354167461395268 -4.4937500953674308 9.4195833206176776 6.0937500000000009 4.3612501621246347 0.99375000596046459 -2.7638716697692867 5.1291666030883798 -121.56400299072264
decision_type=2 2 2 2 2 2 2 2 2 2 2 2 2 2 2 2 2 2 2 2 2 2 2 2 2 2 2 2 2 2
left_child=1 2 5 22 -5 6 8 15 9 12 -11 -12 13 14 -1 29 17 18 19 -17 21 -10 -4 24 25 27 -27 28 -2 -7
right_child=23 -3 3 4 -6 7 -8 -9 20 10 11 -13 -14 -15 -16 16 -18 -19 -20 -21 -22 -23 -24 -25 -26 26 -28 -29 -30 -31
leaf_value=0.00030364387253041248 0 5.5076055593961119e-08 0.00025903337741908783 2.911359309298867e-07 7.8068564335342927e-08 -9.0266793877194759e-08 0.0018197754276993328 6.4058985105308605e-08 -5.2202202374453112e-05 0.00059875977459878944 -0.001105272405561003 0.0018987831049451075 -9.0369346981987361e-05 0.0010364653177881212 -0.016400588743549684 0.0015081017988830326 0.0014426811166431575 -0.0003093631084430995 -0.0001063877433411009 0.00019404812429443254 -0.00012606421436199834 0.00027521434376906825 -1.5440004134226193e-06 -0.0002366024770999893 0 0.00018686596414148606 0 0 3.1573764159047111e-08 -1.2236840073032164e-05
leaf_weight=27.999999582767487 80.599997878074646 25.399999141693115 20.09999942779541 24.499999165534973 20.699999511241913 137.59999549388885 21.299999833106995 25.599999308586121 27.199999451637268 17.599999904632568 22.199999630451202 29.0999995470047 56.69999885559082 15.699999809265135 38.899999260902405 17.799999952316284 17.599999845027924 127.69999808073044 47.799999177455902 17.799999833106995 105.49999850988388 34.199999451637268 111.69999599456787 22.899999737739563 15837.199727833271 18.399999678134918 29.399998962879181 345.69999116659164 35.199999272823334 578.09998613595963
leaf_count=32 80 20 21 19 23 108 25 22 30 20 28 37 73 19 51 20 22 169 66 20 139 42 87 29 16626 20 24 341 34 633
internal_value=-0.00226558 -0.0001192 -0.000416937 0.00368644 0.0202876 -0.000948478 0.00090565 -0.00170619 0.000219274 0.0015586 0.0049746 0.00198343 -0.000131013 0.00149516 -3.36329e-05 -0.00188056 -0.000663534 -0.00129204 0.000557553 0.00367977 -0.00145147 0.000350162 -0.00200683 -0.00247129 -0.00247461 -0.0020484 -0.000198745 -0.00223998 -0.00146373 -0.00226946
internal_weight=17938.2 1568.8 1543.4 177 45.2 1366.4 396.4 970 375.1 208.2 68.9 51.3 139.3 82.6 66.9 944.4 228.7 211.1 83.4 35.6 166.9 61.4 131.8 16369.4 16346.5 509.3 47.8 461.5 115.8 715.7
internal_count=18880 1726 1706 150 42 1556 496 1060 471 260 85 65 175 102 83 1038 297 275 106 40 211 72 108 17154 17125 499 44 455 114 741
is_linear=0
shrinkage=0.05


Tree=119
num_leaves=31
num_cat=0
split_feature=13 0 9 11 2 7 29 11 29 30 6 11 3 10 9 3 6 29 9 0 2 29 2 30 29 29 11 29 2 30
split_gain=4.1474 2.95248 2.46025 1.05693 1.94789 5.70209 0.831294 0.960488 0.882361 1.15086 0.262259 0.204184 0.259557 0.190465 0.646018 0.179861 0.223826 0.338531 0.128258 0.125929 0.116972 0.0795019 0.151405 0.0734977 0.19974 0.0670607 0.139971 0.0570785 0.0508528 0.248327
threshold=3.1458333730697636 10.188889026641847 95.770832061767592 5.7333333492279062 -0.92782089114189137 1.5854166746139529 35.975336074829109 -0.24305555224418637 35.882707595825202 -79.269531249999986 4.4395833015441903 -1.920138895511627 2.8667360544204716 55.548612594604499 100.23611068725587 2.850972175598145 1.1645833253860476 35.652334213256843 123.86805343627931 1.1034722328186037 3.3642209768295293 36.03450012207032 -5.7725932598114005 -79.220710754394517 35.656698226928718 36.441598892211921 1.7451388835906985 36.658319473266609 -3.746260285377502 -76.923053741455064
decision_type=2 2 2 2 2 2 2 2 2 2 2 2 2 2 2 2 2 2 2 2 2 2 2 2 2 2 2 2 2 2
left_child=1 3 -3 6 27 -6 7 8 9 -1 13 18 -13 14 -8 16 17 -9 -11 -16 21 22 -21 24 -17 26 -15 -5 29 -2
right_child=28 2 -4 4 5 -7 10 15 -10 11 -12 12 -14 25 19 23 -18 -19 -20 20 -22 -23 -24 -25 -26 -27 -28 -29 -30 -31
leaf_value=0.00050356795476426137 0 2.6041227470998008e-08 2.5078474582460556e-07 0.00041804855873219806 -1.5355666109606123e-07 2.7657913438394742e-07 5.5190773318170017e-07 -4.9188856761972488e-05 0.0016070173588044363 -0.015598931835449779 0.00024608170854813481 0.0013204825902831342 -0.032859144000230274 0.00017400544641380566 -2.0121363169200881e-05 -6.4332217051355994e-05 -9.019698349326895e-05 0.00071242914946587381 0.00014375795406118465 -0.031470315355756999 0.0011661108700633861 -1.1082592108175654e-05 0.0014326967089388798 -0.00011976100364390341 0.00079535205934060387 -1.4856376845417413e-05 -7.3160998787080166e-05 -1.1624998069381666e-05 0 1.2185164742125009e-05
leaf_weight=27.999999761581421 897.19998681545258 49.299998641014099 41.199998736381531 16.199999690055847 34.399998843669891 24.799999117851257 41.799998760223389 18.0999995470047 25.599999785423279 53.999998986721039 19.499999284744263 16.599999785423279 23.299999594688416 22.399999618530273 21.699999570846558 31.09999942779541 28.59999942779541 33.599999368190765 25.599999666213989 30.499999463558197 21.199999630451202 229.79999405145645 19.499999761581421 118.29999822378159 15.999999880790709 471.79998922348022 41.199999332427979 52.499998152256012 15393.39972782135 42.499999701976776
leaf_count=32 948 39 34 20 28 20 38 17 30 72 15 20 31 28 29 37 36 38 34 41 28 224 25 157 20 540 50 41 16102 47
internal_value=-0.00223896 0.000227097 0.00899171 -0.000313929 0.00402854 0.0106757 -0.000728965 0.00111748 0.00397025 0.00248305 -0.00157005 0.000345188 0.00326441 -0.00169436 -0.000812758 -0.000892349 0.00104919 0.00301257 -0.00111809 -0.00157034 -0.00183555 -0.00210686 -0.000300001 -0.00183495 -0.000164544 -0.00229455 -0.000770441 -0.00169942 -0.00247398 -0.0021169
internal_weight=17889.7 1556.6 90.5 1466.1 127.9 59.2 1338.2 418.8 173.1 147.5 919.4 119.5 39.9 899.9 364.5 245.7 80.3 51.7 79.6 322.7 301 279.8 50 165.4 47.1 535.4 63.6 68.7 16333.1 939.7
internal_count=18821 1724 73 1651 109 48 1542 524 219 189 1018 157 51 1003 385 305 91 55 106 347 318 290 66 214 57 618 78 61 17097 995
is_linear=0
shrinkage=0.05


Tree=120
num_leaves=31
num_cat=0
split_feature=13 0 30 10 11 2 6 10 9 11 11 4 5 5 5 10 4 0 9 6 5 11 6 2 5 0 5 4 4 12
split_gain=4.17989 2.8268 3.71065 3.2252 2.50309 3.11242 6.96966 0.672139 0.792206 0.47732 1.22289 0.503654 0.380139 0.419686 0.252272 0.272415 0.228091 0.201711 0.156724 0.145694 0.163012 0.102769 0.284026 0.228265 0.0800506 0.0538502 0.127067 0.234233 0.0487317 0.0429982
threshold=3.1458333730697636 10.188889026641847 -121.22849655151366 76.263889312744155 5.7333333492279062 -0.86529502272605885 1.6937500238418581 54.937500000000007 142.53472137451175 2.8986110687255864 1.8944444656372073 4.3485417366027841 0.32149246335029608 0.37171608209609991 0.84548583626747142 22.312500000000004 3.1856249570846562 1.1034722328186037 115.04166412353517 1.0645833611488345 0.38378396630287176 -5.8222222328186026 1.560416638851166 -8.3707818984985334 0.67896661162376415 8.6187500953674334 0.2225754112005234 5.1679165363311776 9.4195833206176776 13.870833396911623
decision_type=2 2 2 2 2 2 2 2 2 2 2 2 2 2 2 2 2 2 2 2 2 2 2 2 2 2 2 2 2 2
left_child=1 4 3 -3 7 16 -7 8 9 10 11 12 -1 18 15 -15 -6 -10 -14 20 -17 22 -9 -23 -21 26 27 -2 -27 -25
right_child=25 2 -4 -5 5 6 -8 21 17 -11 -12 -13 13 14 -16 19 -18 -19 -20 24 -22 23 -24 29 -26 28 -28 -29 -30 -31
leaf_value=-5.1483157172855251e-05 4.3314733010797588e-07 5.730744551790679e-07 -1.1411104128278283e-08 4.8316798556546919e-08 0.00039714613079558928 -1.2392927891705788e-07 2.6238786762854302e-07 -4.223822965653268e-05 1.6330012122219733e-05 -3.7367228509727706e-06 0.0019985493264500945 0.0022465194917299426 0.00024869407593686166 0.0012989122253640574 0.0016484357883741474 0.00012028113571346256 -3.4257056612069546e-05 -1.0919580551850574e-05 0.00019574872575851555 0.00082954191290442745 -0.00015537642413094763 0.00015873373463327949 0.00023352918872696082 -1.5925307494158267e-05 -0.0016382265481504066 0 0 0 -0.00028218663174472763 -0.00047802000765372987
leaf_weight=54.699998676776886 29.599999606609344 25.399999260902405 40.599998772144318 25.399999260902405 18.599999487400055 33.299998819828033 26.599999129772186 49.499999105930328 17.399999678134918 55.499998271465302 17.699999630451202 17.699999809265137 16.599999845027924 20.5999995470047 17.499999821186066 25.899999499320984 51.999998271465302 222.59999537467957 17.099999785423279 25.199999690055847 71.099998593330383 22.799999892711639 13.499999761581419 614.9999857544899 22.499999642372131 15855.599723756313 306.29999428987503 38.5999995470047 24.699999690055847 24.899999618530273
leaf_count=53 36 20 34 20 18 27 22 69 24 51 19 21 20 20 21 33 46 246 21 30 89 26 17 698 29 16596 349 44 31 35
internal_value=-0.00224192 0.000239239 0.00876915 0.0177756 -0.000295379 0.00631226 0.0146953 -0.000944797 0.000290234 0.00176678 0.00253914 0.00175753 0.00122419 0.00216513 0.00121991 0.000615547 -0.000800284 -0.0019375 0.00729228 -0.000150312 -0.00126289 -0.00196948 -3.96832e-05 -0.00215294 0.00211216 -0.00247847 -0.00188585 6.59817e-05 -0.00249244 -0.0023281
internal_weight=17804.5 1549.7 91.4 50.8 1458.3 130.5 59.9 1327.8 602.1 362.1 306.6 288.9 271.2 216.5 182.8 165.3 70.6 240 33.7 144.7 97 725.7 63 662.7 47.7 16254.8 374.5 68.2 15880.3 639.9
internal_count=18765 1709 74 40 1635 113 49 1522 677 407 356 337 316 263 222 201 64 270 41 181 122 845 86 759 59 17056 429 80 16627 733
is_linear=0
shrinkage=0.05


Tree=121
num_leaves=31
num_cat=0
split_feature=1 7 1 1 7 30 0 2 7 29 30 30 2 11 6 8 2 0 30 4 5 5 29 11 0 7 29 3 29 10
split_gain=2.49178 1.77682 3.92842 4.95526 1.94332 0.382127 1.95064 0.434131 0.467755 0.563968 0.40167 0.566952 0.397031 0.240949 0.204261 0.30533 0.172611 0.11649 0.642745 0.889129 0.107607 0.148793 0.0700689 0.0680638 0.126521 0.108024 0.333007 0.109343 0.0630115 0.0673453
threshold=9.9619050025939959 1.5354166626930239 7.8875000476837167 6.8943452835083017 2.1937500238418584 -121.26300048828124 10.188889026641847 -3.3179736137390132 0.22708333283662799 35.654365539550788 -79.074466705322251 -79.002838134765611 -0.92782089114189137 4.1604166030883798 0.81874999403953563 3.5000000000000004 -3.3689570426940914 10.333333492279055 -121.73250198364256 3.5866667032241826 0.048986589536070831 0.038434801623225219 37.773715972900398 1.5944444537162783 8.2062501907348651 0.76041665673255932 36.028999328613288 8.2372221946716326 40.068038940429695 84.166667938232436
decision_type=2 2 2 2 2 2 2 2 2 2 2 2 2 2 2 2 2 2 2 2 2 2 2 2 2 2 2 2 2 2
left_child=1 5 3 22 -5 6 12 8 9 -7 -11 -12 -1 -4 -13 -16 28 18 19 -2 21 -9 -3 24 25 27 -27 -22 29 -10
right_child=17 2 13 4 -6 7 -8 20 16 10 11 14 -14 -15 15 -17 -18 -19 -20 -21 23 -23 -24 -25 -26 26 -28 -29 -30 -31
leaf_value=-3.135157053968385e-08 5.5909621161642779e-07 0.00023457388849543737 7.2283824231744731e-08 2.5543764116675584e-07 7.2283824231744731e-08 0.00028045489048864671 4.7689928541760904e-07 -8.8230806104860895e-05 -2.9588348998769783e-05 -2.0207064569699985e-08 0.001090802751189065 -0.00026765661296937888 5.7222418171131073e-06 0 -4.1543535724064555e-05 0.00079506319633417921 0.00023625937214001859 0 0 0 -0.0001564214379544161 0.0021341935171434456 -3.7764603646068921e-05 0 0.00099243234442291544 0.0015660139989554401 -0.00044780816616814744 -1.2303258821455457e-05 0.00014318608523427036 0.00016770875902735738
leaf_weight=171.89999449253082 25.599999070167542 15.399999678134916 23.599999189376831 24.199999153614044 25.199999153614044 33.5999995470047 46.299998879432678 17.299999713897705 220.09999632835388 104.0999983549118 30.79999977350235 36.899999618530273 48.999998331069946 124.99999564886093 17.699999749660492 25.79999965429306 21.599999606609344 15314.999736249447 420.29999101161957 29.899998903274536 386.39999359846115 16.599999845027924 27.199999153614044 550.59998738765717 26.299999415874481 21.899999737739563 44.39999920129776 16.099999725818634 15.69999974966049 16.699999749660492
leaf_count=135 20 18 20 20 20 36 37 23 255 125 36 45 38 98 23 30 26 15996 435 23 522 20 26 616 27 29 62 23 19 21
internal_value=-0.00225616 -0.000642533 0.00340191 0.0115217 0.0222976 -0.00116296 0.000587574 -0.00145482 -0.000272467 0.0012967 0.000356479 0.00244604 -0.00136827 -0.00162517 0.000236318 0.00255747 -0.00169737 -0.00247182 -0.00170135 0.00335586 -0.0020276 0.000744837 -0.000974179 -0.00211748 -0.00169208 -0.0018814 -1.13128e-05 -0.00218944 -0.00206436 -0.00226774
internal_weight=17901.2 2110.4 240.6 92 49.4 1869.8 267.2 1602.6 523 248.9 215.3 111.2 220.9 148.6 80.4 43.5 274.1 15790.8 475.8 55.5 1079.6 33.9 42.6 1045.7 495.1 468.8 66.3 402.5 252.5 236.8
internal_count=18824 2350 202 84 40 2148 210 1938 616 295 259 134 173 118 98 53 321 16474 478 43 1322 43 44 1279 663 636 91 545 295 276
is_linear=0
shrinkage=0.05


Tree=122
num_leaves=31
num_cat=0
split_feature=13 7 2 30 29 29 2 1 0 29 4 10 30 11 29 11 29 7 12 13 5 30 1 1 2 1 4 30 0 1
split_gain=3.62889 3.34427 5.57643 2.82824 0.797517 0.796464 0.820093 0.78643 0.74874 0.321237 0.415052 0.691714 0.788739 0.579113 0.575911 0.324682 0.701517 0.331395 0.130056 0.080125 0.159736 0.144805 0.0694742 0.0583344 0.0567496 0.0506316 0.0503625 0.0436278 0.165987 0.0431282
threshold=2.4458333253860478 1.6270833611488345 -2.0713120698928829 -120.90349960327147 35.672292709350593 35.640089035034187 -3.642960667610168 3.9068452119827275 10.188889026641847 36.028999328613288 3.7087500095367436 52.659723281860359 -79.16057968139647 -2.2937500476837154 35.898796081542976 -5.8222222328186026 41.332025527954109 1.5104166865348818 2.4083333015441899 9.1541666984558123 0.045622861012816436 -121.79750061035155 7.6827380657196054 9.4163694381713885 4.6905150413513192 6.3586308956146249 9.4195833206176776 -121.6495018005371 10.188889026641847 8.0916666984558123
decision_type=2 2 2 2 2 2 2 2 2 2 2 2 2 2 2 2 2 2 2 2 2 2 2 2 2 2 2 2 2 2
left_child=1 4 29 -4 5 25 7 -7 9 10 11 12 -6 -14 -15 16 -11 23 -13 20 -2 -22 -12 24 -17 -1 -21 28 -23 -3
right_child=19 2 3 -5 8 6 -8 -9 -10 15 22 18 13 14 -16 17 -18 -19 -20 26 21 27 -24 -25 -26 -27 -28 -29 -30 -31
leaf_value=5.2773470803280101e-05 0.00014139987245630174 0.0002228451940706644 2.346246766918812e-07 6.3141013196946784e-08 -0.014811215412117513 0.00050613404799613744 0.00070345117684976358 -0.0048139100102366859 4.5135054617188739e-07 0.00043081946383163872 -0.00011423882348933109 -7.4842747284428442e-05 7.0802250620638504e-05 0.0011482929520694562 0.001184344996874709 -2.028730118344074e-05 -0.00026463705729445783 2.4266575910925069e-07 -0.0060636357781955891 0 1.1367312304189879e-08 1.3444996144542218e-09 0.00118963898790459 5.0339266063348374e-07 0.0016327197315425424 -4.7690238858341064e-05 -0.00026277198081038866 0 0 -1.098721523387353e-05
leaf_weight=16.499999761581421 24.899999618530273 25.39999908208847 29.69999897480011 30.199999094009399 26.399999439716339 15.899999856948851 27.799999833106995 28.999999523162842 26.599999248981476 20.199999451637268 110.5999983549118 67.799998581409454 18.899999737739563 25.999999761581421 19.399999916553497 679.69998413324356 47.099999189376831 18.299999356269836 26.699999570846558 15318.899740517139 38.599998652935028 29.69999897480011 15.299999833106993 23.89999920129776 18.899999737739563 36.799999237060547 23.899999678134918 867.69997996091843 79.99999737739563 46.79999828338623
leaf_count=21 29 20 23 28 34 19 34 38 22 18 148 84 25 30 22 739 67 15 35 16093 32 23 19 19 25 38 31 907 62 36
internal_value=-0.00225432 0.000185376 0.00775738 0.0190359 -0.000601117 0.0031746 0.0065784 0.00239978 -0.00101632 -0.00121337 0.00015188 0.00165767 0.00477674 0.00776438 0.010826 -0.00173896 0.00158618 -0.00204104 -0.00133598 -0.00246338 -0.00203886 -0.00213583 -0.00206315 -0.00220934 -0.00229244 -0.00146811 -0.00249218 -0.00225445 -0.00131495 -0.00159972
internal_weight=17787.6 1403.9 132.1 59.9 1271.8 126 72.7 44.9 1145.8 1119.2 311.1 185.2 90.7 64.3 45.4 808.1 67.3 740.8 94.5 16383.7 1040.9 1016 125.9 722.5 698.6 53.3 15342.8 977.4 109.7 72.2
internal_count=18736 1559 107 51 1452 150 91 57 1302 1280 397 230 111 77 52 883 85 798 119 17177 1053 1024 167 783 764 59 16124 992 85 56
is_linear=0
shrinkage=0.05


Tree=123
num_leaves=31
num_cat=0
split_feature=1 7 2 6 10 29 29 4 4 29 9 29 1 5 2 7 6 1 0 1 2 29 3 3 6 9 5 9 2 4
split_gain=2.90647 5.46025 5.81042 2.84358 0.713046 0.642941 0.805243 0.432402 0.562724 0.51344 0.6554 0.770932 0.319307 0.287734 0.192009 0.17232 0.277208 0.503761 0.229918 0.14405 0.193869 0.225554 0.169933 0.537816 0.142342 0.123098 0.0852237 0.185642 0.314056 0.0506819
threshold=8.0916666984558123 1.5354166626930239 -2.0713120698928829 2.2520833015441899 55.062500000000007 35.975336074829109 35.904197692871101 3.4085416793823247 4.9052083492279062 35.640089035034187 87.138889312744155 35.684564590454109 9.9619050025939959 0.048986589536070831 -8.3707818984985334 0.089583333581686034 0.81874999403953563 3.9068452119827275 7.4090278148651132 9.2747025489807147 0.15960144996643069 37.700534820556648 2.5245138406753544 2.4090276956558232 0.77708330750465404 97.604167938232436 0.1741714030504227 82.22916412353517 -4.4611153602600089 9.4195833206176776
decision_type=2 2 2 2 2 2 2 2 2 2 2 2 2 2 2 2 2 2 2 2 2 2 2 2 2 2 2 2 2 2
left_child=1 4 -3 -4 5 6 7 9 25 -1 -11 -12 13 -2 -6 16 18 -18 -7 -15 21 22 23 -21 -23 -9 27 28 -16 -14
right_child=12 2 3 -5 14 15 -8 8 -10 10 11 -13 29 19 26 -17 17 -19 -20 20 -22 24 -24 -25 -26 -27 -28 -29 -30 -31
leaf_value=-4.7426410829076727e-05 0.00063312275778319 -2.4582732168291117e-05 2.3021225734221754e-07 6.4061564309272046e-08 0.00011970385918113832 -0.00012004860177271411 0.0017908950879174492 -0.0071738580461700122 8.3626498613587066e-05 -0.014070654641511637 0.00078445109833604203 0.0007510934598537203 0 -3.4442932008269913e-09 -0.026200173642072305 -1.0982787189169788e-05 0.001209997104147903 -2.0312907435982019e-05 0.0015510837449654149 0 0 4.9800824084011985e-07 0 1.120542082338732e-06 4.7822302760014426e-07 -9.770909847900171e-05 -2.6892986245948908e-05 -7.1525546351022628e-05 0.0011301570385093608 -0.00088756783174419427
leaf_weight=22.0999995470047 26.799999713897705 46.099998474121094 29.799998998641968 30.399999022483826 25.29999977350235 100.69999784231186 18.699999928474426 29.799999535083771 23.599999785423279 24.699999511241913 15.39999997615814 28.999999582767487 15807.699724733829 432.39998930692673 19.099999666213989 137.79999667406082 19.699999749660492 17.399999618530273 16.29999965429306 44.599998533725739 103.99999725818634 22.199999630451202 71.89999794960022 28.399999439716339 22.79999965429306 93.299998760223389 557.19998866319656 63.199998617172241 17.899999678134918 23.599999666213989
leaf_count=23 32 41 24 28 29 121 21 40 30 31 18 36 16499 438 27 154 23 18 15 36 104 20 67 32 20 117 690 74 19 30
internal_value=-0.00225616 -1.40193e-05 0.0108584 0.021088 -0.00095273 0.000389699 0.00221551 0.00143022 -0.000250512 0.00413377 0.00625543 0.00988739 -0.00243699 -0.00143109 -0.00203127 -0.00121531 -6.65159e-05 0.00369946 -0.00126068 -0.00161882 -0.000764717 0.000185623 -0.000774673 0.000924657 0.00327778 -0.00160642 -0.00219577 -0.000853294 0.00195946 -0.00248484
internal_weight=17921.9 1337.5 106.3 60.2 1231.2 548.5 256.6 237.9 146.7 91.2 69.1 44.4 16584.4 753.1 682.7 291.9 154.1 37.1 117 726.3 293.9 189.9 144.9 73 45 123.1 657.4 100.2 37 15831.3
internal_count=18857 1579 93 52 1486 647 316 295 187 108 85 54 17278 749 839 331 177 41 136 717 279 175 135 68 40 157 810 120 46 16529
is_linear=0
shrinkage=0.05


Tree=124
num_leaves=31
num_cat=0
split_feature=13 9 2 10 5 29 4 10 1 29 9 29 12 9 9 0 1 11 10 5 5 1 11 5 30 1 29 2 2 4
split_gain=3.76484 1.68262 4.5398 4.36358 1.78716 1.40585 1.34269 1.17445 0.830021 0.54829 0.960995 0.479084 0.393626 0.641457 0.574583 0.399147 0.309262 0.248929 0.211487 0.135972 0.207117 0.120683 1.6056 0.184161 0.118427 0.0901534 0.252696 0.0653925 0.0597547 0.0474052
threshold=2.4458333253860478 66.604167938232436 -2.0713120698928829 89.520832061767592 0.38378396630287176 35.672292709350593 3.9327082633972172 99.034721374511733 9.4163694381713885 35.640089035034187 106.02083206176759 36.504644393920906 5.0062499046325692 111.5902786254883 88.520832061767592 6.3083331584930429 5.3401784896850595 -5.8222222328186026 34.743055343627937 0.62898355722427379 0.41615864634513861 9.2747025489807147 8.3326392173767108 0.09523369744420053 -79.408752441406236 5.3401784896850595 37.413198471069343 1.9976060986518862 4.8051371574401864 9.4195833206176776
decision_type=2 2 2 2 2 2 2 2 2 2 2 2 2 2 2 2 2 2 2 2 2 2 2 2 2 2 2 2 2 2
left_child=1 2 25 4 -4 6 9 21 11 -3 -11 12 14 -14 16 -15 -7 19 -16 20 24 22 23 -2 -13 26 -1 -20 -19 -23
right_child=7 5 3 -5 -6 8 -8 -9 -10 10 -12 17 13 15 18 -17 -18 28 27 -21 -22 29 -24 -25 -26 -27 -28 -29 -30 -31
leaf_value=-0.026678067191167078 0.0001088127609896564 -4.6934198123157008e-05 6.2309504145208202e-08 -2.9421815161406795e-05 2.1683092584212639e-07 -7.036940304587592e-05 0.00054796674699902903 1.7221465919980972e-10 4.3448296247947063e-07 -0.01384861465045252 0.00048452795714308533 -5.3523411302558448e-05 0.0027545572676845598 -0.02984192603695944 0.0011494972489405064 0.0010475735597827052 0.0015271376117323321 -1.4479346156150484e-05 -4.8001032983455285e-05 -0.001322294717830459 0.00010486012382923682 0 1.7221465919980972e-10 -1.8597930136746374e-05 0.00032871456057422443 -1.6434761497796659e-05 0.00021293207097554669 0.0018036525395314362 0.001473529557717146 -0.00086021014842364819
leaf_weight=27.399999499320984 24.699999511241913 44.499999225139618 27.099999070167542 27.299999117851257 25.699999153614044 31.699999570846558 31.699999690055847 35.599999189376831 36.799998939037323 22.799999535083771 27.79999977350235 18.599999547004696 20.499999821186066 36.699999332427979 19.099999725818634 19.899999797344208 20.199999809265137 591.49998515844345 192.19999694824219 21.899999618530273 13.49999964237213 15967.59971922636 15.699999451637266 385.79999327659607 15.099999725818636 82.099997282028198 14.799999773502348 16.999999701976776 19.599999725818634 25.199999630451202
leaf_count=38 25 49 21 23 21 37 35 36 30 30 34 22 25 51 23 23 24 643 244 31 15 16670 13 466 19 65 18 22 26 32
internal_value=-0.00223041 0.000253468 0.00444716 0.0137297 0.0221212 -0.000460204 0.00451893 -0.00244257 -0.00104789 0.00154837 0.00510869 -0.00130964 0.000172823 0.00333658 -0.000697717 0.000591872 0.00405106 -0.00208836 -0.00177727 0.00075615 0.00226695 -0.00246224 -0.00163186 -0.00223203 0.000170623 -0.00153459 0.000343601 -0.00223709 -0.00241 -0.00248437
internal_weight=17860.1 1405.5 204.4 80.1 52.8 1201.1 126.8 16454.6 1074.3 95.1 50.6 1037.5 357.3 77.1 280.2 56.6 51.9 680.2 228.3 69.1 47.2 16419 426.2 410.5 33.7 124.3 42.2 209.2 611.1 15992.8
internal_count=18811 1569 186 65 42 1383 148 17242 1235 113 64 1205 449 99 350 74 61 756 289 87 56 17206 504 491 41 121 56 266 669 16702
is_linear=0
shrinkage=0.05


Tree=125
num_leaves=31
num_cat=0
split_feature=13 7 2 30 30 10 2 11 2 30 0 2 0 6 3 6 3 0 3 0 30 13 13 0 4 11 7 10 30 2
split_gain=3.09152 3.73012 4.66722 3.38663 2.06103 0.770639 0.567107 0.453061 0.772359 0.364151 1.1382 0.323701 0.30144 0.299328 0.20262 0.293333 0.200628 0.191094 0.279264 0.183802 0.131628 0.119356 0.170496 0.417795 0.341251 0.26558 0.147875 0.268996 0.508231 0.084386
threshold=7.8145833015441903 1.6270833611488345 -2.2559653520584102 -121.26300048828124 -120.90349960327147 91.673610687255874 -3.3179736137390132 -0.75486111640930165 -4.0505821704864493 -79.074466705322251 3.3368055820465092 -3.3689570426940914 9.7784724235534686 2.497916698455811 8.2372221946716326 1.0854166746139529 4.3612501621246347 1.6583333015441897 2.3747221231460576 1.0000000180025095e-35 -119.26765060424803 2.7437499761581425 1.4395833015441897 8.405555725097658 3.2070833444595341 1.0000000180025095e-35 0.71458330750465404 55.812500000000007 -79.261032104492173 -1.6983566284179685
decision_type=2 2 2 2 2 2 2 2 2 2 2 2 2 2 2 2 2 2 2 2 2 2 2 2 2 2 2 2 2 2
left_child=1 6 5 -4 -5 -3 7 8 9 17 19 12 16 14 21 -16 -9 18 -1 -11 -14 22 26 24 -24 -26 -8 28 -28 -25
right_child=-2 2 3 4 -6 -7 13 11 -10 10 -12 -13 20 -15 15 -17 -18 -19 -20 -21 -22 -23 23 29 25 -27 27 -29 -30 -31
leaf_value=0.00029318936790914685 0 0 1.30883093074174e-10 1.721481643685019e-06 1.6661765228631608e-08 9.2698293820414619e-07 -2.3191263548986019e-05 -4.3359490601132714e-08 0.00011388410095782687 0.00033234290740394859 0.0026168294043003304 0.0005205684096490804 0 1.7113564010141848e-07 3.9604365745656325e-05 -0.00043227010396356828 0.00013910976265183451 -4.7789219623350877e-05 -0.020615286622592738 -0.00051383759607156814 4.8595226708242489e-05 0 -1.0181858910873754e-05 4.5138368067187963e-07 0.00065264702742678059 0.0009972923059972771 -6.9056601273431717e-06 -2.3663851236655332e-05 0.0017134699125548659 -5.5132224363596555e-08
leaf_weight=20.099999606609344 15669.499730944633 95.699996531009674 31.19999885559082 25.599999189376831 28.999999165534973 27.299998998641968 459.89999002218246 293.89999431371689 29.699999630451202 14.799999952316282 20.599999845027924 22.599999606609344 27.599999070167542 37.699998915195465 13.999999761581423 15.399999737739561 20.699999809265137 103.19999766349792 16.999999701976776 50.299999177455902 23.499999701976776 549.09998607635498 18.799999535083771 17.099999487400055 24.099999725818634 19.29999965429306 21.099999487400055 105.89999741315842 19.699999809265137 99.899997353553772
leaf_count=23 16411 75 24 20 28 21 543 315 35 18 24 26 22 37 20 22 23 112 24 65 29 565 18 15 27 23 23 117 25 99
internal_value=-0.00223974 -0.000508693 0.00585728 0.0148077 0.0223168 -0.00038618 -0.00115836 6.98751e-05 0.00170414 0.000707964 0.00327596 -0.00100631 -0.00136519 -0.00172254 -0.00184399 0.0022619 -0.00194374 -0.000860656 0.00221698 3.45616e-05 0.00219667 -0.00193442 -0.0015392 -0.000184152 0.00312701 0.00556452 -0.0019395 -0.00055726 0.00289216 -0.00194445
internal_weight=17924.3 2254.8 208.8 85.8 54.6 123 2046 644 255.7 226 85.7 388.3 365.7 1402 1364.3 29.4 314.6 140.3 37.1 65.1 51.1 1334.9 785.8 179.2 62.2 43.4 606.6 146.7 40.8 117
internal_count=18829 2418 168 72 48 96 2250 716 301 266 107 415 389 1534 1497 42 338 159 47 83 51 1455 890 182 68 50 708 165 48 114
is_linear=0
shrinkage=0.05


Tree=126
num_leaves=31
num_cat=0
split_feature=13 7 6 2 29 7 2 29 6 11 2 2 6 2 3 11 13 9 30 11 30 2 2 2 29 5 29 3 6 7
split_gain=2.33592 1.56935 2.25766 3.15991 0.865514 0.795379 0.593999 0.800414 0.860128 0.462273 0.307571 0.284577 0.388557 0.360134 0.264852 0.286829 0.231863 0.186573 0.258015 0.143847 0.275418 0.37966 0.357638 0.161078 0.115321 0.0809557 0.16002 0.0680055 0.0576444 0.209708
threshold=7.8145833015441903 1.4479166865348818 1.9937499761581423 -0.70243272185325611 35.838500976562507 3.1875000000000004 -3.3179736137390132 35.514999389648445 0.13125000149011615 7.9729166030883798 -3.4380823373794551 -1.8586050868034361 2.3562500476837163 -2.2559653520584102 8.2372221946716326 -0.75486111640930165 1.0000000180025095e-35 131.56944274902347 -79.025478363037095 0.95208334922790538 -80.382396697998033 -6.6497280597686759 -5.0095753669738761 -5.7725932598114005 35.667955398559577 0.43192511796951299 35.674556732177741 2.6872916221618657 0.42708334326744085 0.13541667163372043
decision_type=2 2 2 2 2 2 2 2 2 2 2 2 2 2 2 2 2 2 2 2 2 2 2 2 2 2 2 2 2 2
left_child=1 4 3 -3 6 27 7 -1 -9 -7 17 12 13 19 -13 -16 -8 18 -10 20 -6 -22 23 -23 -19 26 -18 -4 29 -21
right_child=-2 2 5 -5 11 9 16 8 10 -11 -12 14 -14 -15 15 -17 25 24 -20 28 21 22 -24 -25 -26 -27 -28 -29 -30 -31
leaf_value=0.000111746748112318 0 -2.2838835165565792e-08 0.00020228546742677157 1.3500283800478942e-06 -1.7218727611366496e-05 2.5525598497682732e-08 0.00053932495004785092 0.00027852989951369093 -7.2331908826618843e-05 8.8063379129477155e-07 0.00049453998916662578 0 0.00019016107764709969 3.7123854192643189e-07 1.9258905303354225e-05 -0.0012593664965887196 0 0.00011686047456005509 0.0013199392609307026 -2.005772695712338e-08 -0.00013416431329462477 0.0024859879340853154 -7.1498292375626353e-05 0.00096118091627846462 -9.8747941262056221e-05 0 0.00069660045318364894 0 0 0.00015787313130292136
leaf_weight=21.599999487400055 15707.499727845192 34.399998903274536 20.799999237060547 26.799999058246613 86.999997496604919 35.099998712539673 29.999999642372131 26.599999725818634 97.499998331069946 25.999999046325684 18.599999785423279 913.69997805356979 21.499999523162842 44.499998509883881 13.999999761581423 14.69999974966049 21.399999439716339 22.699999868869781 16.099999845027924 57.499999105930328 39.099999487400055 17.299999892711639 27.0999995470047 16.599999845027924 26.799999535083771 168.79999679327011 16.899999797344208 106.79999643564224 273.59999340772629 20.299999475479126
leaf_count=22 16485 32 16 22 82 27 36 32 123 20 24 1003 21 35 20 21 24 27 19 57 47 21 35 20 34 206 21 92 266 19
internal_value=-0.00227659 -0.000775025 0.00296218 0.0113072 -0.00123877 0.000255696 0.000647751 0.00245868 0.00150864 0.00494681 0.000279306 -0.00180829 -0.000961539 -0.00120497 -0.00235144 0.00237805 -0.00110818 -0.00041539 -0.00153169 -0.00156221 -0.000442277 0.00134615 0.00381147 0.00723451 0.00214646 -0.00170328 0.000372062 -0.0019906 -0.00215851 -0.000957584
internal_weight=17971.3 2263.8 249.9 61.2 2013.9 188.7 467 229.9 208.3 61.1 181.7 1546.9 604.5 583 942.4 28.7 237.1 163.1 113.6 538.5 187.1 100.1 61 33.9 49.5 207.1 38.3 127.6 351.4 77.8
internal_count=18909 2424 209 54 2215 155 568 281 259 47 227 1647 603 582 1044 41 287 203 142 547 205 123 76 41 61 251 45 108 342 76
is_linear=0
shrinkage=0.05


Tree=127
num_leaves=31
num_cat=0
split_feature=13 1 7 6 4 3 1 30 30 30 3 11 10 5 13 7 12 5 12 30 12 5 7 0 3 30 12 1 11 10
split_gain=1.91978 0.995467 0.702098 0.94004 0.680574 0.411602 0.6 0.463834 0.670536 0.909654 0.817753 0.747778 0.189408 0.353537 0.114563 0.171088 0.333595 0.147032 0.109325 0.0918285 0.168736 0.0893898 0.277627 0.0759934 0.473878 0.0641588 0.0703499 0.0618772 0.151597 0.0689999
threshold=3.7208334207534794 10.110119342803957 1.5354166626930239 1.8062499761581423 4.2127082347869882 8.2372221946716326 2.4547618627548222 -80.748550415039048 -79.224052429199205 -79.248573303222642 3.0039583444595341 -4.3770833015441886 39.236110687255866 0.38140359520912176 7.8145833015441903 1.4479166865348818 2.6770832538604741 0.045622861012816436 -1.3729166388511655 -79.273685455322251 3.5229166746139531 0.12537468224763873 0.027083333581686023 9.499305725097658 3.4994443655014043 -121.52550125122069 -1.6145833134651182 6.6476190090179452 2.1166666746139531 84.409721374511733
decision_type=2 2 2 2 2 2 2 2 2 2 2 2 2 2 2 2 2 2 2 2 2 2 2 2 2 2 2 2 2 2
left_child=1 2 5 -4 -5 7 -7 23 9 11 -11 -9 13 -10 15 17 -17 -2 -6 -13 -21 22 -14 -1 -25 26 -19 29 -29 -23
right_child=14 -3 3 4 18 6 -8 8 12 10 -12 19 21 -15 -16 16 -18 25 -20 20 -22 27 -24 24 -26 -27 -28 28 -30 -31
leaf_value=-8.0259501323283395e-06 0.0001061594107067021 8.2757009335909799e-07 1.3238714548169384e-06 9.8407352796480931e-07 -4.8566586514088247e-09 3.6661202193205796e-05 -0.0011963981717592837 0.00026460340453800523 -0.00063317928019415942 0.0014779304125825121 0.00069515723147935973 -0.0011207820697001325 0.00045167764119491156 0.00094890518111248601 0 -6.544154107501754e-12 3.3099155337992449e-09 3.5100982664067491e-10 -8.6865819207371046e-06 -0.045736257655810908 0.00045803283991628922 -8.8780663850403536e-05 -7.2298590057757407e-05 -4.4366987128618977e-08 3.4372038320573676e-07 0 0 0.0016008301694247331 -0.00014057423088816823 0.00014997947473777696
leaf_weight=631.19998389482498 7.3999999761581412 29.899998903274536 23.299999296665192 47.199998438358307 40.199998617172241 14.699999749660494 14.69999974966049 17.999999821186066 40.799999415874481 20.79999965429306 16.299999952316284 63.199999034404755 24.099999785423279 17.899999797344208 15560.399730801582 34.49999874830246 25.999999046325684 42.899998426437378 74.699997425079346 18.599999606609344 15.599999785423277 305.59999543428421 38.399999141693115 105.29999697208405 23.599999368190765 497.19998925924301 34.599998891353607 19.299999713897705 29.499999463558197 15.099999845027922
leaf_count=652 8 23 23 38 32 21 21 22 52 26 19 84 29 21 16342 27 20 33 63 24 20 398 46 87 20 540 28 25 39 19
internal_value=-0.00229637 -0.00067051 -0.000837557 0.00205771 0.000707896 -0.00121222 0.00464286 -0.00133489 -0.000346705 0.00254918 0.00935984 0.000359618 -0.00124669 0.00141823 -0.00246174 -0.0018075 0.00072314 -0.00207052 -0.00136858 -0.00137064 0.000716374 -0.0016088 0.000139999 -0.0021711 -0.00106478 -0.00216069 -0.000822581 -0.0019046 -0.000245902 -0.002157
internal_weight=17851 1648 1618.1 185.4 162.1 1432.7 29.4 1403.3 643.2 152.5 37.1 115.4 490.7 58.7 16203 642.6 60.5 582.1 114.9 97.4 34.2 432 62.5 760.1 128.9 574.7 77.5 369.5 48.8 320.7
internal_count=18802 1804 1781 156 133 1625 42 1583 824 195 45 150 629 73 16998 656 47 609 95 128 44 556 75 759 107 601 61 481 64 417
is_linear=0
shrinkage=0.05


Tree=128
num_leaves=31
num_cat=0
split_feature=13 5 5 7 2 29 5 3 3 1 7 2 7 5 10 29 29 3 1 8 13 29 3 6 5 3 1 10 2 3
split_gain=2.17271 0.844108 1.68654 0.618142 1.38613 0.457341 0.54637 0.402187 0.255102 0.372024 0.204432 0.327548 0.443511 0.410687 0.375841 0.29376 0.438798 0.323856 0.15973 0.603986 0.157178 1.12585 0.121959 0.11231 0.133718 0.47326 0.0729398 0.164563 0.0590501 0.341484
threshold=3.7208334207534794 0.051431171596050269 0.041749656200408942 1.935416638851166 -1.7780538797378538 36.03450012207032 0.84548583626747142 3.7300000190734868 8.2372221946716326 2.4547618627548222 0.21041666716337207 -2.7961827516555782 0.022916667163372043 0.63376975059509288 34.118055343627937 35.672292709350593 35.652334213256843 3.0039583444595341 9.4163694381713885 1.0000000180025095e-35 7.8145833015441903 35.61804389953614 2.7188194990158085 1.7187500000000002 0.58686095476150524 4.7119443416595468 6.6476190090179452 77.77777481079103 -4.1986544132232657 2.967986106872559
decision_type=2 2 2 2 2 2 2 2 2 2 2 2 2 2 2 2 2 2 2 2 2 2 2 2 2 2 2 2 2 2
left_child=1 2 -1 5 7 6 10 -5 18 -10 11 12 14 -14 -3 16 -12 -18 23 -20 21 -2 -16 -7 -25 -26 -17 -28 29 -23
right_child=20 3 -4 4 -6 8 -8 -9 9 -11 15 -13 13 -15 22 26 17 -19 19 -21 -22 28 -24 24 25 -27 27 -29 -30 -31
leaf_value=-3.9895112502552626e-05 2.9393314798243637e-07 0.00094478083447424588 0.0018932708156345513 7.8739842532815631e-07 1.5862038851011118e-06 -8.2394917751068684e-06 0.00025137323431110307 -3.6487683419128562e-08 3.482814208354551e-05 -0.0012887819403337455 -0.00040440053399081106 -2.7012261076318519e-06 0.00067861946567890222 0.0012583813310766913 -0.00022686312848783685 -0.00021543213530947756 0.0028951752852225013 0.00066039936990539005 3.7361426414861403e-07 -4.0873204860423179e-08 0 3.4515972630044799e-08 0.00016964315441298021 -1.1264024638899963e-07 0.00010000985836238208 -1.236184284886509e-05 0.0015207886609534982 -3.4857230730150814e-05 0 -1.3924327001157977e-05
leaf_weight=22.79999965429306 45.099998533725739 16.999999761581421 18.099999606609344 25.999999046325684 24.599999189376831 700.99998325109482 29.499999582767487 57.199997901916504 16.799999713897705 17.499999701976776 49.699999153614044 46.899998962879181 24.999999701976776 17.299999713897705 49.699999094009399 162.49999755620956 15.699999749660494 16.199999868869781 28.699999034404755 64.899998188018799 15733.599730789661 16.399999678134918 29.5999995470047 88.999997556209564 19.699999332427979 31.199999392032623 18.599999725818634 31.999999344348907 484.09998726844788 79.199999272823334
leaf_count=28 39 20 19 20 20 744 33 44 24 25 65 55 28 21 61 215 21 20 23 53 16506 14 38 82 17 42 24 38 491 92
internal_value=-0.00228816 -0.000545723 0.00654645 -0.000728583 0.00292672 -0.000995097 0.000217284 -0.000156251 -0.00163295 0.00260204 -0.000188464 0.00111186 0.00233405 0.00660165 0.000459501 -0.00100696 0.00154412 0.00612069 -0.00178839 0.00017094 -0.00246149 -0.00168374 -0.00098676 -0.00200648 -0.00071301 0.00133104 -0.00198381 -0.000326088 -0.00227575 -0.00114017
internal_weight=17985.6 1627.2 40.9 1586.3 107.8 1478.5 509.7 83.2 968.8 34.3 480.2 185.5 138.6 42.3 96.3 294.7 81.6 31.9 934.5 93.6 16358.4 624.8 79.3 840.9 139.9 50.9 213.1 50.6 579.7 95.6
internal_count=18922 1780 47 1733 84 1649 639 64 1010 49 606 223 168 49 119 383 106 41 961 76 17142 636 99 885 141 59 277 62 597 106
is_linear=0
shrinkage=0.05


Tree=129
num_leaves=31
num_cat=0
split_feature=13 6 29 1 29 1 2 9 12 29 10 5 9 11 11 9 3 29 11 29 29 29 2 10 12 30 2 29 9 2
split_gain=2.17317 0.725016 0.573497 0.767231 0.937116 0.580384 1.42884 0.46478 0.566884 0.281886 0.443278 0.208268 0.206381 0.398679 0.813546 0.210423 0.197352 0.316522 0.197171 0.195839 0.335893 0.160552 0.119431 0.444666 0.674852 0.233574 0.0871319 0.101778 0.0600247 0.047509
threshold=3.7208334207534794 4.9354166984558114 35.661382675170906 5.7788689136505136 35.646080017089851 9.4163694381713885 -1.7780538797378538 50.444444656372077 2.8854167461395268 36.046298980712898 41.006944656372077 0.3454210907220841 97.604167938232436 1.1972222328186037 -1.920138895511627 87.138889312744155 8.2372221946716326 44.524425506591804 6.7743055820465097 35.638013839721687 35.644563674926765 37.905473709106452 -5.4933619499206534 84.166667938232436 -6.4270834922790518 -78.675731658935533 1.1468426585197451 35.79699897766114 81.409721374511733 4.5953156948089608
decision_type=2 2 2 2 2 2 2 2 2 2 2 2 2 2 2 2 2 2 2 2 2 2 2 2 2 2 2 2 2 2
left_child=1 2 3 4 -1 7 -7 8 -4 10 11 -9 13 14 15 -12 18 -18 29 -5 -21 -8 23 25 -25 -2 -14 -28 -15 -11
right_child=22 -3 5 19 -6 6 21 9 -10 16 12 -13 26 28 -16 -17 17 -19 -20 20 -22 -23 -24 24 -26 -27 27 -29 -30 -31
leaf_value=0.00011338423789353791 0 5.7304799205067745e-05 1.6678575907764233e-06 -2.4706719497492389e-06 0.00040203515963905813 3.9379020568830473e-07 -4.2364274638994121e-08 0.00089754179275053358 -1.7516095441385104e-05 -6.2533282819280494e-06 -0.013212731225712133 0.00074298187971966743 -6.038973599672426e-05 0.00042262656074920082 0.0023321965972896265 0.00067975097195093208 -0.0022835752164632353 1.4721492824348949e-05 3.245253317453295e-07 5.6763772439605292e-05 -0.0467702358155139 -3.8065965118037112e-09 0 -2.1135316589937504e-05 6.7716150945473787e-07 0.0015119333581567142 0.00060072612625284129 -0.034751152730624839 -0.00022611597457371777 0.0014014074315783333
leaf_weight=24.899999558925629 311.29999697208405 36.399998664855957 43.299998700618744 51.299998700618744 27.499999821186066 25.199999153614044 48.499998390674591 17.899999737739563 31.999998867511749 795.8999804854393 31.199999392032623 22.299999713897705 163.29999750852585 16.199999749660492 18.699999868869781 15.399999797344206 18.199999690055847 13.999999761581419 29.899999022483826 16.49999988079071 17.099999666213989 23.999999642372131 15901.699720323086 20.899999737739563 17.199999749660492 19.49999988079071 22.799999713897705 20.999999582767487 66.299998760223389 21.899999618530273
leaf_count=31 331 28 39 51 33 20 39 23 26 835 42 27 213 20 23 18 26 20 25 21 23 20 16639 27 18 23 30 28 87 29
internal_value=-0.00229377 -0.000548345 -0.000708542 0.00237982 0.0071374 -0.00100138 0.00272006 -0.00127064 0.00254648 -0.00149608 -0.000386612 0.00458955 -0.000950268 0.000476995 0.00339586 -0.000139486 -0.00199426 0.00184783 -0.0021402 -0.000556538 0.00241071 -0.000844828 -0.00246773 -0.00157834 0.00353674 -0.00216747 -0.00196886 1.14149e-05 -0.00183333 -0.00228601
internal_weight=17892.3 1621.7 1585.3 137.3 52.4 1448 97.7 1350.3 75.3 1275 395.1 40.2 354.9 147.8 65.3 46.6 879.9 32.2 847.7 84.9 33.6 72.5 16270.6 368.9 38.1 330.8 207.1 43.8 82.5 817.8
internal_count=18815 1777 1749 159 64 1590 79 1511 65 1446 511 50 461 190 83 60 935 46 889 95 44 59 17038 399 45 354 271 58 107 864
is_linear=0
shrinkage=0.05


Tree=130
num_leaves=31
num_cat=0
split_feature=1 9 2 10 5 1 2 29 5 11 6 5 10 10 6 3 29 12 6 1 9 4 29 4 2 6 1 10 12 9
split_gain=2.62076 1.01417 2.7956 3.27404 4.03304 1.36384 2.24439 0.446292 0.368957 0.911438 0.307305 0.227846 0.161061 0.223941 0.301165 0.595591 0.317607 0.129773 0.40294 0.115898 0.228745 0.153265 0.189858 0.103367 0.0647091 0.0623333 0.0602898 0.0580405 0.0383114 0.131873
threshold=9.6083335876464862 66.604167938232436 -2.0713120698928829 90.409721374511733 0.36328941583633428 9.4163694381713885 -1.2314052581787107 35.690526962280281 0.37171608209609991 2.1166666746139531 0.19791667163372043 0.08072234690189363 57.423612594604499 50.159723281860359 0.81874999403953563 2.8301388025283818 40.186811447143562 -7.410416603088378 1.1020833253860476 6.6476190090179452 106.02083206176759 3.4210417270660405 35.650003433227546 7.5889582633972177 2.9309653043746953 1.0437499880790713 7.8875000476837167 6.0069444179534921 -6.6229166984558097 88.520832061767592
decision_type=2 2 2 2 2 2 2 2 2 2 2 2 2 2 2 2 2 2 2 2 2 2 2 2 2 2 2 2 2 2
left_child=1 2 11 4 -4 7 -7 8 9 26 -10 -1 13 17 24 -16 25 18 -9 20 -12 -22 -23 27 -15 -17 -3 -19 29 -14
right_child=-2 5 3 -5 -6 6 -8 12 10 -11 19 -13 28 14 15 16 -18 23 -20 -21 21 22 -24 -25 -26 -27 -28 -29 -30 -31
leaf_value=2.1008263396907624e-07 0 0.00038193340165710302 3.3814023883715014e-07 0 9.9986486333056611e-07 2.5955277943467971e-06 0 -3.1616076376033397e-05 0.00071350231807466033 -0.00015582466459493146 -7.3621777927285529e-05 -2.6773900796844538e-10 0.00010678728614081038 -1.1743787462184831e-05 0.0012298966302817082 0.0022155867674251428 0.00016956712427259604 0.00081707178634716777 0.00051285723634506583 -5.8302561267702852e-05 0.005088928311737068 9.0443970150205777e-05 -3.4531903358065888e-05 -0.0013649928762900602 0.0013313370599994157 -5.4031511358374222e-06 0.0018016267616526639 -2.6125637842921992e-05 -1.6661112404709359e-05 -2.1052810186083709e-05
leaf_weight=22.199999392032623 15882.799724042416 15.999999821186064 39.099998712539673 47.099998474121094 37.999998927116394 25.299999356269836 30.39999920129776 58.499998927116394 23.499999463558197 29.099999248981476 51.499999105930328 159.99999535083771 26.899999558925629 75.099998235702515 26.899999380111694 14.999999880790709 17.099999785423279 19.699999570846558 31.299999535083771 84.599998712539673 20.49999988079071 15.599999845027922 24.599999666213989 16.799999713897705 15.499999821186064 50.99999862909317 16.399999797344208 338.19999295473099 467.29998975992203 135.89999753236771
leaf_count=18 16578 20 31 43 36 23 32 71 25 33 67 150 29 83 25 18 23 19 33 106 25 20 32 24 21 56 20 376 559 167
internal_value=-0.00227303 -0.00053775 0.00210183 0.00788647 0.0142315 -0.00103311 0.00665619 -0.00130469 0.00049858 0.00392276 -0.000457332 -0.00184138 -0.00169704 -0.00115434 0.000241774 0.002 -9.32617e-05 -0.00175727 -5.0112e-05 -0.00110264 -4.90202e-05 0.00203048 0.000236318 -0.0021664 -0.00189294 -0.00166667 0.00969136 -0.00234633 -0.00226988 -0.00160934
internal_weight=17821.9 1939.1 306.4 124.2 77.1 1632.7 55.7 1577 281.8 61.5 220.3 182.2 1295.2 665.1 200.6 110 83.1 464.5 89.8 196.8 112.2 60.7 40.2 374.7 90.6 66 32.4 357.9 630.1 162.8
internal_count=18763 2185 278 110 67 1907 55 1852 348 73 275 168 1504 749 226 122 97 523 104 250 144 77 52 419 104 74 40 395 755 196
is_linear=0
shrinkage=0.05


Tree=131
num_leaves=31
num_cat=0
split_feature=1 11 7 1 29 1 2 29 13 5 29 10 4 29 0 0 9 5 0 0 4 4 9 30 13 10 13 2 4 13
split_gain=2.97869 3.59217 2.04905 4.08117 5.70112 0.891526 1.89525 0.382981 0.948027 1.26632 0.340047 0.137218 0.265719 0.137358 0.234134 0.490117 0.510348 0.306812 0.110302 0.121328 0.0891813 0.168659 0.0738301 0.237216 0.067171 0.163992 0.0636513 0.246357 0.0600879 0.0558631
threshold=9.6083335876464862 9.5194444656372088 1.8145833611488345 7.8875000476837167 37.538099288940437 9.4163694381713885 -1.2314052581787107 35.661382675170906 1.0000000180025095e-35 0.37650379538536077 35.646080017089851 64.756942749023452 9.4195833206176776 36.046298980712898 4.2631943225860605 3.3368055820465092 97.604167938232436 0.12938131392002108 9.655555725097658 9.854861259460451 3.4085416793823247 3.3172917366027836 168.31944274902347 -121.22849655151366 1.0000000180025095e-35 43.284723281860359 5.8125000000000009 -4.1986544132232657 9.4195833206176776 5.1291666030883798
decision_type=2 2 2 2 2 2 2 2 2 2 2 2 2 2 2 2 2 2 2 2 2 2 2 2 2 2 2 2 2 2
left_child=1 2 5 4 -4 7 -7 8 9 -1 -11 12 13 14 15 -9 -17 -16 -10 -20 21 29 -15 -24 -25 -26 27 -2 -28 -19
right_child=26 -3 3 -5 -6 6 -8 11 18 10 -12 -13 -14 22 17 16 -18 20 19 -21 -22 -23 23 24 25 -27 28 -29 -30 -31
leaf_value=0.00036283673157424536 6.1426494369354325e-07 1.3386952657512553e-11 1.0147583481801418e-06 -8.6012718273786552e-08 -1.1899137053074665e-05 2.4657514046289021e-06 0 -0.012677497543062377 -6.841449093071207e-05 -5.3731949114543825e-05 0.0048344818961502172 -1.2154388284984105e-05 1.539860874226432e-05 -8.9770576442143756e-06 0.00044743698504469724 0.0021048074290538842 0.0008270218412957498 -0.038127283929262568 8.5921771642694111e-05 -4.5220614957930397e-06 -7.4212184149802869e-05 0.0013532180900790948 9.2977181104247919e-05 -0.019609518436234735 -2.304972481972288e-05 0.0012647702069994438 0 0 0.0014363366902488796 0.00040250621491135234
leaf_weight=16.99999988079071 22.199999392032623 28.799999177455902 35.899998903274536 94.299996554851532 27.599999070167542 25.89999932050705 37.69999897480011 58.299998879432678 97.099998235702515 24.399999737739563 18.29999977350235 588.89998745918274 20.29999965429306 279.59999203681946 25.999999761581421 19.899999797344208 20.899999678134918 42.599999248981476 17.999999761581421 14.799999654293059 241.2999963760376 16.499999761581421 20.399999380111694 116.29999798536301 31.699999272823334 18.599999785423279 15712.199729144573 207.19999343156815 19.999999701976776 15.799999713897703
leaf_count=20 20 24 29 73 24 23 39 77 119 28 23 687 29 246 32 23 27 56 24 16 313 21 16 161 31 20 16460 166 26 20
internal_value=-0.0022511 -0.00040996 -0.000671776 0.00478771 0.0145866 -0.00115842 0.00465409 -0.00137502 0.00074367 0.00595896 0.00136417 -0.00163981 -0.00126104 -0.00138754 -0.000755156 0.00138496 0.00558823 -0.00137493 -0.0016532 0.000853658 -0.00180424 -0.000297063 -0.00198564 -0.00121658 -0.00183974 -0.000313122 -0.00247682 -0.00164996 -0.00248888 -0.00155822
internal_weight=17918.5 1956.9 1928.1 157.8 63.5 1770.3 63.6 1706.7 189.6 59.7 42.7 1517.1 928.2 907.9 441.3 99.1 40.8 342.2 129.9 32.8 316.2 74.9 466.6 187 166.6 50.3 15961.6 229.4 15732.2 58.4
internal_count=18873 2201 2177 126 53 2051 62 1989 230 71 51 1759 1072 1043 569 127 50 442 159 40 410 97 474 228 212 51 16672 186 16486 76
is_linear=0
shrinkage=0.05


Tree=132
num_leaves=31
num_cat=0
split_feature=13 9 0 3 3 2 7 2 10 10 12 30 9 5 13 30 10 2 10 0 2 5 11 0 6 10 12 13 11 2
split_gain=4.09706 3.07115 2.74047 2.16134 1.23917 0.940053 2.04032 0.706496 0.329687 0.585073 0.683381 0.868366 0.418388 0.429133 0.377522 0.267581 0.533148 0.294476 0.467804 0.259896 0.249357 0.209946 0.207836 0.198071 0.228675 0.151889 0.100554 0.084464 0.488693 0.122104
threshold=7.4354166984558114 66.604167938232436 11.199305534362795 4.8893055915832528 3.1165276765823369 -1.1267856955528257 1.7895833253860476 -0.39662267267704004 53.715276718139656 50.159723281860359 -0.3104166686534881 -79.220710754394517 111.5902786254883 0.40456041693687445 1.0000000180025095e-35 -121.03149795532225 25.944443702697757 -3.5644021034240718 45.576387405395515 11.738194465637209 -3.642960667610168 0.048986589536070831 2.8986110687255864 -1.002083361148834 0.73958334326744091 91.673610687255874 9.554166793823244 1.1916666626930239 1.4270833730697634 -4.1986544132232657
decision_type=2 2 2 2 2 2 2 2 2 2 2 2 2 2 2 2 2 2 2 2 2 2 2 2 2 2 2 2 2 2
left_child=1 2 3 5 -4 25 7 -7 9 14 11 22 13 -12 15 -3 -17 18 20 23 -18 -16 -11 24 -10 -1 -23 -25 -29 -30
right_child=-2 8 4 -5 -6 6 -8 -9 19 10 12 -13 -14 -15 21 16 17 -19 -20 -21 -22 26 -24 27 -26 -27 -28 28 29 -31
leaf_value=-4.8882230364185609e-08 0 -1.1058767647374418e-05 1.2717604747081168e-11 2.7807733750107032e-07 5.9932656337746693e-07 2.143985762370626e-06 2.1480278221472346e-07 0 -0.00090168941885646623 0.0012015316966494717 -0.00017348662866635279 -0.032471350894745288 0 0.001943442296402262 0.0016891735743177984 0.00080710934858988989 -0.00046052103568856498 -0.00025874597760165989 0.00089481361639611302 2.3424638343982896e-06 0.00068153781137841873 0 0.00091932168142633839 -1.8812438803089325e-05 8.8328322049036078e-05 4.9602257399797796e-07 0.00033001205163055007 0.00067000527442122597 -4.2658802699159811e-09 0
leaf_weight=152.29999554157257 15804.699728250504 46.199998497962952 27.299998998641968 34.999998807907104 25.799999117851257 24.799999475479126 27.099999070167542 58.09999817609787 19.199999749660492 20.199999749660492 16.599999725818634 17.399999678134918 65.699998378753662 26.899999737739563 17.799999833106995 23.499999701976776 34.199999392032623 61.799999058246613 25.699999690055847 17.599999725818634 15.799999713897703 484.39998894929886 18.89999932050705 509.69998878240585 22.999999582767487 26.499999165534973 33.099999487400055 18.099999845027924 34.099999487400055 302.89999222755432
leaf_count=139 16573 36 21 28 20 20 21 53 26 26 20 24 69 33 22 29 42 82 31 20 20 496 15 599 32 23 35 23 35 315
internal_value=-0.00220635 -0.000189732 0.0039208 0.00219425 0.0144492 0.00077216 0.00440909 0.000515681 -0.00103503 -0.000358402 0.002328 0.00679203 1.83144e-05 0.00382184 -0.000957913 0.000854246 0.00181677 0.000627272 0.00271796 -0.00169965 -0.000100001 -0.00165935 0.0109271 -0.00181643 0.00152844 -0.00146532 -0.001843 -0.00197965 -0.00138764 -0.00181751
internal_weight=18014.4 2209.7 376.9 323.8 53.1 288.8 110 82.9 1832.8 908.2 165.7 56.5 109.2 43.5 742.5 207.2 161 137.5 75.7 924.6 50 535.3 39.1 907 42.2 178.8 517.5 864.8 355.1 337
internal_count=18928 2355 325 284 41 256 94 73 2030 980 187 65 122 53 793 240 204 175 93 1050 62 553 41 1030 58 162 531 972 373 350
is_linear=0
shrinkage=0.05


Tree=133
num_leaves=31
num_cat=0
split_feature=13 7 29 29 0 10 0 1 29 0 30 0 0 3 5 6 3 13 2 5 29 3 3 6 6 3 6 7 12 2
split_gain=2.95459 1.53556 1.79156 2.35196 3.71695 0.535363 1.33064 0.434215 0.333077 0.288856 0.517216 0.767151 0.230246 0.211083 0.203351 0.144541 0.119475 0.217712 0.120355 0.155637 0.1398 0.0989471 0.182487 0.257542 0.858182 0.195264 0.170131 0.0971243 0.0884824 0.0716335
threshold=7.4354166984558114 1.2354166507720949 36.914800643920906 37.499849319458015 9.1048607826232928 9.6875000000000018 8.6187500953674334 8.9360117912292498 35.838500976562507 5.3618054389953622 -79.025478363037095 4.9256944656372079 11.738194465637209 8.2372221946716326 0.56303647160530101 2.5437500476837163 3.4994443655014043 2.7437499761581425 -2.704878449440002 0.38140359520912176 35.684564590454109 2.2500694990158085 2.772013902664185 0.95624998211860668 1.1062499880790713 2.670624971389771 0.047916667535901077 1.3687499761581423 7.0187501907348642 -4.1986544132232657
decision_type=2 2 2 2 2 2 2 2 2 2 2 2 2 2 2 2 2 2 2 2 2 2 2 2 2 2 2 2 2 2
left_child=1 5 27 4 -4 6 -1 14 9 10 11 28 13 15 -5 21 18 -18 19 -11 -21 -10 23 25 -25 -23 -24 -3 -7 -26
right_child=-2 2 3 7 -6 8 -8 -9 12 16 -12 -13 -14 -15 -16 -17 17 -19 -20 20 -22 22 26 24 29 -27 -28 -29 -30 -31
leaf_value=0.00076237557664162305 0 2.4441115187290311e-09 8.0731686291305933e-07 -1.1734499722954455e-05 8.3421862959366662e-08 -8.4104305762191695e-05 -5.1976518610747081e-12 5.4883593408226887e-07 0 -1.7389813412860277e-05 0.00090322852056862191 0.0014331216914568957 9.6185589777419982e-07 2.0711513018528902e-05 2.0367864742520948e-06 6.3852487227307299e-05 0.00025281051704391334 -9.9098033238295263e-06 -1.5065959757531999e-07 -5.5998660884903908e-06 0.00060667932299152572 -3.1167660847676996e-09 -3.7605570598117305e-06 0.00097728009911373964 2.2902208296482486e-09 0.00013941411905110112 -3.1532298772063427e-08 -8.6415574807041661e-09 7.1417141277446702e-05 -4.1041024099458358e-10
leaf_weight=22.199999630451202 15680.299731910229 15.199999630451201 39.699998736381531 54.59999817609787 36.399998664855957 64.099999070167542 33.699998795986176 27.999999165534973 372.69998890161514 41.999999165534973 17.599999845027924 25.499999761581421 18.5999995470047 26.5999995470047 23.299999296665192 27.599999308586121 51.999999463558197 31.099999606609344 118.49999785423279 34.599999189376831 25.999999701976776 125.29999661445618 26.999999463558197 34.299999415874481 17.799999475479126 21.199999690055847 689.99998700618744 104.9999965429306 15.399999678134916 54.699998736381531
leaf_count=22 16443 18 31 48 28 81 27 22 317 50 22 33 20 38 23 28 66 37 137 38 32 119 34 37 16 22 850 94 20 57
internal_value=-0.00224806 -0.000532445 0.00277796 0.00590659 0.0126117 -0.00105939 0.00376118 0.00108829 -0.00120563 1.87435e-05 0.0020677 0.000738095 -0.00157473 -0.0016483 -0.000831194 -0.00173391 -0.000807035 0.000809265 -0.00141452 -0.000160819 0.0014604 -0.00180752 -0.00154153 -0.000387881 0.0014794 -0.00174915 -0.00194909 -0.00195924 -0.00168239 -0.00160345
internal_weight=17881 2200.7 302.2 182 76.1 1898.5 55.9 105.9 1842.6 426.8 122.6 105 1415.8 1397.2 77.9 1370.6 304.2 83.1 221.1 102.6 60.6 1343 970.3 253.3 106.8 146.5 717 120.2 79.5 72.5
internal_count=18810 2367 264 152 59 2103 49 93 2054 516 156 134 1538 1518 71 1480 360 103 257 120 70 1452 1135 251 110 141 884 112 101 73
is_linear=0
shrinkage=0.05


Tree=134
num_leaves=31
num_cat=0
split_feature=13 1 9 13 29 4 2 7 13 11 12 12 4 9 2 9 7 30 1 4 11 1 30 1 11 4 29 29 29 2
split_gain=4.5307 2.21324 1.68051 1.79769 1.19839 1.09478 1.03744 2.38042 1.2278 0.895938 0.765833 0.463014 0.403024 1.0633 3.03192 3.38278 0.402859 0.274678 0.34861 0.519761 0.241221 0.227559 0.148698 0.128567 0.106049 0.394817 0.114499 0.132511 0.101087 0.0794547
threshold=7.4354166984558114 10.680952548980715 97.604167938232436 6.8208334445953378 36.731100082397468 3.0806250572204594 -2.0713120698928829 1.8145833611488345 4.6312499046325692 1.7451388835906985 -2.7854166030883785 -1.6145833134651182 3.5291665792465214 170.069450378418 -0.23425206542015073 180.61805725097659 0.58541664481163036 -79.227611541748033 6.3586308956146249 3.1341665983200078 8.741666793823244 5.3401784896850595 -79.022460937499986 9.6083335876464862 -5.8222222328186026 8.9279165267944354 35.652334213256843 35.630987167358406 35.838500976562507 5.0036361217498788
decision_type=2 2 2 2 2 2 2 2 2 2 2 2 2 2 2 2 2 2 2 2 2 2 2 2 2 2 2 2 2 2
left_child=1 2 3 5 -3 22 9 8 11 10 16 -8 13 17 -15 -16 21 -4 -19 28 -11 -7 -1 -13 25 -14 27 -26 -20 -28
right_child=-2 4 12 -5 -6 6 7 -9 -10 20 -12 23 24 14 15 -17 -18 18 19 -21 -22 -23 -24 -25 26 -27 29 -29 -30 -31
leaf_value=-2.3844964269770231e-08 0 4.8079350878915685e-07 -3.4259049404681044e-09 2.5053339471059477e-06 5.261435716386043e-07 0.0001120734487525314 1.5299935410281346e-06 2.8619882858598649e-07 1.5766149386031714e-09 -1.2956354068921793e-07 0.001053463441800354 -4.5887130423596344e-06 -0.019568194835587194 0 0.00084267907032952729 1.5404012923875362e-10 -0.020211697123902861 -0.00042041095634752929 0.00028366094202869136 0.0011510187338989284 6.9066184806200158e-10 0.00021296222559021307 0.00028659278997409581 9.4050760025506798e-08 -1.0906865000048783e-08 1.9675937367602457e-05 -1.3333175834395751e-05 6.8985157208362177e-05 0 0.0011416431396699901
leaf_weight=205.59999388456345 15878.499727606773 25.499999165534973 280.89999198913574 21.199999392032623 25.599999129772186 24.699999630451202 29.299999296665192 49.099998354911804 34.599999010562897 171.19999492168427 22.499999761581421 76.699997782707214 41.899999260902405 90.69999748468399 18.999999523162842 26.299999415874481 29.099999487400055 67.399998903274536 25.399999558925629 27.099999666213989 42.499998569488525 18.699999809265137 24.999999761581421 31.699999094009399 19.299999535083771 14.69999974966049 675.19998800754547 18.599999785423279 28.699999511241913 14.899999797344206
leaf_count=182 16681 21 249 20 20 31 29 39 34 148 25 77 59 77 16 31 41 88 32 33 33 23 30 25 21 21 852 24 35 19
internal_value=-0.00219881 -6.3099e-05 -0.000309569 0.00153504 0.0102202 0.00113481 0.00238587 0.00499774 0.00223012 0.000512633 0.00455263 0.000114378 -0.00137786 -0.000360301 0.00349265 0.0140563 0.00205172 -0.00158033 0.000158142 0.00236453 -0.00128334 0.00510369 -0.00174111 -0.00139299 -0.00211127 -2.65024e-05 -0.00227335 0.000402374 -0.000466729 -0.0024203
internal_weight=18061.6 2183.1 2132 781.9 51.1 760.7 530.1 221.4 172.3 308.7 95 137.7 1350.1 565.5 136 45.3 72.5 429.5 148.6 81.2 213.7 43.4 230.6 108.4 784.6 56.6 728 37.9 54.1 690.1
internal_count=19016 2335 2294 737 41 717 505 204 165 301 120 131 1557 561 124 47 95 437 188 100 181 54 212 102 996 80 916 45 67 871
is_linear=0
shrinkage=0.05


Tree=135
num_leaves=31
num_cat=0
split_feature=1 30 2 10 7 4 2 29 2 1 5 10 30 29 5 5 4 6 0 30 10 30 0 6 1 1 0 3 10 1
split_gain=5.67499 2.77175 3.7618 1.77476 2.05116 1.24949 1.07891 2.09054 1.98821 1.0642 0.969035 0.844783 0.828996 0.68884 0.813229 1.40094 0.524405 0.321641 0.298595 0.503515 0.627365 0.620271 0.492645 0.50063 0.640668 0.296802 0.219992 0.162828 0.122854 0.0848703
threshold=10.845833301544191 -96.026279449462876 -0.56354814767837513 45.104166030883796 1.0000000180025095e-35 3.5437499284744267 -2.2108436822891231 38.049839019775398 -1.7780538797378538 7.6827380657196054 0.43192511796951299 92.833332061767592 -119.7314987182617 37.905473709106452 0.46757456660270696 0.25391255319118505 7.1310417652130136 1.4812499880790713 5.8770833015441903 -79.261032104492173 55.062500000000007 -79.237697601318345 1.0000000180025095e-35 1.0437499880790713 3.2607142925262456 9.9619050025939959 5.3618054389953622 8.2372221946716326 52.256944656372077 6.6476190090179452
decision_type=2 2 2 2 2 2 2 2 2 2 2 2 2 2 2 2 2 2 2 2 2 2 2 2 2 2 2 2 2 2
left_child=1 2 5 4 10 -1 11 8 -8 -5 -4 12 -7 14 15 17 -10 -11 19 27 21 -21 -23 28 -25 -16 -22 29 -24 -3
right_child=-2 18 3 9 -6 6 7 -9 16 13 -12 -13 -14 -15 25 -17 -18 -19 -20 20 26 22 23 24 -26 -27 -28 -29 -30 -31
leaf_value=-7.4665012126851255e-09 0 -0.0014402757683054496 0 1.6816545165947532e-06 6.9043654613879101e-07 -1.037526278318382e-08 7.8927214211543806e-07 -1.1033959606585738e-07 1.3576065712228581e-06 -1.2767418425285246e-08 0.00068266796417510442 5.5204855634817112e-07 1.5173112123556544e-05 0 -3.4958173648281893e-07 4.3168079075651486e-08 2.0949768604894282e-07 3.5130680060889167e-07 -1.0944414133169193e-05 0.0044239297732449889 -0.00087790529336490009 0.00044869448050901932 -0.011887306239056289 -0.00037629284561123692 0.0011547980833854267 1.180097861872732e-09 0.00063643008763805133 3.6342093729966503e-07 -0.0044478611629548224 3.5903735738734847e-05
leaf_weight=365.59998852014542 15393.799737036228 281.49999541044235 32.39999920129776 28.899999141693115 48.699998319149017 182.29999375343323 25.599999189376831 48.799998223781586 24.799999296665192 35.199998795986176 24.999999225139618 33.399998903274536 24.499999523162842 68.099997818470001 41.099998712539673 42.899998545646667 25.799999117851257 38.399998784065247 833.09998774528503 14.499999880790709 120.29999798536301 19.999999761581421 65.599998831748962 19.29999965429306 33.699999630451202 43.999998450279236 18.999999761581421 23.099999606609344 27.699999570846558 13.599999904632567
leaf_count=292 16104 395 28 23 39 141 20 38 20 28 20 26 25 53 33 35 20 30 1069 17 161 26 88 25 41 34 22 33 37 16
internal_value=-0.00212752 2.9824e-05 0.00188573 0.00575303 0.0113077 -0.000255885 0.0018127 0.00558 0.0107546 0.0037793 0.00490418 -0.000147794 -0.00133946 0.00280219 0.00427083 0.00698498 0.00500988 0.00279891 -0.00140241 -0.000588674 0.000811465 0.00275442 0.00188966 0.000883458 0.00476415 0.000555228 -0.00171034 -0.00199717 -0.00132101 -0.00231362
internal_weight=18000.7 2606.9 1135.5 404.7 106.1 730.8 365.2 125 76.2 298.6 57.4 240.2 206.8 269.7 201.6 116.5 50.6 73.6 1471.4 638.3 320.1 180.8 166.3 146.3 53 85.1 139.3 318.2 93.3 295.1
internal_count=18939 2835 905 323 87 582 290 98 60 236 48 192 166 213 160 93 40 58 1930 861 417 234 217 191 66 67 183 444 125 411
is_linear=0
shrinkage=0.05


Tree=136
num_leaves=31
num_cat=0
split_feature=1 1 5 11 5 7 30 0 0 10 7 6 9 11 9 12 5 5 5 7 29 0 30 30 11 11 8 7 30 7
split_gain=8.30979 3.98782 1.85048 1.28358 2.2849 2.0601 2.28579 3.39991 1.40574 1.16946 0.926478 1.7036 0.896525 2.03742 0.623541 1.36578 1.16486 0.660211 0.608775 0.542404 0.492285 0.325433 0.601453 0.251776 0.423787 0.679686 0.687346 0.652353 0.276268 0.282609
threshold=10.845833301544191 9.6083335876464862 0.1205866113305092 4.6770832538604745 0.81675672531127941 1.0000000180025095e-35 -79.107582092285142 10.188889026641847 12.8743052482605 9.6875000000000018 3.3333333730697636 4.9354166984558114 97.604167938232436 3.1618055105209355 55.576389312744148 0.4395833313465119 0.38702611625194555 0.92393413186073314 0.21094501018524173 1.5854166746139529 38.300350189208991 11.32569456100464 -79.269531249999986 -79.240810394287095 -0.3763888925313949 -2.2937500476837154 1.5000000000000002 0.20624999701976779 -79.206604003906236 0.76041665673255932
decision_type=2 2 2 2 2 2 2 2 2 2 2 2 2 2 2 2 2 2 2 2 2 2 2 2 2 2 2 2 2 2
left_child=1 9 -3 5 8 18 7 12 20 -1 14 -12 -7 -14 15 16 -11 21 -4 -18 -5 23 -23 -16 25 -25 -27 -28 29 -26
right_child=-2 2 3 4 -6 6 -8 -9 -10 10 11 -13 13 -15 17 -17 19 -19 -20 -21 -22 22 -24 24 28 26 27 -29 -30 -31
leaf_value=0.00083142587171337466 0 -1.7565340026948206e-08 6.6327817653255576e-07 0 5.4722070665924603e-07 3.7332505975484766e-10 -0.00010042782180364694 6.2982341981162445e-07 3.4777509997348773e-07 0.00018913573117560479 1.9902278805802831e-07 -4.1043075707280962e-07 3.1114471552309681e-07 4.577643013912933e-07 -7.4662775330147745e-06 -5.6013956539757717e-08 3.2876348195887144e-05 4.0548830685394059e-05 -1.7085210668899011e-06 -3.5700098433344433e-06 4.2875306644863331e-07 1.6214116435764316e-06 -0.003656970366813134 -0.00031908364858252043 -2.6973733978286065e-05 -0.023784023274486393 0.00064552868221136881 0.00091356139683560823 -3.965997260319474e-05 0.0014634595799429496
leaf_weight=39.599999070167542 15364.499737381935 106.59999775886536 17.799999594688416 208.19999396800995 29.199999272823334 20.599999308586121 30.5999995470047 34.399999260902405 30.099999308586121 23.399999260902405 25.999999046325684 29.899998903274536 31.499999284744263 32.999998867511749 917.49997848272324 94.499997019767761 20.699999630451202 22.299999713897705 44.099998891353607 23.399999141693115 28.39999908208847 20.499999463558197 23.599999666213989 112.29999822378159 31.899999499320984 31.799999475479126 58.999999046325684 24.999999821186066 417.59999352693558 16.999999821186066
leaf_count=36 16061 114 18 190 26 16 40 32 31 20 20 23 31 26 999 81 23 27 45 18 24 19 32 149 41 44 72 30 532 22
internal_value=-0.00205345 0.00058959 0.00409886 0.00535588 0.00322829 0.00832547 0.0114907 0.014613 0.00177446 -0.000524277 -0.000701857 0.00563953 0.00925088 0.0121512 -0.000894459 0.0020679 0.0075 -0.00118037 0.000650242 0.00271542 0.000479712 -0.00129544 0.00294218 -0.00141136 -0.000693205 0.00107299 0.00376079 0.00613095 -0.00155681 0.00199898
internal_weight=17915 2550.5 614.5 507.9 295.9 212 150.1 119.5 266.7 1936 1896.4 55.9 85.1 64.5 1840.5 162 67.5 1678.5 61.9 44.1 236.6 1656.2 44.1 1612.1 694.6 228.1 115.8 84 466.5 48.9
internal_count=18842 2781 593 479 271 208 145 105 245 2188 2152 43 73 57 2109 142 61 1967 63 41 214 1940 51 1889 890 295 146 102 595 63
is_linear=0
shrinkage=0.05


Tree=137
num_leaves=31
num_cat=0
split_feature=1 10 10 5 1 5 29 11 6 1 6 30 5 6 11 12 12 12 11 10 10 6 6 30 6 3 29 29 3 30
split_gain=7.56584 1.78965 2.47664 1.44077 1.23754 1.29415 1.30815 3.27674 0.978961 3.12714 0.708303 1.38821 1.36976 0.446268 0.357323 0.625011 1.33099 1.13095 0.359594 0.331957 0.585395 0.338564 0.323327 0.318638 0.330013 0.292945 0.268367 0.280106 0.241984 0.298762
threshold=10.845833301544191 9.6875000000000018 5.3958332538604745 0.93450316786766063 9.4163694381713885 0.82170727849006664 37.700534820556648 4.4062500000000009 3.8145834207534794 7.8875000476837167 0.71875000000000011 -120.45205307006835 0.39131714403629309 1.1812499761581423 5.8875000476837167 2.6770832538604741 -3.3520833253860469 -0.097916666418313966 -5.8222222328186026 61.631944656372077 60.937500000000007 0.81874999403953563 0.889583319425583 -79.261032104492173 0.93958333134651195 7.6397917270660409 41.372816085815437 36.731100082397468 2.0734027624130253 -120.882999420166
decision_type=2 2 2 2 2 2 2 2 2 2 2 2 2 2 2 2 2 2 2 2 2 2 2 2 2 2 2 2 2 2
left_child=1 2 -1 4 8 6 10 -8 14 -10 28 -12 -13 -9 18 16 -16 -18 25 20 21 -20 -23 -14 -25 26 27 -3 29 -6
right_child=-2 3 -4 -5 5 -7 7 13 9 -11 11 12 23 -15 15 -17 17 -19 19 -21 -22 22 -24 24 -26 -27 -28 -29 -30 -31
leaf_value=-1.0526496323372162e-06 0 -0.01852993564671046 0.00077588469515011815 3.8521389151124911e-05 4.563821374148347e-08 5.1985967132739403e-07 6.7958807769093163e-07 -2.2652716058502167e-08 7.7611640442810397e-05 -1.0460149820814746e-07 -1.9948258041591209e-09 5.157295356661429e-07 5.4722070665924603e-07 3.0676769882238927e-07 -1.4400409118320662e-05 -5.4567288393873914e-08 6.4289242099700516e-07 -2.7046629633523108e-06 -1.8104846801759316e-05 -1.7957657305007533e-05 7.9544773018414006e-07 0.0020264383356119577 -9.6260125349135841e-07 5.5686117968412057e-06 -0.049994431388203163 1.2211598902897389e-05 -0.025471247822934154 0.00088535050605885186 -6.6190572134416928e-09 -1.9871087109102349e-09
leaf_weight=32.099999070167542 15359.599736392498 22.499999642372131 43.399998903274536 21.999999701976776 25.199999213218689 34.599999129772186 45.099999070167542 55.299998581409454 27.099999070167542 64.999997615814209 110.79999625682831 26.199999451637268 41.099999010562897 36.499998986721039 51.799998760223389 70.299997687339783 33.599998950958252 30.999999105930328 344.69999253749847 587.09998798370361 18.199999451637268 18.29999977350235 470.4999920129776 18.099999785423279 46.999999225139618 16.799999713897705 35.899999380111694 15.699999690055845 192.19999533891678 24.699999272823334
leaf_count=31 16070 31 38 24 20 32 39 47 21 50 86 26 41 33 58 59 28 28 389 689 18 23 569 23 64 24 51 15 208 21
internal_value=-0.00206898 0.000445996 0.0080298 0.000215796 0.000102117 0.00196102 0.00143764 0.0057542 -0.000572989 0.00444897 0.000219966 0.00212582 0.00558157 0.000332243 -0.000842462 0.00122255 0.00347079 0.00825851 -0.0010945 -0.00128718 -0.000656629 -0.000850331 -4.09227e-06 0.00305555 0.000879416 0.00195544 0.000603913 0.00352094 -0.00169455 0.00140781
internal_weight=17922.4 2562.8 75.5 2487.3 2465.3 656.8 622.2 136.9 1808.5 92.1 485.3 243.2 132.4 91.8 1716.4 186.7 116.4 64.6 1529.7 1438.8 851.7 833.5 488.8 106.2 65.1 90.9 74.1 38.2 242.1 49.9
internal_count=18856 2786 69 2717 2693 640 608 119 2053 71 489 240 154 80 1982 173 114 56 1809 1688 999 981 592 128 87 121 97 46 249 41
is_linear=0
shrinkage=0.05


Tree=138
num_leaves=31
num_cat=0
split_feature=1 1 29 1 1 12 2 0 11 2 10 2 6 9 10 6 8 9 0 12 2 7 12 29 0 12 7 10 12 29
split_gain=6.14766 1.4642 1.07557 2.66893 1.25567 1.24945 1.44746 1.37463 0.870978 0.763678 0.602925 0.564087 0.472094 0.556382 0.346723 0.340471 0.45842 0.295046 0.617775 1.33145 0.600217 0.798994 0.591867 0.801857 0.370186 0.250177 0.317487 0.246515 0.23756 0.209505
threshold=10.845833301544191 9.4163694381713885 37.663349151611335 9.7586307525634783 10.339583396911623 1.0395833253860476 0.40239389240741735 8.405555725097658 -5.8222222328186026 -0.60772517323493946 9.6875000000000018 -2.0290760993957515 1.1062499880790713 91.423610687255874 47.354166030883796 0.73958334326744091 1.5000000000000002 109.52777481079103 4.2631943225860605 5.6020832061767587 -1.5527433156967161 1.8854166865348818 -1.7270833253860471 36.914800643920906 12.089582920074465 -10.168750286102293 0.031250000931322582 71.909721374511733 -0.060416666790843003 35.676872253417976
decision_type=2 2 2 2 2 2 2 2 2 2 2 2 2 2 2 2 2 2 2 2 2 2 2 2 2 2 2 2 2 2
left_child=1 8 4 -4 12 11 -7 -8 14 -5 -10 -6 -3 27 -1 -16 -17 18 19 25 -20 22 23 -22 -19 26 -12 -14 -11 -24
right_child=-2 2 3 9 5 6 7 -9 10 28 17 -13 13 -15 15 16 -18 24 20 -21 21 -23 29 -25 -26 -27 -28 -29 -30 -31
leaf_value=0.00082053481476622447 0 -1.6339430444070605e-08 5.6248596938851563e-07 5.9963935414866061e-07 3.9471395458485768e-07 -2.1006777650711682e-09 3.6151223299813952e-06 4.9194054154477305e-07 0.00053127636066013805 -2.0629606622709897e-08 -0.01132516923115137 -7.0027747534107395e-09 5.1985967132739403e-07 1.2493909651721423e-06 -0.0018878499286192785 -0.00026780771741903765 7.5340607148657895e-05 -2.1150923743698693e-05 -9.5556940443879524e-07 0.0005834365737664096 -2.2717882126567816e-05 1.8767801650807638e-07 0.0011714839167870641 4.282855561230876e-07 3.6509411607645997e-05 -0.0003169919518903829 0.00066620131726730124 -1.5693266656112514e-08 1.1569892042342339e-10 -9.3191131682408748e-06
leaf_weight=35.099999308586121 15329.099738776684 211.09999448060989 31.799999475479126 42.299999117851257 33.999999403953552 20.899999260902405 29.699999570846558 32.799999237060547 34.699999213218689 48.399998486042023 16.999999642372131 58.899998188018799 33.399999380111694 30.099999308586121 27.799999475479126 25.799999535083771 18.899999737739563 799.39998418092728 462.59998798370361 31.299999713897705 72.69999885559082 28.999999105930328 40.999999403953552 40.19999885559082 23.29999965429306 49.099999308586121 24.79999965429306 50.399998426437378 36.499998986721039 153.09999597072601
leaf_count=39 16035 213 28 39 38 17 37 30 33 40 22 53 40 33 38 36 25 966 454 37 91 24 52 34 29 65 30 42 31 157
internal_value=-0.00211427 0.000160932 0.00218726 0.00577044 0.00105077 0.00444838 0.00889089 0.0127 -0.000548574 0.00253145 -0.000812901 0.000460172 -0.000792308 0.00180202 0.0038197 0.00184483 0.00454698 -0.000942788 -0.000327976 0.00298281 -0.000834586 0.000773809 2.44293e-05 0.00290301 -0.00163091 -7.97586e-05 0.00276316 -0.000292363 -0.000203181 -0.00164992
internal_weight=17875.2 2546.1 660.3 159 501.3 176.3 83.4 62.5 1885.8 127.2 1778.2 92.9 325 113.9 107.6 72.5 44.7 1743.5 920.8 122.2 798.6 336 307 112.9 822.7 90.9 41.8 83.8 84.9 194.1
internal_count=18808 2773 641 138 503 175 84 67 2132 110 1994 91 328 115 138 99 61 1961 966 154 812 358 334 125 995 117 52 82 71 209
is_linear=0
shrinkage=0.05


Tree=139
num_leaves=31
num_cat=0
split_feature=13 9 9 2 6 6 0 0 29 11 11 30 9 10 12 2 7 2 4 3 11 4 10 6 0 0 3 29 4 29
split_gain=4.41449 0.486242 0.727447 1.14741 1.29081 2.3483 0.469023 1.2602 0.710541 0.694806 0.422575 0.756572 0.833451 1.36628 0.427442 0.336298 0.753474 1.08691 0.708665 1.0514 0.451744 0.28177 0.412231 0.229726 0.218899 0.591899 0.894841 0.209859 0.293916 0.200356
threshold=9.6875000000000018 182.40972137451175 170.069450378418 -0.023731884546577927 1.1062499880790713 0.039583334699273116 10.333333492279055 10.440277576446535 35.79699897766114 4.8027777671813974 -0.75486111640930165 -79.146400451660142 115.04166412353517 52.659723281860359 -0.14791666716337201 -0.73486027121543873 0.63124999403953563 1.0769022107124331 5.7691667079925546 2.9375694990158085 7.7541666030883798 3.5127083063125615 67.729167938232436 0.81874999403953563 10.440277576446535 10.333333492279055 3.179999947547913 37.436548233032234 5.4168748855590829 35.868141174316413
decision_type=2 2 2 2 2 2 2 2 2 2 2 2 2 2 2 2 2 2 2 2 2 2 2 2 2 2 2 2 2 2
left_child=1 2 6 4 5 -4 10 -8 -9 -10 11 21 13 -13 -15 -12 -17 18 19 -18 -19 -1 23 -23 25 -2 -27 -11 -29 -14
right_child=24 -3 3 -5 -6 -7 7 8 9 27 15 12 29 14 -16 16 17 20 -20 -21 -22 22 -24 -25 -26 26 -28 28 -30 -31
leaf_value=-1.3636828336383022e-05 0 0 7.6524156114032857e-07 -2.8700459778836263e-06 -3.7359184876750721e-05 0.00060883236031905857 4.6926966068561171e-07 9.83710656612955e-06 7.8648952996918106e-07 0 -6.1670730566731888e-08 0.00076466110423520318 0.0015774365937882341 -0.0037023105283102101 0.0018959445901430396 -2.8866046475339858e-08 3.9504623524125217e-07 -2.8504651610194999e-07 2.3350559671127908e-06 9.9074021440564521e-08 0.0025002427971332511 0.0010868130023645784 -0.00025441733154808581 0.0007115253851713466 0 0 4.6534603180825586e-07 0 1.0403558640348366e-06 -0.019787177555369264
leaf_weight=107.29999762773514 297.59999477863312 449.99999088048935 25.199999153614044 45.899998784065247 23.299999356269836 31.699999451637268 25.89999932050705 38.799998879432678 23.899999260902405 117.89999616146088 781.69998133182526 29.899999856948853 16.699999809265137 23.79999965429306 16.799999833106995 237.59999394416809 26.099999189376831 144.09999734163284 24.199999213218689 65.199998259544373 21.79999965429306 18.599999606609344 44.699999213218689 15.399999678134916 15046.899743497372 20.499999582767487 17.99999988079071 109.99999701976776 25.099999189376831 37.399999380111694
leaf_count=115 332 556 20 51 25 31 23 36 19 101 785 33 21 32 20 250 23 191 20 68 26 22 63 18 15765 23 22 92 23 50
internal_value=-0.0021346 -0.000198696 0.000123857 0.00380452 0.00741272 0.0114719 -0.000113806 0.00156909 0.000699239 -0.000188697 -0.000470583 0.00118641 0.00420144 0.00778369 0.00181034 -0.000866265 0.000120423 0.001871 0.00559524 0.00357886 -0.000721821 -0.000833334 0.00143901 0.00558823 -0.00245287 -0.00119087 0.00464286 -0.000958499 0.00038675 -0.000466729
internal_weight=17912 2529 2079 126.1 80.2 56.9 1952.9 341.6 315.7 276.9 1611.3 310.6 124.6 70.5 40.6 1300.7 519 281.4 115.5 91.3 165.9 186 78.7 34 15383 336.1 38.5 253 135.1 54.1
internal_count=18856 2714 2158 127 76 51 2031 294 271 235 1737 374 156 85 52 1363 578 328 111 91 217 218 103 40 16142 377 45 216 115 71
is_linear=0
shrinkage=0.05


Tree=140
num_leaves=31
num_cat=0
split_feature=1 10 1 13 1 7 6 10 2 12 12 13 13 6 8 13 10 12 11 6 0 4 3 2 0 4 9 8 2 9
split_gain=4.17865 0.628183 1.40626 0.577044 0.368742 0.499784 2.30588 0.804919 0.474884 0.472126 0.721983 0.604396 0.738734 0.384172 0.622982 0.800851 0.479177 0.307155 0.29796 0.405515 0.455046 0.342923 0.674247 0.360322 0.42256 0.258612 0.163228 0.162142 0.269653 0.317199
threshold=11.182440757751467 9.6875000000000018 8.2797617912292498 16.031250000000004 8.9360117912292498 0.24791666865348819 0.33958333730697637 38.243055343627937 -4.3448758125305167 3.0270833969116215 6.4145832061767587 3.7208334207534794 9.6875000000000018 1.5229166746139529 1.0000000180025095e-35 5.5062499046325692 89.958332061767592 -8.9770836830139142 -0.3763888925313949 2.3770833015441899 3.3368055820465092 3.5127083063125615 2.8667360544204716 -5.4933619499206534 6.8756945133209237 10.154375076293947 180.61805725097659 1.0000000180025095e-35 -1.5527433156967161 107.25000000000001
decision_type=2 2 2 2 2 2 2 2 2 2 2 2 2 2 2 2 2 2 2 2 2 2 2 2 2 2 2 2 2 2
left_child=1 2 -1 4 18 9 -7 -8 -9 17 11 -11 -13 14 15 -10 -17 -6 19 20 25 -22 -23 -24 -25 -3 -4 28 -20 -30
right_child=-2 3 26 -5 5 6 7 8 13 10 -12 12 -14 -15 -16 16 -18 -19 27 -21 21 22 23 24 -26 -27 -28 -29 29 -31
leaf_value=0.00068981548314988022 0 -9.4153576751232484e-05 0 4.4207873021728798e-07 5.696718059722272e-07 2.6405287339992256e-07 4.6926966068561171e-07 4.815442719297014e-07 -4.5491302365559452e-08 -9.0884665504553663e-08 0 1.3472937276326481e-06 2.4989442742022306e-06 0 -4.0479353487753758e-09 3.6440451447360279e-05 3.2997049013587982e-07 0 -3.7373562278508744e-06 0.00050065165729847462 -1.2954986919566647e-05 0.0018011473606358852 0.00069358561885542701 -0.00015387101437892414 0.0015621189346897047 2.6219236270296724e-05 7.2697948308442228e-07 -1.4955749359894705e-05 3.6665751667008662e-07 -0.0011508815547074276
leaf_weight=25.799999535083771 15225.999740719795 305.09999483823776 52.799998760223389 21.799999833106995 13.499999821186064 18.299999356269836 18.799999415874481 18.499999523162842 42.699998736381531 18.09999942779541 79.299998342990875 16.199999511241913 33.999999463558197 234.09999293088913 54.399998545646667 21.999999582767487 33.499999403953552 371.89999079704285 268.89999216794968 27.699999451637268 60.899998664855957 20.799999713897705 23.299999713897705 71.899998903274536 17.499999821186066 23.099999606609344 20.699999332427979 542.39998877048492 187.69999593496323 75.599998652935028
leaf_count=26 15950 407 54 26 15 15 16 15 37 15 85 14 42 213 46 24 37 383 237 31 65 24 29 97 21 33 17 614 205 104
internal_value=-0.00216597 -0.000361317 0.0035423 -0.000509154 -0.000577072 0.000191479 0.00143398 0.000683962 0.000214708 -0.000839588 0.00156504 0.00533309 0.00815737 -0.000159685 0.00179227 0.00417006 0.00813063 -0.00176051 -0.00103837 -9.22231e-05 -0.000404708 0.00151235 0.00293071 0.00140417 -3.91505e-05 -0.00154022 1.70061e-05 -0.00152289 -0.000902857 0.000234523
internal_weight=17947.3 2721.3 99.3 2622 2600.2 975.3 442.3 424 405.2 533 147.6 68.3 50.2 386.7 152.6 98.2 55.5 385.4 1624.9 550.3 522.6 194.4 133.5 112.7 89.4 328.2 73.5 1074.6 532.2 263.3
internal_count=18897 2947 97 2850 2824 957 403 388 372 554 156 71 56 357 144 98 61 398 1867 707 676 236 171 147 118 440 71 1160 546 309
is_linear=0
shrinkage=0.05


Tree=141
num_leaves=31
num_cat=0
split_feature=1 5 30 13 29 10 1 12 29 30 29 30 12 12 29 2 1 11 1 4 7 9 13 4 1 11 2 11 11 7
split_gain=3.82023 0.571523 2.26968 0.467599 0.411981 0.349459 0.938206 0.247133 0.217357 0.19942 0.174825 0.591533 0.273739 0.434145 0.266124 0.590038 0.961589 0.263535 0.477441 0.501487 0.411193 0.302891 0.357708 0.266654 0.258801 0.467364 0.854153 0.729089 0.211464 0.162697
threshold=11.182440757751467 0.84548583626747142 -79.022460937499986 16.031250000000004 35.650003433227546 9.6875000000000018 8.2797617912292498 3.7229166030883794 35.646080017089851 -121.39550018310545 35.838500976562507 -79.00915145874022 -3.4145833253860469 -3.6729166507720943 36.020755767822273 -5.4933619499206534 5.7788689136505136 0.60069444775581371 5.5369048118591317 3.5291665792465214 0.64791664481163036 121.47916793823244 2.4458333253860478 4.2393751144409189 6.8943452835083017 5.1069443225860605 -1.9861025214195249 3.1618055105209355 -5.8222222328186026 1.5354166626930239
decision_type=2 2 2 2 2 2 2 2 2 2 2 2 2 2 2 2 2 2 2 2 2 2 2 2 2 2 2 2 2 2
left_child=1 3 4 5 -3 6 -1 -6 -7 -8 11 17 13 14 -12 16 -16 18 -10 -20 -19 22 -22 -21 -17 26 -26 -28 -14 -30
right_child=-2 2 -4 -5 7 8 9 -9 10 -11 12 -13 28 -15 15 24 -18 20 19 23 21 -23 -24 -25 25 -27 27 -29 29 -31
leaf_value=0.00082875141089978628 0 9.5809920963030323e-07 0.001503272442936382 4.1997479370836644e-07 -5.9502261262429296e-08 0 6.9063050893158899e-07 0.00058589174788098441 -0.010753521249339419 -3.089664810020271e-08 -2.8894485787476717e-05 0.0023752306572765894 4.6616835340734791e-05 0.00080476391885516145 0.0015131322430856854 -4.9970423480931729e-05 -2.8483590297501139e-08 -1.6805168660061211e-05 0.00071922083403314161 -1.3817346385362718e-05 0.0013317564546190875 0.0024270118893458315 -0.028782390780537001 0.001484012987955219 -3.2421773259962334e-08 0 0.00060860207228098932 5.8347984039537395e-07 -2.0783636767163219e-08 -1.3504973974367565e-08
leaf_weight=20.899999618530273 15280.199741840363 18.5999995470047 18.299999892711639 25.599999725818634 75.899998247623444 243.69999444484711 19.499999284744263 18.699999570846558 46.499999105930328 62.699998557567596 175.29999709129333 19.499999821186066 51.899999022483826 19.999999463558197 20.999999821186066 161.79999679327011 27.599999606609344 168.49999749660492 22.399999678134918 49.699999272823334 19.999999761581421 15.399999856948851 38.299999356269836 17.599999845027924 53.599998414516449 88.29999715089798 21.899999618530273 37.099998831748962 1007.7999758720398 187.3999936580658
leaf_count=21 16006 18 21 30 83 261 15 21 63 65 229 21 67 20 22 192 26 215 26 63 26 20 51 22 46 77 23 29 1060 154
internal_value=-0.00218313 -0.000469516 0.00274715 -0.000630717 0.000106006 -0.000696968 0.00215567 -0.0012315 -0.000814833 -0.000249392 -0.000661308 0.000289645 -0.000865432 5.76921e-06 -0.000241221 0.000454047 0.00562757 -0.000147992 0.0016116 0.00374303 -0.00113749 0.00197761 0.000330188 0.00158618 -0.000239179 0.000959432 0.00309503 0.00724576 -0.00128919 -0.00142487
internal_weight=18035.7 2755.5 131.5 2624 113.2 2598.4 103.1 94.6 2495.3 82.2 2251.6 397.9 1853.7 606.6 586.6 411.3 48.6 378.4 136.2 89.7 242.2 73.7 58.3 67.3 362.7 200.9 112.6 59 1247.1 1195.2
internal_count=18993 2987 143 2844 122 2814 101 104 2713 80 2452 507 1945 664 644 415 48 486 174 111 312 97 77 85 367 175 98 52 1281 1214
is_linear=0
shrinkage=0.05


Tree=142
num_leaves=31
num_cat=0
split_feature=13 10 12 2 2 13 5 2 2 29 3 3 4 4 9 10 10 0 5 11 29 3 3 6 12 29 6 29 6 0
split_gain=3.56861 0.784886 0.928028 0.401983 0.890947 1.41052 2.07902 0.436989 1.4012 0.546519 0.638073 1.85741 0.593123 1.66446 1.20631 0.370859 0.47611 0.522608 0.431525 0.396594 0.288998 0.242038 0.241871 0.223615 0.210776 0.208405 0.195312 0.175841 0.159887 0.157915
threshold=13.706250190734865 9.6875000000000018 1.4229166507720949 1.6892727613449099 1.3710532784461977 6.8208334445953378 0.42822523415088659 -0.97018632292747486 -0.84663560986518849 37.167884826660163 4.648750066757203 4.1421527862548837 3.3920832872390752 3.9895833730697636 93.895832061767592 61.631944656372077 59.951387405395515 3.6458333730697636 0.80890768766403209 -2.2937500476837154 35.882707595825202 3.4038194417953496 8.2372221946716326 0.83124998211860668 -5.5395832061767569 35.690526962280281 1.747916638851166 35.663724899291999 1.2854166626930239 12.089582920074465
decision_type=2 2 2 2 2 2 2 2 2 2 2 2 2 2 2 2 2 2 2 2 2 2 2 2 2 2 2 2 2 2
left_child=1 2 21 4 7 -6 -7 15 -9 24 11 12 23 14 -14 16 17 18 19 28 -21 -1 -5 -11 25 27 -19 -10 -3 -17
right_child=-2 3 -4 22 5 6 -8 8 9 10 -12 -13 13 -15 -16 29 -18 26 -20 20 -22 -23 -24 -25 -26 -27 -28 -29 -30 -31
leaf_value=-4.2288438116744687e-08 0 -0.00010025077400271081 0.00058488441531682545 0 -2.6383562312659593e-08 0 3.7984646792473362e-06 8.5440866335100478e-06 2.3266020635714926e-05 0 0 2.220866610842788e-06 3.7864276111743145e-07 -3.1440371002336869e-08 0.00076452572291240144 -3.080527481755522e-08 1.0922610422481949e-06 0 0.0014281088207895643 0.00064691283339350929 0.0014374756309314008 4.2824128254385118e-08 2.2577432689745149e-05 4.5997468022496159e-05 0 -1.5587215651535759e-08 1.0391818405786069e-09 0.0023056612948785418 0.00062011604262294249 1.7886152287515231e-07
leaf_weight=46.699998557567596 14943.799747824669 52.69999897480011 22.299999594688416 622.29998630285263 54.399998724460602 18.499999523162842 28.299999415874481 34.099999129772186 19.199999749660492 83.99999725818634 92.899998009204865 23.299999356269836 24.999999225139618 48.799998760223389 25.099999248981476 616.39998441934586 30.299999117851257 544.3999872803688 18.699999928474426 16.799999713897705 17.699999868869781 32.899999380111694 25.899999558925629 23.599999368190765 281.09999269247055 49.199999034404755 33.599999129772186 16.699999809265137 21.499999701976776 29.799999177455902
leaf_count=41 15682 61 21 741 54 17 29 31 24 68 119 21 20 48 23 602 29 562 21 22 19 37 37 20 291 60 28 21 27 26
internal_value=-0.0021676 -0.000580306 0.0037316 -0.000734244 -0.000412607 0.00416996 0.0105342 -0.000632929 0.00036307 -0.000126652 0.00137357 0.00278721 0.00127724 0.00407229 0.0104741 -0.00115403 -0.000386367 -0.000649986 0.00224882 0.00104186 0.00547101 0.00120603 -0.00182891 -0.00129182 -0.00144866 0.000731492 -0.00128893 0.00362813 -0.00101752 -0.00202801
internal_weight=17900 2956.2 101.9 2854.3 2206.1 101.2 46.8 2104.9 723 688.9 322.7 229.8 206.5 98.9 50.1 1381.9 735.7 705.4 127.4 108.7 34.5 79.6 648.2 107.6 366.2 85.1 578 35.9 74.2 646.2
internal_count=18802 3120 99 3021 2243 100 46 2143 746 715 319 200 179 91 43 1397 769 740 150 129 41 78 778 88 396 105 590 45 88 628
is_linear=0
shrinkage=0.05


Tree=143
num_leaves=31
num_cat=0
split_feature=13 10 10 6 7 2 3 30 30 5 30 30 30 6 6 4 4 7 3 3 30 3 6 11 12 5 0 5 10 2
split_gain=2.72925 0.737391 1.37561 0.499194 0.622525 1.11866 1.21607 1.94678 0.624401 0.336723 0.331761 0.322973 0.305355 0.352892 0.290634 0.347461 0.557771 0.259611 0.252918 0.179495 0.181867 0.172335 0.146574 0.142759 0.131277 0.45046 0.12856 0.587006 1.11481 0.119592
threshold=13.706250190734865 9.6875000000000018 7.4097220897674569 0.74791666865348827 0.22708333283662799 -5.4933619499206534 3.0333334207534794 -79.010993957519517 -121.46349716186522 0.21660419553518298 -79.224052429199205 -122.06850051879881 -79.213623046874986 0.93958333134651195 1.1354166865348818 3.7572916746139531 3.5127083063125615 0.62708333134651195 2.3438194990158085 2.4215972423553471 -79.022460937499986 4.1184027194976816 0.93541666865348827 9.5194444656372088 9.554166793823244 0.51556551456451427 10.440277576446535 0.23002766072750094 66.826389312744155 -0.97018632292747486
decision_type=2 2 2 2 2 2 2 2 2 2 2 2 2 2 2 2 2 2 2 2 2 2 2 2 2 2 2 2 2 2
left_child=1 2 9 23 5 6 7 -5 -7 -1 -10 -6 -12 -14 15 16 17 -13 -19 20 -15 -17 -23 29 -16 -26 27 28 -2 -3
right_child=26 3 -4 4 11 8 -8 -9 10 -11 12 14 13 19 24 21 -18 18 -20 -21 -22 22 -24 -25 25 -27 -28 -29 -30 -31
leaf_value=3.629748717622237e-08 -0.0081807847921359315 -2.0559381208595798e-08 0.0006444693550825332 0.00068393289193308679 4.1386821991857572e-07 3.0866650329302114e-05 -7.3103752763719761e-05 0.0013656018493848289 -6.2402280832944417e-06 -1.2560711195677559e-05 0.0017815547800838995 0 0.00012200315249737758 -7.5587678505550931e-05 0 -1.8204191187809472e-08 0.00087021429754517818 0.00079624795131092449 0.00017420239774740241 -0.00054781383048767447 0.0005825086269979061 0 2.2013515882064085e-05 9.4550949074175248e-10 3.6336313769053111e-05 -3.1244902332242401e-05 0 0 3.9897605402239303e-07 0
leaf_weight=34.999999344348907 25.599999606609344 548.99998813867569 20.699999570846558 18 28.599998950958252 33.699999213218689 28.999999582767487 21.29999965429306 130.79999732971191 43.999998569488525 16.899999797344208 46.799998641014099 24.899999678134918 15.699999690055845 828.89997714757919 142.49999713897705 34.699999332427979 18.999999523162842 40.199999392032623 73.699998795986176 23.79999965429306 21.299999535083771 46.999999344348907 32.199998915195465 19.699999570846558 36.299999296665192 14804.799752891064 187.89999675750732 16.49999988079071 592.49998503923416
leaf_count=38 34 554 19 18 22 27 38 27 162 40 21 42 33 19 811 155 39 18 50 99 30 27 62 28 23 47 15540 205 19 637
internal_value=-0.00220547 -0.000808387 0.00341775 -0.000957457 -0.000397508 0.00135508 0.00716325 0.0128944 0.000113458 0.000411392 -0.000645557 -0.000934783 0.000919354 0.000143012 -0.00105629 0.000160028 0.00208422 0.000283018 0.00248311 -0.0010424 0.00167721 -0.00112429 0.000940702 -0.00174597 -0.00153944 0.000803571 -0.00247739 -0.00130435 0.00403207 -0.00183859
internal_weight=17961 2926.2 99.7 2826.5 1652.8 387.8 68.3 39.3 319.5 79 285.8 1265 155 138.1 1236.4 351.5 140.7 106 59.2 113.2 39.5 210.8 68.3 1173.7 884.9 56 15034.8 230 42.1 1141.5
internal_count=18884 3086 97 2989 1770 474 83 45 391 78 364 1296 202 181 1274 393 149 110 68 148 49 244 89 1219 881 70 15798 258 53 1191
is_linear=0
shrinkage=0.05


Tree=144
num_leaves=31
num_cat=0
split_feature=1 1 2 2 13 1 13 10 1 29 30 4 12 0 7 7 0 30 30 29 12 7 7 2 7 29 10 12 4 0
split_gain=2.97623 0.67293 1.48862 2.38112 0.926363 0.495658 0.919849 0.459702 1.40314 0.287075 0.561897 1.01973 0.577639 0.46774 0.255706 0.364792 0.231415 0.319101 0.172884 0.277529 0.150723 0.123592 0.276112 0.372044 0.245031 0.16195 0.134431 0.172361 0.445749 0.0947106
threshold=11.775893211364748 10.845833301544191 -0.92782089114189137 -1.9070781469345091 8.8375000953674334 11.182440757751467 13.345833301544191 9.6875000000000018 8.2797617912292498 35.838500976562507 -79.025478363037095 3.6322916746139531 9.554166793823244 8.9152779579162615 0.76041665673255932 1.122916638851166 9.655555725097658 -79.178325653076158 -79.227611541748033 35.68836975097657 3.5229166746139531 1.5354166626930239 2.6062500476837163 -5.0095753669738761 1.6729166507720949 37.262750625610359 61.631944656372077 -7.410416603088378 3.0914583206176762 3.3368055820465092
decision_type=2 2 2 2 2 2 2 2 2 2 2 2 2 2 2 2 2 2 2 2 2 2 2 2 2 2 2 2 2 2
left_child=1 7 3 5 -4 -3 -7 8 -1 10 12 13 14 -12 20 18 17 -2 -16 -20 -9 26 23 -23 -25 -26 27 28 -11 -30
right_child=16 2 4 -5 -6 6 -8 9 -10 21 11 -13 -14 -15 15 -17 -18 -19 19 -21 -22 22 -24 24 25 -27 -28 -29 29 -31
leaf_value=0.00060825505193036207 0 -2.4112483676397289e-09 9.3606037811076994e-08 2.5682327986498167e-09 0 1.5402637387751384e-09 0 -4.9830337241348359e-07 -6.4297058189649808e-06 0.00053765863782368622 0.00074215663982202609 -6.4005646187591426e-05 3.7902725132377136e-07 0.002256469124412758 7.5894269365968457e-06 -4.5059643745607088e-08 0 0.00040903923960679549 0.0021468675152573557 0.001041118027834026 -1.4238622781083167e-05 0.00010038102052227771 -3.3394441700806969e-08 1.2819304168988542e-06 3.0348481387333899e-07 -1.5127419694671574e-08 -3.0783254773964888e-08 -2.7914343654494028e-08 -0.0004313953500973792 -3.0596190121393417e-05
leaf_weight=23.199999511241913 26.899999380111694 52.499999046325684 47.899998307228088 27.999998986721039 290.3999924659729 31.999999463558197 21.999999523162842 287.69999444484711 60.899998068809509 40.499999165534973 38.199999451637268 43.799999594688416 25.999999523162842 16.499999821186066 34.999999403953552 50.299998641014099 14873.199749231339 19.699999809265137 17.599999845027924 16.099999785423279 103.2999986410141 20.199999272823334 104.29999631643295 30.999998986721039 29.899998903274536 75.499997615814209 771.29998254776001 706.49998313188553 24.899999558925629 66.599998772144318
leaf_count=22 29 57 39 22 278 30 26 347 55 37 46 54 30 19 46 53 15592 23 22 21 131 16 81 28 23 65 843 749 33 80
internal_value=-0.0021858 -0.000765897 0.000968696 0.00541821 -0.000800326 0.00200704 0.00537037 -0.00108263 0.00255351 -0.00120469 -0.000285659 0.00318528 -0.000923508 0.00773766 -0.00129412 0.000735294 -0.00247721 0.00104077 0.00310408 0.00566024 -0.00191177 -0.00151641 -0.0005069 0.000820561 -0.000117303 -0.0012666 -0.00168002 -0.0012418 0.000416666 -0.00151639
internal_weight=17981.9 3062.1 472.8 134.5 338.3 106.5 54 2589.3 84.1 2505.2 634.5 98.5 536 54.7 510 119 14919.8 46.6 68.7 33.7 391 1870.7 260.9 156.6 136.4 105.4 1609.8 838.5 132 91.5
internal_count=18897 3253 452 135 317 113 56 2801 77 2724 769 119 650 65 620 142 15644 52 89 43 478 1955 213 132 116 88 1742 899 150 113
is_linear=0
shrinkage=0.05


Tree=145
num_leaves=31
num_cat=0
split_feature=1 7 6 1 9 29 5 29 10 1 7 10 13 12 4 10 3 3 6 4 10 7 5 10 9 6 4 10 11 0
split_gain=2.80541 0.838448 1.44334 0.74056 1.83731 0.735423 0.76921 0.62196 0.517641 0.776747 0.433739 0.187996 0.342882 0.649881 0.272563 0.643105 0.562848 0.85369 0.179893 0.179951 0.636138 0.386287 0.203212 0.17558 0.182009 0.18451 0.137742 0.135761 0.443204 0.631894
threshold=11.912202358245851 0.10208333283662797 2.1687500476837163 10.339583396911623 113.33333206176759 34.956399917602546 0.20830789953470233 36.579669952392585 9.6875000000000018 8.0916666984558123 0.056250000372529037 62.750000000000007 11.310416698455812 0.11874999850988389 3.5752083063125615 47.770833969116218 2.2579860687255864 2.7944444417953496 0.18124999850988391 3.2252084016799931 45.576387405395515 1.0000000180025095e-35 0.36073566973209387 34.500000000000007 171.65972137451175 0.014583333861082794 3.4210417270660405 93.236110687255874 8.9340276718139666 8.9152779579162615
decision_type=2 2 2 2 2 2 2 2 2 2 2 2 2 2 2 2 2 2 2 2 2 2 2 2 2 2 2 2 2 2
left_child=1 2 3 8 -5 -6 7 -7 9 -1 23 12 14 -14 15 -3 -17 -18 -10 -20 21 22 -21 24 25 -8 -22 -13 29 -29
right_child=-2 11 -4 4 5 6 10 -9 18 -11 -12 27 13 -15 -16 16 17 -19 19 20 26 -23 -24 -25 -26 -27 -28 28 -30 -31
leaf_value=0.00058183313473188507 0 -1.8135694956900042e-08 0.00040006913048208203 3.6007588875563994e-07 9.2061337719773206e-09 8.6602762430776359e-07 8.3323275906765925e-08 6.3985416637324385e-08 -4.8941715058425931e-08 -3.7210590959436529e-07 9.5095587515636745e-10 0 0.0025049261506890743 0 -6.0704172057692924e-08 -4.6598773887353538e-08 0.00072955262185419039 0.0012590747895407208 -1.0207293141073399e-06 -1.1594278465465458e-05 0.00036428237937603163 0.0011961407015139405 0.00035016349234476832 0 0 -3.1237093886053877e-11 -0.00047452577729951707 -2.7496609646519932e-05 0 0.0012396643182762902
leaf_weight=21.599999606609344 14733.899753391743 100.89999717473984 23.29999965429306 29.499999463558197 13.099999547004698 19.79999965429306 19.099999487400055 21.599999248981476 365.49999231100082 37.299998760223389 20.999999523162842 1040.2999738454819 19.799999594688416 20.999999403953552 417.39999181032181 46.499998390674591 22.499999344348907 39.09999942779541 190.09999561309814 19.899999737739563 27.199999570846558 32.599999606609344 15.799999713897703 170.49999582767487 55.399998486042023 22.29999965429306 93.199998497962952 34.299999296665192 120.59999644756317 38.599999129772186
leaf_count=22 15497 93 25 29 11 24 17 18 399 31 20 1083 20 22 494 37 19 49 199 27 32 38 20 179 52 25 126 43 106 40
internal_value=-0.00220421 -0.00083699 0.000198531 -4.57259e-05 0.00179761 0.000767211 0.00030558 0.00667874 -0.00090015 0.00361205 -0.000609609 -0.00149001 -0.00081385 0.00362745 -0.00110313 0.000370813 0.00305042 0.00618506 -0.00125722 -0.000493665 0.000600158 0.00445461 0.000861344 -0.0011532 0.00054752 0.00305555 -0.00158638 -0.00185565 -0.000639536 0.00243827
internal_weight=17833.7 3099.8 1198.8 1175.5 372.3 342.8 329.7 41.4 803.2 58.9 288.3 1901 667.2 40.8 626.4 209 108.1 61.6 744.3 378.8 188.7 68.3 35.7 267.3 96.8 41.4 120.4 1233.8 193.5 72.9
internal_count=18797 3300 1294 1269 375 346 335 42 894 53 293 2006 734 42 692 198 105 68 841 442 243 85 47 273 94 42 158 1272 189 83
is_linear=0
shrinkage=0.05


Tree=146
num_leaves=31
num_cat=0
split_feature=1 29 10 11 13 5 11 30 30 4 1 1 3 30 12 5 3 13 4 12 8 3 4 4 3 30 4 13 5 3
split_gain=2.25276 1.35613 0.904149 1.14159 0.496085 1.35605 0.219711 0.197263 0.153283 0.150901 0.191676 0.348464 0.599 0.195642 0.138906 0.27679 0.25968 0.84553 0.222495 0.146674 0.134268 0.12392 0.333487 0.158949 0.318461 0.417718 0.506499 0.207623 0.406817 0.929027
threshold=11.912202358245851 34.40844917297364 9.6875000000000018 0.26666666567325598 16.031250000000004 0.26524883508682257 -5.8222222328186026 -83.395496368408189 -79.237697601318345 6.3256249427795419 3.9068452119827275 2.4547618627548222 2.8035416603088383 -78.769439697265611 -0.61875000596046437 0.045622861012816436 4.1184027194976816 1.9020833373069765 4.8570833206176767 -0.41874998807907099 3.5000000000000004 3.2309027910232548 4.1160416603088388 3.5752083063125615 2.6402778625488286 -79.022460937499986 3.1441665887832646 4.2395834922790536 0.4965964555740357 2.2097916603088383
decision_type=2 2 2 2 2 2 2 2 2 2 2 2 2 2 2 2 2 2 2 2 2 2 2 2 2 2 2 2 2 2
left_child=1 -1 3 -3 6 -6 7 -4 -5 10 11 -8 -13 -14 16 -16 -12 -18 -19 -17 -9 22 23 24 27 26 -26 -21 29 -29
right_child=-2 2 4 8 5 -7 9 20 -10 -11 14 12 13 -15 15 19 17 18 -20 21 -22 -23 -24 -25 25 -27 -28 28 -30 -31
leaf_value=9.1484926634244359e-09 0 0.00039176420287444279 4.019439636172056e-05 -5.5583089374487091e-07 3.4207209431702523e-07 0 -0.00015788117925349946 -0.00027999852663179633 0.00072830350784770521 -2.2999799901528295e-07 0 0.0012504353685002967 -0.026858995352001199 0.00053448820256035148 0.00010195861248994772 1.2990827973990982e-05 0.00095437128749663596 9.8310514529325775e-05 -1.3856538208624223e-08 -4.4667746878328662e-08 0.00018787048698607601 0 1.1623053823353443e-07 0 1.0391818405786069e-09 0.001579858595556838 0 1.2798153229243159e-06 0 0
leaf_weight=24.699999094009399 14768.09975194931 40.799998939037323 28.799999356269836 41.699998736381531 20.399999856948853 35.499999344348907 71.399999022483826 37.799999356269836 20.999999701976776 352.39999175071716 1051.7999745607376 16.29999977350235 24.799999594688416 15.299999773502348 26.899999618530273 25.299999177455902 19.299999594688416 35.799999535083771 97.499997913837433 219.59999394416809 33.299999594688416 337.4999920129776 41.799998700618744 160.6999968290329 19.09999942779541 21.699999749660492 115.9999971985817 25.499999105930328 98.799997508525848 69.399998724460602
leaf_count=19 15523 38 34 37 24 41 94 54 26 414 1078 19 34 19 29 21 21 46 105 188 41 345 36 179 15 27 126 21 98 84
internal_value=-0.00222987 -0.00101161 -0.0011044 0.00349034 -0.00126278 0.0034034 -0.0013513 0.000953453 -0.000745615 -0.00143217 -0.00129535 0.000590766 0.00352837 0.000243142 -0.0013972 -0.00100727 -0.0017735 0.000153997 -0.00126219 -0.00112604 -0.000460619 -0.00121183 -0.000862672 -0.00111111 -0.000719611 0.00119898 0.000164692 -0.0014475 -0.00025426 0.00208377
internal_weight=17899 3130.9 3106.2 103.5 3002.7 55.9 2946.8 99.9 62.7 2846.9 2494.5 127.8 56.4 40.1 2366.7 1162.3 1204.4 152.6 133.3 1135.4 71.1 1110.1 772.6 730.8 570.1 156.8 135.1 413.3 193.7 94.9
internal_count=18836 3313 3294 101 3193 65 3128 129 63 2999 2585 166 72 53 2419 1169 1250 172 151 1140 95 1119 774 738 559 168 141 391 203 105
is_linear=0
shrinkage=0.05


Tree=147
num_leaves=31
num_cat=0
split_feature=1 5 0 13 13 29 6 7 0 2 29 29 4 29 0 6 6 1 11 7 7 1 1 12 0 1 4 12 12 29
split_gain=2.21146 0.84944 0.369172 1.51907 0.443438 0.951149 0.302475 0.670497 1.17727 0.42246 0.976312 0.345515 0.403906 0.480213 0.539923 0.343751 0.29137 0.209616 0.202632 0.186636 0.264197 0.193401 0.358563 0.920068 0.186273 0.176796 0.701027 0.16527 0.186362 0.397035
threshold=11.912202358245851 0.019101123325526718 13.400000095367433 13.706250190734865 16.031250000000004 35.868141174316413 0.81874999403953563 0.085416667163372054 9.655555725097658 -6.3630564212799063 36.314949035644538 35.68836975097657 6.2124998569488534 35.670007705688484 9.655555725097658 2.3770833015441899 0.94791665673255932 6.6476190090179452 -0.3763888925313949 0.10208333283662797 0.089583333581686034 8.2797617912292498 7.2830357551574716 0.50208333134651195 8.405555725097658 11.455654621124269 4.7543749809265146 -6.6229166984558097 -8.3374996185302717 36.020755767822273
decision_type=2 2 2 2 2 2 2 2 2 2 2 2 2 2 2 2 2 2 2 2 2 2 2 2 2 2 2 2 2 2
left_child=1 -1 4 -4 6 -6 19 8 15 10 18 12 13 17 -15 16 -8 -11 -9 20 21 22 24 -24 -3 27 -27 28 -13 -30
right_child=-2 2 3 -5 5 -7 7 9 -10 11 -12 25 -14 14 -16 -17 -18 -19 -20 -21 -22 -23 23 -25 -26 26 -28 -29 29 -31
leaf_value=1.1499899948974601e-08 0 -5.4645601597560331e-05 8.6910680319185474e-09 0 3.2496848960117401e-07 0 0.00017119318383499449 0.00074311135613215379 2.2255824967387652e-05 2.752590602114201e-05 0.0011693122767819229 -2.7735028496067571e-08 1.1499899948974601e-08 0.0010858403557788558 -0.047497579083483572 0.0011879136000752799 -2.0787107349124205e-05 0 -5.0323495893703365e-05 -1.3556018606448559e-08 1.9787623148421455e-08 0 -1.6318882879940812e-05 0.00069188833245532053 0.00090665272312180363 0 1.1499899948974601e-08 -1.2666086687917441e-08 -6.896507937228743e-05 0.0023796798431546199
leaf_weight=14.299999594688414 14787.099754154682 225.29999583959579 19.199999451637268 42.799998939037323 18.299999892711639 24.79999965429306 26.399999737739563 32.999999642372131 14.199999570846556 39.199999511241913 22.299999594688416 137.49999731779099 20.199999272823334 22.499999821186066 15.099999725818632 15.799999773502348 146.99999761581421 120.4999971985817 52.499998927116394 532.59998714923859 36.39999908208847 549.69998627901077 26.999999105930328 20.199999749660492 17.699999690055847 60.699998259544373 25.199999213218689 800.19997894763947 36.09999942779541 15.899999618530272
leaf_count=15 15525 271 18 46 21 28 32 40 12 50 21 165 16 29 21 18 184 129 59 564 38 541 22 22 19 53 22 810 47 15
internal_value=-0.00222879 -0.001022 -0.00107775 0.00274193 -0.00115524 0.00388051 -0.00122727 -0.000757808 0.00192478 -0.0011473 0.00185993 -0.001398 0.00041954 -0.000269894 0.00481383 0.000882663 0.00023933 -0.00146681 -0.000570176 -0.00176184 -0.00131319 -0.00149393 -0.000449691 0.00353813 -0.00122428 -0.00176553 0.00041036 -0.00195438 -0.00062665 0.00192308
internal_weight=17919.7 3132.6 3118.3 62 3056.3 43.1 3013.2 1604.3 203.4 1400.9 107.8 1293.1 217.5 197.3 37.6 189.2 173.4 159.7 85.5 1408.9 876.3 839.9 290.2 47.2 243 1075.6 85.9 989.7 189.5 52
internal_count=18853 3328 3313 64 3249 49 3200 1723 246 1477 120 1357 245 229 50 234 216 179 99 1477 913 875 334 44 290 1112 75 1037 227 62
is_linear=0
shrinkage=0.05


Tree=148
num_leaves=31
num_cat=0
split_feature=13 13 3 7 13 5 10 0 4 12 4 7 29 7 6 11 6 4 29 11 29 6 3 12 11 4 4 7 7 11
split_gain=4.4659 3.17936 6.21168 3.19633 5.92403 2.57527 0.810403 2.62293 0.616811 2.31587 1.75148 0.664876 0.487078 0.317148 0.588707 0.281961 0.371949 0.477342 0.514993 0.334969 0.603575 0.766793 0.225945 0.214308 0.424945 0.179581 0.105544 0.188917 0.622121 0.587971
threshold=16.783333778381351 9.6875000000000018 4.5407638549804696 1.7645833492279055 13.706250190734865 0.38140359520912176 9.6875000000000018 8.6187500953674334 3.7087500095367436 -8.3374996185302717 3.6093750000000004 0.027083333581686023 34.956399917602546 0.10208333283662797 0.76874998211860668 -0.3763888925313949 0.81874999403953563 4.6654167175292978 36.020755767822273 -1.920138895511627 35.674556732177741 1.2604166865348818 2.2500694990158085 15.002083301544191 6.4937500953674325 10.154375076293947 5.1679165363311776 0.97708335518836986 1.0895833373069765 2.6749999523162846
decision_type=2 2 2 2 2 2 2 2 2 2 2 2 2 2 2 2 2 2 2 2 2 2 2 2 2 2 2 2 2 2
left_child=1 6 3 8 -5 -4 7 -1 9 -3 12 -12 -11 -14 -15 16 -8 18 19 -18 -21 -22 -16 -2 -25 -19 27 -17 29 -29
right_child=23 2 5 4 -6 -7 15 -9 -10 10 11 -13 13 14 22 26 17 25 -20 20 21 -23 -24 24 -26 -27 -28 28 -30 -31
leaf_value=0.00053064806724858712 0 6.7780093204738998e-10 1.092490495291365e-08 1.0058259225509403e-09 0 1.092490495291365e-08 -3.7574075518792469e-05 -1.689836579734727e-05 0 8.2565146275470631e-09 3.0872006512305816e-07 2.1143033719017715e-05 0 6.7780093204738998e-10 0 -1.3078268890392173e-08 -7.1337098903079274e-05 -0.00041449508039135007 0.00048697822259944696 -9.7796102609244991e-05 0.0012164136313195335 0.00094408551069485869 5.9050573964866424e-10 0.00040903923960679549 0 1.8340337910141753e-05 -6.9414013921852264e-08 0.0011256941243931785 -1.4449208979698686e-08 0.000351843865268423
leaf_weight=23.099999666213989 14518.899757266045 17.499999523162842 28.099999070167542 25.799999117851257 29.69999897480011 20.899999499320984 277.29999482631683 50.399998247623444 241.59999430179596 20.999999284744263 22.79999965429306 17.899999737739563 210.5999950170517 15.299999475479124 51.699998557567596 1168.8999713659286 71.899998903274536 96.79999828338623 24.099999666213989 23.899999618530273 24.299999833106995 20.399999678134918 35.799999117851257 16.99999988079071 33.499999701976776 20.29999965429306 421.69998961687088 15.69999974966049 276.69999206066132 58.599998950958252
leaf_count=23 15269 17 23 20 23 19 339 40 264 18 26 19 214 13 45 1185 91 132 27 31 29 28 36 20 39 29 451 17 253 68
internal_value=-0.00210743 -0.000450375 0.00244111 0.00121901 0.0127252 0.0196429 -0.00128016 0.00389456 0.000212078 0.0014353 0.000605838 0.0103993 -0.000586125 -0.00108009 0.0011965 -0.00143226 -0.000442756 0.000836883 0.0025729 0.00141459 0.00391399 0.0073434 -0.000385715 -0.00248421 0.000767326 -0.00160333 -0.00171714 -0.00152296 -0.000505699 0.00355653
internal_weight=17882.2 3312.8 738.7 689.7 55.5 49 2574.1 73.5 634.2 392.6 375.1 40.7 334.4 313.4 102.8 2500.6 559 281.7 164.6 140.5 68.6 44.7 87.5 14569.4 50.5 117.1 1941.6 1519.9 351 74.3
internal_count=18808 3480 737 695 43 42 2743 63 652 388 371 45 326 308 94 2680 706 367 206 179 88 57 81 15328 59 161 1974 1523 338 85
is_linear=0
shrinkage=0.05


Tree=149
num_leaves=31
num_cat=0
split_feature=13 13 7 0 3 30 13 10 0 10 10 11 10 6 6 2 30 3 29 11 29 29 30 12 29 12 10 4 6 10
split_gain=3.88083 2.0537 3.76056 7.8962 1.03628 1.32968 2.91888 0.953628 1.12611 0.939632 0.31909 0.475897 0.31545 0.253467 0.27972 0.383299 0.360948 0.436807 0.719126 0.32252 0.249491 0.236895 0.522832 0.229391 0.401929 0.186151 0.776533 0.162164 0.156615 0.140761
threshold=16.783333778381351 8.8375000953674334 1.7062500119209292 11.738194465637209 4.4347918033599862 -121.5439987182617 10.572916507720949 9.6875000000000018 8.6187500953674334 75.756942749023452 64.756942749023452 7.405555486679078 83.506942749023452 1.0187500119209292 1.2937499880790713 -5.4933619499206534 -78.996128082275376 2.9459028244018559 35.914943695068366 -1.920138895511627 34.492685317993171 35.697473526000984 -79.227611541748033 15.002083301544191 38.592149734497077 10.172916889190676 66.826389312744155 8.9279165267944354 4.9354166984558114 63.868055343627937
decision_type=2 2 2 2 2 2 2 2 2 2 2 2 2 2 2 2 2 2 2 2 2 2 2 2 2 2 2 2 2 2
left_child=1 7 4 -4 5 6 -3 8 -1 -6 11 13 -8 27 16 -16 17 18 19 -15 -7 22 -19 -2 -25 -22 -27 29 -12 -9
right_child=23 2 3 -5 9 20 12 10 -10 -11 28 -13 -14 14 15 -17 -18 21 -20 -21 25 -23 -24 24 -26 26 -28 -29 -30 -31
leaf_value=0.00063076151247012382 0 6.5391344561405165e-10 1.0378659703880189e-08 0 9.9183530111179873e-09 7.843688898390155e-09 0 -7.4638042007914957e-08 -1.4325238720791252e-05 1.0378659703880189e-08 -2.5619336606548942e-08 4.7822633630900672e-10 6.439108857225762e-10 -0.010243196655191023 0.00024273673632841763 -3.6473296789473319e-06 -0.00036181395000065204 -3.7515788567313318e-05 0.001069409418173517 0.00089974975234503147 0 -0.00010452835530806735 0.0010001515152231355 0.00038858727762645652 0 -1.5820607221951959e-06 2.9328406186968081e-07 3.5046207239487144e-05 3.4053208972852346e-07 9.1834051382572149e-06
leaf_weight=21.099999666213989 14632.699759423733 38.899998664855957 41.399998545646667 56.999998271465302 22.0999995470047 18.499999344348907 79.99999725818634 755.29998278617859 47.799998342990875 22.299999237060547 1008.3999750614166 22.199999213218689 25.799999117851257 22.0999995470047 23.29999965429306 190.79999554157257 56.099999070167542 39.399999439716339 18.29999965429306 35.799999535083771 506.29998922348022 49.699999094009399 19.199999809265137 17.199999868869781 29.899999618530273 40.199999272823334 17.399999797344208 19.599999666213989 36.399998664855957 28.59999942779541
leaf_count=21 15397 31 32 46 21 15 62 807 38 19 1060 18 20 27 29 206 73 50 19 44 551 63 24 20 37 52 20 28 28 34
internal_value=-0.00213386 -0.000574449 0.00150621 0.0107114 0.000332144 -0.000120686 0.00416897 -0.00133046 0.00446662 0.00774775 -0.00150224 -0.000973134 -0.000137052 -0.00110118 -0.000157797 -0.00147244 0.00101205 0.00207995 0.00498031 0.00224957 -0.00118647 3.92422e-05 0.00219283 -0.00248059 0.00100318 -0.00137391 0.00131944 -0.00163503 -0.00215065 -0.00174735
internal_weight=17943.8 3264 869.9 98.4 771.5 727.1 144.7 2394.1 68.9 44.4 2325.2 1280.4 105.8 1258.2 454.7 214.1 240.6 184.5 76.2 57.9 582.4 108.3 58.6 14679.8 47.1 563.9 57.6 803.5 1044.8 783.9
internal_count=18892 3438 869 78 791 751 113 2569 59 40 2510 1422 82 1404 535 235 300 227 90 71 638 137 74 15454 57 623 72 869 1088 841
is_linear=0
shrinkage=0.05


Tree=150
num_leaves=31
num_cat=0
split_feature=13 13 30 2 2 3 29 6 10 12 12 30 10 6 9 7 12 9 29 30 9 5 10 2 6 10 6 29 29 11
split_gain=4.6534 1.99985 2.82348 3.77106 8.85675 2.86867 2.47242 2.34483 1.44048 1.05485 0.779394 1.20666 0.342709 0.629126 0.589428 0.548091 1.02495 0.430302 0.335918 0.267979 0.741901 0.265163 0.193177 0.191753 0.627416 0.649843 0.291491 0.387296 0.306681 0.395507
threshold=16.783333778381351 8.8375000953674334 -121.72649765014647 0.98057714104652416 -0.10002588108181952 4.4347918033599862 37.32044982910157 3.0187499523162846 9.6875000000000018 1.4229166507720949 10.172916889190676 -79.12176132202147 64.756942749023452 0.81874999403953563 97.604167938232436 0.031250000931322582 -1.3729166388511655 93.895832061767592 34.40844917297364 -121.7485008239746 93.895832061767592 0.79976841807365429 63.868055343627937 -6.3630564212799063 1.1479166746139529 53.965276718139656 1.122916638851166 38.240348815917976 35.692842483520515 1.5944444537162783
decision_type=2 2 2 2 2 2 2 2 2 2 2 2 2 2 2 2 2 2 2 2 2 2 2 2 2 2 2 2 2 2
left_child=1 8 3 4 -3 7 -7 10 9 -1 18 -12 13 22 15 -15 -17 -18 -4 20 -14 -20 -10 24 -16 -26 27 28 29 -25
right_child=-2 2 5 -5 -6 6 -8 -9 12 -11 11 -13 19 14 23 16 17 -19 21 -21 -22 -23 -24 26 25 -27 -28 -29 -30 -31
leaf_value=9.7292346564445605e-07 0 0 7.4515044523604256e-09 0 6.3858672524865634e-10 9.8827420524916231e-09 9.8597267184086241e-09 5.7870497847399977e-10 -4.3628278516955439e-08 0.00034395173405566234 2.7861985877342124e-07 -2.1605260106305479e-06 -2.578058565658563e-08 -0.0014594078257326448 -6.7766512055822401e-05 0.00095066719478303918 -8.9390791361276813e-07 0.00038443500769266804 0 -3.2598664514651877e-08 5.6929926005588889e-07 6.1661837189481546e-10 1.0317228573256191e-05 0.003959582169685622 0.0010920321721251181 0.00050160439799110113 -3.042343466806708e-05 0.00058616071840251755 -2.8525859400452917e-05 -2.0891408982384241e-06
leaf_weight=48.199998378753662 14525.099758923054 35.199998736381531 16.499999403953552 62.199997782707214 32.099998950958252 21.599999248981476 34.999999165534973 35.799998879432678 650.49998462200165 23.999999582767487 20.29999977350235 36.199999332427979 54.599997997283936 22.999999523162842 36.199999570846558 19.29999965429306 22.599999248981476 23.899999618530273 534.49998784065247 980.79997676610947 24.999999165534973 40.89999908208847 23.499999523162842 20.199999809265137 16.599999904632568 18.599999785423279 247.29999476671219 23.599999606609344 92.09999817609787 44.699999451637268
leaf_count=40 15277 28 13 48 25 18 32 30 679 22 23 46 42 28 42 21 18 27 561 1046 22 43 29 26 20 24 293 30 109 55
internal_value=-0.00210456 -0.000398929 0.00165374 0.00846525 0.0166679 0.000463012 0.0112809 -0.000431892 -0.00114492 0.00581025 -0.00111968 0.00449115 -0.00136114 -0.000804414 0.000390664 0.00414414 0.00646656 0.00244624 -0.00165526 -0.00202377 0.000766331 -0.00185697 -0.00184718 -0.000276888 0.00212185 0.006875 -0.000677145 0.000849944 -4.77713e-05 0.00258475
internal_weight=17790.1 3265 870.3 129.5 67.3 740.8 56.6 684.2 2394.7 72.2 648.4 56.5 2322.5 1262.1 588.1 88.8 65.8 46.5 591.9 1060.4 79.6 575.4 674 499.3 71.4 35.2 427.9 180.6 157 64.9
internal_count=18717 3440 867 101 53 766 50 716 2573 62 686 69 2511 1401 693 94 66 45 617 1110 64 604 708 599 86 44 513 220 190 81
is_linear=0
shrinkage=0.05


Tree=151
num_leaves=31
num_cat=0
split_feature=1 1 30 4 1 6 29 10 13 10 1 3 4 10 11 7 1 12 30 10 13 12 11 30 7 6 29 30 12 4
split_gain=4.87693 5.67384 5.91028 6.60955 6.45448 2.28867 1.81656 0.616593 0.616151 0.581706 1.17119 0.56245 0.593093 0.331715 0.306501 0.294343 0.354115 0.570397 0.312264 0.512967 0.293557 0.205951 0.19893 0.311213 0.620998 0.433982 0.187174 0.248063 0.184678 0.389718
threshold=11.912202358245851 11.026190280914308 -121.72649765014647 6.3256249427795419 11.455654621124269 2.8770833015441899 37.298000335693366 18.173610687255863 16.031250000000004 88.729167938232436 11.455654621124269 2.5022916793823247 2.5235416889190678 65.451389312744155 8.9340276718139666 0.62708333134651195 7.6827380657196054 3.3812500238418584 -121.6495018005371 42.020833969116218 1.1916666626930239 -3.1645833253860469 -0.57430556416511525 -79.022460937499986 0.018750000745058063 0.81874999403953563 35.79699897766114 -79.261032104492173 15.002083301544191 3.9327082633972172
decision_type=2 2 2 2 2 2 2 2 2 2 2 2 2 2 2 2 2 2 2 2 2 2 2 2 2 2 2 2 2 2
left_child=1 7 4 5 -3 9 -6 11 13 14 -11 12 20 15 -4 18 26 21 19 -9 -1 -18 23 -20 -25 -26 27 -17 -2 -30
right_child=28 2 3 -5 6 -7 -8 8 -10 10 -12 -13 -14 -15 -16 16 17 -19 22 -21 -22 -23 -24 24 25 -27 -28 -29 29 -31
leaf_value=0.00022107006484810786 0 2.6357289462097811e-09 0 1.092490495291365e-08 -3.2035820751769261e-11 5.5407778920546489e-10 6.1198154877040167e-10 -2.5965175274422772e-06 2.6468886583641548e-07 3.0909349413299483e-09 0 -5.0882941282637262e-07 0.00051899625515446589 -2.2789899094022029e-08 2.0085882033066273e-05 -1.2781601460676307e-06 0.0022606958509968911 1.0967278321737395e-05 -3.9440587442718725e-05 6.0990840604538428e-06 -1.1491894610450667e-06 -2.5883754687747366e-06 -5.6175520687865039e-08 -0.0008586663995257236 -0.0029083755259542562 0.00070722760446547978 -2.0328254861490259e-05 0.00087494682683078627 0.00036915791374513289 0
leaf_weight=22.59999942779541 14821.49975246191 44.499998450279236 251.39999395608902 24.299999237060547 36.399998664855957 21.299999356269836 25.599999189376831 36.399998664855957 24.499999761581421 20.099999487400055 29.299999237060547 87.399997711181641 35.299999117851257 1117.1999723911285 20.399999380111694 21.499999701976776 18.099999666213989 34.799999237060547 226.99999642372131 39.49999862909317 26.699999094009399 33.199998795986176 688.49998533725739 41.099999308586121 17.199999690055847 30.499999701976776 107.19999766349792 31.599999606609344 18.899999678134918 39.499999642372131
leaf_count=20 15535 37 256 23 28 17 20 28 29 21 27 86 33 1172 18 27 21 32 278 31 21 26 761 55 24 37 132 42 21 47
internal_value=-0.0021043 -0.000304793 0.00473642 0.00172574 0.0151056 -6.20445e-05 0.00467742 -0.00120848 -0.00141018 -0.00111457 0.00387652 0.00168605 0.0045922 -0.00148928 -0.00202171 -0.000954697 0.000604707 0.00319106 -0.00131041 0.00178195 0.0010497 -0.000160819 -0.00154411 -0.000505067 0.0020045 0.00588574 -0.000784467 0.00164313 -0.00248085 0.000325342
internal_weight=17993.5 3113.6 473.3 366.8 106.5 342.5 62 2640.3 2468.3 321.2 49.4 172 84.6 2443.8 271.8 1326.6 246.4 86.1 1080.2 75.9 49.3 51.3 1004.3 315.8 88.8 47.7 160.3 53.1 14879.9 58.4
internal_count=18905 3302 447 362 85 339 48 2855 2695 322 48 160 74 2666 274 1494 280 79 1214 59 41 47 1155 394 116 61 201 69 15603 68
is_linear=0
shrinkage=0.05


Tree=152
num_leaves=31
num_cat=0
split_feature=1 1 6 30 6 4 12 4 0 10 12 29 1 3 12 29 1 6 1 12 0 1 10 12 6 1 7 7 30 30
split_gain=3.97963 3.24164 3.75816 2.58014 3.94346 2.89569 1.01701 0.552409 0.457976 0.331888 0.24803 0.495087 0.534043 0.462582 0.280422 0.252005 0.216382 0.417082 0.199174 0.183088 0.36511 0.169126 0.268765 0.4086 0.123252 0.10383 0.0940295 0.0936691 0.0881964 0.0841145
threshold=11.912202358245851 10.845833301544191 3.091666698455811 -121.72649765014647 0.83124998211860668 6.3256249427795419 -3.4145833253860469 1.8454166650772097 13.108333110809328 68.798610687255874 3.3812500238418584 35.741001129150398 10.193154811859133 1.7691666483879092 15.002083301544191 35.684564590454109 11.32470226287842 0.26875001192092901 10.339583396911623 15.002083301544191 12.317360877990724 3.9068452119827275 50.451387405395515 -4.285416603088378 4.9354166984558114 5.7788689136505136 1.0000000180025095e-35 1.0062500238418581 -79.022460937499986 -79.237697601318345
decision_type=2 2 2 2 2 2 2 2 2 2 2 2 2 2 2 2 2 2 2 2 2 2 2 2 2 2 2 2 2 2
left_child=1 8 3 4 6 7 -3 -5 9 10 21 12 15 -13 18 25 17 -9 27 -2 -21 22 23 26 -11 -12 -1 -15 -28 -19
right_child=19 2 -4 5 -6 -7 -8 16 -10 24 11 13 -14 14 -16 -17 -18 29 -20 20 -22 -23 -24 -25 -26 -27 28 -29 -30 -31
leaf_value=-0.00032415834819906621 0 2.1555021795238716e-07 8.8423597000009128e-09 6.1731434798484943e-10 -3.0593749755780664e-11 1.0378659703880189e-08 4.5750198629512798e-10 5.6155933617858235e-10 4.2955111251297141e-08 -2.2278848489080171e-08 0.00047849620746368563 0.00012219197752509595 1.0405162166271521e-06 -1.2654404122880648e-05 5.6486557049929988e-05 0.00078593136399484069 0 2.371679448739333e-10 4.8311197573295869e-08 0.00035070001805787568 0 -3.6438415693667897e-07 -0.0004216036791784665 0.0008479901518563765 1.9113560976205559e-07 -4.3400363727199392e-06 -0.00014991979220993197 5.3837425124103613e-07 0.001357755715612613 -1.0564738850193934e-06
leaf_weight=21.499999582767487 14761.299752831459 25.199999153614044 23.199999213218689 31.299998939037323 40.099998593330383 22.199999332427979 31.399998903274536 33.89999920129776 23.999999463558197 931.99997729063034 19.599999845027924 34.199999034404755 16.499999761581421 287.49999409914017 21.499999761581421 19.199999749660492 198.8999952673912 71.899998068809509 22.0999995470047 19.799999713897705 39.0999995470047 941.69997835159302 47.399999260902405 20.199999630451202 41.599998474121094 44.299999296665192 18.599999666213989 14.799999773502348 15.799999833106993 56.899999141693115
leaf_count=27 15501 20 18 25 31 22 26 35 26 980 24 28 19 335 29 24 203 63 23 24 45 1001 66 26 32 57 24 16 20 67
internal_value=-0.00214102 -0.000504875 0.00303271 0.00214048 0.00949586 0.000427005 0.0179947 -0.000565666 -0.00124926 -0.00131477 -0.000859118 8.49483e-05 0.00322289 -0.000737307 -0.00128578 0.00159146 -0.00111726 0.000235095 -0.00165228 -0.00248077 0.000301358 -0.00128427 0.000455465 0.00229632 -0.0020378 8.2159e-05 9.39171e-05 -0.00198726 0.00171512 -0.00106367
internal_weight=17897.7 3077.5 535 511.8 96.7 415.1 56.6 392.9 2542.5 2518.5 1544.9 479.7 99.6 380.1 345.9 83.1 361.6 162.7 324.4 14820.2 58.9 1065.2 123.5 76.1 973.6 63.9 55.9 302.3 34.4 128.8
internal_count=18837 3267 510 492 77 415 46 393 2757 2731 1719 555 124 431 403 105 368 165 374 15570 69 1164 163 97 1012 81 71 351 44 130
is_linear=0
shrinkage=0.05


Tree=153
num_leaves=31
num_cat=0
split_feature=1 10 10 30 1 4 12 10 10 1 12 7 5 1 5 5 5 11 6 12 12 10 6 30 8 12 11 6 2 3
split_gain=3.79128 1.1159 1.94969 2.18052 0.798101 2.31521 1.02252 0.54645 1.15559 2.39626 3.71749 0.468432 0.760769 0.460165 0.479783 0.751313 0.43301 0.363224 0.291951 0.249472 0.458795 0.515169 0.240679 0.230423 0.39048 0.199979 0.428186 0.193329 0.160913 0.138375
threshold=11.912202358245851 55.395833969116218 54.187500000000007 -119.26765060424803 10.339583396911623 6.4435417652130136 10.172916889190676 44.465276718139656 48.437500000000007 9.7586307525634783 -0.71041664481163014 0.62708333134651195 0.65473225712776195 3.9068452119827275 0.54234597086906444 0.30074608325958258 0.72432690858840953 1.0000000180025095e-35 1.1479166746139529 -0.74791666865348805 -0.3104166686534881 9.6875000000000018 4.9354166984558114 -79.022460937499986 3.5000000000000004 15.002083301544191 2.3243055343627934 3.4541666507720952 -6.3630564212799063 4.4347918033599862
decision_type=2 2 2 2 2 2 2 2 2 2 2 2 2 2 2 2 2 2 2 2 2 2 2 2 2 2 2 2 2 2
left_child=1 2 7 -4 22 6 16 13 9 18 -11 28 -13 14 15 -1 27 -5 23 -15 -21 -22 -3 -9 -25 -2 -27 29 -10 -6
right_child=25 4 3 17 5 -7 -8 8 11 10 -12 12 -14 19 -16 -17 -18 -19 -20 20 21 -23 -24 24 -26 26 -28 -29 -30 -31
leaf_value=-0.0017788534385768775 0 -3.6867536534757053e-08 1.2587087504012385e-06 0.00045457139709050303 0 8.3766443281986122e-09 1.9942861171351469e-07 -2.9981313655145063e-05 0.0013489427379067443 5.903520561290066e-10 5.6287115154929346e-07 -5.8819586227653042e-06 0.00074037987504586454 -2.8793891656754358e-09 -6.5775464761719249e-05 0.0010276886681710895 3.9849404719803795e-10 -3.2445018544968728e-05 0.00091995424380884048 6.0774829557797009e-09 0.00029499121553415837 -2.0825544504027969e-08 1.5880823982984313e-06 -9.0885167208776266e-05 0.00086318101258184765 0.00033316501715497938 0 8.4255913357367268e-11 -5.8908877775820656e-11 -2.4751280235996523e-10
leaf_weight=22.199999570846558 14751.199752092361 1301.7999697327614 25.599999189376831 17.099999845027924 313.9999920129776 26.199999153614044 21.79999977350235 60.099998772144318 21.399999797344208 22.89999932050705 22.799999177455902 37.699998915195465 31.399999439716339 320.59999221563339 21.79999965429306 17.299999713897705 37.899998843669891 22.699999630451202 17.199999809265137 20.299999296665192 26.899999558925629 344.19999325275421 49.399998188018799 17.999999642372131 22.199999809265137 17.299999892711639 36.79999965429306 24.699999094009399 205.39999556541443 35.799998879432678
leaf_count=30 15476 1442 20 21 310 24 24 69 26 23 18 39 36 322 28 17 33 29 20 17 25 378 38 22 26 19 44 19 224 28
internal_value=-0.00215113 -0.000563936 0.00055517 0.00896789 -0.00136564 0.000432232 -0.000438739 0.00010873 0.00147517 0.00485294 0.0145678 -0.000387801 0.00321635 -0.000702509 0.00345432 0.00674051 -0.000996606 0.00164573 0.00107447 -0.00106039 -0.000213337 -0.000613717 -0.00197824 4.23723e-05 0.00297264 -0.00248447 0.000549907 -0.00151202 -0.00148589 -0.00181389
internal_weight=17914.7 3109.4 1297.8 65.4 1811.6 460.4 434.2 1232.4 459.1 163.2 45.7 295.9 69.1 773.3 61.3 39.5 412.4 39.8 117.5 712 391.4 371.1 1351.2 100.3 40.2 14805.3 54.1 374.5 226.8 349.8
internal_count=18847 3308 1390 70 1918 438 414 1320 503 178 41 325 75 817 75 47 390 50 137 742 420 403 1480 117 48 15539 63 357 250 338
is_linear=0
shrinkage=0.05


Tree=154
num_leaves=31
num_cat=0
split_feature=1 1 4 4 6 12 13 6 10 10 1 13 3 10 3 0 13 10 30 6 9 12 13 9 6 5 12 4 2 10
split_gain=4.40885 2.52349 5.94561 4.23281 1.72779 1.04085 0.954635 0.877346 0.814583 0.728011 0.498463 0.915816 1.26828 0.446513 0.658287 0.537124 0.374337 0.315584 0.405738 0.611578 0.556567 0.275571 0.257156 0.255286 0.241581 0.208544 0.192666 0.431398 0.118965 0.10339
threshold=11.912202358245851 11.182440757751467 1.669166684150696 6.3256249427795419 1.0000000180025095e-35 2.4729166030883794 16.031250000000004 0.514583319425583 55.395833969116218 54.604166030883796 9.7586307525634783 4.2395834922790536 2.2693749666213994 35.145833969116218 2.452361106872559 8.6187500953674334 0.87291666865348827 14.590277671813967 -79.261032104492173 1.0437499880790713 115.04166412353517 5.2729167938232431 9.1541666984558123 106.02083206176759 4.9354166984558114 0.38140359520912176 15.002083301544191 3.9327082633972172 3.2416925430297856 93.965278625488295
decision_type=2 2 2 2 2 2 2 2 2 2 2 2 2 2 2 2 2 2 2 2 2 2 2 2 2 2 2 2 2 2
left_child=1 6 -3 4 -4 22 8 -7 9 10 16 12 -12 14 -13 -16 17 -1 28 21 23 -20 -6 -21 29 -23 -2 -28 -19 -10
right_child=26 2 3 -5 5 7 -8 -9 24 -11 11 13 -14 -15 15 -17 -18 18 19 20 -22 25 -24 -25 -26 -27 27 -29 -30 -31
leaf_value=0.0003580326690131308 0 4.0774280063438088e-10 8.8975285176327303e-10 9.8597267184086241e-09 2.9369054355132821e-09 1.599784593686593e-09 1.8945718112672872e-07 2.0465292155137255e-10 -4.785102940927631e-08 1.0949610133418204e-06 -1.4927917245736884e-08 5.4493874394703971e-08 1.5028122515747812e-06 -1.3490048200334984e-08 4.7200600805652475e-08 -4.3067849134241542e-07 -2.4686938452674156e-05 -8.7909277477674584e-06 -1.59076559210547e-05 0.00069693429949217462 -0.025555287466911616 -0.00012922057377009465 0 0.0036808549453153597 3.0921839092990024e-06 0.0012814956010114066 0.000316506766297231 0 0.00059283188526381239 -2.5665025105148231e-09
leaf_weight=21.299999415874481 14795.59974950552 23.299999237060547 30.199999153614044 23.599999248981476 22.199999213218689 19.399999618530273 23.999999761581421 36.299998819828033 1356.4999687075615 31.699999392032623 26.299999177455902 28.89999908208847 24.999999165534973 89.299997389316559 19.399999380111694 75.699998140335083 433.9999914765358 169.59999585151672 68.699998915195465 19.799999713897705 23.799999594688416 30.599999606609344 260.29999333620071 16.399999916553497 45.499998331069946 19.699999690055847 17.399999737739563 38.599999666213989 20.299999713897705 141.39999628067017
leaf_count=21 15522 19 26 22 18 20 28 31 1495 33 21 23 20 87 18 79 482 176 89 24 32 40 255 20 35 25 20 46 27 134
internal_value=-0.00212266 -0.000408611 0.00321876 0.0017602 0.000445168 -0.000578061 -0.000969066 0.00566876 -0.00105851 -3.23523e-05 -0.000249817 0.00163832 0.00763645 0.000195733 0.0021371 0.000128811 -0.000855982 0.000267811 -7.38689e-05 0.00163408 0.00575 -0.000441177 -0.00180974 0.0096547 -0.00180349 0.00237077 -0.00248081 0.000446428 -0.00168378 -0.00191251
internal_weight=17954.8 3103.2 415.3 392 368.4 338.2 2687.9 55.7 2663.9 1120.5 1088.8 264.6 51.3 213.3 124 95.1 824.2 390.2 368.9 179 60 119 282.5 36.2 1543.4 50.3 14851.6 56 189.9 1497.9
internal_count=18888 3300 391 372 350 324 2909 51 2881 1217 1184 248 41 207 120 97 936 454 433 230 76 154 273 44 1664 65 15588 66 203 1629
is_linear=0
shrinkage=0.05


Tree=155
num_leaves=31
num_cat=0
split_feature=1 1 4 4 29 13 12 6 9 30 2 6 12 11 3 1 9 1 9 9 2 12 9 8 6 2 6 0 1 30
split_gain=3.8013 2.31404 6.57241 5.38666 0.951482 0.627713 0.517807 1.05581 0.351114 0.398914 0.59853 1.28181 0.50706 1.25362 0.359938 0.652174 0.329403 0.878165 0.259717 0.364323 0.20692 0.185798 0.472887 0.179367 0.880116 0.173095 0.148424 0.301657 0.179543 0.140814
threshold=11.912202358245851 11.026190280914308 1.6168749928474428 6.3256249427795419 35.038000106811531 16.031250000000004 4.3229165077209482 0.514583319425583 102.79166793823244 -120.59299850463866 -1.9861025214195249 0.53958335518836986 1.7895833253860476 3.3625000715255742 8.2372221946716326 2.4547618627548222 81.409721374511733 11.455654621124269 109.52777481079103 108.27083206176759 1.1120212078094485 15.002083301544191 158.31944274902347 1.5000000000000002 1.0645833611488345 0.17990424484014514 1.747916638851166 5.8770833015441903 10.680952548980715 -79.227611541748033
decision_type=2 2 2 2 2 2 2 2 2 2 2 2 2 2 2 2 2 2 2 2 2 2 2 2 2 2 2 2 2 2
left_child=1 5 -3 4 -4 8 16 -8 23 10 -10 12 20 -14 18 -16 17 -6 19 29 -12 -2 -23 -1 -25 26 28 -28 -20 -11
right_child=21 2 3 -5 6 -7 7 -9 9 14 11 -13 13 -15 15 -17 -18 -19 25 -21 -22 22 -24 24 -26 -27 27 -29 -30 -31
leaf_value=-1.783913913024371e-08 0 2.9637546805627583e-09 2.2689158967233771e-09 9.3667403833208596e-09 1.7808381972069255e-09 1.799843220684494e-07 1.5197953617818172e-09 -5.24220882951133e-11 -4.9522202149417817e-07 -9.4114592730365465e-06 -1.4006184548200609e-08 0.00015974289193393704 0.00011158741468456238 -1.6933154064012013e-08 0.00020329156607944485 -0.0010689056904493982 -4.6498588006175983e-11 0 -9.6774093773699301e-06 0.0011635442991070667 2.0219198279547435e-07 0.00030068142798236885 0 -9.9442036660679634e-08 0.00032955613263634369 -0.00020303447483938279 0.0022540686081081174 -1.2483449243438916e-05 2.4946608071591695e-07 3.9553210079102625e-05
leaf_weight=806.99997770786285 14741.19975322485 18.699999392032623 28.099999010562897 24.099999248981476 40.499998867511749 22.899999797344208 20.0999995470047 39.999998927116394 159.09999471902847 50.299999117851257 92.699996948242188 40.29999852180481 31.599999248981476 34.699998736381531 14.69999974966049 17.499999701976776 232.79999440908432 64.899998068809509 451.99999290704727 18.099999725818634 25.599999189376831 16.499999761581421 41.699999630451202 191.89999574422836 28.299999594688416 447.19999235868454 18.099999785423279 18.199999630451202 38.999999284744263 102.09999859333038
leaf_count=758 15466 15 23 23 37 27 21 36 125 61 73 31 26 27 21 25 236 55 540 23 20 19 49 207 31 614 23 22 46 131
internal_value=-0.00215184 -0.000553888 0.00267903 0.00147336 0.000173545 -0.00113478 -0.000453804 0.00382279 -0.0012077 -0.000735332 0.000664062 0.00232437 0.000560671 0.00406109 -0.00119181 0.00402174 -0.00121378 0.00110531 -0.00133843 0.000461876 -0.0014011 -0.00248446 0.000335051 -0.00192562 -0.000660764 -0.00165341 -0.00103973 0.00204545 -0.00126782 -0.000334646
internal_weight=17879.9 3080.5 469.2 450.5 426.4 2611.3 398.3 60.1 2588.4 1561.2 384 224.9 184.6 66.3 1177.2 32.2 338.2 105.4 1145 170.5 118.3 14799.4 58.2 1027.2 220.2 974.5 527.3 36.3 491 152.4
internal_count=18811 3277 446 431 408 2831 385 57 2804 1808 302 177 146 53 1506 46 328 92 1460 215 93 15534 68 996 238 1245 631 45 586 192
is_linear=0
shrinkage=0.05


Tree=156
num_leaves=31
num_cat=0
split_feature=1 1 4 29 3 12 7 7 4 3 1 6 3 6 3 30 30 11 7 30 9 9 0 13 30 1 11 7 2 11
split_gain=3.4986 1.08493 1.52209 0.80872 1.76584 0.534793 1.20878 1.76342 0.256631 0.340078 0.380435 0.207122 0.341036 0.181696 0.178146 0.156148 1.03168 0.511496 0.328018 0.449312 0.298393 0.208114 0.428053 0.45323 0.683723 0.160891 0.3051 0.198129 0.332434 0.341866
threshold=11.912202358245851 10.339583396911623 6.3256249427795419 35.221244812011726 3.2597916126251225 3.8395833969116215 0.10208333283662797 0.006250000325962902 5.1679165363311776 8.2372221946716326 2.4547618627548222 0.006250000325962902 2.0122221708297734 3.091666698455811 4.3612501621246347 -79.025478363037095 -78.996128082275376 3.7333333492279057 0.006250000325962902 -78.78957366943358 106.02083206176759 156.17361450195315 11.199305534362795 0.24791666865348819 -120.63700103759764 9.9619050025939959 5.2618055343627939 0.76041665673255932 -6.1219849586486808 1.5944444537162783
decision_type=2 2 2 2 2 2 2 2 2 2 2 2 2 2 2 2 2 2 2 2 2 2 2 2 2 2 2 2 2 2
left_child=1 8 3 4 -3 11 7 -7 15 -10 -11 12 -5 14 -13 21 17 20 19 -18 -17 25 23 24 -23 27 -27 -1 -29 -30
right_child=-2 2 -4 5 -6 6 -8 -9 9 10 -12 13 -14 -15 -16 16 18 -19 -20 -21 -22 22 -24 -25 -26 26 -28 28 29 -31
leaf_value=-1.5544477972584404e-07 0 6.6816793081803887e-08 7.8670586325009858e-09 1.6821092774295266e-06 -1.1344579720073966e-10 -3.5352863853576659e-08 -1.6348987497138979e-09 9.1542387995550312e-06 -1.7182573532545548e-07 0.00019312698777547259 -0.0015928088262535324 -2.9064062267991632e-11 -3.9217273872793617e-11 2.3835526774540486e-09 2.7010182590547774e-09 0.00065115861888376681 -0.034085204357994156 0.0021471019265658919 -8.9409468006414856e-05 0.00098305790989169114 -0.0047506919496371793 0.00030778080266623015 5.8500707534984499e-07 -2.2362425557447327e-08 -0.00010268571546019159 1.6815485290406506e-07 -1.5593803495693985e-09 0.00062713806945193093 0.00051576072864477091 -1.5333593939015345e-08
leaf_weight=657.29998427629471 14797.199752092361 36.499998807907104 32.299998998641968 44.899998664855957 34.699998795986176 42.099998772144318 79.299997985363007 30.799999594688416 579.09998768568039 16.099999725818634 16.099999725818634 388.19999015331268 51.799998581409454 23.399999141693115 25.699999272823334 22.499999642372131 26.699999511241913 17.899999976158142 270.99999552965164 31.099999666213989 27.399999558925629 38.899998724460602 30.799999356269836 192.59999495744705 33.199999332427979 42.699998795986176 39.699998617172241 22.599999666213989 22.399999678134918 258.79999297857285
leaf_count=679 15514 31 31 39 29 39 79 34 675 23 23 382 50 18 23 25 37 21 354 37 36 31 34 184 42 39 31 26 28 244
internal_value=-0.00216293 -0.000646082 0.000957008 0.000503696 0.00557584 -2.25888e-05 0.00259198 0.00723937 -0.0011855 -0.0020665 0.00293478 -0.000767791 0.00132627 -0.00123085 -0.00147318 -0.000875202 -3.78276e-06 0.00561209 -0.0011618 0.00225778 0.00301102 -0.00113331 3.80704e-05 -0.00061107 0.00277046 -0.00146502 0.000655339 -0.00164681 -0.00059085 -0.00105974
internal_weight=17933.8 3136.6 789.7 757.4 71.2 686.2 152.2 72.9 2346.9 611.3 32.2 534 96.7 437.3 413.9 1735.6 396.6 67.8 328.8 57.8 49.9 1339 295.5 264.7 72.1 1043.5 82.4 961.1 303.8 281.2
internal_count=18838 3324 755 724 60 664 152 73 2569 721 46 512 89 423 405 1848 510 82 428 74 61 1338 291 257 73 1047 70 977 298 272
is_linear=0
shrinkage=0.05


Tree=157
num_leaves=31
num_cat=0
split_feature=13 0 9 11 8 7 29 6 10 4 30 9 6 6 6 3 0 0 4 10 3 4 13 3 9 30 30 9 6 30
split_gain=4.71121 4.86661 1.35743 1.52762 1.65718 3.33292 2.3338 0.935994 0.910536 1.87062 0.703601 0.515291 0.488353 0.592589 0.806132 0.411384 0.340597 0.468664 0.661682 0.314749 0.351469 0.537256 0.250645 0.534967 0.709667 0.286571 0.290037 0.419393 0.408608 0.507798
threshold=13.706250190734865 11.199305534362795 93.895832061767592 10.589583396911623 1.0000000180025095e-35 0.88124999403953563 36.708299636840827 2.8770833015441899 22.312500000000004 3.7893750667572026 -79.273685455322251 62.576387405395515 0.86458334326744091 0.92291668057441723 0.90625000000000011 4.1421527862548837 9.655555725097658 9.1048607826232928 3.948125004768372 51.270833969116218 2.3284027576446538 2.5235416889190678 1.0000000180025095e-35 2.8384027481079106 95.770832061767592 -78.996128082275376 -79.227611541748033 106.02083206176759 1.0187500119209292 -79.192516326904283
decision_type=2 2 2 2 2 2 2 2 2 2 2 2 2 2 2 2 2 2 2 2 2 2 2 2 2 2 2 2 2 2
left_child=1 10 3 4 5 -3 -7 -8 9 -4 -1 -6 19 14 -14 -10 17 -2 -19 20 21 -12 23 24 -15 26 -24 -28 -29 -30
right_child=16 2 8 -5 11 6 7 -9 15 -11 12 -13 13 22 -16 -17 -18 18 -20 -21 -22 -23 25 -25 -26 -27 27 28 29 -31
leaf_value=-2.3616246057699914e-08 -5.8666520647117481e-07 2.9113224275789665e-09 4.366176463078801e-07 -1.2801413970538936e-11 -3.2278117119990472e-10 5.3877616250455468e-09 -3.8456645731123913e-11 6.5164052890994391e-09 -2.5649662802214559e-11 8.4175023502466118e-10 -9.5131818927669093e-06 5.4111734991204269e-09 9.1457840350908413e-06 -0.00077960221044456207 0.00014135067024715183 6.6159390013920127e-06 0 0.0002459084030329863 0 -3.9624330619574909e-05 -8.7002656351307443e-05 0.00049452451871246923 -0.028542945706720193 -0.00024563145038243415 0.0015600612202037664 -7.9531687797370525e-05 -0.00012351642743762555 0.0025423413303395873 0.0012503636631438597 -8.5791179293637217e-06
leaf_weight=1494.3999593257904 58.199999272823334 27.799999058246613 26.099999248981476 58.199998736381531 28.199999094009399 33.299998879432678 38.999998688697815 25.599999189376831 169.89999508857727 42.89999908208847 25.399999737739563 45.29999840259552 30.899999678134918 38.999999225139618 18.49999988079071 20.699999630451202 14872.999749541283 23.599999487400055 19.199999630451202 266.19999629259109 85.199998617172241 16.799999713897705 53.499998986721039 73.899998784065247 35.799999594688416 148.09999769926071 60.899999022483826 16.49999988079071 34.399999618530273 57.499999165534973
leaf_count=1448 68 22 21 64 22 27 30 20 159 45 30 35 39 48 23 27 15614 24 24 340 110 18 69 99 42 195 79 19 44 73
internal_value=-0.00211194 -0.000294217 0.00411509 0.00668803 0.00877008 0.0122574 0.00791879 0.00237616 0.00156394 0.00648551 -0.00122202 0.00280612 -0.000167775 0.000768892 0.00600202 -0.000217734 -0.00247295 0.000420791 0.00439252 -0.00152185 0.000521977 0.00425355 0.000271362 0.00200572 0.00498663 -0.000423969 0.000709156 0.00172327 0.00358856 0.00228781
internal_weight=17948 2974 517 257.4 199.2 125.7 97.9 64.6 259.6 69 2457 73.5 962.6 569 49.4 190.6 14974 101 42.8 393.6 127.4 42.2 519.6 148.7 74.8 370.9 222.8 169.3 108.4 91.9
internal_count=18878 3148 472 220 156 99 77 50 252 66 2676 57 1228 730 62 186 15730 116 48 498 158 48 668 189 90 479 284 215 136 117
is_linear=0
shrinkage=0.05


Tree=158
num_leaves=31
num_cat=0
split_feature=1 11 3 2 9 11 10 5 1 10 0 10 10 12 1 4 3 4 1 29 11 3 3 4 6 9 1 29 12 9
split_gain=4.50212 2.7411 3.89991 1.30903 1.25177 1.7633 1.09529 0.538619 1.60624 0.465475 0.374238 0.364762 0.316708 0.430216 0.351244 2.25073 0.273132 0.349648 0.692719 0.647306 0.551327 0.432259 0.303817 0.260627 0.241428 0.29986 0.511774 0.229818 0.223218 0.456089
threshold=12.011607170104982 8.0736107826232928 4.8893055915832528 2.0225673913955693 50.444444656372077 10.327083587646486 97.40277481079103 0.85959100723266613 11.026190280914308 95.034721374511733 11.98402786254883 52.659723281860359 93.965278625488295 -3.6729166507720943 10.680952548980715 5.2739584445953378 3.2831250429153447 3.1341665983200078 3.2607142925262456 35.904197692871101 1.8944444656372073 2.8596527576446538 2.4611805677413945 1.669166684150696 0.13958333432674411 177.5138854980469 9.9619050025939959 35.670007705688484 15.002083301544191 162.15972137451175
decision_type=2 2 2 2 2 2 2 2 2 2 2 2 2 2 2 2 2 2 2 2 2 2 2 2 2 2 2 2 2 2
left_child=1 7 3 6 -5 -6 23 11 -9 -7 -11 16 14 -14 -13 -16 17 24 -19 20 21 27 -21 -3 25 26 -1 -20 -2 -30
right_child=28 2 -4 4 5 9 -8 8 -10 10 -12 12 13 -15 15 -17 -18 18 19 22 -22 -23 -24 -25 -26 -27 -28 -29 29 -31
leaf_value=-1.0682959981316684e-05 0 4.1616075411310407e-07 8.9171652783992531e-09 -1.0676652696719805e-10 7.1860824265721403e-09 -2.6970792266212131e-11 1.1870681049241939e-09 -2.0775126219196152e-08 4.7560690933923237e-07 8.7522789571359291e-10 2.093330297991969e-09 -2.3327269531788223e-07 0.0011283746891696058 -6.2117495916221257e-05 -1.0047561671555627e-10 1.0864843913438449e-09 -7.0904267569837923e-06 0.00065946970724537488 0.0033934916735708144 5.9393280421831953e-06 0.00014245049922614883 -0.0087151513571296635 -1.0002047194028787e-07 -1.4376355009751066e-10 -3.8916412777691033e-08 -5.2735449340701736e-11 1.9934754854684767e-07 0.00039157725659024856 0.00028564735658325179 0
leaf_weight=46.899998903274536 14716.099754452705 20.699999332427979 25.899999141693115 32.999999046325684 44.599998533725739 22.799999237060547 36.699998795986176 91.499998092651367 21.499999523162842 16.599999725818634 22.29999965429306 1323.699970126152 28.79999965429306 26.199999332427979 182.79999572038651 29.299999177455902 323.39999341964722 18.099999666213989 18.499999761581421 43.399998784065247 28.999999523162842 52.199999094009399 175.39999610185623 181.3999941945076 220.19999450445175 49.299998939037323 45.199998617172241 34.399999558925629 15.999999821186064 32.499999642372131
leaf_count=43 15441 17 21 26 38 20 29 103 23 22 27 1467 36 30 184 25 384 21 23 36 32 70 178 152 218 49 36 40 18 39
internal_value=-0.00211765 -0.000406 0.00344059 0.00215485 0.00600682 0.00864769 -9.2128e-05 -0.000969093 0.0024115 0.00317261 0.00649743 -0.00111342 -0.00159165 0.00213636 -0.00172516 0.000163837 -0.000392993 0.000141277 0.00121968 0.000730376 0.0034657 0.00178164 -0.00094607 -0.00153513 -0.000965155 0.0006471 0.0023317 0.00496692 -0.00248442 0.000902061
internal_weight=17928.4 3163.8 404 378.1 139.3 106.3 238.8 2759.8 113 61.7 38.9 2646.8 1590.8 55 1535.8 212.1 1056 732.6 371 352.9 134.1 105.1 218.8 202.1 361.6 141.4 92.1 52.9 14764.6 48.5
internal_count=18848 3350 352 331 133 107 198 2998 126 69 49 2872 1742 66 1676 209 1130 746 400 379 165 133 214 169 346 128 79 63 15498 57
is_linear=0
shrinkage=0.05


Tree=159
num_leaves=31
num_cat=0
split_feature=13 13 4 7 11 7 10 10 10 9 1 0 2 29 9 9 1 10 2 2 12 10 9 10 1 29 29 5 12 10
split_gain=4.56249 1.62547 3.13205 3.17068 1.74713 1.76755 0.830384 0.470856 0.566066 0.56854 0.46363 0.419023 0.629586 0.397646 0.363004 0.227771 0.255177 0.650126 0.353509 0.79568 0.500478 0.770027 0.629877 0.445079 0.249911 0.201538 0.222052 0.192177 0.164309 0.145974
threshold=14.589582920074465 10.572916507720949 5.5343751907348642 0.74375000596046459 9.7215280532836932 1.3270833492279055 52.659723281860359 50.451387405395515 44.465276718139656 162.15972137451175 11.182440757751467 11.834027767181398 2.0225673913955693 36.046298980712898 141.19444274902347 227.8888854980469 3.9068452119827275 43.493055343627937 1.854930102825165 2.2115553617477421 1.4229166507720949 12.354166507720949 182.40972137451175 42.923612594604499 9.7586307525634783 35.865440368652351 35.661382675170906 0.045622861012816436 1.5895833373069765 93.965278625488295
decision_type=2 2 2 2 2 2 2 2 2 2 2 2 2 2 2 2 2 2 2 2 2 2 2 2 2 2 2 2 2 2
left_child=1 4 7 -4 6 -6 15 8 9 14 13 29 -13 28 -3 16 17 -1 20 -20 -18 -22 24 -24 25 26 -23 -12 -9 -8
right_child=-2 2 3 -5 5 -7 11 10 -10 -11 27 12 -14 -15 -16 -17 18 -19 19 -21 21 22 23 -25 -26 -27 -28 -29 -30 -31
leaf_value=0.00095195465905140511 0 3.4846466823168498e-09 -3.5802163456111204e-10 7.2630076841662123e-09 9.5949686952978567e-06 -6.2141922718694795e-10 -3.5330957828094875e-08 -1.0115202643268262e-06 1.8927347325574387e-09 -5.0098680759447239e-11 1.862360500939353e-05 -2.3813627847424358e-09 8.7653266929998974e-06 0.0021476692046618006 3.1143580625344798e-06 -8.3622577896123094e-08 -5.7540356343377863e-07 -6.1078804577441306e-05 0.00050455198661758093 -6.9941572057952526e-08 0.00025965058286802652 -8.6330125173783958e-05 4.6294187527679001e-05 0.00012098971937108926 3.838249501301902e-07 -1.8528268975381847e-05 0.00035473086406442915 -2.5570221898804024e-11 0.00089254182336960118 0.00022952208386914252
leaf_weight=28.199999451637268 14882.399749875069 23.39999932050705 22.499999463558197 41.899998784065247 23.399999439716339 27.999998986721039 1455.3999652862549 20.199999630451202 26.799999177455902 47.999998867511749 7.7999997138977042 25.799999237060547 22.799999415874481 14.299999713897703 30.799999594688416 119.99999737739563 341.3999907374382 49.89999920129776 27.79999965429306 40.499999105930328 24.199999570846558 39.999999403953552 21.299999833106995 29.899999260902405 30.399999022483826 146.99999672174454 87.899998605251312 175.79999524354935 29.999999523162842 81.799998044967651
leaf_count=32 15648 22 23 33 20 22 1568 26 24 46 6 22 22 15 34 144 324 65 34 47 22 50 25 27 24 152 111 170 38 88
internal_value=-0.00211392 -0.000357982 0.00244904 0.0126398 -0.00082997 0.00829766 -0.00101222 0.000708697 0.00315891 0.00146282 -0.000565297 -0.00172121 0.00284979 0.00308139 0.00497232 0.000125189 0.000407311 0.0031338 0.000137904 0.00357613 -0.000187302 0.00105923 0.000473351 0.00560547 -0.000387325 -0.000863042 0.00058835 -0.00184641 0.000986055 -0.00186573
internal_weight=17949.6 3067.2 441.5 64.4 2625.7 51.4 2574.3 377.1 129 102.2 248.1 1585.8 48.6 64.5 54.2 988.5 868.5 78.1 790.4 68.3 722.1 380.7 356.5 51.2 305.3 274.9 127.9 183.6 50.2 1537.2
internal_count=18884 3236 437 56 2799 42 2757 381 126 102 255 1700 44 79 56 1057 913 97 816 81 735 411 389 52 337 313 161 176 64 1656
is_linear=0
shrinkage=0.05


Tree=160
num_leaves=31
num_cat=0
split_feature=1 1 4 6 2 12 12 4 3 10 1 2 30 2 3 11 6 30 10 4 3 4 12 3 10 10 9 9 9 10
split_gain=4.58665 2.69926 5.03311 4.14827 1.14275 0.821455 1.22303 0.54149 1.4441 0.507578 0.487745 0.421473 0.388071 0.547186 0.556916 1.3446 0.268031 0.250828 0.384403 0.248653 0.300092 0.208687 1.21767 0.507586 0.603236 0.441043 0.192128 0.202274 0.190378 0.347781
threshold=12.18392848968506 11.182440757751467 5.5343751907348642 1.8062499761581423 1.7875906229019167 -0.14791666716337201 2.7645833492279057 1.4585416316986086 1.1999999880790713 48.437500000000007 11.912202358245851 -1.7780538797378538 -79.114654541015611 -2.7638716697692867 3.2597916126251225 1.1972222328186037 0.056250000372529037 -78.78957366943358 47.354166030883796 2.4327082633972172 1.7304860949516299 3.6093750000000004 -14.197916984558104 2.670624971389771 93.965278625488295 53.965276718139656 121.47916793823244 113.33333206176759 141.19444274902347 72.215278625488295
decision_type=2 2 2 2 2 2 2 2 2 2 2 2 2 2 2 2 2 2 2 2 2 2 2 2 2 2 2 2 2 2
left_child=1 7 4 -4 5 10 -7 8 -1 12 16 -8 26 14 15 17 -3 18 -14 20 -6 22 -11 28 25 -25 27 -9 -24 -30
right_child=-2 2 3 -5 19 6 11 9 -10 21 -12 -13 13 -15 -16 -17 -18 -19 -20 -21 -22 -23 23 24 -26 -27 -28 -29 29 -31
leaf_value=-2.9633053069925468e-07 0 1.6710960559773725e-09 -1.8705020865539268e-10 7.1663732236314368e-09 0 1.7321036882567143e-09 -1.9149146094803116e-08 -3.2004588407526556e-07 4.2412289458226837e-07 1.304420891301561e-08 1.5306631188585892e-09 3.3107395393322916e-09 -0.023153020770553322 -0.0010312146092888858 -1.5220982893604519e-05 0.00062955016211197487 -1.2451108804928825e-10 6.928339060917541e-05 0.001489586477272248 -8.3540646343817894e-11 1.8229411036241316e-09 -1.1584157662019514e-07 -7.9676452578658317e-08 0.00049499654878319319 0.001793328379631004 -1.832524988421014e-08 -3.6090089307062261e-07 0.00023063969082378049 -6.0476440967798863e-06 9.8920065998119846e-06
leaf_weight=40.19999885559082 14637.299754500389 34.999998927116394 20.299999475479126 42.599998593330383 23.199999213218689 45.499998509883881 27.699999451637268 119.19999724626541 25.699999153614044 10.599999666213987 29.099999129772186 49.299998342990875 32.699999392032623 65.299998939037323 41.799999415874481 19.199999988079071 76.199998021125793 23.099999845027924 18.199999749660492 170.89999622106552 24.599999368190765 1186.9999738335609 434.6999883055687 25.399999737739563 17.699999809265137 122.89999753236771 443.299988925457 24.899999439716339 34.299998939037323 23.399999499320984
leaf_count=32 15343 30 21 34 18 37 29 126 21 10 25 39 43 89 50 22 66 27 22 201 22 1342 419 32 21 145 437 25 33 26
internal_value=-0.00211126 -0.000413338 0.00279941 0.016101 0.00106179 0.00328387 0.00627551 -0.00105883 0.00341806 -0.00117042 0.000671774 0.00243506 -0.000106958 0.00179356 0.00361111 0.0057618 -0.000836332 0.0027027 0.00074165 -0.00160837 0.0015795 -0.00162177 -0.000915546 -0.00118621 0.00120482 0.000163519 -0.000755023 0.000831019 -0.00199228 0.000706238
internal_weight=17891.3 3254 544.4 62.9 481.5 262.8 122.5 2709.6 65.9 2643.7 140.3 77 787.7 200.3 135 93.2 111.2 74 50.9 218.7 47.8 1856 669 658.4 166 148.3 587.4 144.1 492.4 57.7
internal_count=18787 3444 522 55 467 226 105 2922 53 2869 121 68 841 253 164 114 96 92 65 241 40 2028 686 676 198 177 588 151 478 59
is_linear=0
shrinkage=0.05


Tree=161
num_leaves=31
num_cat=0
split_feature=1 1 4 30 13 3 4 7 1 10 3 4 3 1 4 29 30 30 12 10 29 1 12 0 6 12 9 2 29 4
split_gain=4.36314 2.22931 3.59731 3.07809 1.15762 0.725685 1.35358 1.28999 0.893525 0.714644 0.418835 0.410656 0.562444 1.18204 0.940169 0.615792 0.413943 0.506069 0.422923 0.379043 0.286179 0.274377 0.959128 0.272829 0.230801 0.217056 0.419042 0.204486 0.536174 0.279951
threshold=12.18392848968506 11.182440757751467 5.5343751907348642 -120.55100250244139 9.1541666984558123 2.0734027624130253 3.3593750000000004 0.035416668280959136 12.011607170104982 52.659723281860359 1.3724305629730227 2.7756249904632573 3.2831250429153447 3.2607142925262456 4.4310417175292978 35.650003433227546 -79.074466705322251 -78.996128082275376 9.554166793823244 51.006944656372077 40.025205612182624 9.7586307525634783 -14.197916984558104 13.512499809265138 1.1020833253860476 15.002083301544191 163.97222137451175 -0.31290113925933832 35.674556732177741 3.1441665887832646
decision_type=2 2 2 2 2 2 2 2 2 2 2 2 2 2 2 2 2 2 2 2 2 2 2 2 2 2 2 2 2 2
left_child=1 9 4 -4 -3 -6 7 19 20 10 -1 -12 13 -13 16 -14 27 24 -19 -7 -8 -11 -23 -10 -18 -2 -27 -15 -29 -30
right_child=25 2 3 -5 5 6 8 -9 23 21 11 12 15 14 -16 -17 17 18 -20 -21 -22 22 -24 -25 -26 26 -28 28 29 -31
leaf_value=9.4170907675267868e-07 0 9.1072591690277713e-10 7.1131567202445846e-09 -1.7769770099818062e-10 -4.7593751162366973e-11 4.9105638888491405e-09 -1.3331904469282562e-10 3.1462744920602948e-09 9.5745730233076655e-10 -2.0055201325445158e-06 -8.7937262109504811e-07 0.0011147929511171385 4.4854970302592159e-06 -6.5603128285518513e-06 9.7800980190687614e-05 -1.502442428326671e-05 0.0013670174265625057 -0.021995369732025656 0.00042504128912573824 -8.4252747272701243e-11 1.7692259221946394e-05 1.2391998466254607e-08 -9.8778010967200356e-09 4.1770309433530882e-12 0.0014303599921471955 0.00027136498875409142 0 0.0017991347406792143 4.4417582215072748e-07 -5.5772341967662666e-07
leaf_weight=30.09999942779541 14596.799757659435 29.799998998641968 39.699998736381531 18.799999594688416 145.29999583959579 21.999999344348907 161.59999597072601 40.399998724460602 18.799999475479126 1260.2999714612961 203.89999443292618 17.799999713897705 29.799999415874481 197.3999952673912 28.699999451637268 287.9999942779541 19.799999833106995 56.299998998641968 16.299999952316284 26.699999392032623 18.099999785423279 12.599999606609343 446.89998930692673 21.699999630451202 18.099999785423279 17.099999785423279 32.899999678134918 30.899999558925629 18.799999415874481 66.09999817609787
leaf_count=25 15342 24 31 22 135 18 170 32 16 1407 185 20 34 206 31 344 22 77 19 27 19 12 447 27 23 19 39 37 16 67
internal_value=-0.00211939 -0.000472418 0.00245487 0.0141667 0.00104046 0.00041465 0.00178387 0.00698373 -0.000320164 -0.00105205 -4.893e-06 -0.000181218 0.000336294 0.0014345 0.000937223 -0.00128855 0.000343993 0.00297511 0.000530302 0.00150411 -0.00183222 -0.00167432 -0.000628401 0.00638889 0.00765831 -0.00248874 0.000799999 -0.000584292 0.00108376 -0.000968787
internal_weight=17931.5 3284.7 542.9 58.5 484.4 454.6 309.3 89.1 220.2 2741.8 1022 991.9 788 470.2 452.4 317.8 423.7 110.5 72.6 48.7 179.7 1719.8 459.5 40.5 37.9 14646.8 50 313.2 115.8 84.9
internal_count=18893 3493 521 53 468 444 309 77 232 2972 1106 1081 896 518 498 378 467 141 96 45 189 1866 459 43 45 15400 58 326 120 83
is_linear=0
shrinkage=0.05


Tree=162
num_leaves=31
num_cat=0
split_feature=1 0 3 1 30 30 12 10 12 0 0 3 9 30 4 10 1 12 6 2 5 4 3 1 30 2 30 30 8 30
split_gain=5.4169 1.09991 1.18832 1.06785 0.74373 0.684362 3.84096 0.642052 0.610406 0.695812 1.12364 0.981104 1.48536 3.19794 1.2493 0.606316 0.421939 0.51725 0.46818 0.389965 0.524914 0.356673 0.319284 0.30395 0.459717 0.37101 0.310446 0.569799 0.3443 0.546947
threshold=12.18392848968506 8.2062501907348651 4.8893055915832528 11.026190280914308 -79.273685455322251 -119.9710006713867 -11.693749904632567 52.659723281860359 -4.6020832061767569 10.750694274902346 12.195138931274416 3.4461804628372197 95.770832061767592 -121.5439987182617 5.1229166984558114 43.923612594604499 12.011607170104982 -2.939583301544189 0.027083333581686023 0.53440734744071972 0.51210764050483715 4.3916666507720956 3.4659028053283696 6.8943452835083017 -79.206604003906236 -0.31290113925933832 -79.114654541015611 -79.002838134765611 3.5000000000000004 -78.72967147827147
decision_type=2 2 2 2 2 2 2 2 2 2 2 2 2 2 2 2 2 2 2 2 2 2 2 2 2 2 2 2 2 2
left_child=1 4 5 -4 -1 6 -3 23 -8 19 11 12 -11 -14 -13 16 17 -7 -19 -10 -21 -20 -23 26 25 -25 -6 -28 -29 -30
right_child=-2 2 3 -5 7 15 8 -9 9 10 -12 14 13 -15 -16 -17 -18 18 21 20 -22 22 -24 24 -26 -27 27 28 29 -31
leaf_value=-1.4849827901319835e-05 0 7.9131493108119955e-08 4.7080119599758904e-09 7.3941801348453856e-09 1.4248674757250418e-06 -2.1529988415710251e-05 -7.6742012744546183e-11 -3.6310727044278192e-05 -4.496670813480819e-11 -1.8996944574864899e-10 -1.1225194919106729e-10 9.8708078316578357e-08 -1.2972518095688412e-10 2.9791652454090659e-06 4.6101786501519608e-09 -1.6443909963017395e-07 9.0958443554889357e-10 0.00035341355025960721 -8.0917402203049204e-07 -4.1354505264656892e-09 2.0426191228006015e-07 8.3836082826636339e-05 -1.3886913492505159e-06 0.0016171378792501801 -0.00016207882584781121 0.0017380080325117731 0.0013210955615880174 -0.024384670272931844 -0.020895601245424375 0.0025274077881719129
leaf_weight=798.6999808549881 14637.699753403664 20.799999237060547 40.499998807907104 25.899999141693115 64.099999129772186 74.699998617172241 211.99999302625656 327.99999493360519 265.0999915599823 87.799997091293335 86.799996972084045 38.999998569488525 40.399998545646667 42.499998569488525 35.999998807907104 605.59998971223831 20.199999809265137 25.0999995470047 39.499999225139618 60.499997854232788 41.199998617172241 26.999999701976776 38.699999451637268 21.799999594688416 99.599998533725739 17.999999821186066 35.79999965429306 26.199999511241913 30.199999451637268 18.299999892711639
leaf_count=861 15381 16 37 21 79 89 166 418 209 68 68 30 32 33 28 744 26 25 43 47 32 34 49 28 128 22 42 36 40 21
internal_value=-0.00208147 -0.000241591 0.000572213 0.00713855 -0.0012749 0.00032489 0.00125496 -7.78878e-06 0.000770053 0.00148255 0.0031391 0.00486671 0.00277241 0.00757238 0.00963333 -0.000718585 0.00149645 0.000817073 0.00271873 -1.90846e-05 0.00261308 0.00125475 0.00351218 0.00160828 -0.000132712 0.00440955 0.00299828 0.00460407 0.00211847 0.0046134
internal_weight=17907.7 3270 1829.3 66.4 1440.7 1762.9 932.1 642 911.3 699.3 332.5 245.7 170.7 82.9 75 830.8 225.2 205 130.3 366.8 101.7 105.2 65.7 314 139.4 39.8 174.6 110.5 74.7 48.5
internal_count=18853 3472 1797 58 1675 1739 729 814 713 547 259 191 133 65 58 1010 266 240 151 288 79 126 83 396 178 50 218 139 97 61
is_linear=0
shrinkage=0.05


Tree=163
num_leaves=31
num_cat=0
split_feature=1 29 7 7 0 2 1 2 11 5 29 4 4 4 12 11 3 11 6 2 11 12 6 6 6 5 3 12 5 11
split_gain=5.38017 1.49703 1.24713 2.20642 1.78766 3.07502 0.890027 1.20864 0.931291 0.687873 0.466424 0.612144 0.416469 0.936226 0.67219 1.49859 0.541894 0.958689 0.430413 0.484077 0.366806 0.256907 0.291557 0.192059 0.254283 0.241519 0.229894 0.314444 0.184055 0.386982
threshold=12.18392848968506 33.547899246215827 1.8854166865348818 1.9645833373069765 10.750694274902346 2.0921583175659184 11.775893211364748 0.85666406154632579 7.061805486679078 0.67042431235313427 37.012199401855476 1.4585416316986086 3.6793749332427983 3.6756249666213994 -7.2479166984558097 5.1069443225860605 2.6619445085525517 7.2006945610046396 1.0645833611488345 -3.746260285377502 1.7451388835906985 0.31041666865348821 1.2604166865348818 0.889583319425583 0.91458335518836986 0.51850673556327831 3.4659028053283696 -6.6229166984558097 0.26964332163333898 6.6430556774139413
decision_type=2 2 2 2 2 2 2 2 2 2 2 2 2 2 2 2 2 2 2 2 2 2 2 2 2 2 2 2 2 2
left_child=1 -1 6 -4 -5 -6 10 8 -8 -9 11 -3 13 14 15 18 -16 20 -13 -20 21 -18 -23 -14 25 -25 -26 -28 29 -29
right_child=-2 2 3 4 5 -7 7 9 -10 -11 -12 12 23 -15 16 -17 17 -19 19 -21 -22 22 -24 24 26 -27 27 28 -30 -31
leaf_value=9.127919928197948e-06 0 7.5174445933588645e-08 7.2557629773317708e-07 -1.0484269848992973e-08 9.3772674403247436e-08 -3.3404173197333605e-10 6.7907550138635037e-10 -4.1256840969051639e-11 8.1466110569472577e-09 8.1300500442971216e-09 -1.7889573824275511e-08 -1.7004844284918008e-05 -2.0895231145559567e-07 0.00082384334997926453 -1.9453195250046589e-08 0.00071344216163456435 -0.025940683053456939 3.5606139980881579e-08 0.0028325746803198396 -8.3328676880167529e-05 -5.1394283023566334e-08 0.0005296081852588845 -0.0014676240747079961 -4.7263302233047093e-05 -2.2665438093039117e-08 8.8719127039826875e-05 0.0020403002523525838 1.2106003655797313e-08 -4.114794428680513e-09 -3.1682803900585739e-09
leaf_weight=20.799999237060547 14567.299757480621 26.699999213218689 27.399999022483826 149.09999477863312 33.299998819828033 33.399998903274536 23.999999523162842 125.99999678134918 42.599998593330383 22.999999523162842 1251.8999689221382 78.799998581409454 294.19999468326569 27.799999713897705 430.09999012947083 32.699999272823334 25.399999558925629 24.799999117851257 22.999999701976776 26.699999570846558 77.499998390674591 59.399999141693115 31.0999995470047 22.29999977350235 148.59999698400497 15.599999904632567 18.899999737739563 30.699999451637268 125.39999735355377 27.799999058246613
leaf_count=16 15303 21 22 117 27 26 24 134 36 26 1271 96 360 34 457 35 34 20 26 35 93 70 41 29 182 18 23 33 140 24
internal_value=-0.0020761 -0.000246265 -0.000331625 0.00311266 0.00141566 0.00821964 -0.000609453 0.00248608 0.00808558 -1.67792e-05 -0.000847861 -0.000267367 -0.000399133 0.000348441 3.86034e-05 0.00292804 -0.000679856 0.00134968 0.000496108 0.00413984 0.000162874 0.00194349 0.00319061 -0.00131492 -0.000586309 0.00330475 -0.00100598 8.87568e-05 -0.000542415 0.0017735
internal_weight=17846.3 3279 3258.2 243.2 215.8 66.7 3015 215.6 66.6 149 2799.4 1547.5 1520.8 837.3 809.5 161.2 648.3 218.2 128.5 49.7 193.4 115.9 90.5 683.5 389.3 37.9 351.4 202.8 183.9 58.5
internal_count=18773 3470 3454 192 170 53 3262 220 60 160 3042 1771 1750 941 907 192 715 258 157 61 238 145 111 809 449 47 402 220 197 57
is_linear=0
shrinkage=0.05


Tree=164
num_leaves=31
num_cat=0
split_feature=1 1 3 30 10 11 3 0 29 10 10 7 13 11 3 5 30 30 13 3 11 2 29 13 3 3 6 3 13 3
split_gain=6.20118 3.49632 2.80649 1.41912 1.91258 1.09622 1.98075 1.88452 0.535034 0.455935 0.40313 0.623734 0.918205 1.92273 1.92437 0.829207 0.539443 0.923093 1.29649 0.608501 0.321645 0.439476 0.463395 0.388091 0.317774 0.296641 0.290353 0.279789 0.756944 0.7974
threshold=12.18392848968506 11.182440757751467 4.8893055915832528 -79.26528167724608 95.034721374511733 7.9729166030883798 3.2597916126251225 12.577083587646486 39.185613632202156 99.034721374511733 48.437500000000007 0.62708333134651195 5.1291666030883798 5.4180555343627939 3.1525000333786015 0.11658335104584695 -79.114654541015611 -78.996128082275376 4.2395834922790536 2.452361106872559 6.7743055820465097 -0.31290113925933832 35.68836975097657 2.1354167461395268 2.2154166698455815 2.6133333444595341 1.7687500119209292 2.8111805915832524 0.63749998807907116 2.6250694990158085
decision_type=2 2 2 2 2 2 2 2 2 2 2 2 2 2 2 2 2 2 2 2 2 2 2 2 2 2 2 2 2 2
left_child=1 8 3 4 5 6 7 24 9 10 16 -12 27 14 -14 -15 20 18 -18 -19 21 -1 -23 -24 -3 -26 -7 28 29 -13
right_child=-2 2 -4 -5 -6 26 -8 -9 -10 -11 11 12 13 15 -16 -17 17 19 -20 -21 -22 22 23 -25 25 -27 -28 -29 -30 -31
leaf_value=-2.9171536733522659e-06 0 -4.3427546176225209e-08 4.3988478137801934e-09 -3.0048345154964909e-06 7.7235475404169314e-09 -8.1258207962035808e-11 7.2283387989613117e-09 4.0078792233645144e-09 -2.3818257595398918e-05 9.7222961104037616e-08 -3.2216643893650162e-07 -2.0335557500211056e-06 0.00089115006065572638 8.9084040683085067e-08 -1.442373777040669e-08 -4.4444852725273648e-09 0.0011671505734776768 0.0023820983038522953 -6.8468811535573885e-05 -3.8843394887150418e-05 1.1393332725484484e-06 0.0013876639406161138 0.00014310809450757134 -8.6918234456355716e-08 4.2098339626897101e-09 -1.4409528085725717e-10 2.3647861719182324e-09 -6.0027029614520795e-07 -4.1394118915072429e-06 3.5989951412474971e-05
leaf_weight=350.99999165534973 14693.799754977226 59.399998426437378 22.099999308586121 147.59999746084213 34.69999897480011 90.299996793270111 43.799998760223389 36.199999034404755 534.29999053478241 20.699999392032623 784.99998241662979 29.899998903274536 31.39999932050705 13.699999690055845 22.799999356269836 138.29999613761902 37.599999725818634 31.899999618530273 28.399999618530273 91.499998569488525 25.799999117851257 29.199999570846558 22.59999942779541 96.399997115135193 29.799999117851257 34.19999897480011 46.599998354911804 355.19999015331268 71.699998378753662 26.199999451637268
leaf_count=342 15442 54 19 188 29 71 38 30 695 21 834 23 32 11 20 131 44 39 36 121 20 36 20 88 24 30 36 348 71 30
internal_value=-0.0020451 -8.2338e-05 0.00357674 0.00283869 0.00447333 0.00333309 0.00566126 0.00307644 -0.000808792 -0.00046542 -0.000535274 -0.00100767 8.99587e-05 0.00288312 0.0109686 -6.71533e-10 0.000439529 0.00272703 0.0075 0.00017423 -0.000385715 -0.000667068 0.00161606 0.000231092 0.000133711 0.00257812 -0.000126005 -0.00110249 0.000903755 0.00525401
internal_weight=17982.1 3288.3 544.7 522.6 375 340.3 203.4 159.6 2743.6 2209.3 2188.6 1474.2 689.2 206.2 54.2 152 714.4 189.4 66 123.4 525 499.2 148.2 119 123.4 64 136.9 483 127.8 56.1
internal_count=18923 3481 519 500 312 283 176 138 2962 2267 2246 1500 666 194 52 142 746 240 80 160 506 486 144 108 108 54 107 472 124 53
is_linear=0
shrinkage=0.05


Tree=165
num_leaves=31
num_cat=0
split_feature=1 1 30 29 29 0 30 30 13 0 13 1 2 10 0 5 3 30 7 12 12 30 13 5 5 2 10 10 12 10
split_gain=4.76154 3.45742 2.06361 1.40119 1.60552 1.59971 1.41475 1.11601 1.24729 0.546499 0.431916 0.815309 0.478792 0.332798 0.546525 1.78777 0.54726 0.351117 0.566033 0.329117 0.46353 0.330649 0.324401 0.296429 0.373603 0.303756 0.29023 0.250204 0.438776 0.235747
threshold=12.18392848968506 11.182440757751467 -99.934928894042955 37.905473709106452 38.365810394287116 10.042360782623293 -120.48999786376952 -121.96850204467772 2.7437499761581425 13.622222423553469 11.310416698455812 11.775893211364748 0.80029761791229259 43.493055343627937 11.199305534362795 0.11086680740118028 1.969375014305115 -78.769439697265611 1.0000000180025095e-35 -1.7937499880790708 -0.94374999403953541 -79.273685455322251 5.8125000000000009 0.62186965346336376 0.67896661162376415 5.1153595447540292 13.923611164093019 36.194444656372077 3.6354167461395268 93.965278625488295
decision_type=2 2 2 2 2 2 2 2 2 2 2 2 2 2 2 2 2 2 2 2 2 2 2 2 2 2 2 2 2 2
left_child=1 7 3 5 -5 -3 10 8 -1 13 -7 12 -12 17 29 -16 -17 19 -19 -9 -21 26 27 -4 25 -25 -22 -23 -29 -15
right_child=-2 2 23 4 -6 6 -8 9 -10 -11 11 -13 -14 14 15 16 -18 18 -20 20 21 22 -24 24 -26 -27 -28 28 -30 -31
leaf_value=-9.3957960103518215e-06 0 2.8857216310962386e-08 -2.8545927897249968e-06 1.401532581976494e-09 5.70108753833271e-10 -8.3535060280782571e-10 7.1943748593255541e-09 -5.2529953015093177e-06 1.163327514398727e-06 1.183219093697785e-06 1.7117766508332921e-09 -7.8804529568543568e-11 1.392075543454439e-09 -2.9505377907579344e-07 1.8234299443697923e-07 8.6876322537343679e-06 -1.6677110423459024e-08 0.0023573412401951249 -5.8061836306873849e-05 1.0350507685941147e-07 0.00014468253384288218 -0.024311580907856924 0.00145039370181626 0.00128370994449451 -0.048731794598397625 7.3373701614531944e-09 -5.4005370269664176e-06 -3.3987243799166238e-05 0.00020720840458129795 0.00063321255052004597
leaf_weight=37.599998712539673 14697.199755907059 24.999999284744263 139.19999796152115 49.699998497962952 41.199998676776886 68.099997758865356 37.699998795986176 218.49999469518661 29.399998962879181 21.09999942779541 26.699999034404755 78.699997305870056 27.299998998641968 1754.69996124506 18.399999380111694 20.599999308586121 152.89999598264694 22.999999761581421 27.099999666213989 18.699999392032623 37.799998879432678 61.69999897480011 22.899999737739563 18.79999977350235 26.399999558925629 17.699999690055847 152.4999960064888 41.399999558925629 17.299999713897705 60.099998831748962
leaf_count=30 15422 20 172 39 36 53 31 221 24 23 21 61 21 1941 14 16 149 28 35 15 32 83 29 24 36 23 143 52 21 71
internal_value=-0.00210099 -0.000376047 0.00321428 0.00551354 0.0108663 0.00366698 0.00240566 -0.00111178 0.00526119 -0.00127298 0.000737051 0.00239827 0.00712963 -0.00133734 -0.00165035 0.00088718 -0.000684439 -0.000325737 0.00368762 -0.000677996 0.000267527 -0.000161871 0.00165213 -0.000817665 0.002031 0.00530822 -0.00152785 0.000614617 0.00295145 -0.00191867
internal_weight=17969.4 3272.2 556.5 354.4 90.9 263.5 238.5 2715.7 67 2648.7 200.8 132.7 54 2627.6 2006.7 191.9 173.5 620.9 50.1 570.8 352.3 333.6 143.3 202.1 62.9 36.5 190.3 120.4 58.7 1814.8
internal_count=18886 3464 537 282 75 207 187 2927 54 2873 156 103 42 2850 2191 179 165 659 63 596 375 360 185 255 83 47 175 156 73 2012
is_linear=0
shrinkage=0.05


Tree=166
num_leaves=31
num_cat=0
split_feature=1 0 30 2 2 5 7 5 30 10 11 10 2 11 11 9 1 9 1 6 30 6 2 30 5 11 9 4 0 10
split_gain=6.11733 3.93436 1.84474 2.17219 2.93106 1.94738 1.73453 1.75691 0.88208 0.807362 0.994386 0.4723 0.63604 0.452614 1.44689 0.406133 0.343639 0.56857 0.338893 1.1081 0.300666 0.487095 0.734367 0.40202 0.244563 0.240083 0.216276 0.215937 0.180436 0.145877
threshold=12.18392848968506 11.199305534362795 -79.26528167724608 1.8900620937347414 2.536658883094788 0.38378396630287176 0.87291666865348827 0.21660419553518298 -76.72338485717772 43.284723281860359 5.558333396911622 91.673610687255874 4.1177020072937021 8.0736107826232928 6.4937500953674325 55.576389312744148 3.2607142925262456 245.14582824707034 10.680952548980715 2.2270833253860478 -79.273685455322251 0.20624999701976779 -2.6611930131912227 -79.213623046874986 0.78307628631591808 0.72500002384185802 100.23611068725587 2.8429166078567509 12.764583587646486 12.354166507720949
decision_type=2 2 2 2 2 2 2 2 2 2 2 2 2 2 2 2 2 2 2 2 2 2 2 2 2 2 2 2 2 2
left_child=1 9 3 6 5 -5 13 -8 -4 10 16 12 -6 14 28 -9 17 -1 -11 24 26 22 -22 25 -20 -23 -18 -25 -3 -28
right_child=-2 2 8 4 11 -7 7 15 -10 18 -12 -13 -14 -15 -16 -17 20 -19 19 -21 21 23 -24 27 -26 -27 29 -29 -30 -31
leaf_value=0.0015965338908486386 0 -6.6628439627537485e-08 -0.00017814015407383596 7.5512688924028747e-08 1.4232877434405822e-07 1.7357623096852583e-07 1.4364631197263179e-07 -8.3678704611863463e-10 1.710843225053993e-05 -1.7061575173765911e-06 2.4688602069389275e-07 1.0999572514743308e-11 7.3991799798278641e-09 -1.147723231550337e-09 2.6845093308180014e-07 1.1012298118728837e-06 3.1463108626228479e-07 -0.024058204359010332 -7.1372422416615686e-10 5.0544534515780512e-09 0.0018177020057225095 0.0027520068610239479 -7.8648338425169056e-05 0.0025579466505098684 0.0010851221903618552 4.8051067897181277e-05 2.2838505826618828e-05 -0.00015488986822709391 1.5941225053162164e-09 -9.0445303421311272e-06
leaf_weight=19.699999511241913 14720.699753522873 71.199998080730438 164.49999725818634 28.199999094009399 35.899999022483826 30.599998891353607 37.699998736381531 34.299998819828033 14.999999582767485 1785.599960565567 43.899998724460602 41.799998700618744 21.399999380111694 112.99999630451202 47.199998497962952 25.39999908208847 22.199999213218689 14.899999737739561 148.69999670982361 35.599998950958252 31.399999678134918 20.999999761581421 18.399999678134918 17.199999749660492 34.099999248981476 19.699999749660492 68.89999794960022 128.19999802112579 23.89999932050705 190.29999560117722
leaf_count=21 15445 62 219 22 33 24 29 27 16 1988 35 34 22 90 38 20 18 21 145 30 36 26 24 22 37 25 61 172 21 173
internal_value=-0.00205249 -0.000103271 0.00325279 0.00478555 0.00965959 0.0185034 0.00260349 0.00828029 -0.00110724 -0.000994116 0.000621852 0.00441221 0.00736038 0.00043772 0.00231377 0.00294389 4.57504e-05 0.00486994 -0.00147455 0.000384615 -0.000276919 0.00103963 0.00543173 -0.00013568 -0.00118709 0.00425676 -0.0013806 -0.0013652 -0.00123817 -0.00178627
internal_weight=18010.6 3289.9 690.1 510.6 157.9 58.8 352.7 97.4 179.5 2599.8 595.8 99.1 57.3 255.3 142.3 59.7 551.9 34.6 2004 218.4 517.3 235.9 49.8 186.1 182.8 40.7 281.4 145.4 95.1 259.2
internal_count=18936 3491 657 422 135 46 287 76 235 2834 634 89 55 211 121 47 599 42 2200 212 557 305 60 245 182 51 252 194 83 234
is_linear=0
shrinkage=0.05


Tree=167
num_leaves=31
num_cat=0
split_feature=1 11 29 1 29 29 11 7 10 1 11 1 9 2 2 2 10 3 10 1 0 30 6 10 29 8 7 0 11 2
split_gain=5.11433 2.02231 1.35505 1.63368 1.40825 2.63182 1.41747 1.88732 0.692464 0.65249 0.651738 0.865956 1.46134 0.72165 1.28842 1.46937 0.674092 0.602454 0.442522 0.509346 0.440297 0.345114 0.416729 0.376082 0.428531 0.33789 0.323153 0.318887 0.252769 0.225736
threshold=12.18392848968506 4.6770832538604745 37.822866439819343 8.9360117912292498 40.376539230346687 39.221981048583991 8.1812500953674334 0.91458335518836986 37.625000000000007 12.011607170104982 7.2006945610046396 8.9360117912292498 127.08333206176759 0.17990424484014514 -3.2168607711791988 -0.84663560986518849 82.006942749023452 1.982083320617676 48.437500000000007 3.9068452119827275 2.9458333253860478 -121.15150070190428 3.091666698455811 42.687500000000007 34.728954315185554 1.0000000180025095e-35 0.022916667163372043 11.199305534362795 6.6430556774139413 0.58901396393775951
decision_type=2 2 2 2 2 2 2 2 2 2 2 2 2 2 2 2 2 2 2 2 2 2 2 2 2 2 2 2 2 2
left_child=1 9 10 -4 5 6 7 8 -5 18 11 -3 13 14 -13 -16 -17 -15 19 20 26 -12 23 -23 -25 -8 -1 -20 -14 -19
right_child=-2 2 3 4 -6 -7 25 -9 -10 -11 21 12 28 17 15 16 -18 29 27 -21 -22 22 -24 24 -26 -27 -28 -29 -30 -31
leaf_value=-5.6937933583911526e-05 0 -7.9020505318351621e-06 -4.5053830285932313e-06 2.3583025791149612e-07 -3.404571098943649e-08 1.1122678576225287e-06 3.3066505116543156e-08 1.655424290819608e-07 -3.7217210298000358e-09 1.3521233562796554e-07 -1.2803668569816296e-09 4.1861329893233313e-09 -6.7803801462318347e-10 0.0023575691248594712 0.00060163723086991143 1.2847515150626877e-07 0.0009387079030295809 7.9284480980490454e-09 -8.6389967864949321e-06 -3.7963704722088212e-07 0.0014389819826763806 1.3315938273472662e-06 5.936018787473115e-08 8.2461342023332218e-06 -7.5003828013689934e-10 -5.228325826825411e-10 0.001148674266126334 0.0019471938024810565 7.2579380325510368e-06 -4.3660726594502027e-08
leaf_weight=47.299999237060547 14664.599756896496 110.7999969124794 90.299997270107269 35.499998927116394 51.899998903274536 24.89999932050705 39.49999862909317 27.799999356269836 29.699999094009399 22.899999737739563 199.79999279975891 34.899998784065247 85.699997544288635 18.999999582767487 17.999999582767487 22.999999225139618 22.799999475479126 19.499999284744263 1181.9999769926071 694.69998550415039 25.699999690055847 25.099999248981476 46.199998319149017 12.499999582767485 251.3999936580658 38.499999165534973 19.199999630451202 15.899999558925627 21.39999932050705 36.399999141693115
leaf_count=59 15398 102 85 29 59 23 31 22 25 27 154 27 85 18 16 20 24 15 1404 745 31 23 36 11 268 31 26 15 20 38
internal_value=-0.00208549 -0.000298185 0.00126799 0.00397737 0.00607546 0.00801557 0.00580409 0.00997312 0.00532209 -0.00128468 0.000279276 0.0018295 0.00330691 0.00614055 0.00894883 0.013174 0.00841703 0.00243992 -0.0013815 -0.000460351 0.00303145 -0.000855141 0.000125298 -0.000579585 -0.00113585 0.000833333 0.000883458 -0.0019866 -0.00128618 -0.000174419
internal_weight=17936.9 3272.3 1264.6 338.1 247.8 195.9 171 93 65.2 2007.7 926.5 391.5 280.7 173.6 98.7 63.8 45.8 74.9 1984.8 786.9 92.2 535 335.2 289 263.9 78 66.5 1197.9 107.1 55.9
internal_count=18867 3469 1162 305 220 161 138 76 54 2307 857 365 263 158 87 60 44 71 2280 861 116 492 338 302 279 62 85 1419 105 53
is_linear=0
shrinkage=0.05


Tree=168
num_leaves=31
num_cat=0
split_feature=13 0 3 5 30 3 10 30 30 3 7 29 5 10 11 11 29 2 5 30 29 3 30 3 5 2 2 9 0 13
split_gain=4.01378 0.507645 0.447438 0.930423 1.59478 0.458517 0.402802 0.404454 0.305887 0.311566 0.307867 0.288165 0.831475 0.473152 0.43691 0.76175 0.405457 0.590477 0.351201 0.41959 0.399691 0.282823 0.31163 0.278264 0.332723 0.669397 0.550772 1.11887 0.515895 1.25566
threshold=16.783333778381351 8.405555725097658 4.1421527862548837 0.65473225712776195 -83.395496368408189 4.3270833492279062 52.256944656372077 -79.227611541748033 -78.929180145263658 2.3284027576446538 0.71458330750465404 38.300350189208991 0.21094501018524173 43.923612594604499 6.0312500000000009 7.2006945610046396 35.468124389648445 -2.1628364324569698 0.44311843812465673 -79.078010559082017 37.822866439819343 2.7944444417953496 -79.025478363037095 2.4293055534362797 0.48487250506877905 -4.0505821704864493 1.8900620937347414 113.33333206176759 10.042360782623293 4.6312499046325692
decision_type=2 2 2 2 2 2 2 2 2 2 2 2 2 2 2 2 2 2 2 2 2 2 2 2 2 2 2 2 2 2
left_child=1 6 11 5 -5 -4 7 -1 10 -10 21 13 -13 16 -14 -16 17 -3 -18 20 -20 22 -9 -15 25 -25 28 -28 29 -27
right_child=-2 2 3 4 -6 -7 -8 8 9 -11 -12 12 14 23 15 -17 18 -19 19 -21 -22 -23 -24 24 -26 26 27 -29 -30 -31
leaf_value=-1.2639201542661424e-05 0 -6.3504581306589044e-06 2.4687399078870923e-07 8.4680996665964261e-07 -6.2964299540135834e-05 -1.216348510801879e-09 -1.3680963809283669e-05 5.9745297410312982e-05 0.001509729138209303 -0.00010714951514835639 0.00035518924940538735 9.930766941962313e-07 -2.0399729767977842e-07 -2.5964673925434014e-10 1.0566544647427901e-06 -1.454887770792698e-08 -1.0926111210727231e-08 1.4210447611075077e-07 0 0.00016784744305257704 2.0730644561914155e-07 -0.00011482774855207101 0.0020991225340992676 4.1001119815087255e-06 -6.4413611111646682e-10 -6.2508489431853151e-07 2.9013316484305386e-07 -3.0920429809398968e-09 0 0.00088038050990819428
leaf_weight=319.79999274015427 14674.599756658077 29.399999022483826 30.299999237060547 26.299999177455902 18.999999642372131 143.49999552965164 878.79998177289963 46.399999141693115 24.599999666213989 92.699998676776886 27.999999701976776 27.799999177455902 78.399998128414154 360.39998984336853 25.299999237060547 60.999998092651367 104.89999747276306 31.499998986721039 107.79999727010727 28.099999785423279 32.799998939037323 65.299999177455902 25.899999678134918 22.799999177455902 313.59999322891235 43.899998724460602 30.199999451637268 46.699999034404755 180.79999446868896 24.899999558925629
leaf_count=330 15430 24 31 21 26 129 1028 58 30 125 34 24 80 332 23 56 105 25 100 35 26 83 31 18 346 41 30 59 158 27
internal_value=-0.00212093 -0.000531315 4.04085e-05 0.00215541 0.00853753 0.000491944 -0.00121414 -0.0002186 0.00115854 -0.000794971 0.00254227 -0.000258499 0.00155195 -0.000515172 0.000201882 0.00265643 0.00111734 0.00480706 0.000296052 0.00170865 0.000593883 0.00156977 0.00372407 -0.00104881 -0.000440867 0.000620526 4.21127e-05 0.00374187 -0.00109776 0.00258721
internal_weight=17925.5 3250.9 1769.4 219.1 45.3 173.8 1481.5 602.7 282.9 117.3 165.6 1550.3 192.5 1357.8 164.7 86.3 334.5 60.9 273.6 168.7 140.6 137.6 72.3 1023.3 662.9 349.3 326.5 76.9 249.6 68.8
internal_count=18865 3435 1716 207 47 160 1719 691 361 155 206 1509 183 1326 159 79 315 49 266 161 126 172 89 1011 679 333 315 89 226 68
is_linear=0
shrinkage=0.05


Tree=169
num_leaves=31
num_cat=0
split_feature=1 0 29 11 11 30 2 1 29 11 6 5 2 7 30 30 12 7 5 30 1 3 12 2 30 30 1 5 30 6
split_gain=4.93996 0.785093 1.10017 1.53228 0.829631 1.5052 1.49504 1.1309 0.621306 1.11199 0.443783 0.392789 0.354324 0.350069 0.295924 0.356276 0.571635 0.423845 0.462049 0.369608 0.329394 0.992291 0.807581 0.781515 0.328842 0.292687 0.521024 0.458446 0.286998 0.279391
threshold=12.49642848968506 10.750694274902346 38.240348815917976 10.086805343627931 7.061805486679078 -79.269531249999986 1.9315088391304018 11.617261886596681 39.894470214843757 7.527083396911622 0.006250000325962902 0.39384433627128607 -2.0923395156860347 2.1937500238418584 -79.273685455322251 -78.996128082275376 2.8854167461395268 0.76041665673255932 0.44604733586311346 -79.237697601318345 9.4163694381713885 3.609027743339539 -1.0687500238418577 0.40239389240741735 -79.025478363037095 -79.157058715820298 6.6476190090179452 0.57396805286407482 -79.022460937499986 0.027083333581686023
decision_type=2 2 2 2 2 2 2 2 2 2 2 2 2 2 2 2 2 2 2 2 2 2 2 2 2 2 2 2 2 2
left_child=1 14 4 8 5 6 7 12 9 -4 -6 -9 -3 -12 20 16 17 28 -19 -18 -1 -22 -23 -24 25 26 -21 -28 -16 -17
right_child=-2 2 3 -5 10 -7 -8 11 -10 -11 13 -13 -14 -15 15 29 19 18 -20 24 21 22 23 -25 -26 -27 27 -29 -30 -31
leaf_value=-6.528423995560856e-06 0 3.7963811741717699e-08 3.4278717784245589e-07 9.9128237228129916e-07 1.6085680448751916e-07 -2.5856751352382191e-05 0.00085923515584432125 2.8439728920193196e-07 -6.9182004029005388e-07 0 0 2.688417466756299e-07 -5.9859084923656283e-08 2.7570298919684429e-08 -2.142108980601906e-05 0.00077696708073234121 0.0012704877418228528 0.00052753634383100327 0.000364809274064999 -4.6258771986508746e-05 0 -3.7425350169346111e-08 7.3147212160446875e-07 7.3242346851502356e-09 0.0011160016981889259 -3.9195285440130069e-05 0.00066112749642770381 0.00080356066720188579 0.0011125991693032018 -4.0104407876087161e-05
leaf_weight=1016.999973654747 14427.999764323235 29.299998939037323 44.399998903274536 24.299999237060547 41.099998593330383 161.39999747276306 35.599999189376831 24.399999141693115 41.499999344348907 41.499998569488525 443.99998664855957 25.899999380111694 62.999998033046722 33.299998819828033 222.09999662637711 26.399999618530273 40.699999511241913 18.199999809265137 56.399999141693115 25.099999666213989 343.29998952150345 41.099998831748962 26.899999022483826 26.799999237060547 22.399999856948853 82.799998998641968 25.399999737739563 18.299999713897705 30.399999558925629 421.9999937415123
leaf_count=1038 15188 23 38 23 33 212 34 20 51 33 402 21 52 27 281 32 51 22 76 33 281 37 21 22 26 102 30 25 34 544
internal_value=-0.00207809 -0.000379885 0.000793057 0.00471819 9.90669e-05 0.00202002 0.00518799 0.00289972 0.00252355 0.00495052 -0.00115934 0.00893141 -0.000387325 -0.00158862 -0.00086421 -0.000197435 0.000665374 -0.000650413 0.00266086 0.00267 -0.00131795 -0.000171765 0.00435654 0.00839385 0.00166667 0.000831134 0.00324128 0.0065389 -0.00162871 -0.00123996
internal_weight=17883 3455 1009.7 151.7 858 339.6 178.2 142.6 127.4 85.9 518.4 50.3 92.3 477.3 2445.3 990.2 541.8 327.1 74.6 214.7 1455.1 438.1 94.8 53.7 174 151.6 68.8 43.7 252.5 448.4
internal_count=18812 3624 969 145 824 362 150 116 122 71 462 41 75 429 2655 1256 680 413 98 267 1399 361 80 43 216 190 88 55 315 576
is_linear=0
shrinkage=0.05


Tree=170
num_leaves=31
num_cat=0
split_feature=13 10 9 30 5 30 5 4 4 30 1 13 29 30 30 11 13 5 2 30 10 6 1 6 30 10 10 9 5 13
split_gain=2.53705 0.462023 0.531431 0.528021 0.551151 0.384322 1.07717 0.379235 0.815342 0.328268 0.510518 0.983664 0.297647 0.212672 0.576614 0.641147 0.162135 0.357368 0.151579 0.360507 0.128487 0.23614 0.667262 0.519796 0.494687 0.157697 0.292821 0.172767 0.126635 0.10999
threshold=16.783333778381351 38.465276718139656 97.604167938232436 -76.589794158935533 0.47532616555690771 -78.78957366943358 0.52064558863639843 2.4327082633972172 2.0043749809265141 -121.79750061035155 10.845833301544191 1.4395833015441897 34.40844917297364 -79.248573303222642 -79.196075439453111 0.60069444775581371 16.031250000000004 0.3787550032138825 5.1153595447540292 -79.210063934326158 51.638889312744148 1.0562499761581423 6.6476190090179452 1.1812499761581423 -79.074466705322251 49.909723281860359 50.770833969116218 264.45140075683599 0.59102994203567516 2.4458333253860478
decision_type=2 2 2 2 2 2 2 2 2 2 2 2 2 2 2 2 2 2 2 2 2 2 2 2 2 2 2 2 2 2
left_child=1 2 -1 9 -5 7 -7 8 28 10 11 -3 -11 -9 15 -15 18 -18 20 -20 21 25 23 24 -23 27 -27 -14 -4 -22
right_child=-2 3 5 4 -6 6 -8 13 -10 12 -12 -13 16 14 -16 -17 17 -19 19 -21 29 22 -24 -25 -26 26 -28 -29 -30 -31
leaf_value=3.0011020416285252e-07 0 -1.5004017943520687e-05 1.4162981963564622e-07 1.3339316469277081e-05 -0.0021363306026351949 -3.3780827878639562e-05 0.0022846189823338913 -1.5606136945285301e-07 2.0086883735647584e-07 7.8338404745526013e-06 -7.3538965617717853e-09 9.6469514055369485e-07 -3.1221177408973281e-07 0.0026125092894449032 -0.0003646238035636296 -0.045664109631285477 0 3.2206803890488804e-11 0.00084766274737602685 -0.0035320445789955249 -8.9500370495730101e-06 0.0030384552826589529 -3.9682673242724679e-06 -0.00015036630411023879 0.002503711304970463 0.00029293641690726852 -4.2248037040515389e-05 1.2214895509793785e-07 -2.7681961614780282e-08 -4.8022862373619549e-10
leaf_weight=26.699999034404755 14731.799755990505 24.599999189376831 27.799999296665192 27.499999642372131 18.899999678134918 35.199999570846558 21.799999833106995 256.69999343156815 34.399998962879181 16.899999380111694 42.899998545646667 28.599998950958252 302.59999299049377 19.999999761581421 88.199998557567596 24.799999535083771 27.799999475479126 23.199999272823334 17.499999821186066 24.0999995470047 895.99997919797897 16.09999984502792 55.999998986721039 14.499999821186064 18.999999761581424 24.299999356269836 26.299999475479126 18.899999499320984 43.699998795986176 980.79997563362122
leaf_count=21 15514 20 24 29 25 44 26 241 28 13 35 22 320 24 118 32 28 20 23 31 1002 19 58 19 24 25 27 21 35 998
internal_value=-0.00220839 -0.000928967 0.000348264 -0.00121283 0.00407328 1.53812e-05 0.00390351 -0.0004318 0.00222143 -0.00130864 0.00155827 0.00483083 -0.00142046 -0.00115281 0.000469924 0.00508928 -0.00146612 0.00132353 -0.0015255 0.00146635 -0.00157836 -0.000846243 0.00124053 0.00546371 0.00875356 -0.00143846 0.00115613 -0.00184681 -0.000821679 -0.00176471
internal_weight=17917.6 3185.8 579.3 2606.5 46.4 552.6 57 495.6 105.9 2560.1 96.1 53.2 2464 389.7 133 44.8 2447.1 51 2396.1 41.6 2354.5 477.7 105.6 49.6 35.1 372.1 50.6 321.5 71.5 1876.8
internal_count=18866 3352 593 2759 54 572 70 502 87 2705 77 42 2628 415 174 56 2615 48 2567 54 2513 513 120 62 43 393 52 341 59 2000
is_linear=0
shrinkage=0.05


Tree=171
num_leaves=31
num_cat=0
split_feature=13 13 9 3 30 29 12 11 4 6 7 2 6 30 8 12 10 9 2 11 3 11 10 29 4 29 10 11 13 6
split_gain=3.39685 1.32461 2.56846 1.1783 0.647431 0.380036 0.943894 0.388352 0.296607 0.23637 0.693648 0.562526 0.30751 0.262422 0.230476 0.216346 0.252875 0.285864 0.572009 0.350085 0.336243 0.285064 0.359453 0.465816 0.234905 0.213499 0.212549 0.235934 0.199146 0.177714
threshold=16.783333778381351 15.268750190734865 62.576387405395515 1.8760417103767397 -121.78750228881835 37.905473709106452 -2.5145833492279048 4.8027777671813974 4.4131250381469735 1.3145833611488345 1.1104166507720949 -6.1219849586486808 0.79375001788139354 -121.59550094604491 1.5000000000000002 -5.1562499999999991 38.465276718139656 155.3263854980469 -3.4380823373794551 -0.24305555224418637 2.670624971389771 4.1604166030883798 51.270833969116218 38.16259956359864 1.7327083349227907 38.240348815917976 94.375000000000014 2.6749999523162846 9.1541666984558123 1.0437499880790713
decision_type=2 2 2 2 2 2 2 2 2 2 2 2 2 2 2 2 2 2 2 2 2 2 2 2 2 2 2 2 2 2
left_child=1 4 -3 -4 5 -1 -7 -8 9 10 12 -11 15 -14 -5 -6 17 18 19 -17 -20 -18 28 -24 -19 26 27 29 -23 -15
right_child=-2 2 3 14 8 6 7 -9 -10 11 -12 -13 13 25 -16 16 21 24 20 -21 -22 22 23 -25 -26 -27 -28 -29 -30 -31
leaf_value=-4.633111859914201e-10 0 3.0596464251075873e-11 2.857783147347526e-08 3.0596464251075873e-11 -1.1153614753362166e-07 9.9750214536193933e-07 -3.5495764541610385e-06 8.7725995064186943e-07 -7.6074962107597347e-09 0.0021703880332171964 0.00086501081804864492 -3.8110772204724695e-09 9.0997225488109737e-08 -7.9940839795183342e-05 0 -2.8200357968170332e-05 -5.7361566626301789e-06 0.0002397462802585626 1.5971393701817179e-08 0.0008836589995381525 0.0010030373323529833 1.4670651650727785e-07 -5.5297542678189876e-08 1.3759638931037933e-05 -1.0485809461393259e-07 0.00030669186940581741 0.00042598550843108492 -6.6154436386179683e-09 0.00198345740316987 0.00046884201590448012
leaf_weight=71.299997448921204 14616.999758064747 24.499999165534973 21.59999942779541 22.799999177455902 248.69999408721924 26.599999129772186 36.299998760223389 35.299998760223389 1079.1999757289886 18.999999582767487 20.399999797344208 421.29998958110809 25.599999308586121 103.29999846220016 79.599998474121094 51.499998688697815 225.39999443292618 19.399999439716339 22.999999403953552 23.899999618530273 21.999999463558197 21.799999356269836 210.59999364614487 21.499999344348907 73.499998390674591 25.699999570846558 25.299999475479126 125.99999713897705 23.999999523162842 124.9999982714653
leaf_count=55 15366 19 18 18 263 22 29 29 1204 20 20 435 20 131 88 53 228 16 20 27 20 20 194 19 75 25 29 136 24 154
internal_value=-0.00214328 -0.000682294 0.00393098 0.00100806 -0.000902886 0.00210177 0.00411914 0.00113128 -0.00107634 -0.000693226 -0.000378724 -0.00170509 -0.000512463 0.000598166 -0.00123047 -0.00100824 -0.000567263 0.000875527 0.00248339 -0.000179046 0.00694444 -0.00117872 -0.000107054 -0.00090586 -0.00120829 0.000288058 -1.0538e-05 -0.000326701 0.00394105 0.000631843
internal_weight=17871.1 3254.1 148.5 124 3105.6 169.5 98.2 71.6 2936.1 1856.9 1416.6 440.3 1396.2 430.9 102.4 965.3 716.6 213.3 120.4 75.4 45 503.3 277.9 232.1 92.9 405.3 379.6 354.3 45.8 228.3
internal_count=18777 3411 143 124 3268 135 80 58 3133 1929 1474 455 1454 495 106 959 696 211 120 80 40 485 257 213 91 475 450 421 44 285
is_linear=0
shrinkage=0.05


Tree=172
num_leaves=31
num_cat=0
split_feature=1 30 2 1 12 1 1 12 12 9 10 30 5 30 11 3 0 0 5 1 11 6 6 1 12 7 2 11 9 30
split_gain=2.99749 0.802378 0.538412 0.535583 0.871642 0.517154 0.993839 0.434557 0.667829 0.336208 0.296601 0.352581 0.836132 0.265331 0.198769 0.1787 0.261819 0.171518 0.171214 0.749062 0.159852 0.151262 0.380786 0.283014 0.268317 0.192495 0.471541 0.149104 0.12143 0.138125
threshold=12.49642848968506 -121.7485008239746 2.0609083175659184 12.18392848968506 -6.1645832061767569 10.193154811859133 8.6630954742431658 1.2104166746139529 4.8229165077209482 299.69444274902349 27.180555343627933 -78.78957366943358 0.52064558863639843 -121.59550094604491 7.304166555404664 2.1236805915832524 10.042360782623293 9.655555725097658 0.86921364068984996 10.845833301544191 0.60069444775581371 0.91458335518836986 1.1645833253860476 10.339583396911623 2.9687500000000004 0.62708333134651195 -0.86529502272605885 -0.24305555224418637 107.25000000000001 -79.290195465087876
decision_type=2 2 2 2 2 2 2 2 2 2 2 2 2 2 2 2 2 2 2 2 2 2 2 2 2 2 2 2 2 2
left_child=1 2 5 9 -5 6 20 -6 -9 10 11 13 -13 -3 -7 16 -15 -2 21 -20 -1 -12 23 24 25 27 -27 -23 29 -28
right_child=17 3 -4 4 7 14 -8 8 -10 -11 18 12 -14 15 -16 -17 -18 -19 19 -21 -22 22 -24 -25 -26 26 28 -29 -30 -31
leaf_value=4.2821448222762903e-05 0.00016264925047785014 2.5301794591148229e-07 2.1356967599405823e-08 2.856010137742784e-11 0 8.6185580894238009e-11 8.5747583697452566e-07 2.0341147238652558e-09 -6.1489453215040477e-11 1.3937119068274663e-07 -4.5800834319014617e-07 -2.9527044670934714e-05 0.0020618686315563351 0.00022775896624563363 0 -1.2450344039947728e-06 -8.7284570878545106e-08 0 -2.610051044366202e-05 0.0020829092328027601 -1.4081697856441269e-05 0.00029366428757369051 -2.6511365947393035e-09 0.0015484911860703708 -3.5420720567724828e-07 0.00043016398129479863 -2.8910663230075075e-08 -1.8620471265378648e-05 -0.0014587799383042981 1.8954455160656092e-05
leaf_weight=25.39999908208847 28.0999995470047 15.599999427795408 31.19999885559082 23.999999403953552 65.999997973442078 49.199998259544373 43.999998450279236 26.099999248981476 22.999999582767487 29.599999129772186 1208.1999732851982 28.5999995470047 18.49999988079071 21.79999977350235 88.59999692440033 261.79999476671219 39.299998879432678 14543.999758839607 69.799998760223389 19.29999965429306 38.199998676776886 56.199999094009399 975.39997446537018 34.099999368190765 94.599998354911804 27.79999965429306 16.699999630451202 61.799998641014099 26.799999475479126 52.699999213218689
leaf_count=20 33 12 24 20 58 38 34 23 26 30 1332 36 21 20 72 294 33 15286 78 21 30 72 986 37 106 30 19 70 36 69
internal_value=-0.00217334 -0.000853626 0.00172993 -0.0010771 0.00195722 0.000943357 0.00354089 0.000149869 0.00371181 -0.0012151 -0.00126692 2.85263e-05 0.00408174 -0.000535451 -0.00108491 -0.000843141 0.00159165 -0.00248799 -0.00145589 0.000698653 -0.000455975 -0.00153105 -0.00116652 0.000197599 -0.000242128 0.000640495 0.00201613 -0.000805085 0.000358627 0.00146254
internal_weight=18046.4 3474.3 276.6 3197.7 139.1 245.4 107.6 115.1 49.1 3058.6 3029 385.6 47.1 338.5 137.8 322.9 61.1 14572.1 2643.4 89.1 63.6 2554.3 1346.1 370.7 336.6 242 124 118 96.2 69.4
internal_count=18966 3647 218 3429 127 194 84 107 49 3302 3272 416 57 359 110 347 53 15319 2856 99 50 2757 1425 439 402 296 154 142 124 88
is_linear=0
shrinkage=0.05


Tree=173
num_leaves=31
num_cat=0
split_feature=1 1 9 11 12 30 30 5 2 9 1 6 29 2 12 10 12 29 11 9 1 4 1 9 1 10 10 10 30 29
split_gain=2.93754 1.10207 1.43633 2.14739 1.57377 1.66011 0.521167 0.509869 0.317209 0.269598 0.175796 0.348498 1.25095 0.228287 0.51774 0.211871 0.573095 0.630214 0.473622 0.19698 0.242408 0.326579 0.15467 0.140554 0.133322 0.132653 0.107791 0.253245 0.32223 0.292814
threshold=12.49642848968506 11.912202358245851 213.22222137451175 7.8722221851348886 -7.8187499046325675 -97.004226684570298 -121.96850204467772 0.45042283833026892 -2.9038690328598018 309.89582824707037 10.680952548980715 0.014583333861082794 35.719533920288093 1.6571428179740908 -7.8187499046325675 92.833332061767592 -0.56874999403953541 37.32044982910157 5.1069443225860605 55.576389312744148 11.026190280914308 3.6464582681655888 10.110119342803957 236.56944274902347 10.845833301544191 33.395833969116218 18.173610687255863 9.0138888359069842 -120.72000122070311 36.020755767822273
decision_type=2 2 2 2 2 2 2 2 2 2 2 2 2 2 2 2 2 2 2 2 2 2 2 2 2 2 2 2 2 2
left_child=1 6 4 -4 5 -3 7 22 -6 10 15 12 -12 14 -13 26 17 18 -17 -16 21 -21 -1 -22 -23 -14 27 -8 -29 -30
right_child=-2 2 3 -5 8 -7 9 -9 -10 -11 11 13 25 -15 19 16 -18 -19 -20 20 23 24 -24 -25 -26 -27 -28 28 29 -31
leaf_value=9.0610733904927798e-07 0 4.5674681955834433e-11 1.2366958724357952e-07 0 1.7971421739542727e-08 -1.8021187606653834e-05 -1.8379188442850565e-05 4.8910786069893255e-07 0 1.3240263114777663e-07 0.0019787637711626226 0.0017737027776115188 2.112421707595054e-08 -1.1781743528999691e-09 1.8686747987883835e-08 0.0015955485371208389 -2.2254617281104795e-08 -3.6081266944826387e-07 0.00045835207616459208 0.001223455537994167 -1.9656098099667109e-09 2.1258125132425339e-09 -7.7353596402974634e-09 2.5612925307158262e-09 -1.444350340602489e-07 -5.3207641241684576e-08 -4.4915647380561719e-06 -9.2042804227920889e-06 0.00010008199366284277 0.0019587751999785188
leaf_weight=24.699999094009399 14481.199759066105 27.099999070167542 34.699999213218689 23.999999225139618 29.999999463558197 19.299999713897705 62.599998116493225 31.899998843669891 186.79999446868896 17.499999582767487 18.599999606609344 15.799999654293059 26.499999344348907 172.59999543428421 19.499999284744263 19.199999749660492 92.799997329711914 30.199999272823334 32.499999225139618 19.5999995470047 175.59999567270279 25.099999308586121 32.099998891353607 39.299998581409454 34.799999296665192 41.499998807907104 2087.8999554514885 25.399999141693115 21.199999332427979 19.999999701976776
leaf_count=19 15236 21 33 22 30 23 54 25 174 19 20 16 25 180 15 24 84 30 31 18 162 25 27 31 38 37 2345 20 20 20
internal_value=-0.00217775 -0.000857194 0.00192684 0.00899915 0.000349543 0.0087069 -0.00114751 0.00262965 -0.00143911 -0.00125926 -0.00129559 -0.000521736 0.00240762 -0.00102678 -0.000255536 -0.00148612 0.000190326 0.00323871 0.00659091 -0.000700064 -0.00102242 0.00133648 -0.000211268 -0.00189507 -0.000496662 -0.000735295 -0.00161822 -0.000216719 0.00192943 0.00466019
internal_weight=17890 3408.8 321.9 58.7 263.2 46.4 3086.9 88.7 216.8 2998.2 2980.7 588.9 86.6 502.3 329.7 2391.8 174.7 81.9 51.7 313.9 294.4 79.5 56.8 214.9 59.9 68 2217.1 129.2 66.6 41.2
internal_count=18824 3588 303 55 248 44 3285 71 204 3214 3195 567 82 485 305 2628 169 85 55 289 274 81 46 193 63 62 2459 114 60 40
is_linear=0
shrinkage=0.05


Tree=174
num_leaves=31
num_cat=0
split_feature=13 30 5 3 11 13 9 5 13 13 8 9 5 13 6 29 29 6 13 6 10 7 5 13 12 9 3 7 10 10
split_gain=3.20686 1.39675 1.14703 2.82385 0.469203 1.81167 0.36002 0.335572 0.326059 0.856338 0.393394 0.29638 0.285111 0.292286 0.327343 0.581255 0.836203 0.403126 0.57628 0.373352 0.235826 0.470744 0.323557 0.216983 0.203546 0.400555 0.181381 0.171408 0.307189 0.373768
threshold=16.783333778381351 -121.6495018005371 0.60600417852401745 2.9183334112167363 9.6298608779907244 14.589582920074465 236.56944274902347 0.23368905484676364 5.8125000000000009 3.7208334207534794 3.5000000000000004 303.54165649414068 0.43405336141586309 8.8375000953674334 0.22708333283662799 37.700534820556648 35.97705268859864 0.93541666865348827 10.572916507720949 1.0645833611488345 22.763889312744144 0.16458333283662799 0.44604733586311346 2.4458333253860478 15.002083301544191 163.97222137451175 8.2372221946716326 0.62708333134651195 52.256944656372077 46.548612594604499
decision_type=2 2 2 2 2 2 2 2 2 2 2 2 2 2 2 2 2 2 2 2 2 2 2 2 2 2 2 2 2 2
left_child=1 2 6 -4 11 7 8 -6 9 10 -1 12 26 20 15 16 -15 -16 -19 -20 21 23 -22 -14 -2 -26 -3 -24 29 -29
right_child=24 4 3 -5 5 -7 -8 -9 -10 -11 -12 -13 13 14 17 -17 -18 18 19 -21 22 -23 27 -25 25 -27 -28 28 -30 -31
leaf_value=-4.5843696645745168e-06 0 -5.4179563692454645e-08 -3.9123710425856639e-09 4.3598056969867483e-07 1.3907218699427126e-07 4.1073061046368381e-11 1.335649079567571e-08 -4.5882767896901187e-10 -7.5114484632266007e-10 8.5550825050433884e-07 1.5586622159325784e-05 1.2578249958816733e-07 0.00042919273487508332 0.00085424297704173729 -4.9564600529810899e-07 -1.6689440279279325e-08 0.00067719569614110311 0.0019906450735112323 0.0022759343896538498 -1.3251559486867684e-09 0.00040804917056237993 0.0010031390481326857 -9.6058910491474395e-06 -1.4539550791147382e-05 0.00025779673931638494 0 0.0010988667185888167 -4.5955834563538024e-05 -8.6253290679585293e-07 0.00029882484141810202
leaf_weight=104.09999656677246 14628.899757802486 1127.3999746441841 59.199997842311859 40.29999852180481 16.999999463558197 30.299998939037323 32.499998807907104 91.899998068809509 124.89999604225159 36.599998712539673 25.999999046325684 16.399999558925629 32.299999356269836 33.999999344348907 117.49999749660492 31.299999296665192 26.099999666213989 20.199999570846558 20.699999749660492 50.599998593330383 24.5999995470047 23.999999642372131 722.29998433589935 87.899998068809509 17.899999797344208 34.499999642372131 19.599999666213989 24.199999630451202 276.49999368190765 40.799999296665192
leaf_count=81 15395 1196 46 31 16 25 25 95 101 28 20 18 31 42 139 29 27 22 25 46 28 30 805 99 21 41 28 28 315 48
internal_value=-0.00214689 -0.000728093 0.00194995 0.00664573 -0.00112816 0.00170259 0.00050833 -0.00130624 -4.80116e-05 0.00139922 -0.000501538 -0.00127429 -0.0013153 -0.000869211 0.000529294 0.00302516 0.00590266 -0.000562202 0.00192623 -0.000185835 -0.00121004 0.000690013 -0.00146178 -0.000586523 -0.00246186 0.000648854 -0.00191151 -0.00159288 -0.00066984 0.00242308
internal_weight=17940.5 3259.2 423.6 99.5 2835.6 139.2 324.1 108.9 291.6 166.7 130.1 2696.4 2680 1533 300.4 91.4 60.1 209 91.5 71.3 1232.6 144.2 1088.4 120.2 14681.3 52.4 1147 1063.8 341.5 65
internal_count=18881 3424 332 77 3092 136 255 111 230 129 101 2956 2938 1714 330 98 69 232 93 71 1384 160 1224 130 15457 62 1224 1196 391 76
is_linear=0
shrinkage=0.05


Tree=175
num_leaves=31
num_cat=0
split_feature=1 30 1 12 5 3 1 13 5 2 9 4 13 5 30 6 12 1 30 6 12 1 13 13 10 9 10 10 10 6
split_gain=4.35384 1.29766 1.91357 3.48653 1.29693 2.38461 0.527651 1.31687 0.449441 0.38433 0.657131 0.790637 0.394288 0.479529 0.599206 1.31363 0.563672 0.608234 0.273152 0.255138 0.247364 0.402897 0.245793 0.352648 0.261876 0.219899 0.213873 0.17292 0.491837 0.465706
threshold=12.49642848968506 -121.73250198364256 12.18392848968506 -5.3645834922790518 0.62561148405075084 2.9183334112167363 10.193154811859133 2.7437499761581425 0.23368905484676364 -0.88334625959396351 109.52777481079103 6.774583339691163 11.310416698455812 0.49936333298683172 -121.26300048828124 1.6812499761581423 -3.5062500238418575 10.339583396911623 -121.59550094604491 1.2937499880790713 15.002083301544191 15.680654525756838 4.2395834922790536 6.0937500000000009 52.659723281860359 299.69444274902349 42.923612594604499 50.451387405395515 46.548612594604499 1.0187500119209292
decision_type=2 2 2 2 2 2 2 2 2 2 2 2 2 2 2 2 2 2 2 2 2 2 2 2 2 2 2 2 2 2
left_child=1 4 9 -4 6 -6 7 -1 -5 27 11 12 13 14 15 -11 -16 -18 -12 22 -2 -22 24 -24 -15 -20 -8 28 -3 -30
right_child=20 2 3 8 5 -7 26 -9 -10 10 18 -13 -14 19 16 -17 17 -19 25 -21 21 -23 23 -25 -26 -27 -28 -29 29 -31
leaf_value=-2.8681113086270014e-06 0 -5.3925223401556039e-06 1.6271917713250871e-08 2.6909054207102657e-09 1.047832044135946e-08 6.3305754505460331e-07 1.770710748694171e-07 5.88599947921474e-07 0 -2.6772566563003035e-08 2.395711594493921e-07 2.0287756674008951e-06 -3.2252493541352548e-10 0.00020907028166875625 0.00041503201382824266 8.7705738346195814e-07 -1.5491579549036009e-07 1.7666743562424728e-08 -5.776302744265975e-06 -9.0226267122793843e-08 0.0002449069023505668 0 0.00086837157184040191 -1.0240031110400657e-06 -2.4109564536740376e-05 1.6280695560033643e-07 -5.8103076794324697e-10 -3.9967993012979266e-07 -4.5242981436832089e-06 0.00041056886073545745
leaf_weight=69.799997568130493 14511.09976285696 466.89999103546143 37.899998903274536 20.799999356269836 40.999998509883881 29.899998903274536 22.099999189376831 38.999998569488525 90.099997520446777 30.799999117851257 18.199999332427979 18.899999678134918 136.99999612569809 25.399999618530273 18.79999977350235 31.19999885559082 102.89999705553055 29.69999897480011 882.59998208284378 123.19999754428864 16.699999868869781 26.999999761581421 28.299999535083771 26.699999332427979 81.09999817609787 22.099999487400055 121.49999576807022 793.69998162984848 31.899999141693115 26.699999630451202
leaf_count=54 15263 499 31 18 32 23 17 30 85 24 14 21 128 30 20 24 91 23 1084 144 21 30 33 29 91 25 97 813 33 31
internal_value=-0.00210554 -0.000485572 -0.000805364 0.00472446 0.00252629 0.00850141 0.00084786 0.00347426 0.000250225 -0.00108948 -0.000562655 0.000649846 0.000349944 0.00100331 0.00279522 0.00693548 0.00109974 -4.90203e-05 -0.00142188 -0.000339832 -0.00248042 0.00127574 0.000967492 0.00368182 -0.000434273 -0.00154388 -0.00114206 -0.00171922 -0.0010157 0.00330205
internal_weight=17923 3368.2 3044.9 148.8 323.3 70.9 252.4 108.8 110.9 2896.1 1576.9 654 635.1 498.1 213.4 62 151.4 132.6 922.9 284.7 14554.8 43.7 161.5 55 106.5 904.7 143.6 1319.2 525.5 58.6
internal_count=18858 3544 3291 134 253 55 198 84 103 3157 1781 658 637 509 182 48 134 114 1123 327 15314 51 183 62 121 1109 114 1376 563 64
is_linear=0
shrinkage=0.05


Tree=176
num_leaves=31
num_cat=0
split_feature=1 11 9 12 0 7 5 1 0 3 11 7 30 2 0 9 1 9 9 2 5 29 29 1 3 30 11 7 7 2
split_gain=4.92073 1.60165 1.59496 1.30662 0.89859 0.808838 1.3693 0.589108 1.15566 0.560206 1.25164 0.469556 0.301524 0.543199 0.556999 0.295094 0.25292 0.566208 0.462744 0.251191 0.235653 0.611369 0.213065 0.337476 0.202425 0.16001 0.29004 0.379774 0.433742 0.560112
threshold=12.49642848968506 6.4937500953674325 214.04166412353518 -5.1562499999999991 12.195138931274416 1.8854166865348818 0.58138155937194835 12.18392848968506 12.44374990463257 3.7865277528762822 7.9729166030883798 2.0562499761581425 -121.6495018005371 -1.2314052581787107 8.6187500953674334 44.020833969116218 10.339583396911623 234.73611450195315 88.520832061767592 0.17990424484014514 0.27381312847137457 37.499849319458015 35.648420333862312 11.182440757751467 2.1550694704055791 -79.269531249999986 -0.3763888925313949 0.97708335518836986 1.0895833373069765 1.0769022107124331
decision_type=2 2 2 2 2 2 2 2 2 2 2 2 2 2 2 2 2 2 2 2 2 2 2 2 2 2 2 2 2 2
left_child=1 12 5 -4 -5 7 11 9 -9 20 -11 -7 13 24 -15 -13 25 18 -18 -16 21 -3 23 -22 -1 -14 -27 -28 29 -29
right_child=-2 2 3 4 -6 6 -8 8 -10 10 -12 15 16 14 19 -17 17 -19 -20 -21 22 -23 -24 -25 -26 26 27 28 -30 -31
leaf_value=3.9999144902141963e-05 0 -4.0607844473433108e-09 2.8746874268864971e-07 1.6819878856932926e-07 -6.38773001160331e-10 1.7267665274885745e-07 5.7417633008559379e-07 1.004788659054986e-08 -2.5149552187970033e-11 2.19045827434718e-07 -5.5695050250217191e-10 2.5147679852389936e-07 -1.0027480250735331e-05 1.2541140367974928e-05 -6.1587370980831227e-09 0 7.7814353064830965e-07 5.9369555188704126e-08 -6.9330211770377588e-08 1.6410775257080637e-07 -1.6209880039197433e-05 7.8859656217900038e-07 -5.5290034237224751e-09 0.0018374022488896191 -2.7827117931601536e-06 0.00043310305040368557 -3.5186051569976972e-05 0.00039428041313683274 -0.0058744171732023776 -0.0046789385583245581
leaf_weight=25.899999141693115 14479.499761402607 64.799997866153717 26.499999105930328 47.099998414516449 32.299998998641968 25.999999046325684 33.19999897480011 39.199998915195465 34.999998807907104 35.299998998641968 57.999998450279236 48.799998223781586 965.79997664690018 25.999999046325684 25.599999189376831 55.599998116493225 32.999998986721039 26.399999439716339 362.89999294281006 28.599998950958252 24.599999487400055 25.699999094009399 396.29998904466629 21.59999942779541 89.499996900558472 263.99999606609344 497.5999927520752 20.399999856948853 61.399999022483826 24.399999618530273
leaf_count=21 15225 54 21 37 31 20 26 36 28 35 50 38 1020 20 20 44 28 28 393 22 28 21 379 22 69 340 632 24 84 32
internal_value=-0.00208494 -0.000379586 0.00134021 0.00713173 0.00392317 0.000630424 0.00379584 -0.000108851 0.00410377 -0.000607936 0.00296624 0.00148773 -0.00106007 0.000823108 0.00398379 -9.57921e-06 -0.00122335 -0.000120176 -0.000592953 0.00109779 -0.00123358 0.00109116 -0.00170904 0.00150433 -0.00137348 -0.00147742 -0.000984674 -0.0015891 0.00112523 0.00486607
internal_weight=17901 3421.5 970 105.9 79.4 864.1 163.6 700.5 74.2 626.3 93.3 130.4 2451.5 195.6 80.2 104.4 2255.9 422.3 395.9 54.2 533 90.5 442.5 46.2 115.4 1833.6 867.8 603.8 106.2 44.8
internal_count=18828 3603 870 89 68 781 128 653 64 589 85 102 2733 152 62 82 2581 449 421 42 504 75 429 50 90 2132 1112 772 140 56
is_linear=0
shrinkage=0.05


Tree=177
num_leaves=31
num_cat=0
split_feature=1 9 30 7 7 0 9 6 2 30 3 0 1 7 2 5 2 11 30 10 1 5 12 5 30 30 12 13 1 0
split_gain=4.0943 1.39864 1.85352 1.37379 1.1011 0.577774 1.78503 1.41467 0.488923 0.44852 0.443042 0.656311 0.421791 0.262112 0.53273 0.896717 0.449353 0.375201 0.719263 0.274771 0.512401 0.300878 0.36649 0.428404 0.231382 0.304915 0.215524 0.46326 0.186283 0.265379
threshold=12.49642848968506 292.18055725097662 -120.59299850463866 3.1875000000000004 3.9166666269302373 11.606249809265138 213.22222137451175 0.014583333861082794 5.535067319869996 -121.96850204467772 2.1661804914474492 12.8743052482605 12.319940567016603 0.88124999403953563 -0.88334625959396351 0.18910381942987445 1.164997458457947 5.8875000476837167 -121.21049880981444 27.180555343627933 3.9068452119827275 0.55452159047126781 3.7229166030883794 0.714703530073166 -79.290195465087876 -79.014007568359361 15.002083301544191 34.756250381469734 11.455654621124269 12.577083587646486
decision_type=2 2 2 2 2 2 2 2 2 2 2 2 2 2 2 2 2 2 2 2 2 2 2 2 2 2 2 2 2 2
left_child=1 3 -3 5 -5 8 9 -8 13 -7 -9 -12 28 19 -15 -16 17 18 -17 20 -1 -22 -23 -24 -20 -26 -2 -28 -11 -30
right_child=26 2 -4 4 -6 6 7 10 -10 12 11 -13 -14 14 15 16 -18 -19 24 -21 21 22 23 -25 25 -27 27 -29 29 -31
leaf_value=0.0015576321770344606 0 1.492603657245806e-07 -1.0916020564133434e-07 2.2087488040033486e-07 -3.1471537532284217e-07 6.8460483242741275e-07 5.3437633704134235e-07 -6.9767081001259612e-11 0.00017042577199767318 -5.6118962147296848e-08 8.1321941775569508e-07 2.4624021000008159e-08 8.3023522742353161e-10 -3.839622987581329e-07 9.6335386713799798e-07 6.7452326855121927e-07 -6.8093427428293599e-09 0 -4.2802661660568124e-07 -4.1171099912692105e-07 -1.7477726327081872e-05 -1.3035463779033643e-05 0.00092505112786132957 9.6952018505708226e-05 0.00046478043223644334 -0.00015217967535903211 0.00023266155723303817 0 1.9179557210160226e-10 -8.1360164192429821e-10
leaf_weight=21.299999535083771 14455.299760639668 27.299998998641968 23.999999523162842 27.299998998641968 37.499998688697815 34.899998784065247 21.899999380111694 20.59999942779541 27.499999701976776 196.79999458789825 20.59999942779541 20.599999606609344 37.499998807907104 250.9999920129776 33.799998939037323 23.399999141693115 120.9999971985817 80.299997568130493 25.499999344348907 1759.2999634742737 215.49999529123306 47.999999165534973 22.199999809265137 23.799999535083771 41.099999487400055 16.599999725818634 15.999999821186064 34.099999666213989 118.19999712705612 122.99999642372131
leaf_count=23 15187 21 30 21 29 27 19 18 33 190 18 22 31 216 30 18 140 63 29 1965 235 50 26 30 53 22 20 39 122 118
internal_value=-0.00211341 -0.000557302 0.00763645 -0.000682062 0.00652778 -0.000823448 0.000588705 0.00735663 -0.00113299 -0.000521161 0.00348705 0.00648058 -0.000922714 -0.00120098 -0.000272904 0.00101185 0.000163202 0.00170011 0.00364446 -0.00146416 -0.00014208 -0.00065832 0.00170213 0.0048913 0.00146635 0.00321924 -0.00248035 0.000793413 -0.00135845 -0.000427032
internal_weight=17925.9 3420.5 51.3 3369.2 64.8 3304.4 594.1 83.7 2710.3 510.4 61.8 41.2 475.5 2682.8 592.7 341.7 307.9 186.9 106.6 2090.1 330.8 309.5 94 46 83.2 57.7 14505.4 50.1 438 241.2
internal_count=18845 3599 51 3548 50 3498 565 77 2933 488 58 40 461 2900 571 355 325 185 122 2329 364 341 106 56 104 75 15246 59 430 240
is_linear=0
shrinkage=0.05


Tree=178
num_leaves=31
num_cat=0
split_feature=13 30 9 12 12 10 2 12 11 5 2 3 7 7 30 6 13 6 12 13 12 7 3 30 2 11 12 13 7 7
split_gain=4.72321 1.49667 3.10401 1.93405 2.0427 0.807138 0.876145 2.25149 2.16203 1.56653 1.93018 0.948993 0.367368 0.412509 0.354813 0.348181 0.413311 0.328643 0.249705 0.440628 0.268692 0.26407 0.297425 0.242724 0.49153 0.508704 0.237061 0.396445 0.15483 0.304294
threshold=18.772916793823246 -120.63700103759764 214.86805725097659 2.122916698455811 -5.1562499999999991 54.604166030883796 -0.20288561284542081 -6.7812499999999991 7.9729166030883798 0.43693500757217413 1.5476967096328738 4.8893055915832528 0.71458330750465404 0.75208333134651195 -121.73250198364256 1.2020833492279055 16.031250000000004 1.8395833373069765 -1.7937499880790708 9.6875000000000018 -0.25208333134651179 0.67708334326744091 3.5166667699813847 -79.014007568359361 -0.45806160569190973 2.1166666746139531 15.002083301544191 39.768749237060554 0.50208333134651195 1.0062500238418581
decision_type=2 2 2 2 2 2 2 2 2 2 2 2 2 2 2 2 2 2 2 2 2 2 2 2 2 2 2 2 2 2
left_child=1 2 5 4 -4 28 11 -8 9 10 -9 18 -3 -14 -6 23 -17 -11 -7 20 21 -20 -23 24 25 -15 -2 -28 -1 -30
right_child=26 12 3 -5 14 6 7 8 -10 17 -12 -13 13 15 -16 16 -18 -19 19 -21 -22 22 -24 -25 -26 -27 27 -29 29 -31
leaf_value=-7.5974138318635809e-08 0 -1.0273447009438049e-05 2.4710945140671294e-07 1.3640137584425284e-07 1.685482228795081e-08 -1.2162336832888162e-09 1.4251391798424908e-08 1.1934671690472243e-05 0 -2.1504449090037027e-08 2.5209420930782776e-07 3.1852048662370476e-07 1.7943132906929575e-08 0.0004106343117132816 0 -4.7047266841573618e-08 1.5166564575661587e-08 2.7028127795314382e-07 -1.2055048574555195e-05 1.064838889001862e-08 -1.2420643298986089e-07 1.8773109654812715e-06 -4.0662529891937117e-07 -7.6116353827651058e-05 8.10971060561429e-11 0.00035132737086817083 0.00022102847937138792 0 0.00023512592956250746 -3.3586189758464354e-08
leaf_weight=343.1999888420105 14464.199762523174 1564.4999732971191 30.999998927116394 25.399999260902405 38.399998605251312 170.59999442100525 38.599998712539673 24.599999248981476 170.59999406337738 32.499998807907104 35.299998760223389 41.399998545646667 31.299999237060547 17.799999713897705 38.999998569488525 246.09999406337738 27.499999165534973 25.799999117851257 24.799999177455902 29.099999189376831 182.19999432563782 25.799999117851257 25.999999046325684 56.999999225139618 92.899998366832733 22.999999821186066 17.099999785423279 28.199999690055847 25.599999189376831 33.799998760223389
leaf_count=270 15238 1929 24 20 30 134 30 20 132 25 27 32 35 22 30 279 23 20 20 23 144 20 20 74 117 28 21 32 20 26
internal_value=-0.00207481 -0.000404376 0.000880508 0.00811285 0.00520295 9.37061e-05 0.000987247 0.00299786 0.00148199 0.00667936 0.0123581 -0.000329567 -0.00125492 -6.86043e-05 0.000859172 -0.000443141 -0.00158626 0.000844768 -0.000984188 -8.5968e-05 -0.000741886 0.00174282 0.00377413 0.00119691 0.00236163 0.00693627 -0.00246899 0.00114238 -0.00174242 0.000614477
internal_weight=17933.3 3423.8 1363.7 133.8 108.4 1229.9 827.3 327.4 288.8 118.2 59.9 499.9 2060.1 495.6 77.4 464.3 273.6 58.3 458.5 287.9 258.8 76.6 51.8 190.7 133.7 40.8 14509.5 45.3 402.6 59.4
internal_count=18865 3574 1067 104 84 963 647 254 224 92 47 393 2507 578 60 543 302 45 361 227 204 60 40 241 167 50 15291 53 316 46
is_linear=0
shrinkage=0.05


Tree=179
num_leaves=31
num_cat=0
split_feature=0 9 11 29 12 9 10 7 2 5 7 0 7 7 11 29 6 29 2 5 30 4 4 2 0 12 6 4 4 30
split_gain=5.01105 1.42197 1.01229 1.18761 1.63218 2.13578 1.23287 1.61654 1.53836 1.49673 1.08303 0.880655 0.793997 0.540238 0.498044 0.404768 0.597051 0.427314 0.393339 0.298942 0.272486 0.313668 0.480519 0.702528 0.572806 0.489976 0.646367 0.402378 0.317445 0.285464
threshold=13.108333110809328 309.89582824707037 6.4937500953674325 35.901496887207038 -6.6229166984558097 50.444444656372077 45.104166030883796 0.010416666977107527 3.5825181007385258 0.55039998888969432 3.3333333730697636 11.489583492279055 0.50208333134651195 1.0000000180025095e-35 7.8722221851348886 35.221244812011726 0.14791666716337207 34.728954315185554 1.3211827278137209 0.15510996431112292 -79.273685455322251 3.6793749332427983 3.2252084016799931 -0.15117753297090528 6.3083331584930429 5.2729167938232431 1.1062499880790713 7.1310417652130136 3.5127083063125615 -121.56400299072264
decision_type=2 2 2 2 2 2 2 2 2 2 2 2 2 2 2 2 2 2 2 2 2 2 2 2 2 2 2 2 2 2
left_child=1 2 10 19 5 -5 7 18 13 -10 15 -7 -13 14 -8 16 -1 -18 -6 -4 29 22 -22 24 -24 26 -26 -23 -27 -17
right_child=-2 -3 3 4 6 11 8 -9 9 -11 -12 12 -14 -15 -16 20 17 -19 -20 -21 21 27 23 -25 25 28 -28 -29 -30 -31
leaf_value=9.7239161754253406e-05 0 4.0997015510746417e-07 4.717038748219249e-08 1.9214289683785828e-08 0 -5.1287751272700841e-06 2.235427045287494e-07 9.4701436226402006e-09 5.1367235047172781e-07 0 9.4708310555136066e-08 5.1240646120054299e-07 6.0811683466610597e-11 0 0 0 7.8002887011763282e-07 0 2.3475397883387928e-07 0 -9.5416612655441213e-07 -5.8568779877976599e-06 7.6466806534565516e-05 -3.1992820145265721e-05 0.0020592087972528482 0.00063831269772147156 0.00075165589532494271 0.00016190372506956209 -2.9293388804674249e-05 0
leaf_weight=22.299999296665192 13906.799772560596 22.099999487400055 41.699998497962952 26.599999248981476 39.099998772144318 37.499998927116394 38.899998784065247 44.799998819828033 25.899999260902405 26.699999213218689 29.69999897480011 22.799999356269836 35.799998998641968 578.49998188018799 37.899998664855957 257.69999116659164 24.699999213218689 55.999998450279236 22.199999332427979 317.39999270439148 251.19999611377716 621.09999185800552 58.899999141693115 139.29999786615372 19.799999892711639 17.299999833106995 28.599999606609344 24.599999666213989 17.599999785423279 1186.3999716639519
leaf_count=21 14664 25 33 24 31 35 31 38 23 21 23 20 30 485 31 201 21 52 20 342 314 795 75 181 22 21 36 34 20 1228
internal_value=-0.00198498 -0.0004426 -0.000511603 0.000640916 0.00157815 0.00695395 0.000767813 0.00579406 1.44788e-05 0.00824144 -0.00105364 0.00348335 0.00731229 -0.000645888 0.00329427 -0.00115713 0.00191747 -8.36438e-05 0.000517944 -0.00180382 -0.00127788 -0.00071368 0.000184437 0.00160302 0.00407525 0.0067437 0.01 -0.00145462 0.00222779 -0.00173828
internal_weight=17979.9 4073.1 4051 1295.8 936.7 122.7 814 106.1 707.9 52.6 2755.2 96.1 58.6 655.3 76.8 2725.5 103 80.7 61.3 359.1 2622.5 1178.4 532.7 281.5 142.2 83.3 48.4 645.7 34.9 1444.1
internal_count=18897 4233 4208 1164 789 109 680 89 591 44 3044 85 50 547 62 3021 94 73 51 375 2927 1498 669 355 174 99 58 829 41 1429
is_linear=0
shrinkage=0.05


Tree=180
num_leaves=31
num_cat=0
split_feature=13 1 7 30 12 13 30 9 9 7 0 4 4 30 1 4 30 13 4 5 5 5 5 6 0 9 4 6 29 10
split_gain=6.64464 3.6492 2.36782 2.57521 2.53289 1.54584 2.14535 1.31377 1.30777 1.07127 0.892605 1.55156 0.834143 0.767235 0.677002 0.811599 0.645609 0.411662 0.347509 0.754687 1.19907 0.722576 0.4496 0.255389 0.252121 0.205149 0.179244 0.353231 0.641064 0.286284
threshold=18.772916793823246 11.617261886596681 1.122916638851166 -112.49425125122069 -6.6229166984558097 16.783333778381351 -121.69250106811522 303.54165649414068 238.42360687255862 3.1875000000000004 10.970833301544191 3.2568750381469731 6.6304166316986093 -120.882999420166 10.193154811859133 1.5064583420753481 -121.96850204467772 32.302082061767585 4.5097918510437021 0.70546621084213268 0.73066040873527538 0.41615864634513861 0.31110821664333349 2.1312500238418584 10.970833301544191 158.31944274902347 3.948125004768372 2.1312500238418584 36.797445297241218 93.965278625488295
decision_type=2 2 2 2 2 2 2 2 2 2 2 2 2 2 2 2 2 2 2 2 2 2 2 2 2 2 2 2 2 2
left_child=1 7 3 4 -3 8 -7 9 13 14 11 -2 -11 -6 16 -16 -1 -13 19 23 -21 22 -20 -17 -4 -5 27 29 -29 -18
right_child=10 2 24 25 5 6 -8 -9 -10 12 -12 17 -14 -15 15 18 26 -19 21 20 -22 -23 -24 -25 -26 -27 -28 28 -30 -31
leaf_value=6.1967419776000208e-07 7.1107943166619426e-05 3.7158427173193428e-07 2.5676721405742952e-07 1.7937885999463888e-06 -1.2527180334527931e-08 5.8494127998562997e-09 5.1312844438489162e-07 3.8947164734959294e-07 1.5918741590604116e-07 1.2536506677689826e-07 0 0 7.1706372431479259e-07 5.0478013500693483e-07 2.1547292976122718e-07 -3.9524420607372008e-08 -6.9068492543070332e-06 2.9284389939099324e-07 1.2568976445800424e-07 0.0021645638507266532 6.4380153263568227e-06 -2.0435946006826233e-08 3.2574626379067165e-07 9.1706188391371879e-09 -1.0927585040402823e-10 -1.7319711005852936e-05 -2.4043173759652889e-06 0.0015587762608214456 -1.0750415849676719e-05 0.0003052012350794242
leaf_weight=46.199998319149017 32.599999666213989 38.799998641014099 19.799999356269836 18.399999737739563 65.099997878074646 37.699998617172241 35.099998712539673 22.799999415874481 36.399998664855957 37.699998617172241 14358.09976541996 108.19999849796295 25.799999117851257 35.599998950958252 29.099999010562897 377.29999053478241 966.59997886419296 24.29999965429306 49.099998474121094 17.399999499320984 54.499998807907104 88.099997222423553 30.399999141693115 32.599999010562897 128.69999611377716 65.19999897480011 1043.4999796152115 27.099999487400055 26.999999165534973 40.599999010562897
leaf_count=36 32 30 16 22 51 29 27 24 28 29 15141 122 20 28 23 375 1034 29 43 16 57 77 26 26 109 84 1233 29 22 40
internal_value=-0.00196484 2.60548e-05 0.00406198 0.00640761 0.00895959 0.00679014 0.0126786 -0.000639448 0.00366338 -0.000733668 -0.00243046 0.00122501 0.00568898 0.000727407 -0.000877806 0.000499262 -0.00131218 -0.00117925 0.000133199 -0.000548984 0.00417594 0.00209427 0.00555031 -0.00137778 -0.00118687 -0.00118421 -0.00144052 -0.000982993 0.00295286 -0.0011944
internal_weight=17919.8 3396.6 480.8 332.3 248.7 209.9 72.8 2915.8 137.1 2893 14523.2 165.1 63.5 100.7 2829.5 678.5 2151 132.5 649.4 481.8 71.9 167.6 79.5 409.9 148.5 83.6 2104.8 1061.3 54.1 1007.2
internal_count=18858 3534 424 299 193 163 56 3110 107 3086 15324 183 49 79 3037 643 2394 151 620 474 73 146 69 401 125 106 2358 1125 51 1074
is_linear=0
shrinkage=0.05


Tree=181
num_leaves=31
num_cat=0
split_feature=13 0 0 6 13 29 6 11 10 29 12 1 2 6 6 6 2 2 3 29 4 29 10 11 6 2 2 3 5 29
split_gain=5.43082 2.78258 1.63775 1.60602 0.843857 1.08549 0.979924 2.42212 1.07191 0.837963 1.07889 0.725115 0.496289 0.475074 1.32395 0.409189 0.353524 0.318446 0.32323 0.303725 0.331726 0.225264 0.281459 0.838181 0.63524 0.273581 0.526727 0.418873 0.884968 0.240691
threshold=18.772916793823246 14.588194370269777 10.600694656372072 3.9020833969116215 17.685416221618656 37.366001129150398 0.022916667163372043 6.8875000476837167 42.687500000000007 37.538099288940437 2.2104166746139531 12.319940567016603 5.535067319869996 3.7166665792465214 4.277083396911622 1.6145833134651186 2.6775621175765996 -2.9630951881408687 3.4220833778381352 38.376905441284187 2.8181250095367436 38.16259956359864 55.812500000000007 5.8875000476837167 1.8229166865348818 -0.88334625959396351 -0.64580744504928578 4.0772917270660409 0.37430366873741155 36.33385086059571
decision_type=2 2 2 2 2 2 2 2 2 2 2 2 2 2 2 2 2 2 2 2 2 2 2 2 2 2 2 2 2 2
left_child=1 2 12 4 6 -6 7 -4 -9 11 16 17 13 19 -15 -12 -11 18 -8 20 -1 22 23 24 29 -24 -27 -28 -29 -22
right_child=-2 -3 3 -5 5 -7 9 8 -10 10 15 -13 -14 14 -16 -17 -18 -19 -20 -21 21 -23 25 -25 -26 26 27 28 -30 -31
leaf_value=-3.6184393743382646e-06 0 8.6580669588220977e-07 -5.6434021241764383e-08 2.3612557653053136e-07 4.7665585987988549e-07 -2.9247063659809672e-10 -1.8586858792080109e-07 2.2232067003315199e-07 7.0211911597879655e-07 -8.0703735044370146e-10 1.5608397061114979e-07 4.893716580954887e-07 0.00015380956061338826 7.253538143822164e-08 -2.1498605648694146e-06 6.4112696213092235e-07 1.2752381268990397e-07 -4.4727314962855763e-09 0.0010170958613046151 -4.8046074309028969e-05 -1.1714640866397169e-06 5.7890522906949862e-07 -9.2926561266740259e-06 3.4632803309619935e-07 0.0016627322355966647 0.00021554050070815014 -2.900201547146177e-08 0.00022739261404617351 -7.6490793843309043e-08 -5.5469436802862576e-06
leaf_weight=367.1999899148941 14541.699761211872 27.699999272823334 112.19999647140503 29.899998903274536 33.499998927116394 30.199999213218689 24.899999380111694 30.899999022483826 44.699998676776886 126.79999643564224 35.499999105930328 44.699998438358307 26.999999761581421 37.699998617172241 57.199997901916504 25.39999908208847 37.099998891353607 426.39998823404312 29.799999535083771 526.49999034404755 432.79999351501465 47.599998712539673 324.1999928355217 21.099999368190765 20.199999690055847 17.79999965429306 261.69999438524246 16.5999995470047 56.799998879432678 132.19999575614929
leaf_count=336 15323 27 94 23 27 28 25 25 39 110 33 35 34 29 44 20 33 422 34 675 536 38 338 19 20 18 301 16 66 110
internal_value=-0.0020292 -0.000232144 -0.000361541 0.00129845 0.000957738 0.00652669 0.000579709 0.0038099 0.0107275 -0.000228485 0.00232651 -0.00132085 -0.00109158 -0.00117003 0.00229452 0.00800903 0.000215069 -0.00188682 0.00170475 -0.00131782 -0.000992522 -0.00062547 -0.000750741 3.17493e-05 -0.000321258 -0.00145141 -0.000488099 -0.000933304 0.00240463 -0.000632744
internal_weight=17948 3406.3 3378.6 1032 1002.1 63.7 938.4 187.8 75.6 750.6 224.8 525.8 2346.6 2319.6 94.9 60.9 163.9 481.1 54.7 2224.7 1698.2 1331 1283.4 606.3 585.2 677.1 352.9 335.1 73.4 565
internal_count=18878 3555 3528 948 925 55 870 158 64 712 196 516 2580 2546 73 53 143 481 59 2473 1798 1462 1424 685 666 739 401 383 82 646
is_linear=0
shrinkage=0.05


Tree=182
num_leaves=31
num_cat=0
split_feature=13 7 13 9 0 1 6 9 11 30 0 1 30 30 4 2 29 30 29 6 11 7 9 13 13 5 0 7 1 0
split_gain=5.04795 2.55192 2.96146 2.42008 1.85079 1.24839 1.38119 1.92922 1.04912 0.951615 0.613667 0.550157 2.02066 0.498405 1.01219 0.401275 0.292798 1.05328 0.254357 0.39658 0.236894 0.422611 0.334694 0.616562 0.325486 0.360865 0.235154 0.358884 0.72891 0.154239
threshold=18.772916793823246 2.5520832538604741 3.7208334207534794 304.81250000000006 14.425694465637209 11.182440757751467 0.035416668280959136 180.61805725097659 3.4576388597488408 -121.96850204467772 11.32569456100464 12.319940567016603 -120.26449966430663 -121.73250198364256 4.9418752193450937 0.17990424484014514 38.300350189208991 -120.72000122070311 36.33385086059571 2.2729166746139531 0.60069444775581371 0.69791665673255932 106.02083206176759 5.5062499046325692 5.8125000000000009 0.61059850454330455 11.606249809265138 0.006250000325962902 14.033631324768068 10.440277576446535
decision_type=2 2 2 2 2 2 2 2 2 2 2 2 2 2 2 2 2 2 2 2 2 2 2 2 2 2 2 2 2 2
left_child=1 3 8 4 5 13 7 10 -3 -8 -7 16 -13 14 15 -1 29 -18 19 20 24 -22 -23 -24 -15 -26 27 28 -2 -11
right_child=26 2 -4 -5 -6 6 9 -9 -10 11 -12 12 -14 18 -16 -17 17 -19 -20 -21 21 22 23 -25 25 -27 -28 -29 -30 -31
leaf_value=-9.8519065029994059e-07 0 6.7758376902649082e-07 3.871768751122731e-07 3.5888203148148889e-07 7.8990913211312923e-07 0.0017457093876234509 2.3375779075542345e-07 2.011265999080081e-07 -1.1285569242406498e-06 5.5124755077104103e-08 -5.6136499193713872e-08 -6.7610028870007969e-10 1.2941404524832126e-06 -9.6181819948115569e-05 4.3065002012614769e-07 3.2901155966084436e-07 2.2236865136249228e-06 -4.1953760384627614e-06 -1.3750824605320812e-06 0.00031156140083739916 -1.5891613690969012e-05 -4.8030449159019992e-07 7.4772406077357038e-06 0.00065668850752663346 -7.3565311616663467e-05 0.0012512660851006687 0 0 0.00013362617870252836 -8.066807746991332e-10
leaf_weight=109.79999607801437 28.999999582767487 24.999999225139618 37.099998652935028 19.499999523162842 24.499999284744263 20.199999749660492 28.099999010562897 39.49999874830246 66.299997568130493 61.79999840259552 54.699998080730438 63.099997878074646 24.099999487400055 270.79999577999115 33.599998831748962 25.999999046325684 17.399999439716339 36.599999308586121 1247.4999687075615 35.399999141693115 593.19998997449875 83.499998271465302 78.799998879432678 23.799999713897705 16.899999797344208 37.499999582767487 14264.999765992165 187.39999663829803 23.099999845027924 309.79999107122421
leaf_count=86 30 20 29 21 23 24 23 33 51 62 43 49 23 344 26 20 14 42 1261 38 712 103 102 28 23 47 15048 202 27 284
internal_value=-0.0020405 -0.000301744 0.00661215 -0.000574384 -0.00068019 -0.000784612 0.00116244 0.00615385 0.00177163 0.000106766 0.00143858 -0.000384166 0.00323394 -0.00128364 0.00133707 -0.00058542 -0.00112547 0.00231481 -0.00146959 -0.000929687 -0.00109665 -0.00156968 0.000509134 0.00242203 3.68998e-05 0.00356618 -0.00244622 -0.000892485 0.00277831 -0.0016254
internal_weight=17889 3384.5 128.4 3256.1 3236.6 3212.1 655.3 114.4 91.3 540.9 74.9 512.8 87.2 2556.8 169.4 135.8 425.6 54 2387.4 1139.9 1104.5 779.3 186.1 102.6 325.2 54.4 14504.5 239.5 52.1 371.6
internal_count=18838 3531 100 3431 3410 3387 597 100 71 497 67 474 72 2790 132 106 402 56 2658 1397 1359 945 233 130 414 70 15307 259 57 346
is_linear=0
shrinkage=0.05


Tree=183
num_leaves=31
num_cat=0
split_feature=13 11 6 9 7 13 29 9 5 0 30 1 13 7 2 0 0 13 30 1 7 7 29 29 6 29 3 30 11 1
split_gain=5.50627 1.82069 1.5211 4.21978 1.45178 2.30151 1.08445 1.68304 0.796215 1.48692 0.7115 1.52519 0.668917 0.415134 0.360728 0.551488 0.327112 0.440222 0.577253 0.308863 0.340257 1.1281 0.454781 0.971414 1.54195 0.283663 0.579324 0.192622 0.282029 0.613346
threshold=18.772916793823246 6.0312500000000009 0.039583334699273116 235.43750000000003 2.5520832538604741 3.7208334207534794 38.308649063110359 155.3263854980469 0.44311843812465673 10.440277576446535 -121.73250198364256 9.6083335876464862 6.0937500000000009 3.3333333730697636 5.535067319869996 9.7784724235534686 11.077777385711672 31.395833015441898 -79.178325653076158 9.7586307525634783 0.77291664481163036 0.58541664481163036 36.759901046752937 36.046298980712898 0.2937499880790711 36.914800643920906 2.7092361450195317 -79.273685455322251 0.60069444775581371 8.2797617912292498
decision_type=2 2 2 2 2 2 2 2 2 2 2 2 2 2 2 2 2 2 2 2 2 2 2 2 2 2 2 2 2 2
left_child=1 10 3 8 6 -6 19 12 9 -3 11 -1 -8 14 27 -16 17 -2 -19 -4 21 22 23 -21 -25 -22 -27 -12 29 -29
right_child=16 2 4 -5 5 -7 7 -9 -10 -11 13 -13 -14 -15 15 -17 -18 18 -20 20 25 -23 -24 24 -26 26 -28 28 -30 -31
leaf_value=-1.5710065634660926e-06 0 -3.4489632631973245e-06 -1.2708152212211908e-07 1.985058344700086e-07 -1.0482880627327162e-06 3.6409259510804457e-07 5.8095632075830114e-07 1.2456941266622693e-06 -7.8776490060508309e-08 4.3594753113272474e-07 -4.2163648328725976e-06 5.7318412570753963e-07 -2.4745882414608954e-08 6.4370458057738675e-07 0.00079128882845004307 -2.8177278351659842e-05 0 -1.4642194967606771e-08 0.00012694486976740362 -3.9721683831602256e-06 -7.2245216011326049e-10 4.1181818354625914e-07 -1.6783924556164218e-08 3.7405226096963755e-08 5.0626517834051479e-07 2.1283932469795383e-07 -8.4601045058363413e-10 -8.5861232682071049e-05 -1.6686007676805642e-05 0.00094837546857509225
leaf_weight=79.199997186660767 141.19999814033508 24.699999213218689 167.29999542236328 29.399999141693115 42.899998426437378 39.099998593330383 34.599998950958252 25.399999678134918 81.299997866153717 31.799998939037323 1137.5999712944031 48.399998366832733 48.399998605251312 25.799999117851257 17.699999928474426 17.999999642372131 14405.599760353565 19.099999666213989 24.599999785423279 63.499998390674591 218.69999295473099 37.899998843669891 105.09999632835388 42.099998533725739 24.399999260902405 39.099998950958252 77.199997425079346 290.49999576807022 628.29999089241028 72.499999225139618
leaf_count=62 156 23 161 24 33 31 30 28 75 28 1152 38 46 20 21 24 15148 23 28 73 189 33 81 33 20 31 60 375 799 91
internal_value=-0.00202858 -0.000232476 0.00141032 0.0058134 0.000647975 0.00701219 5.74283e-05 0.0047417 0.00214441 0.00670354 -0.00103538 0.00259404 0.00129518 -0.0012468 -0.00132195 0.00366246 -0.00245339 -0.000363711 0.00402174 -0.000597511 -7.40138e-05 0.00123626 -5.42329e-05 0.00192308 0.00614662 -0.00114179 0.000853396 -0.00140554 -0.000896046 0.000213498
internal_weight=18041.4 3450.9 1132.9 167.2 965.7 82 883.7 108.4 137.8 56.5 2318 127.6 83 2190.4 2164.6 35.7 14590.5 184.9 43.7 775.3 608 273 235.1 130 66.5 335 116.3 2128.9 991.3 363
internal_count=18936 3581 999 150 849 64 785 104 126 51 2582 100 76 2482 2462 45 15355 207 51 681 520 240 207 126 53 280 91 2417 1265 466
is_linear=0
shrinkage=0.05


Tree=184
num_leaves=31
num_cat=0
split_feature=13 1 0 9 6 7 11 11 29 0 11 1 6 9 0 2 4 13 6 12 4 29 6 6 12 9 4 11 29 1
split_gain=5.29036 2.05903 1.46035 1.6403 3.62797 1.22224 1.00959 0.864384 0.776703 0.673797 1.59277 0.61572 1.72861 0.454275 0.384259 0.885916 1.77713 0.967603 0.934844 0.32348 0.295 0.238106 0.189333 0.241889 0.611867 0.612914 0.376301 0.222914 0.160293 0.21918
threshold=18.772916793823246 10.110119342803957 14.122222423553469 235.43750000000003 0.039583334699273116 2.5520832538604741 9.9854164123535174 5.8875000476837167 36.020755767822273 9.3583331108093279 4.9743053913116464 12.319940567016603 1.2729166746139529 37.694442749023445 11.98402786254883 2.0921583175659184 3.169791698455811 11.941666603088381 1.2604166865348818 -0.53124999999999989 1.6168749928474428 34.40844917297364 1.3187500238418581 0.91458335518836986 -6.5520834922790518 121.47916793823244 3.5291665792465214 7.6388888359069833 35.79699897766114 5.7788689136505136
decision_type=2 2 2 2 2 2 2 2 2 2 2 2 2 2 2 2 2 2 2 2 2 2 2 2 2 2 2 2 2 2
left_child=1 6 3 5 -5 8 13 -6 21 10 -10 14 -13 19 15 17 -17 20 -19 -1 -11 -3 23 27 25 -25 -27 -15 29 -26
right_child=-2 2 -4 4 7 -7 -8 -9 9 11 -12 12 -14 22 -16 16 -18 18 -20 -21 -22 -23 -24 24 28 26 -28 -29 -30 -31
leaf_value=1.9638661276633053e-07 0 5.9808453179432954e-07 6.9943244115777299e-07 1.885805427481735e-07 2.4975772502378038e-07 3.7028958421170269e-07 5.5849029698129549e-07 -1.2039092415122874e-08 -2.2276726314816155e-06 2.489033666785989e-07 2.8374401522478177e-07 4.7909475605573427e-07 -8.0370993194023299e-10 -9.7938138326228906e-06 -3.104514423313276e-10 2.1455321963464894e-07 -3.4909335717667884e-08 0.0012140070465136276 -1.9715903373915242e-08 -6.5600747804129951e-06 -1.7764559345767596e-08 -5.1405335697438584e-08 -6.4533292876241249e-06 6.346341623633526e-06 0.00039786266615483986 0.0006649590486487722 0.0016841769891403015 2.3369374953308984e-07 -1.0248740837715448e-05 -3.9209473983480025e-05
leaf_weight=27.299998998641968 14486.799761474133 20.799999237060547 29.099999189376831 26.999999225139618 19.699999511241913 22.199999213218689 21.499999344348907 58.999997913837433 39.999998867511749 19.099999308586121 36.299998819828033 46.399998426437378 44.499998569488525 953.59997951984406 148.59999519586563 29.299999058246613 27.199999094009399 28.499999523162842 31.499999105930328 31.299998879432678 207.69999343156815 377.49999213218689 571.19998550415039 87.499998390674591 24.099999785423279 17.699999749660492 16.199999749660492 40.799998760223389 222.19999605417252 158.99999731779099
leaf_count=21 15284 16 27 22 21 18 19 46 40 15 29 38 35 1048 122 23 22 27 27 25 169 429 604 103 31 19 22 34 266 204
internal_value=-0.00204542 -0.000266329 0.00138258 0.0011109 0.00705534 0.000528899 -0.00118809 0.00162961 0.000285133 0.00133857 0.00575688 0.000760123 0.0045407 -0.00129585 6.14956e-05 0.00098092 0.00670354 -0.000146444 0.0055 0.00304607 -0.00164021 -0.00145807 -0.00141746 -0.00112599 -0.000259636 0.0028542 0.00856195 -0.00158488 -0.00119233 -9.69422e-05
internal_weight=17873.6 3386.8 1214.4 1185.3 105.7 1079.6 2172.4 78.7 1057.4 659.1 76.3 582.8 90.9 2150.9 491.9 343.3 56.5 286.8 60 58.6 226.8 398.3 2092.3 1521.1 526.7 121.4 33.9 994.4 405.3 183.1
internal_count=18806 3522 1126 1099 89 1010 2396 67 992 547 69 478 73 2377 405 283 45 238 54 46 184 445 2331 1727 645 144 41 1082 501 235
is_linear=0
shrinkage=0.05


Tree=185
num_leaves=31
num_cat=0
split_feature=13 0 9 2 13 6 3 9 13 9 2 3 3 11 5 6 13 11 5 29 30 6 12 6 3 11 12 11 30 1
split_gain=6.77533 2.71122 2.02802 2.47903 7.00467 1.10875 1.82699 1.22006 1.05348 1.58448 3.4307 0.677554 2.23057 0.50423 0.496452 0.521557 0.441678 0.732535 0.488434 0.320045 1.46497 0.314617 0.830514 0.262499 0.256724 0.766631 0.253667 0.670385 0.252392 0.225093
threshold=18.772916793823246 14.425694465637209 52.798610687255866 2.0225673913955693 9.6875000000000018 3.7166665792465214 4.3270833492279062 307.38194274902349 9.6875000000000018 235.43750000000003 1.1852225661277773 3.1689583063125615 3.3372222185134892 9.5194444656372088 0.51210764050483715 1.8229166865348818 17.685416221618656 8.9340276718139666 0.85238763689994823 36.797445297241218 -121.73250198364256 1.0000000180025095e-35 -1.9354166388511655 0.78541669249534618 4.0772917270660409 6.7743055820465097 -7.3729166984558097 9.2715277671813983 -121.26300048828124 10.680952548980715
decision_type=2 2 2 2 2 2 2 2 2 2 2 2 2 2 2 2 2 2 2 2 2 2 2 2 2 2 2 2 2 2
left_child=1 2 3 11 -5 7 -7 8 13 16 -11 -1 -13 19 15 -14 18 -18 21 20 -4 22 -10 -22 26 -26 27 -23 -6 -25
right_child=-2 -3 5 4 28 6 -8 -9 9 10 -12 12 14 -15 -16 -17 17 -19 -20 -21 23 24 -24 29 25 -27 -28 -29 -30 -31
leaf_value=-1.0322051168783978e-08 0 6.8576457609159655e-07 5.6212199403122157e-07 1.9525278771581611e-07 -2.8851895317316689e-09 -8.9158317786055411e-08 3.0709498664016623e-07 3.2158361105150137e-07 -1.4019970278413501e-07 -3.3549444617665426e-09 1.8832688034275482e-07 4.2125857973029924e-07 5.3709265029513331e-07 5.30565782130843e-07 7.2661036974482072e-07 -2.9492887021476123e-10 0.00010673477891481875 -1.7646802052683615e-08 0.001236025900342586 -3.8274213142570474e-06 -8.4667478851548119e-06 3.8373522782021468e-07 2.4594055706031685e-07 -1.3235886754654777e-05 1.9472811025322836e-07 -2.6638890749389996e-08 -2.2914151712878252e-08 -2.6040241155564123e-08 1.9041907947950027e-07 2.5137389956242375e-07
leaf_weight=82.899997353553772 14545.499763190746 27.599999248981476 41.599998474121094 23.899999380111694 24.299999237060547 29.899998903274536 29.69999897480011 17.199999570846558 52.79999840259552 53.299998164176941 30.199999094009399 26.499999284744263 35.099998950958252 22.499999344348907 28.199999094009399 95.999996542930603 20.599999666213989 30.599998950958252 27.599999308586121 1075.8999727964401 427.19999206066132 23.299999415874481 25.89999920129776 654.79998886585236 18.699999749660492 30.799999117851257 392.19999116659164 38.799998998641968 27.999999403953552 16.899999380111694
leaf_count=69 15321 26 32 19 19 23 23 20 48 43 28 21 33 19 24 74 20 24 26 1099 504 25 23 796 21 26 412 40 30 13
internal_value=-0.00198995 8.00982e-06 -0.000118489 0.00351624 0.0114764 -0.000528101 0.00622483 -0.000662219 -0.000738765 0.000890171 0.00738024 0.00125884 0.00293595 -0.00128065 0.000701506 -0.000593059 7.06934e-05 0.00453125 -0.000303639 -0.00135625 -0.000772688 -0.000611589 0.00232846 -0.00112135 -0.00107086 0.00234848 -0.00144343 0.00152576 0.00122849 -0.000505062
internal_weight=17978.5 3433 3405.4 344.9 76.2 3060.5 59.6 3000.9 2983.7 744.8 83.5 268.7 185.8 2238.9 159.3 131.1 661.3 51.2 610.1 2216.4 1140.5 582.5 78.7 1098.9 503.8 49.5 454.3 62.1 52.3 671.7
internal_count=18901 3580 3554 289 68 3265 46 3219 3199 736 71 221 152 2463 131 107 665 44 621 2444 1345 595 71 1313 524 47 477 65 49 809
is_linear=0
shrinkage=0.05


Tree=186
num_leaves=31
num_cat=0
split_feature=1 0 9 1 29 29 5 5 0 0 6 6 29 29 11 0 12 2 2 0 2 29 4 9 9 11 11 1 5 0
split_gain=7.36112 3.08035 2.19852 3.11041 5.05923 3.25049 2.35825 3.54995 3.21905 1.58092 1.53397 0.62727 0.717647 1.49523 0.592781 0.573686 0.754655 0.475658 0.345698 0.307618 0.418811 0.29135 1.338 0.313776 0.683877 1.30705 0.343081 0.27869 0.990642 0.360232
threshold=12.68392848968506 11.199305534362795 196.11110687255862 10.193154811859133 37.392648696899421 37.822866439819343 0.43192511796951299 0.39589247107505804 12.317360877990724 14.122222423553469 0.039583334699273116 2.1312500238418584 37.538099288940437 37.392648696899421 8.4368052482604998 9.854861259460451 -0.71041664481163014 -1.08680123090744 6.2567675113677987 10.042360782623293 -2.7961827516555782 36.797445297241218 6.2124998569488534 106.02083206176759 109.52777481079103 4.0534722805023202 -0.57430556416511525 12.319940567016603 0.47135105729103094 11.606249809265138
decision_type=2 2 2 2 2 2 2 2 2 2 2 2 2 2 2 2 2 2 2 2 2 2 2 2 2 2 2 2 2 2
left_child=1 11 3 4 -3 -6 7 8 -4 27 -8 14 13 15 18 -13 -17 -12 21 20 -2 22 23 -1 25 26 -25 29 -29 -5
right_child=19 2 6 9 5 -7 10 -9 -10 -11 17 12 -14 -15 -16 16 -18 -19 -20 -21 -22 -23 -24 24 -26 -27 -28 28 -30 -31
leaf_value=-5.0615376320535832e-06 -7.6538868018800683e-08 -9.8951639127582657e-06 1.4547413175192149e-07 1.4235003989494723e-08 4.0019565074600473e-07 4.5773214436376042e-07 1.6059143576432807e-07 4.2864090448180293e-07 0 6.3852790635018991e-07 0.0014317911359723158 -1.8384189300269224e-07 -2.6508699413341222e-08 9.1883106659862437e-07 1.057861973086105e-06 2.1580719546540153e-07 2.86177197718262e-07 -3.3799983110491632e-08 0.00075240544878488191 0 0.00012059762627903426 -3.0528900999686967e-06 5.7348044482652405e-07 0.00080824980143489049 -4.1832804786964049e-08 0.00017310782793679704 -2.0059757559776034e-05 -4.8666579218397591e-10 3.7501310820555109e-07 -3.4512658194424255e-09
leaf_weight=415.99999231100082 35.599999487400055 54.999998390674591 20.799999237060547 101.69999724626541 34.099999070167542 29.999999105930328 27.39999920129776 23.499999225139618 33.799999117851257 27.099999189376831 17.699999570846558 85.19999760389328 129.59999638795853 25.399999260902405 19.0999995470047 39.999998688697815 28.599998950958252 79.199997901916504 21.499999821186066 14380.49976348877 26.499999523162842 1046.5999736189842 16.099999487400055 15.799999833106993 661.59998846054077 16.099999725818634 89.69999885559082 68.699997663497925 26.299999177455902 343.79999029636383
leaf_count=496 40 56 16 95 27 26 22 19 36 25 17 76 128 20 17 34 22 80 27 15135 27 1072 15 20 790 19 111 55 21 330
internal_value=-0.00197027 8.68466e-05 0.00262878 0.00127894 0.0086251 0.0181708 0.0072085 0.0140173 0.00702381 -0.000262509 0.00293041 -0.000778636 0.00133743 0.00338728 -0.00106243 0.00153121 0.0049344 -2.32205e-05 -0.00113581 -0.00246884 0.00104267 -0.00119579 -0.000669177 -0.000861408 -0.000271962 0.00317434 0.00114929 -0.000853377 0.00160526 -0.00137767
internal_weight=17943 3500.4 889.1 686.7 119.1 64.1 202.4 78.1 54.6 567.6 124.3 2611.3 308.8 179.2 2302.5 153.8 68.6 96.9 2283.4 14442.6 62.1 2261.9 1215.3 1199.2 783.2 121.6 105.5 540.5 95 445.5
internal_count=18874 3672 825 635 109 53 190 71 52 526 119 2847 280 152 2567 132 56 97 2550 15202 67 2523 1451 1436 940 150 131 501 76 425
is_linear=0
shrinkage=0.05


Tree=187
num_leaves=31
num_cat=0
split_feature=1 11 30 13 1 11 11 2 7 6 1 6 3 6 29 7 3 30 30 30 30 6 9 11 10 9 30 29 30 11
split_gain=7.58917 3.76599 1.27835 1.52663 2.82916 3.5411 3.04887 2.71192 1.52062 1.39388 0.862786 0.918916 0.714492 0.696693 1.2235 0.62487 0.623405 2.67939 0.937986 0.608809 1.08732 0.409678 0.771026 0.346433 0.316177 0.412958 0.305281 0.363111 0.258802 0.256599
threshold=12.68392848968506 6.8875000476837167 -83.395496368408189 5.1291666030883798 9.9619050025939959 9.4437499046325701 8.1812500953674334 0.46140010654926306 0.81458333134651195 0.081250000745058074 12.18392848968506 0.097916666418313994 4.5970139503479013 1.5062500238418581 36.504644393920906 0.827083319425583 4.1923611164093026 -121.69250106811522 -76.923053741455064 -120.96650314331053 -121.34000015258788 0.49791666865348821 116.66666793823244 8.3326392173767108 93.965278625488295 108.27083206176759 -79.188957214355455 35.791999816894538 -121.26300048828124 2.3243055343627934
decision_type=2 2 2 2 2 2 2 2 2 2 2 2 2 2 2 2 2 2 2 2 2 2 2 2 2 2 2 2 2 2
left_child=1 10 3 23 5 -5 7 9 -9 -6 16 -12 13 14 -8 -16 24 -18 19 20 -19 22 -4 -3 29 -26 -21 -28 -25 -1
right_child=-2 2 21 4 6 -7 12 8 -10 -11 11 -13 -14 -15 15 -17 17 18 -20 26 -22 -23 -24 28 25 -27 27 -29 -30 -31
leaf_value=-1.2545471237129409e-05 0 -7.8536637138911192e-07 -3.5360212870608202e-09 -3.8887833419093787e-07 2.8407238527594639e-07 4.7328009016235178e-07 3.3019633304265384e-07 3.1023236827252306e-07 2.2587531499722571e-07 -4.3723365770238526e-08 3.4745331591202908e-07 -3.2590370005550701e-08 1.1260171172613322e-07 -1.1913043473912576e-09 0 1.1727889650409332e-07 5.4480642258658563e-07 -5.3342878494573658e-06 6.3777767529837886e-05 -3.6157173797019602e-05 2.411973679770678e-07 -5.8338818998611154e-05 0.0015966312239566794 1.7504099457924683e-07 -7.1403067500996905e-05 0.0016006320256612583 1.0801411879918234e-05 -2.1395797734949273e-05 -2.4706652845815213e-06 -2.9385930711618808e-06
leaf_weight=925.99998319149017 14485.299764215946 113.19999611377716 21.999999642372131 27.299998998641968 24.799999117851257 31.499999165534973 23.89999920129776 32.099998950958252 35.999998807907104 50.999998271465302 34.599998831748962 53.799998939037323 37.299998700618744 160.59999459981918 107.19999617338181 32.299998879432678 23.199999213218689 46.199998497962952 15.199999928474424 337.49999368190765 27.099999070167542 143.29999756813049 16.899999737739563 30.599999070167542 18.699999451637268 21.699999809265137 15.299999892711638 70.099998950958252 31.699998915195465 1004.8999751210213
leaf_count=1072 15257 88 28 21 20 25 19 25 28 40 28 58 31 126 84 25 18 36 18 443 21 187 19 24 19 27 19 93 25 1001
internal_value=-0.00195865 0.000125142 0.00287051 0.00379479 0.00506206 0.0154422 0.00385392 0.0100087 0.0172504 0.00350264 -0.00085023 0.00400452 0.00140257 0.000648147 0.00294676 0.00115591 -0.00102149 0.000492891 -0.000261049 -0.000635833 0.00357094 -0.000880901 0.00366967 -0.000277778 -0.00143218 0.00294554 -0.00136498 0.00130562 0.00271669 -0.00152377
internal_weight=18001.3 3516 921.7 739.5 564 58.8 505.2 143.9 68.1 75.8 2594.3 88.4 361.3 324 163.4 139.5 2505.9 534.6 511.4 496.2 73.3 182.2 38.9 175.5 1971.3 40.4 422.9 85.4 62.3 1930.9
internal_count=18925 3668 815 581 444 46 398 113 53 60 2853 86 285 254 128 109 2767 648 630 612 57 234 47 137 2119 46 555 112 49 2073
is_linear=0
shrinkage=0.05


Tree=188
num_leaves=31
num_cat=0
split_feature=13 11 30 13 11 2 3 4 6 4 13 29 29 7 11 13 10 10 0 29 6 7 13 6 0 4 0 2 3 30
split_gain=9.16891 3.88019 2.31454 1.54596 3.28332 2.74186 2.57638 5.3796 2.5982 2.41596 1.67431 2.68794 3.20803 1.15985 1.07351 0.950044 0.719205 2.84384 0.984392 0.539279 1.86553 0.444018 1.30531 0.432204 0.430981 0.428469 0.469127 0.548134 0.366286 0.363944
threshold=18.772916793823246 5.7333333492279062 -83.395496368408189 5.1291666030883798 8.1812500953674334 -1.1715061664581297 2.2009028196334843 3.2806249856948857 0.022916667163372043 5.0241665840148935 9.6875000000000018 37.32044982910157 37.538099288940437 3.3333333730697636 8.0736107826232928 3.1458333730697636 36.701387405395515 35.145833969116218 12.67152786254883 36.579669952392585 1.9395833611488345 0.62708333134651195 8.1854166984558123 1.2145833373069765 8.6187500953674334 3.8256249427795415 4.9256944656372079 -0.86529502272605885 3.2831250429153447 -78.78957366943358
decision_type=2 2 2 2 2 2 2 2 2 2 2 2 2 2 2 2 2 2 2 2 2 2 2 2 2 2 2 2 2 2
left_child=1 13 3 14 5 28 8 -8 -7 -9 11 -6 -13 16 24 -16 17 18 29 20 -12 -18 23 25 -3 26 -23 -28 -5 -1
right_child=-2 2 -4 4 10 6 7 9 -10 -11 19 12 -14 -15 15 -17 21 -19 -20 -21 -22 22 -24 -25 -26 -27 27 -29 -30 -31
leaf_value=-4.1884408677916875e-06 0 1.0899715129745612e-07 -5.2986197685533413e-05 -8.0470288475531179e-06 -3.0756529114055463e-09 4.7290078310563553e-07 5.6251094869344451e-07 2.183200538452597e-07 -4.18472257579315e-08 5.3345535541606025e-07 3.135728729885053e-07 3.5652186370360719e-07 3.2856130662353684e-07 2.3373881558041987e-07 -1.1831786333409753e-06 1.4244344352931649e-07 -8.8620183790797226e-06 0.0019672968189767383 5.1065395306426511e-07 -1.8258690736929681e-09 -2.1953689248450271e-08 -0.020685350095924968 0.00026846676400892039 -9.4820848330494478e-06 -2.2830609278220362e-06 -3.4352373525970888e-05 0.00019120859544214386 0.00019910761080234722 6.9276993099887116e-07 0.00093298881037840841
leaf_weight=383.09999132156372 14559.399764537811 27.299998998641968 225.69999635219574 38.899998843669891 49.199998259544373 39.399998784065247 25.799999117851257 49.199998259544373 44.399998426437378 38.599998712539673 26.699999034404755 26.299999356269836 35.899998843669891 27.099999070167542 37.799998998641968 28.699999153614044 1189.1999768614769 19.999999761581421 28.099999248981476 225.79999250173569 40.29999852180481 26.799999535083771 34.699999392032623 265.19999289512634 171.49999403953552 151.19999724626541 25.699999511241913 48.099999308586121 25.199999213218689 53.799999356269836
leaf_count=401 15362 21 293 31 38 32 20 38 34 30 21 21 31 21 30 23 1380 20 25 178 31 36 37 274 133 184 25 59 20 66
internal_value=-0.00191427 0.000419611 0.00277362 0.00387486 0.00516111 0.00952677 0.0124443 0.0173504 0.00579356 0.0114522 0.00233671 0.00755386 0.0144614 -0.000788949 0.00064738 0.00614662 -0.000914125 0.000788659 -5.37699e-06 0.000351775 0.00429104 -0.00138851 -0.000216151 -0.000846229 -0.00119215 0.00063741 0.003166 0.00522358 0.000542121 -0.000588808
internal_weight=17969.1 3409.7 1156.7 931 665.7 261.5 197.4 113.6 83.8 87.8 404.2 111.4 62.2 2253 265.3 66.5 2225.9 485 465 292.8 67 1740.9 551.7 517 198.8 251.8 100.6 73.8 64.1 436.9
internal_count=18915 3553 1025 732 525 205 154 88 66 68 320 90 52 2528 207 53 2507 512 492 230 52 1995 615 578 154 304 120 84 51 467
is_linear=0
shrinkage=0.05


Tree=189
num_leaves=31
num_cat=0
split_feature=13 11 6 5 12 4 1 1 5 13 13 11 3 1 29 10 3 10 7 10 1 13 4 12 3 10 1 1 5 12
split_gain=9.25066 4.58385 3.48549 2.81406 4.26685 2.12075 1.66559 2.0554 1.61305 3.90766 1.84446 3.07195 1.47661 1.34719 1.18169 0.94905 0.881594 0.728036 0.539745 0.79233 0.522144 0.407951 0.402745 0.922123 0.331314 0.267474 0.374977 0.228606 0.232992 0.373553
threshold=18.772916793823246 5.7333333492279062 3.7166665792465214 0.42095914483070379 7.0187501907348642 4.6445834636688241 8.9360117912292498 11.775893211364748 0.30788272619247442 6.0937500000000009 8.8375000953674334 7.7541666030883798 3.4461804628372197 12.18392848968506 37.32044982910157 79.340278625488295 4.648750066757203 36.701387405395515 0.85208335518836986 56.493055343627937 10.193154811859133 3.7208334207534794 1.5547916889190676 -3.0770833492279048 3.3210417032241826 27.180555343627933 11.32470226287842 3.9068452119827275 0.6451309621334077 3.7229166030883794
decision_type=2 2 2 2 2 2 2 2 2 2 2 2 2 2 2 2 2 2 2 2 2 2 2 2 2 2 2 2 2 2
left_child=1 2 13 4 6 22 -3 8 10 -10 20 -12 -7 25 -13 -11 -14 -15 19 -9 21 -8 23 -5 -24 26 27 -1 -29 -30
right_child=-2 3 -4 5 -6 12 7 18 9 15 11 14 16 17 -16 -17 -18 -19 -20 -21 -22 -23 24 -25 -26 -27 -28 28 29 -31
leaf_value=0.0012914554917764218 0 -4.8441908516967897e-06 6.3180895088148421e-07 2.9533418677840653e-07 1.7734400433677689e-06 3.1617437003971004e-07 1.1568605473577521e-08 -1.4970329018418513e-08 1.0553757563647182e-06 2.2437331100683205e-07 3.8890924035678113e-07 -7.7029245988058119e-08 -1.356238166701528e-08 5.1063299824072315e-07 5.3102048075959198e-07 1.3015225620392484e-07 8.6491253925944485e-07 4.0932706867088856e-07 -5.0893345426850095e-09 4.9506146804426151e-07 -4.3752940492834833e-08 1.5437538422036874e-07 -2.6766189996089087e-08 -1.2870665871357181e-07 3.6227193285467164e-07 -9.2456818195027569e-06 0.000443151111206902 -1.5162866300378795e-05 -1.481364717728911e-05 0.00060820434742631828
leaf_weight=20.499999582767487 14512.699760377407 74.599997699260712 47.899998307228088 25.199999153614044 32.699999272823334 37.299998700618744 25.39999908208847 26.599999129772186 25.399999260902405 30.599999070167542 32.599998891353607 31.999998927116394 59.099998116493225 18.799999475479126 25.699999392032623 41.299998641014099 22.89999932050705 28.299999237060547 73.699997305870056 32.699998915195465 67.099997639656067 34.899998784065247 439.59998774528503 30.799998998641968 30.799999296665192 1806.1999631524086 20.899999737739563 232.89999461174011 52.099998831748962 37.499999523162842
leaf_count=21 15303 70 37 20 29 31 20 22 20 24 26 28 55 18 21 33 21 27 57 27 53 27 416 24 32 2068 21 247 57 47
internal_value=-0.00191403 0.000406724 -0.000917289 0.00290383 0.00551369 0.000659361 0.00441734 0.0055692 0.00776984 0.0131218 0.00537781 0.0108444 0.00667854 -0.00120558 0.00391248 0.0071662 0.00292683 0.0071603 0.000357142 0.00390809 0.00150314 0.00487977 -0.000704788 0.00330357 -0.00118197 -0.00138715 -0.000150454 -0.000546648 -0.000872094 0.00129464
internal_weight=17978.8 3466.1 2265.1 1201 555.3 645.7 522.6 448 315 97.3 217.7 90.3 119.3 2217.2 57.7 71.9 82 47.1 133 59.3 127.4 60.3 526.4 56 470.4 2170.1 363.9 343 322.5 89.6
internal_count=18902 3599 2543 1056 457 599 428 358 252 77 175 75 107 2506 49 57 76 45 106 49 100 47 492 44 448 2461 393 372 351 104
is_linear=0
shrinkage=0.05


Tree=190
num_leaves=31
num_cat=0
split_feature=13 1 1 6 6 13 12 9 12 30 9 6 30 1 30 5 7 30 11 7 4 30 11 1 11 30 1 11 10 3
split_gain=7.66352 3.17455 2.44634 2.40245 2.22823 1.76003 1.99612 1.67791 1.2412 2.98969 1.03209 1.56608 0.935286 0.84064 1.75054 2.26865 1.07716 1.55971 0.670411 0.523484 0.291108 0.324602 0.264703 0.552533 1.45033 0.262138 0.262507 0.581921 0.261549 0.234524
threshold=18.772916793823246 11.182440757751467 11.455654621124269 1.4479166865348818 2.8770833015441899 3.7208334207534794 -1.8937500119209287 208.88194274902347 7.0187501907348642 -121.17950057983397 44.020833969116218 1.0854166746139529 -121.96850204467772 12.18392848968506 -121.34000015258788 0.1828102841973305 0.69791665673255932 -117.08349990844725 3.2881944179534917 1.7333332896232607 1.4585416316986086 -122.06850051879881 2.8986110687255864 9.9619050025939959 1.4270833730697634 -79.269531249999986 3.9068452119827275 -2.2937500476837154 14.590277671813967 5.1892361640930185
decision_type=2 2 2 2 2 2 2 2 2 2 2 2 2 2 2 2 2 2 2 2 2 2 2 2 2 2 2 2 2 2
left_child=1 4 3 7 10 18 -7 -3 13 -10 11 -1 -12 19 -15 -16 17 -17 -6 20 -4 -22 23 25 -25 28 27 -27 -14 -24
right_child=-2 2 8 -5 5 6 -8 -9 9 -11 12 -13 22 14 15 16 -18 -19 -20 -21 21 -23 29 24 -26 26 -28 -29 -30 -31
leaf_value=7.297170987783687e-07 0 -9.0338885608872156e-08 1.0034666834135565e-07 1.6847680411991029e-06 5.7395137545861978e-07 6.4001783780520691e-07 1.2760250214238767e-07 2.2251682784854108e-07 1.7846531237819542e-07 -2.9434947701467706e-08 6.9850193652404986e-07 -5.1853849995418155e-08 7.0094192973567e-05 -8.114551333804727e-09 5.5537756538104333e-07 4.4226190235828467e-07 -1.3982526229918911e-08 -1.1134775336651969e-06 -3.5692311840499911e-06 1.8966103573650776e-07 3.4324524372242319e-07 -6.4464622147924498e-09 -2.1942848233281283e-06 -9.6179596909759117e-06 3.4883080693270755e-05 -5.2175985811694145e-05 -2.9809404594596746e-05 0.0008246690559916294 -3.9488415601618643e-05 2.7486483427430212e-06
leaf_weight=31.899999141693115 14612.499758303165 70.899998366832733 3.6999999284744254 46.099998593330383 36.099998891353607 25.799999237060547 46.099998414516449 42.599998593330383 19.499999284744263 22.799999594688416 46.999998331069946 47.699998378753662 43.199998795986176 92.799996674060822 23.899999380111694 33.19999897480011 38.699998795986176 20.199999630451202 80.699997067451477 34.899998784065247 17.999999403953552 244.89999347925186 1124.399972140789 110.49999791383743 27.999999403953552 91.99999862909317 435.59999370574951 25.199999749660492 516.29998999834061 23.199999451637268
leaf_count=31 15373 75 3 37 33 22 37 36 15 26 38 37 38 72 19 26 31 26 63 27 14 237 1138 123 26 122 558 30 615 28
internal_value=-0.00196198 0.000166452 0.00313746 0.00859022 -0.000613278 0.00462772 0.0107823 0.00468062 0.00156261 0.00979314 -0.00100495 0.00459799 -0.00118733 0.000880364 0.00331896 0.00741379 0.00385179 0.00845506 0.00083904 -0.000808458 -0.00156227 -0.00175827 -0.00132422 -0.000821075 0.00215704 -0.0011919 -0.000419682 0.00168089 -0.00195487 -0.0018726
internal_weight=18038.4 3425.9 712.2 159.6 2713.7 188.7 71.9 113.5 552.6 42.3 2525 79.6 2445.4 510.3 208.8 116 92.1 53.4 116.8 301.5 266.6 262.9 2398.4 1250.8 138.5 1112.3 552.8 117.2 559.5 1147.6
internal_count=18956 3583 644 148 2939 155 59 111 496 41 2784 68 2716 455 174 102 83 52 96 281 254 251 2678 1512 149 1363 710 152 653 1166
is_linear=0
shrinkage=0.05


Tree=191
num_leaves=31
num_cat=0
split_feature=13 11 5 12 7 11 6 3 29 11 30 6 6 1 30 0 13 3 0 1 3 5 2 30 3 11 2 6 7 11
split_gain=7.9877 3.38634 1.94963 4.82093 1.89867 2.66925 1.8771 2.78094 2.38279 2.28889 2.81538 1.77329 2.12063 1.08766 0.822242 0.680232 0.656616 0.577715 0.369812 0.658594 0.35943 0.344236 0.372147 0.203047 0.440927 0.311015 0.578674 0.57239 0.262073 0.447884
threshold=18.772916793823246 6.3777778148651132 0.43405336141586309 7.0187501907348642 1.7645833492279055 7.7541666030883798 0.056250000372529037 2.0406249761581425 37.32044982910157 8.0736107826232928 -121.08399963378905 3.7166665792465214 4.277083396911622 12.18392848968506 -120.72000122070311 11.489583492279055 6.8208334445953378 1.3286111354827883 10.042360782623293 13.928274154663088 3.0744445323944096 0.82789757847785961 2.0225673913955693 -79.273685455322251 6.1716666221618661 5.7333333492279062 -0.48823757469654078 1.2604166865348818 0.577083319425583 0.60069444775581371
decision_type=2 2 2 2 2 2 2 2 2 2 2 2 2 2 2 2 2 2 2 2 2 2 2 2 2 2 2 2 2 2
left_child=1 11 3 6 17 -6 7 16 -8 -10 15 13 -13 23 -15 -11 -3 -4 19 -2 -7 -19 -23 25 28 -1 -27 -28 29 -25
right_child=18 2 4 -5 5 20 8 -9 9 10 -12 12 -14 14 -16 -17 -18 21 -20 -21 -22 22 -24 24 -26 26 27 -29 -30 -31
leaf_value=-7.5099598182712587e-06 -2.5827174026836251e-06 6.5321899967440979e-07 9.5329334925953191e-08 1.6005296391397029e-06 2.8212809952845595e-07 -3.0535342146877364e-08 -4.9416381820459747e-09 3.2638400466438809e-07 -9.7591721666803631e-08 1.3795679129915317e-07 5.276086871119912e-07 5.0567025491565497e-07 -8.6704973373596953e-06 5.0517755959848867e-07 -1.5063667146319772e-07 3.713907538196474e-09 -3.66310868251881e-08 -2.950886465844791e-08 0 0.00015898834458433209 9.1778343065951346e-07 -1.1527180380821457e-05 0.001319103426818445 0.0004094396215319341 0.00033260536912502929 -2.6523559749038905e-05 -5.1768873085395323e-07 3.9480553423171028e-07 4.3286982212564773e-07 -2.9160324354082806e-05
leaf_weight=1162.5999702215195 71.299999058246613 22.499999284744263 44.899998545646667 27.999999403953552 35.099998712539673 37.099998831748962 217.19999241828918 35.399998843669891 49.599998593330383 34.999998807907104 38.099999189376831 29.899998903274536 25.799999117851257 26.299999177455902 26.999999284744263 49.899998426437378 27.099999070167542 356.69999051094055 14437.39976388216 20.899999678134918 25.199999153614044 19.399999678134918 24.899999558925629 301.69999563694 15.799999773502348 58.599997997283936 26.599999129772186 25.999999046325684 246.59999620914459 449.8999936580658
leaf_count=1178 77 19 35 24 27 29 176 30 44 28 33 23 20 21 28 39 23 359 15200 21 20 18 27 383 22 46 22 20 324 565
internal_value=-0.00194387 0.000221542 0.00259511 0.0048389 0.000518589 0.00684291 0.00364996 0.0103824 0.00218189 0.00656721 0.0102236 -0.00081442 0.00800269 -0.0010242 0.00603658 0.00515607 0.00274193 -0.000862862 -0.00245698 0.000699565 0.000630015 -0.00146509 0.00269187 -0.0011887 -0.00066075 -0.00160897 0.000917266 0.00472433 -0.000791926 -0.00125599
internal_weight=17972.5 3442.9 1046.1 502.8 543.3 97.4 474.8 85 389.8 172.6 123 2396.8 55.7 2341.1 53.3 84.9 49.6 445.9 14529.6 92.2 62.3 401 44.3 2287.8 1014 1273.8 111.2 52.6 998.2 751.6
internal_count=18881 3583 931 416 515 76 392 72 320 144 100 2652 43 2609 49 67 42 439 15298 98 49 404 45 2560 1294 1266 88 42 1272 948
is_linear=0
shrinkage=0.05


Tree=192
num_leaves=31
num_cat=0
split_feature=1 30 13 1 0 5 5 10 11 29 1 11 7 7 13 7 1 13 30 1 10 11 7 4 4 4 10 7 11 30
split_gain=7.05235 1.99638 1.50273 2.76565 1.26609 1.38545 2.74916 1.47127 1.78636 1.25162 1.51067 0.640205 0.57532 1.78767 0.494449 0.632822 0.490934 0.880846 0.391037 0.543295 0.417099 0.570307 0.498272 0.38826 0.462529 0.779711 0.363364 0.344672 0.324212 0.295969
threshold=12.68392848968506 -121.79750061035155 2.1354167461395268 10.680952548980715 10.970833301544191 0.42822523415088659 0.39384433627128607 83.506942749023452 9.9194440841674822 37.392648696899421 11.026190280914308 8.0736107826232928 1.4020833373069765 1.4625000357627871 5.1291666030883798 2.1937500238418584 12.319940567016603 17.685416221618656 -79.273685455322251 11.617261886596681 93.965278625488295 2.3243055343627934 0.81458333134651195 5.9193749427795419 3.045624971389771 2.3531249761581425 13.923611164093019 3.1875000000000004 -0.3763888925313949 -79.24431991577147
decision_type=2 2 2 2 2 2 2 2 2 2 2 2 2 2 2 2 2 2 2 2 2 2 2 2 2 2 2 2 2 2
left_child=1 2 -1 -4 12 6 7 23 9 10 -9 -5 18 -14 27 -16 -7 -18 19 26 21 22 29 24 25 -6 28 -15 -3 -20
right_child=-2 4 3 11 5 16 -8 8 -10 -11 -12 -13 13 14 15 -17 17 -19 20 -21 -22 -23 -24 -25 -26 -27 -28 -29 -30 -31
leaf_value=-1.4350765295312947e-05 0 -9.138391335747898e-05 1.2965718831213563e-06 3.0776711656836904e-07 -8.0830945048404598e-09 -2.6324626565044511e-08 1.5816047698737558e-06 -1.1057218174731295e-05 -4.1820583440710384e-09 2.7869410630983442e-07 2.3013895310115912e-07 -2.9642761847651923e-09 2.9253402552958943e-05 -5.2517397503874003e-06 -1.0316723897396686e-08 5.9391054093582704e-07 4.8531739809121183e-07 -8.0295717852507664e-09 0.00057159843011357766 4.2780679529307763e-08 0.00044665835745454633 -6.005053741036243e-05 0.00091674277607367018 1.5571557531679493e-06 -8.4874091985096123e-09 4.7052008678716286e-07 -4.2811706418884625e-06 1.7265837086801607e-07 8.0778241026610269e-05 -1.7373346853896161e-05
leaf_weight=41.499998569488525 14466.999764204025 22.699999392032623 33.799998760223389 26.699999034404755 25.899999141693115 392.29999041557312 43.699998676776886 31.19999885559082 55.799998223781586 42.799998760223389 28.599998950958252 50.199998319149017 20.599999487400055 159.29999482631683 31.699998915195465 25.799999117851257 24.599999189376831 25.899999499320984 53.699999332427979 39.799999058246613 26.399999618530273 340.59999459981918 21.099999785423279 22.399999260902405 218.09999412298203 25.599999189376831 1110.8999726176262 50.499998211860657 31.999999105930328 535.19999241828918
leaf_count=33 15248 23 26 21 23 409 37 24 48 34 22 42 20 143 25 20 20 27 67 36 32 430 27 20 217 20 1131 39 26 682
internal_value=-0.00198215 1.16586e-05 0.00561432 0.00865628 -0.000238613 0.00132645 0.00314663 0.0019849 0.0058649 0.0097807 0.00510869 0.00341677 -0.000832187 0.00126867 0.000174896 0.00428261 -0.000704608 0.00393564 -0.00110933 -0.00171188 -0.000365917 -0.000538082 0.000377049 -0.000119864 -0.000645401 0.0036165 -0.00190803 -0.000950906 0.00207038 0.000106554
internal_weight=18026.4 3559.4 152.2 110.7 3407.2 936.9 494.1 450.4 158.4 102.6 59.8 76.9 2470.3 287.9 267.3 57.5 442.8 50.5 2182.4 1205.4 977 950.6 610 292 269.6 51.5 1165.6 209.8 54.7 588.9
internal_count=18972 3724 122 89 3602 901 445 408 128 80 46 63 2701 247 227 45 456 47 2454 1216 1238 1206 776 280 260 43 1180 182 49 749
is_linear=0
shrinkage=0.05


Tree=193
num_leaves=31
num_cat=0
split_feature=13 11 9 9 3 12 3 7 29 12 12 11 30 2 12 13 12 10 6 9 13 6 2 30 12 12 2 0 2 10
split_gain=6.74551 2.93365 1.89201 5.85595 1.98618 3.00864 3.55064 1.54267 0.72505 0.528363 1.34698 1.79419 0.460348 0.457681 0.415948 0.412743 0.62214 1.7751 0.504593 1.07354 0.348798 0.309516 0.676298 0.281234 0.300071 0.522329 1.05065 0.237894 0.548168 0.223415
threshold=19.608332633972172 6.8875000476837167 236.13194274902347 258.72917175292974 2.8921527862548833 3.4562499523162846 3.4994443655014043 2.9729166030883794 39.16569900512696 1.0395833253860476 -1.9937499761581419 9.1944441795349139 -121.96850204467772 -0.97018632292747486 -0.71041664481163014 9.1541666984558123 -4.3979167938232413 58.743055343627937 0.010416666977107527 154.40277862548831 13.706250190734865 0.93541666865348827 0.98057714104652416 -79.269531249999986 3.5729167461395268 5.2729167938232431 -0.20288561284542081 10.042360782623293 -0.86529502272605885 80.090278625488295
decision_type=2 2 2 2 2 2 2 2 2 2 2 2 2 2 2 2 2 2 2 2 2 2 2 2 2 2 2 2 2 2
left_child=1 7 4 -4 8 9 -7 15 12 10 13 14 -3 -6 -12 23 17 -17 19 -18 -5 -20 -23 -1 -25 26 -26 28 -2 -11
right_child=27 2 3 20 5 6 -8 -9 -10 29 11 -13 -14 -15 -16 16 18 -19 21 -21 -22 22 -24 24 25 -27 -28 -29 -30 -31
leaf_value=-4.9327485580964647e-06 -3.3747260384742185e-06 1.2100921108334986e-07 1.3333468807924528e-07 6.4812517874823788e-08 5.6421501388737032e-07 1.4414229186854311e-06 4.2143097200036646e-07 4.9238440116061735e-07 6.3195990814063456e-07 2.2021426834273328e-07 -1.8872550763033982e-08 1.0245698059963004e-06 0 -2.2804362380921411e-12 3.5305272941968773e-07 -6.3427655538273819e-10 0 0.00039480067089315088 -1.012542478314926e-07 0.00030320205553434348 0 -9.2200839462483938e-09 0.00049583380115592057 -2.9733249071664248e-05 0.0007078357061725064 -7.7177943793327327e-05 -0.04150818741599327 0 0.00010661832773586345 -2.6784792817036163e-08
leaf_weight=1209.3999679684639 59.89999932050705 37.499998688697815 26.499999105930328 25.199999153614044 24.699999213218689 37.799998998641968 38.199998795986176 40.099998593330383 32.699999094009399 22.599999248981476 31.899998843669891 25.499999284744263 424.59998780488968 71.499997973442078 32.19999885559082 50.299998819828033 31.799998998641968 27.499999523162842 234.39999550580978 27.399999260902405 34.49999874830246 74.199998438358307 31.799999177455902 605.29999107122421 32.799999713897705 172.59999740123749 26.299999535083771 14408.199762642384 26.699999570846558 66.699997901916504
leaf_count=1202 67 29 21 20 23 30 34 31 31 18 25 21 396 69 26 51 30 29 268 24 27 70 32 775 40 222 37 15196 27 53
internal_value=-0.0019814 -1.00121e-05 0.00239218 0.00944895 0.00167307 0.00454927 0.0133553 -0.000883323 -0.000367826 0.0021165 0.00363563 0.00804687 -0.000876975 -0.000472974 0.00358424 -0.00103792 0.000285923 0.00437661 -0.000510511 0.00375 0.000766331 -0.00125147 0.000990565 -0.00134676 -0.000642175 0.000888001 0.00494501 -0.00245688 0.000155888 -0.00104423
internal_weight=17990.8 3496 932.1 86.2 845.9 351.1 76 2563.9 494.8 275.1 185.8 89.6 462.1 96.2 64.1 2523.8 477.4 77.8 399.6 59.2 59.7 340.4 106 2046.4 837 231.7 59.1 14494.8 86.6 89.3
internal_count=18924 3634 823 68 755 299 64 2811 456 235 164 72 425 92 51 2780 504 80 424 54 47 370 102 2276 1074 299 77 15290 94 71
is_linear=0
shrinkage=0.05


Tree=194
num_leaves=31
num_cat=0
split_feature=13 11 10 10 7 10 2 13 13 13 29 10 10 6 13 13 9 10 10 2 2 2 9 3 10 10 29 10 3 12
split_gain=5.53443 2.3095 1.21805 3.3329 1.19859 1.14847 1.59331 0.894723 1.17218 0.827776 0.629299 1.18742 1.06061 1.38534 1.62056 1.63898 2.00105 0.551025 0.836493 0.298105 0.247889 0.605377 0.667064 1.02471 0.441146 0.414371 0.438038 0.347166 0.218725 0.299535
threshold=19.608332633972172 6.8875000476837167 56.493055343627937 52.659723281860359 3.3333333730697636 97.40277481079103 -2.2559653520584102 11.941666603088381 9.6875000000000018 18.772916793823246 36.708299636840827 92.340278625488295 81.270832061767592 0.80625000596046459 2.1354167461395268 9.1541666984558123 66.604167938232436 72.215278625488295 67.083332061767592 6.2567675113677987 0.53440734744071972 -0.36594201624393458 93.895832061767592 4.0772917270660409 93.965278625488295 34.500000000000007 35.68836975097657 18.479166030883793 8.2372221946716326 1.5187500119209292
decision_type=2 2 2 2 2 2 2 2 2 2 2 2 2 2 2 2 2 2 2 2 2 2 2 2 2 2 2 2 2 2
left_child=1 4 3 7 9 10 -7 8 -3 19 -4 12 17 -14 -15 -16 -17 18 -12 20 21 24 23 -23 -1 26 -24 -28 -22 -30
right_child=-2 2 5 -5 -6 6 -8 -9 -10 -11 11 -13 13 14 15 16 -18 -19 -20 -21 28 22 25 -25 -26 -27 27 -29 29 -31
leaf_value=-5.532749873656124e-06 0 -1.187217763635264e-07 0 1.3693517727508819e-06 1.0322820713781767e-07 1.3705484215864595e-07 -4.3783525884203633e-08 -3.1324351523142424e-10 0.00047562551136696182 5.0627123937552204e-09 0 -2.4013930461055829e-08 -5.8476808762310525e-09 -1.6564950275078908e-05 7.2151526760469703e-07 -1.9602908485758294e-09 4.5569555203184288e-07 -6.5132224324124659e-09 6.3884181084050695e-07 8.0506988806516851e-06 -1.652261893329794e-05 1.4537295337294302e-07 0.00065531057193590205 1.4732071057390201e-06 0.00030818688189596517 -9.5240226635028496e-09 5.3616056163178163e-05 -3.2607960137051314e-05 -0.00022346254877180237 0.0010153954287904486
leaf_weight=1382.0999692678452 14426.699764609337 32.19999897480011 253.89999294281006 30.299998998641968 27.299998998641968 25.399999260902405 27.699999213218689 69.19999772310257 36.799998998641968 24.89999932050705 39.299998581409454 125.29999589920044 49.999998390674591 25.999999046325684 38.099998712539673 30.999998927116394 31.599999070167542 85.499997615814209 24.099999248981476 24.29999977350235 728.89998555183411 38.69999885559082 19.599999725818634 22.699999272823334 31.399999439716339 132.59999686479568 23.699999332427979 35.699999153614044 16.099999725818638 13.999999761581419
leaf_count=1439 15221 28 259 25 21 20 25 58 32 21 31 101 42 20 31 24 26 71 21 31 895 37 24 19 34 146 19 43 23 20
internal_value=-0.00203035 -0.000230832 0.00190414 0.00574926 -0.00101507 0.00104928 0.0081403 0.00245658 0.00648551 -0.00112909 0.000515039 0.00163617 0.00322789 0.00584748 0.00862865 0.011502 0.00652556 0.000119207 0.00365142 -0.00122054 -0.0012753 -0.000937593 0.00121795 0.00580619 -0.00135391 -0.000113422 0.00275316 0.000614477 -0.00202569 0.00215116
internal_weight=17875.1 3448.4 926.4 168.5 2522 757.9 53.1 138.2 69 2494.7 704.8 450.9 325.6 176.7 126.7 100.7 62.6 148.9 63.4 2469.8 2445.5 1686.5 273 61.4 1413.5 211.6 79 59.4 759 30.1
internal_count=18807 3586 814 143 2772 671 45 118 60 2751 626 367 266 143 101 81 50 123 52 2730 2699 1761 288 56 1473 232 86 62 938 43
is_linear=0
shrinkage=0.05


Tree=195
num_leaves=31
num_cat=0
split_feature=13 7 6 30 13 13 1 6 29 6 10 6 12 12 7 0 6 12 6 2 2 13 0 30 2 3 10 29 1 1
split_gain=5.40311 2.04048 3.09004 1.43605 0.980962 1.17948 0.879326 0.830047 0.943301 1.52037 0.607105 0.739655 0.336221 1.18359 0.338847 0.856706 2.52586 0.613989 0.278732 0.240748 0.549539 0.420593 0.823819 0.306162 0.196556 0.165625 0.361914 0.163487 0.286595 0.340553
threshold=19.608332633972172 2.9729166030883794 4.277083396911622 -121.96850204467772 2.1354167461395268 9.6875000000000018 12.18392848968506 1.7687500119209292 37.167884826660163 0.73958334326744091 46.770833969116218 0.18124999850988391 -2.3520833253860469 -2.1854166984558101 0.59375000000000011 11.199305534362795 1.6145833134651186 -1.1229166388511655 0.35208332538604742 -0.076798651367425905 -0.26186594367027277 3.7208334207534794 11.32569456100464 -79.16057968139647 1.8141951560974123 4.8893055915832528 55.548612594604499 35.676872253417976 8.6630954742431658 8.0916666984558123
decision_type=2 2 2 2 2 2 2 2 2 2 2 2 2 2 2 2 2 2 2 2 2 2 2 2 2 2 2 2 2 2
left_child=1 3 -3 4 -1 -6 12 8 10 -10 11 -8 -5 -14 18 -16 -17 -18 19 20 21 23 -23 -15 -12 -21 -27 28 29 -20
right_child=-2 2 -4 6 5 -7 7 -9 9 -11 24 -13 13 14 15 16 17 -19 27 25 -22 22 -24 -25 -26 26 -28 -29 -30 -31
leaf_value=-2.0191843366794065e-05 0 7.858749038438321e-07 -9.4411808521119065e-08 -3.6512448569928742e-07 1.4052578582319197e-06 1.0280702775976737e-07 7.762502386654547e-07 -1.5878017193079771e-08 4.380591846421154e-07 4.3291077442830785e-07 0 7.494801693486153e-07 5.8365050672046663e-08 -7.7032612094544846e-06 -2.5357286447999926e-08 1.300884184113338e-06 7.3937405950247785e-08 -2.2019246430449878e-08 -3.2097896634902679e-05 -3.242629629248098e-06 5.2836222482934616e-05 0.00024529632319487737 -1.6840079164965509e-07 0.00064187224408889508 2.4664209415381501e-07 0.00096462565735092607 -0.0058440302342187625 -1.315581241884321e-05 -1.2300947725992676e-05 0.000543944453306216
leaf_weight=30.399998962879181 14341.699766337872 32.499998807907104 53.299998044967651 1191.3999738693237 32.799998879432678 47.299998342990875 20.89999932050705 70.799997568130493 37.19999897480011 23.199999332427979 61.799997925758362 24.099999308586121 34.999999046325684 112.49999725818634 469.79998755455017 42.299998879432678 32.099998950958252 86.299997091293335 31.399999678134918 196.29999488592148 23.199999332427979 30.099999368190765 27.599999308586121 28.399999678134918 24.599999248981476 16.199999690055847 21.699999630451202 551.19998878240585 97.39999794960022 22.399999737739563
leaf_count=24 15167 25 41 1328 28 37 17 56 36 20 50 23 38 107 460 37 25 69 40 191 22 29 26 34 20 20 31 636 110 28
internal_value=-0.00203553 -0.000266393 0.00734848 -0.000459214 0.00514706 0.00804931 -0.000648205 0.00212681 0.00383472 0.00900662 0.00145738 0.00616667 -0.000889879 -0.000463157 -0.000641317 0.000291435 0.00344275 -0.000304055 -0.001149 -0.000186404 0.000994138 0.000143504 0.00373917 -0.00132896 -0.000995371 -0.00130444 0.00172164 -0.00177392 -0.000317461 0.00261152
internal_weight=17815.9 3474.2 85.8 3388.4 110.5 80.1 3277.9 262.6 191.8 60.4 131.4 45 3015.3 1823.9 1788.9 630.5 160.7 118.4 1158.4 456 221.8 198.6 57.7 140.9 86.4 234.2 37.9 702.4 151.2 53.8
internal_count=18775 3608 66 3542 89 65 3453 222 166 56 110 40 3231 1903 1865 591 131 94 1274 460 218 196 55 141 70 242 51 814 178 68
is_linear=0
shrinkage=0.05


Tree=196
num_leaves=31
num_cat=0
split_feature=1 11 5 3 9 12 1 9 9 6 6 30 4 2 6 29 12 12 6 5 5 12 9 9 29 4 13 11 29 12
split_gain=6.55739 2.13851 1.32358 5.53075 5.87042 1.45457 1.07783 1.89696 0.8158 1.23502 0.733324 1.85033 0.617108 1.14862 0.456755 0.451973 0.651973 0.367738 0.213359 0.211986 0.321055 0.2105 0.470536 0.204661 0.25417 0.491661 0.687511 0.339314 0.558268 0.42768
threshold=12.68392848968506 6.8875000476837167 0.24162441492080691 2.6965972185134892 173.39582824707034 7.4229166507720956 12.18392848968506 237.25694274902347 44.020833969116218 1.872916638851166 3.4541666507720952 -121.08399963378905 4.6856250762939462 -0.60772517323493946 0.022916667163372043 37.822866439819343 1.7895833253860476 -2.939583301544189 1.6479166746139529 0.091312047094106688 0.13158950209617618 15.002083301544191 151.77082824707034 44.020833969116218 36.13434028625489 5.6337499618530282 5.1291666030883798 0.60069444775581371 36.020755767822273 3.8895833492279057
decision_type=2 2 2 2 2 2 2 2 2 2 2 2 2 2 2 2 2 2 2 2 2 2 2 2 2 2 2 2 2 2
left_child=1 6 3 4 -3 8 10 17 9 -4 23 -12 14 -14 15 16 -10 -8 -15 -5 -21 -2 -23 -1 25 27 -27 28 29 -25
right_child=21 2 5 19 -6 -7 7 -9 12 -11 11 -13 13 18 -16 -17 -18 -19 -20 20 -22 22 -24 24 -26 26 -28 -29 -30 -31
leaf_value=4.5454254138133555e-07 0 6.4480184019557062e-08 6.5157890843936531e-08 -6.2423703630658318e-09 4.1126523570578224e-07 1.2358399749057281e-06 8.1674250570484838e-07 7.584897771029109e-07 0.00098112767943821797 1.1093270075417538e-08 -1.0643144416943494e-06 1.249295992000783e-06 1.4860878579295131e-07 1.0514232861025263e-06 -3.1210497809769284e-08 -8.1041854185481599e-08 -1.981908524249789e-07 -1.2691110694610975e-06 -2.828159256331685e-08 3.8755086355939354e-07 -1.2950405665016552e-08 0.00014570801096832619 0 -0.00032175582015225819 -7.8557015400381217e-06 -1.2495218644603678e-05 3.5117725386279997e-06 -2.0642611622567754e-05 0.0014667808057847011 0.00054254669531837761
leaf_weight=39.299998879432678 14318.799762547016 41.199998676776886 34.299998998641968 51.999998331069946 26.899999141693115 32.09999942779541 24.499999403953552 17.899999499320984 28.899999260902405 50.499998211860657 41.599998474121094 27.099999070167542 25.999999165534973 20.299999415874481 409.39998823404312 30.999999046325684 29.299998998641968 35.599999189376831 36.19999897480011 32.399998903274536 66.499997794628143 15.899999797344206 34.899999678134918 190.0999967455864 1235.3999696969986 18.899999618530273 23.899999558925629 713.19998812675476 19.899999797344208 148.29999822378159
leaf_count=37 15062 34 27 44 21 27 23 19 27 39 32 21 22 21 390 26 23 36 32 26 55 19 41 245 1256 19 23 878 25 185
internal_value=-0.00199473 -3.81592e-05 0.00203108 0.00542237 0.0172504 0.000967048 -0.00078647 0.005 0.00046591 0.00504717 -0.000970115 0.004123 -0.000202634 0.00380303 -0.000865424 0.00237668 0.00497423 0.000744592 -0.000199116 8.44924e-05 0.00144338 -0.00246486 0.000748031 -0.00111658 -0.00117643 -0.000628871 0.00462617 -0.000838778 0.00041655 -6.20574e-05
internal_weight=17822.3 3452.7 917 219 68.1 698 2535.7 78 665.9 84.8 2457.7 68.7 581.1 82.5 498.6 89.2 58.2 60.1 56.5 150.9 98.9 14369.6 50.8 2389 2349.7 1114.3 42.8 1071.5 358.3 338.4
internal_count=18735 3613 814 180 55 634 2799 78 607 66 2721 53 541 75 466 76 50 59 53 125 81 15122 60 2668 2631 1375 42 1333 455 430
is_linear=0
shrinkage=0.05


Tree=197
num_leaves=31
num_cat=0
split_feature=13 1 11 11 30 6 6 3 29 3 7 1 1 6 12 1 1 30 29 7 2 12 1 10 10 11 3 13 30 11
split_gain=6.33616 3.15949 1.51023 2.4275 1.39704 2.08902 5.80741 1.67607 1.22378 1.94442 0.915732 0.84312 0.559043 0.505541 0.38501 0.289005 0.780189 0.730841 0.432913 0.286474 0.235208 0.218326 0.387724 0.214626 0.255016 0.47233 0.202195 0.800674 0.173418 0.678947
threshold=17.685416221618656 11.182440757751467 9.6298608779907244 9.9194440841674822 -79.269531249999986 1.8395833373069765 1.3979166746139529 3.1959028244018559 36.797445297241218 1.8618749976158144 0.33958333730697637 12.18392848968506 9.7586307525634783 0.052083333954215057 8.4458332061767596 9.7586307525634783 10.110119342803957 -121.03149795532225 35.873266220092781 1.310416638851166 2.0921583175659184 15.002083301544191 14.648511886596681 20.548610687255863 9.0138888359069842 -2.6854166984558101 4.0772917270660409 9.1541666984558123 -121.73250198364256 3.5951389074325566
decision_type=2 2 2 2 2 2 2 2 2 2 2 2 2 2 2 2 2 2 2 2 2 2 2 2 2 2 2 2 2 2
left_child=1 2 15 -4 5 6 8 -8 9 -3 13 20 -5 -11 -6 23 17 -17 -19 -7 -10 -2 -23 24 -1 -26 -18 -28 29 -25
right_child=21 4 3 12 14 19 7 -9 11 10 -12 -13 -14 -15 -16 16 26 18 -20 -21 -22 22 -24 28 25 -27 27 -29 -30 -31
leaf_value=-9.2351870179888457e-05 0 7.2056528824804291e-07 9.5146759874764624e-07 9.376699343643936e-08 -5.7677871768626888e-05 5.0619316985881763e-07 4.2270390936913187e-08 9.926901802475566e-07 -1.153662155417904e-07 0.00043964122317569971 6.7116893180991171e-07 7.097246107368172e-07 -3.1620749512245344e-08 -1.3606917433784413e-08 1.1740479761601643e-06 6.2095564847758779e-07 -9.1008704511803965e-07 0.00017185399442131417 -4.5254110606247823e-06 -2.2852238053040143e-08 3.4964909943453428e-07 0.00013842261041990822 0 1.6611035705796099e-06 -2.247216079536152e-05 0.00019120863884146684 -2.1471325264872484e-07 1.208176346051415e-06 -8.3604461077937123e-06 -5.4374350159092091e-07
leaf_weight=34.39999908208847 14632.399758040905 22.39999932050705 22.999999284744263 18.899999439716339 109.8999981880188 34.699999034404755 27.299998998641968 31.19999885559082 89.399997532367706 36.999998927116394 25.999999046325684 38.499998688697815 42.999998807907104 37.399998843669891 15.399999678134916 39.499998807907104 419.39998918771744 36.299999356269836 63.99999862909317 91.999996960163116 43.499998509883881 17.799999833106995 30.799999713897705 39.099998593330383 25.599999248981476 40.299999177455902 40.399998545646667 21.899999439716339 1793.8999636769295 66.099997639656067
leaf_count=32 15408 18 18 17 143 29 21 24 76 32 20 31 40 34 18 31 416 43 64 72 35 22 36 31 24 37 32 21 2063 51
internal_value=-0.00200504 -2.90748e-05 -0.000759295 0.00580389 0.00323838 0.00446704 0.00644528 0.0208333 0.0035843 0.00739414 0.00442231 0.000854725 0.000650242 0.00159946 -0.00146249 -0.0009719 -3.01696e-05 0.00325823 0.000989531 -0.00103986 -0.00103273 -0.00245062 0.000895061 -0.00126463 0.000989531 0.00281108 -0.000984535 0.00167335 -0.00138368 0.000589353
internal_weight=17991.5 3310.5 2705.8 84.9 604.7 479.4 352.7 58.5 294.2 122.8 100.4 171.4 61.9 74.4 125.3 2620.9 621.5 139.8 100.3 126.7 132.9 14681 48.6 1999.4 100.3 65.9 481.7 62.3 1899.1 105.2
internal_count=18939 3473 2920 75 553 392 291 45 246 104 86 142 57 66 161 2845 607 138 107 101 111 15466 58 2238 93 61 469 53 2145 82
is_linear=0
shrinkage=0.05


Tree=198
num_leaves=31
num_cat=0
split_feature=1 11 4 30 6 13 11 6 30 1 5 29 11 7 30 30 4 2 5 29 29 5 11 4 11 6 6 11 4 5
split_gain=6.4802 2.23581 3.21294 2.16945 4.63525 3.75767 2.04396 1.15427 1.90265 0.948225 0.918827 1.41442 1.51914 0.671804 0.642672 0.452443 0.416449 0.336726 0.335965 0.317736 0.792866 0.263493 0.243809 0.377486 0.407476 0.633171 0.415589 0.628086 0.24559 0.248787
threshold=12.68392848968506 5.7333333492279062 4.196458339691163 -101.70369720458983 1.8229166865348818 10.572916507720949 7.405555486679078 2.8770833015441899 -121.08399963378905 10.110119342803957 0.24162441492080691 36.875450134277351 8.4368052482604998 3.0562499761581425 -122.06850051879881 -122.19300079345702 1.4585416316986086 6.2567675113677987 0.54703024029731762 37.700534820556648 37.538099288940437 0.15891557186841967 0.60069444775581371 3.6793749332427983 -2.2937500476837154 0.18958333134651187 1.0645833611488345 -0.57430556416511525 5.6337499618530282 0.1741714030504227
decision_type=2 2 2 2 2 2 2 2 2 2 2 2 2 2 2 2 2 2 2 2 2 2 2 2 2 2 2 2 2 2
left_child=1 13 10 4 5 9 -7 18 -9 -4 11 -3 -13 15 -12 -1 -16 19 -6 20 21 -17 23 24 -23 -26 -27 -28 29 -24
right_child=-2 2 3 -5 7 6 -8 8 -10 -11 14 12 -14 -15 16 17 -18 -19 -20 -21 -22 22 28 -25 25 26 27 -29 -30 -31
leaf_value=3.4522389802671416e-06 0 -4.7322620502643394e-09 7.012944609279934e-07 -7.1024175134198149e-05 -1.5143829785075457e-08 9.7096244205690116e-07 5.3484075180909589e-07 -4.6597102904432841e-09 1.2279475788864777e-06 -3.2276176272849734e-08 6.2486402629083362e-07 3.8073354701980066e-07 -1.4811521617014808e-09 4.1433055738004932e-07 6.8397023255556229e-07 -1.6565330752133891e-05 -2.7507998220482124e-08 8.0592052379036005e-06 1.3061807008696948e-07 -1.2496192006614964e-05 6.2987378032217011e-07 -5.3196993166781472e-05 5.1653228466607688e-05 -0.00011773868828992983 0.00096340532957216434 -2.2424838144486934e-05 0.0010633810377552509 -3.8631448632772415e-05 3.0927112203982258e-07 -7.9418898757288591e-06
leaf_weight=23.399999141693115 14377.699760615826 68.299997866153717 34.299998998641968 74.399998784065247 110.0999960899353 25.999999046325684 25.799999117851257 47.499998271465302 43.599998593330383 27.299998998641968 29.899999022483826 39.899998843669891 28.399999022483826 28.399999022483826 26.699999213218689 239.499995470047 601.99998295307159 21.999999821186066 25.999999046325684 717.59998536109924 35.999998688697815 88.499998569488525 31.59999942779541 112.39999824762344 34.399999558925629 61.799998939037323 33.899999678134918 32.999999463558197 33.199999213218689 798.39998257160187
leaf_count=18 15145 63 27 96 85 20 20 37 34 21 25 33 22 22 21 277 554 28 20 834 28 109 32 144 36 76 41 42 30 872
internal_value=-0.0019981 -7.01288e-05 0.00166873 0.00523494 0.00692454 0.0151808 0.0251062 0.0028037 0.00715971 0.00683441 -0.000192405 0.00353953 0.00862738 -0.000987425 -0.000966445 -0.00108322 -0.00130706 -0.0011554 -0.000112051 -0.00121639 -0.000803055 -0.00098299 -0.00068693 0.000398351 0.00147456 0.00295677 0.00134615 0.00407698 -0.00114458 -0.00131325
internal_weight=17882 3504.3 1210.2 415 340.6 113.4 51.8 227.2 91.1 61.6 795.2 136.6 68.3 2294.1 658.6 2265.7 628.7 2242.3 136.1 2220.3 1502.7 1466.7 1227.2 364 251.6 163.1 128.7 66.9 863.2 830
internal_count=18812 3667 1078 360 264 88 40 176 71 48 718 118 55 2589 600 2567 575 2549 105 2521 1687 1659 1382 448 304 195 159 83 934 904
is_linear=0
shrinkage=0.05


end of trees

feature_importances:
Column_1=452
Column_29=422
Column_30=414
Column_2=391
Column_0=389
Column_6=329
Column_10=323
Column_4=308
Column_3=294
Column_11=284
Column_9=269
Column_5=264
Column_12=251
Column_13=244
Column_7=225
Column_8=45

parameters:
[boosting: gbdt]
[objective: quantile]
[metric: quantile]
[tree_learner: serial]
[device_type: cpu]
[data_sample_strategy: bagging]
[data: ]
[valid: ]
[num_iterations: 200]
[learning_rate: 0.05]
[num_leaves: 31]
[num_threads: 0]
[seed: 42]
[deterministic: 1]
[force_col_wise: 0]
[force_row_wise: 0]
[histogram_pool_size: -1]
[max_depth: -1]
[min_data_in_leaf: 20]
[min_sum_hessian_in_leaf: 0.001]
[bagging_fraction: 0.8]
[pos_bagging_fraction: 1]
[neg_bagging_fraction: 1]
[bagging_freq: 1]
[bagging_seed: 400]
[bagging_by_query: 0]
[feature_fraction: 0.8]
[feature_fraction_bynode: 1]
[feature_fraction_seed: 30056]
[extra_trees: 0]
[extra_seed: 12879]
[early_stopping_round: 0]
[early_stopping_min_delta: 0]
[first_metric_only: 0]
[max_delta_step: 0]
[lambda_l1: 0]
[lambda_l2: 0]
[linear_lambda: 0]
[min_gain_to_split: 0]
[drop_rate: 0.1]
[max_drop: 50]
[skip_drop: 0.5]
[xgboost_dart_mode: 0]
[uniform_drop: 0]
[drop_seed: 17869]
[top_rate: 0.2]
[other_rate: 0.1]
[min_data_per_group: 100]
[max_cat_threshold: 32]
[cat_l2: 10]
[cat_smooth: 10]
[max_cat_to_onehot: 4]
[top_k: 20]
[monotone_constraints: ]
[monotone_constraints_method: basic]
[monotone_penalty: 0]
[feature_contri: ]
[forcedsplits_filename: ]
[refit_decay_rate: 0.9]
[cegb_tradeoff: 1]
[cegb_penalty_split: 0]
[cegb_penalty_feature_lazy: ]
[cegb_penalty_feature_coupled: ]
[path_smooth: 0]
[interaction_constraints: ]
[verbosity: -1]
[saved_feature_importance_type: 0]
[use_quantized_grad: 0]
[num_grad_quant_bins: 4]
[quant_train_renew_leaf: 0]
[stochastic_rounding: 1]
[linear_tree: 0]
[max_bin: 255]
[max_bin_by_feature: ]
[min_data_in_bin: 3]
[bin_construct_sample_cnt: 200000]
[data_random_seed: 175]
[is_enable_sparse: 1]
[enable_bundle: 1]
[use_missing: 1]
[zero_as_missing: 0]
[feature_pre_filter: 1]
[pre_partition: 0]
[two_round: 0]
[header: 0]
[label_column: ]
[weight_column: ]
[group_column: ]
[ignore_column: ]
[categorical_feature: ]
[forcedbins_filename: ]
[precise_float_parser: 0]
[parser_config_file: ]
[objective_seed: 16083]
[num_class: 1]
[is_unbalance: 0]
[scale_pos_weight: 1]
[sigmoid: 1]
[boost_from_average: 1]
[reg_sqrt: 0]
[alpha: 0.95]
[fair_c: 1]
[poisson_max_delta_step: 0.7]
[tweedie_variance_power: 1.5]
[lambdarank_truncation_level: 30]
[lambdarank_norm: 1]
[label_gain: ]
[lambdarank_position_bias_regularization: 0]
[eval_at: ]
[multi_error_top_k: 1]
[auc_mu_weights: ]
[num_machines: 1]
[local_listen_port: 12400]
[time_out: 120]
[machine_list_filename: ]
[machines: ]
[gpu_platform_id: -1]
[gpu_device_id: -1]
[gpu_device_id_list: ]
[gpu_use_dp: 0]
[num_gpu: 1]

end of parameters

pandas_categorical:null
